ItemAnonimo,MesesObservados,MesesConDemandaPositiva,ProporcionCeros,DemandaMediaPositiva,VarianzaDemandaPositiva,ADI,CV2,Clasificacion,Elegible,MotivoNoElegibilidad,CostoTotalUSD
ITEM_0000,60,60,0.0,66.4833,1229.1692,2.0,0.2781,Intermitente,True,,11290975.42
ITEM_0001,3,3,0.95,1.0,0.0,3.5,0.0,Intermitente,False,"Meses observados o demandas positivas insuficientes para conformar entrenamiento y prueba (umbral operativo: 15 meses observados, 4 demandas positivas).",313963.5
ITEM_0002,36,36,0.4,18.4722,102.7706,2.0,0.3012,Intermitente,True,,717564.44
ITEM_0003,1,1,0.9833,1.0,0.0,60.0,0.0,Intermitente,False,"Meses observados o demandas positivas insuficientes para conformar entrenamiento y prueba (umbral operativo: 15 meses observados, 4 demandas positivas).",205742.5
ITEM_0004,2,2,0.9667,1.0,0.0,7.0,0.0,Intermitente,False,"Meses observados o demandas positivas insuficientes para conformar entrenamiento y prueba (umbral operativo: 15 meses observados, 4 demandas positivas).",221654.0
ITEM_0005,1,1,0.9833,1.0,0.0,60.0,0.0,Intermitente,False,"Meses observados o demandas positivas insuficientes para conformar entrenamiento y prueba (umbral operativo: 15 meses observados, 4 demandas positivas).",106292.58
ITEM_0007,1,1,0.9833,56.0,0.0,60.0,0.0,Intermitente,False,"Meses observados o demandas positivas insuficientes para conformar entrenamiento y prueba (umbral operativo: 15 meses observados, 4 demandas positivas).",148805.75
ITEM_0008,1,1,0.9833,4.0,0.0,60.0,0.0,Intermitente,False,"Meses observados o demandas positivas insuficientes para conformar entrenamiento y prueba (umbral operativo: 15 meses observados, 4 demandas positivas).",84265.59
ITEM_0009,30,30,0.5,3.5,5.9828,2.1724,0.4884,Intermitente,True,,574333.48
ITEM_0010,1,1,0.9833,56.0,0.0,60.0,0.0,Intermitente,False,"Meses observados o demandas positivas insuficientes para conformar entrenamiento y prueba (umbral operativo: 15 meses observados, 4 demandas positivas).",142042.65
ITEM_0012,1,1,0.9833,9.0,0.0,60.0,0.0,Intermitente,False,"Meses observados o demandas positivas insuficientes para conformar entrenamiento y prueba (umbral operativo: 15 meses observados, 4 demandas positivas).",128344.0
ITEM_0013,1,1,0.9833,1.0,0.0,60.0,0.0,Intermitente,False,"Meses observados o demandas positivas insuficientes para conformar entrenamiento y prueba (umbral operativo: 15 meses observados, 4 demandas positivas).",49040.0
ITEM_0015,1,1,0.9833,2.0,0.0,60.0,0.0,Intermitente,False,"Meses observados o demandas positivas insuficientes para conformar entrenamiento y prueba (umbral operativo: 15 meses observados, 4 demandas positivas).",48580.71
ITEM_0016,1,1,0.9833,2.0,0.0,60.0,0.0,Intermitente,False,"Meses observados o demandas positivas insuficientes para conformar entrenamiento y prueba (umbral operativo: 15 meses observados, 4 demandas positivas).",42993.3
ITEM_0017,1,1,0.9833,1.0,0.0,60.0,0.0,Intermitente,False,"Meses observados o demandas positivas insuficientes para conformar entrenamiento y prueba (umbral operativo: 15 meses observados, 4 demandas positivas).",42250.0
ITEM_0018,1,1,0.9833,4.0,0.0,60.0,0.0,Intermitente,False,"Meses observados o demandas positivas insuficientes para conformar entrenamiento y prueba (umbral operativo: 15 meses observados, 4 demandas positivas).",38955.03
ITEM_0020,1,1,0.9833,1.0,0.0,60.0,0.0,Intermitente,False,"Meses observados o demandas positivas insuficientes para conformar entrenamiento y prueba (umbral operativo: 15 meses observados, 4 demandas positivas).",38686.8
ITEM_0021,1,1,0.9833,1.0,0.0,60.0,0.0,Intermitente,False,"Meses observados o demandas positivas insuficientes para conformar entrenamiento y prueba (umbral operativo: 15 meses observados, 4 demandas positivas).",35500.0
ITEM_0022,6,6,0.9,2.0,0.4,7.0,0.1,Intermitente,False,"Meses observados o demandas positivas insuficientes para conformar entrenamiento y prueba (umbral operativo: 15 meses observados, 4 demandas positivas).",34887.61
ITEM_0023,2,2,0.9667,11.0,2.0,13.0,0.0165,Intermitente,False,"Meses observados o demandas positivas insuficientes para conformar entrenamiento y prueba (umbral operativo: 15 meses observados, 4 demandas positivas).",33094.68
ITEM_0025,2,2,0.9667,30.0,1352.0,7.0,1.5022,Lumpy,False,"Meses observados o demandas positivas insuficientes para conformar entrenamiento y prueba (umbral operativo: 15 meses observados, 4 demandas positivas).",45932.03
ITEM_0026,2,2,0.9667,12.0,0.0,3.0,0.0,Intermitente,False,"Meses observados o demandas positivas insuficientes para conformar entrenamiento y prueba (umbral operativo: 15 meses observados, 4 demandas positivas).",49005.84
ITEM_0027,3,3,0.95,50.6667,1521.3333,13.5,0.5926,Lumpy,False,"Meses observados o demandas positivas insuficientes para conformar entrenamiento y prueba (umbral operativo: 15 meses observados, 4 demandas positivas).",24821.07
ITEM_0028,1,1,0.9833,32.0,0.0,60.0,0.0,Intermitente,False,"Meses observados o demandas positivas insuficientes para conformar entrenamiento y prueba (umbral operativo: 15 meses observados, 4 demandas positivas).",24427.16
ITEM_0029,1,1,0.9833,4.0,0.0,60.0,0.0,Intermitente,False,"Meses observados o demandas positivas insuficientes para conformar entrenamiento y prueba (umbral operativo: 15 meses observados, 4 demandas positivas).",22058.54
ITEM_0030,1,1,0.9833,1.0,0.0,60.0,0.0,Intermitente,False,"Meses observados o demandas positivas insuficientes para conformar entrenamiento y prueba (umbral operativo: 15 meses observados, 4 demandas positivas).",21861.88
ITEM_0032,1,1,0.9833,24.0,0.0,60.0,0.0,Intermitente,False,"Meses observados o demandas positivas insuficientes para conformar entrenamiento y prueba (umbral operativo: 15 meses observados, 4 demandas positivas).",21639.03
ITEM_0033,1,1,0.9833,1.0,0.0,60.0,0.0,Intermitente,False,"Meses observados o demandas positivas insuficientes para conformar entrenamiento y prueba (umbral operativo: 15 meses observados, 4 demandas positivas).",20905.8
ITEM_0034,1,1,0.9833,2.0,0.0,60.0,0.0,Intermitente,False,"Meses observados o demandas positivas insuficientes para conformar entrenamiento y prueba (umbral operativo: 15 meses observados, 4 demandas positivas).",19962.0
ITEM_0035,1,1,0.9833,2.0,0.0,60.0,0.0,Intermitente,False,"Meses observados o demandas positivas insuficientes para conformar entrenamiento y prueba (umbral operativo: 15 meses observados, 4 demandas positivas).",39174.29
ITEM_0037,1,1,0.9833,12.0,0.0,60.0,0.0,Intermitente,False,"Meses observados o demandas positivas insuficientes para conformar entrenamiento y prueba (umbral operativo: 15 meses observados, 4 demandas positivas).",18736.2
ITEM_0038,1,1,0.9833,7.0,0.0,60.0,0.0,Intermitente,False,"Meses observados o demandas positivas insuficientes para conformar entrenamiento y prueba (umbral operativo: 15 meses observados, 4 demandas positivas).",18550.0
ITEM_0039,1,1,0.9833,6.0,0.0,60.0,0.0,Intermitente,False,"Meses observados o demandas positivas insuficientes para conformar entrenamiento y prueba (umbral operativo: 15 meses observados, 4 demandas positivas).",32190.0
ITEM_0040,1,1,0.9833,12.0,0.0,60.0,0.0,Intermitente,False,"Meses observados o demandas positivas insuficientes para conformar entrenamiento y prueba (umbral operativo: 15 meses observados, 4 demandas positivas).",18080.85
ITEM_0042,1,1,0.9833,1.0,0.0,60.0,0.0,Intermitente,False,"Meses observados o demandas positivas insuficientes para conformar entrenamiento y prueba (umbral operativo: 15 meses observados, 4 demandas positivas).",17370.41
ITEM_0043,1,1,0.9833,12.0,0.0,60.0,0.0,Intermitente,False,"Meses observados o demandas positivas insuficientes para conformar entrenamiento y prueba (umbral operativo: 15 meses observados, 4 demandas positivas).",17315.25
ITEM_0044,1,1,0.9833,7.0,0.0,60.0,0.0,Intermitente,False,"Meses observados o demandas positivas insuficientes para conformar entrenamiento y prueba (umbral operativo: 15 meses observados, 4 demandas positivas).",17047.03
ITEM_0047,1,1,0.9833,4.0,0.0,60.0,0.0,Intermitente,False,"Meses observados o demandas positivas insuficientes para conformar entrenamiento y prueba (umbral operativo: 15 meses observados, 4 demandas positivas).",30222.0
ITEM_0049,28,28,0.5333,3.6786,10.6706,2.2222,0.7886,Lumpy,True,,183295.89
ITEM_0050,1,1,0.9833,2.0,0.0,60.0,0.0,Intermitente,False,"Meses observados o demandas positivas insuficientes para conformar entrenamiento y prueba (umbral operativo: 15 meses observados, 4 demandas positivas).",15180.0
ITEM_0053,1,1,0.9833,10.0,0.0,60.0,0.0,Intermitente,False,"Meses observados o demandas positivas insuficientes para conformar entrenamiento y prueba (umbral operativo: 15 meses observados, 4 demandas positivas).",14926.5
ITEM_0055,1,1,0.9833,1.0,0.0,60.0,0.0,Intermitente,False,"Meses observados o demandas positivas insuficientes para conformar entrenamiento y prueba (umbral operativo: 15 meses observados, 4 demandas positivas).",14600.0
ITEM_0058,1,1,0.9833,6.0,0.0,60.0,0.0,Intermitente,False,"Meses observados o demandas positivas insuficientes para conformar entrenamiento y prueba (umbral operativo: 15 meses observados, 4 demandas positivas).",14370.0
ITEM_0059,1,1,0.9833,1.0,0.0,60.0,0.0,Intermitente,False,"Meses observados o demandas positivas insuficientes para conformar entrenamiento y prueba (umbral operativo: 15 meses observados, 4 demandas positivas).",14051.0
ITEM_0061,2,2,0.9667,2.0,0.0,18.0,0.0,Intermitente,False,"Meses observados o demandas positivas insuficientes para conformar entrenamiento y prueba (umbral operativo: 15 meses observados, 4 demandas positivas).",27600.0
ITEM_0062,1,1,0.9833,1.0,0.0,60.0,0.0,Intermitente,False,"Meses observados o demandas positivas insuficientes para conformar entrenamiento y prueba (umbral operativo: 15 meses observados, 4 demandas positivas).",13500.0
ITEM_0063,1,1,0.9833,6.0,0.0,60.0,0.0,Intermitente,False,"Meses observados o demandas positivas insuficientes para conformar entrenamiento y prueba (umbral operativo: 15 meses observados, 4 demandas positivas).",13446.8
ITEM_0064,2,2,0.9667,2.0,0.0,2.0,0.0,Intermitente,False,"Meses observados o demandas positivas insuficientes para conformar entrenamiento y prueba (umbral operativo: 15 meses observados, 4 demandas positivas).",26640.54
ITEM_0065,3,3,0.95,6.0,12.0,2.5,0.3333,Intermitente,False,"Meses observados o demandas positivas insuficientes para conformar entrenamiento y prueba (umbral operativo: 15 meses observados, 4 demandas positivas).",14094.93
ITEM_0067,1,1,0.9833,7.0,0.0,60.0,0.0,Intermitente,False,"Meses observados o demandas positivas insuficientes para conformar entrenamiento y prueba (umbral operativo: 15 meses observados, 4 demandas positivas).",12991.84
ITEM_0068,9,9,0.85,1.1111,0.1111,4.625,0.09,Intermitente,False,"Meses observados o demandas positivas insuficientes para conformar entrenamiento y prueba (umbral operativo: 15 meses observados, 4 demandas positivas).",36171.49
ITEM_0069,3,3,0.95,5.3333,17.3333,8.0,0.6094,Lumpy,False,"Meses observados o demandas positivas insuficientes para conformar entrenamiento y prueba (umbral operativo: 15 meses observados, 4 demandas positivas).",32393.88
ITEM_0070,1,1,0.9833,2.0,0.0,60.0,0.0,Intermitente,False,"Meses observados o demandas positivas insuficientes para conformar entrenamiento y prueba (umbral operativo: 15 meses observados, 4 demandas positivas).",12200.0
ITEM_0071,1,1,0.9833,6.0,0.0,60.0,0.0,Intermitente,False,"Meses observados o demandas positivas insuficientes para conformar entrenamiento y prueba (umbral operativo: 15 meses observados, 4 demandas positivas).",12165.06
ITEM_0074,5,5,0.9167,9.4,17.3,15.0,0.1958,Intermitente,False,"Meses observados o demandas positivas insuficientes para conformar entrenamiento y prueba (umbral operativo: 15 meses observados, 4 demandas positivas).",17524.7
ITEM_0075,1,1,0.9833,1.0,0.0,60.0,0.0,Intermitente,False,"Meses observados o demandas positivas insuficientes para conformar entrenamiento y prueba (umbral operativo: 15 meses observados, 4 demandas positivas).",11400.0
ITEM_0076,4,4,0.9333,2.25,6.25,5.0,1.2346,Lumpy,False,"Meses observados o demandas positivas insuficientes para conformar entrenamiento y prueba (umbral operativo: 15 meses observados, 4 demandas positivas).",11573.99
ITEM_0077,1,1,0.9833,10.0,0.0,60.0,0.0,Intermitente,False,"Meses observados o demandas positivas insuficientes para conformar entrenamiento y prueba (umbral operativo: 15 meses observados, 4 demandas positivas).",11211.74
ITEM_0078,1,1,0.9833,4.0,0.0,60.0,0.0,Intermitente,False,"Meses observados o demandas positivas insuficientes para conformar entrenamiento y prueba (umbral operativo: 15 meses observados, 4 demandas positivas).",11116.87
ITEM_0081,1,1,0.9833,2.0,0.0,60.0,0.0,Intermitente,False,"Meses observados o demandas positivas insuficientes para conformar entrenamiento y prueba (umbral operativo: 15 meses observados, 4 demandas positivas).",10976.7
ITEM_0082,4,4,0.9333,14.5,46.3333,10.6667,0.2204,Intermitente,False,"Meses observados o demandas positivas insuficientes para conformar entrenamiento y prueba (umbral operativo: 15 meses observados, 4 demandas positivas).",11257.43
ITEM_0083,13,13,0.7833,7.4615,36.2692,3.6667,0.6515,Lumpy,False,"Meses observados o demandas positivas insuficientes para conformar entrenamiento y prueba (umbral operativo: 15 meses observados, 4 demandas positivas).",55179.03
ITEM_0084,1,1,0.9833,1.0,0.0,60.0,0.0,Intermitente,False,"Meses observados o demandas positivas insuficientes para conformar entrenamiento y prueba (umbral operativo: 15 meses observados, 4 demandas positivas).",10000.0
ITEM_0085,1,1,0.9833,54.0,0.0,60.0,0.0,Intermitente,False,"Meses observados o demandas positivas insuficientes para conformar entrenamiento y prueba (umbral operativo: 15 meses observados, 4 demandas positivas).",9985.68
ITEM_0086,1,1,0.9833,1.0,0.0,60.0,0.0,Intermitente,False,"Meses observados o demandas positivas insuficientes para conformar entrenamiento y prueba (umbral operativo: 15 meses observados, 4 demandas positivas).",9900.0
ITEM_0087,1,1,0.9833,1.0,0.0,60.0,0.0,Intermitente,False,"Meses observados o demandas positivas insuficientes para conformar entrenamiento y prueba (umbral operativo: 15 meses observados, 4 demandas positivas).",9879.16
ITEM_0088,2,2,0.9667,1.5,0.5,15.0,0.2222,Intermitente,False,"Meses observados o demandas positivas insuficientes para conformar entrenamiento y prueba (umbral operativo: 15 meses observados, 4 demandas positivas).",14800.0
ITEM_0089,2,2,0.9667,12.0,0.0,3.0,0.0,Intermitente,False,"Meses observados o demandas positivas insuficientes para conformar entrenamiento y prueba (umbral operativo: 15 meses observados, 4 demandas positivas).",19220.4
ITEM_0090,1,1,0.9833,6.0,0.0,60.0,0.0,Intermitente,False,"Meses observados o demandas positivas insuficientes para conformar entrenamiento y prueba (umbral operativo: 15 meses observados, 4 demandas positivas).",9600.0
ITEM_0092,7,7,0.8833,9.4286,31.619,5.0,0.3557,Intermitente,False,"Meses observados o demandas positivas insuficientes para conformar entrenamiento y prueba (umbral operativo: 15 meses observados, 4 demandas positivas).",46721.31
ITEM_0093,1,1,0.9833,2.0,0.0,60.0,0.0,Intermitente,False,"Meses observados o demandas positivas insuficientes para conformar entrenamiento y prueba (umbral operativo: 15 meses observados, 4 demandas positivas).",9400.0
ITEM_0094,1,1,0.9833,1.0,0.0,60.0,0.0,Intermitente,False,"Meses observados o demandas positivas insuficientes para conformar entrenamiento y prueba (umbral operativo: 15 meses observados, 4 demandas positivas).",9338.34
ITEM_0095,6,6,0.9,5.5,12.7,6.0,0.4198,Intermitente,False,"Meses observados o demandas positivas insuficientes para conformar entrenamiento y prueba (umbral operativo: 15 meses observados, 4 demandas positivas).",22565.22
ITEM_0096,1,1,0.9833,2.0,0.0,60.0,0.0,Intermitente,False,"Meses observados o demandas positivas insuficientes para conformar entrenamiento y prueba (umbral operativo: 15 meses observados, 4 demandas positivas).",9200.0
ITEM_0097,3,3,0.95,40.6667,329.3333,8.5,0.1991,Intermitente,False,"Meses observados o demandas positivas insuficientes para conformar entrenamiento y prueba (umbral operativo: 15 meses observados, 4 demandas positivas).",20934.14
ITEM_0098,1,1,0.9833,4.0,0.0,60.0,0.0,Intermitente,False,"Meses observados o demandas positivas insuficientes para conformar entrenamiento y prueba (umbral operativo: 15 meses observados, 4 demandas positivas).",9008.0
ITEM_0099,2,2,0.9667,16.0,32.0,13.0,0.125,Intermitente,False,"Meses observados o demandas positivas insuficientes para conformar entrenamiento y prueba (umbral operativo: 15 meses observados, 4 demandas positivas).",8846.52
ITEM_0100,1,1,0.9833,4.0,0.0,60.0,0.0,Intermitente,False,"Meses observados o demandas positivas insuficientes para conformar entrenamiento y prueba (umbral operativo: 15 meses observados, 4 demandas positivas).",8736.0
ITEM_0101,1,1,0.9833,1.0,0.0,60.0,0.0,Intermitente,False,"Meses observados o demandas positivas insuficientes para conformar entrenamiento y prueba (umbral operativo: 15 meses observados, 4 demandas positivas).",8725.38
ITEM_0102,2,2,0.9667,150.0,9800.0,5.0,0.4356,Intermitente,False,"Meses observados o demandas positivas insuficientes para conformar entrenamiento y prueba (umbral operativo: 15 meses observados, 4 demandas positivas).",23706.07
ITEM_0103,1,1,0.9833,2.0,0.0,60.0,0.0,Intermitente,False,"Meses observados o demandas positivas insuficientes para conformar entrenamiento y prueba (umbral operativo: 15 meses observados, 4 demandas positivas).",8580.0
ITEM_0105,2,2,0.9667,24.0,32.0,7.0,0.0556,Intermitente,False,"Meses observados o demandas positivas insuficientes para conformar entrenamiento y prueba (umbral operativo: 15 meses observados, 4 demandas positivas).",19216.09
ITEM_0106,1,1,0.9833,3.0,0.0,60.0,0.0,Intermitente,False,"Meses observados o demandas positivas insuficientes para conformar entrenamiento y prueba (umbral operativo: 15 meses observados, 4 demandas positivas).",8441.55
ITEM_0107,1,1,0.9833,1.0,0.0,60.0,0.0,Intermitente,False,"Meses observados o demandas positivas insuficientes para conformar entrenamiento y prueba (umbral operativo: 15 meses observados, 4 demandas positivas).",8398.53
ITEM_0108,1,1,0.9833,8.0,0.0,60.0,0.0,Intermitente,False,"Meses observados o demandas positivas insuficientes para conformar entrenamiento y prueba (umbral operativo: 15 meses observados, 4 demandas positivas).",8378.85
ITEM_0109,1,1,0.9833,1.0,0.0,60.0,0.0,Intermitente,False,"Meses observados o demandas positivas insuficientes para conformar entrenamiento y prueba (umbral operativo: 15 meses observados, 4 demandas positivas).",8223.53
ITEM_0110,1,1,0.9833,1.0,0.0,60.0,0.0,Intermitente,False,"Meses observados o demandas positivas insuficientes para conformar entrenamiento y prueba (umbral operativo: 15 meses observados, 4 demandas positivas).",8217.0
ITEM_0112,4,4,0.9333,5.0,8.6667,7.3333,0.3467,Intermitente,False,"Meses observados o demandas positivas insuficientes para conformar entrenamiento y prueba (umbral operativo: 15 meses observados, 4 demandas positivas).",9942.58
ITEM_0113,1,1,0.9833,1.0,0.0,60.0,0.0,Intermitente,False,"Meses observados o demandas positivas insuficientes para conformar entrenamiento y prueba (umbral operativo: 15 meses observados, 4 demandas positivas).",7963.83
ITEM_0114,1,1,0.9833,1.0,0.0,60.0,0.0,Intermitente,False,"Meses observados o demandas positivas insuficientes para conformar entrenamiento y prueba (umbral operativo: 15 meses observados, 4 demandas positivas).",7950.0
ITEM_0116,1,1,0.9833,1.0,0.0,60.0,0.0,Intermitente,False,"Meses observados o demandas positivas insuficientes para conformar entrenamiento y prueba (umbral operativo: 15 meses observados, 4 demandas positivas).",7860.0
ITEM_0118,2,2,0.9667,2.0,0.0,18.0,0.0,Intermitente,False,"Meses observados o demandas positivas insuficientes para conformar entrenamiento y prueba (umbral operativo: 15 meses observados, 4 demandas positivas).",15600.0
ITEM_0119,1,1,0.9833,14.0,0.0,60.0,0.0,Intermitente,False,"Meses observados o demandas positivas insuficientes para conformar entrenamiento y prueba (umbral operativo: 15 meses observados, 4 demandas positivas).",7687.5
ITEM_0120,1,1,0.9833,1.0,0.0,60.0,0.0,Intermitente,False,"Meses observados o demandas positivas insuficientes para conformar entrenamiento y prueba (umbral operativo: 15 meses observados, 4 demandas positivas).",7644.0
ITEM_0122,1,1,0.9833,2.0,0.0,60.0,0.0,Intermitente,False,"Meses observados o demandas positivas insuficientes para conformar entrenamiento y prueba (umbral operativo: 15 meses observados, 4 demandas positivas).",7578.78
ITEM_0123,1,1,0.9833,1.0,0.0,60.0,0.0,Intermitente,False,"Meses observados o demandas positivas insuficientes para conformar entrenamiento y prueba (umbral operativo: 15 meses observados, 4 demandas positivas).",7541.42
ITEM_0124,25,25,0.5833,10.04,370.3733,2.4167,3.6743,Lumpy,True,,156288.49
ITEM_0128,1,1,0.9833,1.0,0.0,60.0,0.0,Intermitente,False,"Meses observados o demandas positivas insuficientes para conformar entrenamiento y prueba (umbral operativo: 15 meses observados, 4 demandas positivas).",7387.36
ITEM_0132,14,14,0.7667,5.1429,9.6703,5.0769,0.3656,Intermitente,False,"Meses observados o demandas positivas insuficientes para conformar entrenamiento y prueba (umbral operativo: 15 meses observados, 4 demandas positivas).",24861.32
ITEM_0134,1,1,0.9833,16.0,0.0,60.0,0.0,Intermitente,False,"Meses observados o demandas positivas insuficientes para conformar entrenamiento y prueba (umbral operativo: 15 meses observados, 4 demandas positivas).",9772.14
ITEM_0138,1,1,0.9833,2.0,0.0,60.0,0.0,Intermitente,False,"Meses observados o demandas positivas insuficientes para conformar entrenamiento y prueba (umbral operativo: 15 meses observados, 4 demandas positivas).",7034.81
ITEM_0141,3,3,0.95,14.0,108.0,8.0,0.551,Lumpy,False,"Meses observados o demandas positivas insuficientes para conformar entrenamiento y prueba (umbral operativo: 15 meses observados, 4 demandas positivas).",6935.06
ITEM_0142,1,1,0.9833,2.0,0.0,60.0,0.0,Intermitente,False,"Meses observados o demandas positivas insuficientes para conformar entrenamiento y prueba (umbral operativo: 15 meses observados, 4 demandas positivas).",6651.38
ITEM_0146,1,1,0.9833,1.0,0.0,60.0,0.0,Intermitente,False,"Meses observados o demandas positivas insuficientes para conformar entrenamiento y prueba (umbral operativo: 15 meses observados, 4 demandas positivas).",6431.19
ITEM_0147,1,1,0.9833,1.0,0.0,60.0,0.0,Intermitente,False,"Meses observados o demandas positivas insuficientes para conformar entrenamiento y prueba (umbral operativo: 15 meses observados, 4 demandas positivas).",6377.46
ITEM_0148,1,1,0.9833,2.0,0.0,60.0,0.0,Intermitente,False,"Meses observados o demandas positivas insuficientes para conformar entrenamiento y prueba (umbral operativo: 15 meses observados, 4 demandas positivas).",6352.5
ITEM_0149,8,8,0.8667,2.625,5.125,5.4286,0.7438,Lumpy,False,"Meses observados o demandas positivas insuficientes para conformar entrenamiento y prueba (umbral operativo: 15 meses observados, 4 demandas positivas).",17931.06
ITEM_0150,1,1,0.9833,1.0,0.0,60.0,0.0,Intermitente,False,"Meses observados o demandas positivas insuficientes para conformar entrenamiento y prueba (umbral operativo: 15 meses observados, 4 demandas positivas).",6319.11
ITEM_0151,2,2,0.9667,3.0,8.0,3.0,0.8889,Lumpy,False,"Meses observados o demandas positivas insuficientes para conformar entrenamiento y prueba (umbral operativo: 15 meses observados, 4 demandas positivas).",6324.0
ITEM_0153,1,1,0.9833,2.0,0.0,60.0,0.0,Intermitente,False,"Meses observados o demandas positivas insuficientes para conformar entrenamiento y prueba (umbral operativo: 15 meses observados, 4 demandas positivas).",6271.42
ITEM_0154,1,1,0.9833,1.0,0.0,60.0,0.0,Intermitente,False,"Meses observados o demandas positivas insuficientes para conformar entrenamiento y prueba (umbral operativo: 15 meses observados, 4 demandas positivas).",6211.7
ITEM_0155,1,1,0.9833,2.0,0.0,60.0,0.0,Intermitente,False,"Meses observados o demandas positivas insuficientes para conformar entrenamiento y prueba (umbral operativo: 15 meses observados, 4 demandas positivas).",6201.95
ITEM_0156,13,13,0.7833,7.6154,19.7564,2.1667,0.3407,Intermitente,False,"Meses observados o demandas positivas insuficientes para conformar entrenamiento y prueba (umbral operativo: 15 meses observados, 4 demandas positivas).",60599.01
ITEM_0157,1,1,0.9833,1.0,0.0,60.0,0.0,Intermitente,False,"Meses observados o demandas positivas insuficientes para conformar entrenamiento y prueba (umbral operativo: 15 meses observados, 4 demandas positivas).",6160.8
ITEM_0158,12,12,0.8,5.4167,3.5379,6.0,0.1206,Intermitente,False,"Meses observados o demandas positivas insuficientes para conformar entrenamiento y prueba (umbral operativo: 15 meses observados, 4 demandas positivas).",45012.42
ITEM_0160,1,1,0.9833,12.0,0.0,60.0,0.0,Intermitente,False,"Meses observados o demandas positivas insuficientes para conformar entrenamiento y prueba (umbral operativo: 15 meses observados, 4 demandas positivas).",8488.7
ITEM_0161,1,1,0.9833,12.0,0.0,60.0,0.0,Intermitente,False,"Meses observados o demandas positivas insuficientes para conformar entrenamiento y prueba (umbral operativo: 15 meses observados, 4 demandas positivas).",6096.0
ITEM_0166,1,1,0.9833,1.0,0.0,60.0,0.0,Intermitente,False,"Meses observados o demandas positivas insuficientes para conformar entrenamiento y prueba (umbral operativo: 15 meses observados, 4 demandas positivas).",5979.0
ITEM_0167,1,1,0.9833,6.0,0.0,60.0,0.0,Intermitente,False,"Meses observados o demandas positivas insuficientes para conformar entrenamiento y prueba (umbral operativo: 15 meses observados, 4 demandas positivas).",5978.82
ITEM_0168,1,1,0.9833,2.0,0.0,60.0,0.0,Intermitente,False,"Meses observados o demandas positivas insuficientes para conformar entrenamiento y prueba (umbral operativo: 15 meses observados, 4 demandas positivas).",5951.4
ITEM_0169,1,1,0.9833,12.0,0.0,60.0,0.0,Intermitente,False,"Meses observados o demandas positivas insuficientes para conformar entrenamiento y prueba (umbral operativo: 15 meses observados, 4 demandas positivas).",5920.92
ITEM_0170,1,1,0.9833,6.0,0.0,60.0,0.0,Intermitente,False,"Meses observados o demandas positivas insuficientes para conformar entrenamiento y prueba (umbral operativo: 15 meses observados, 4 demandas positivas).",5915.28
ITEM_0171,1,1,0.9833,2.0,0.0,60.0,0.0,Intermitente,False,"Meses observados o demandas positivas insuficientes para conformar entrenamiento y prueba (umbral operativo: 15 meses observados, 4 demandas positivas).",5895.0
ITEM_0172,1,1,0.9833,3.0,0.0,60.0,0.0,Intermitente,False,"Meses observados o demandas positivas insuficientes para conformar entrenamiento y prueba (umbral operativo: 15 meses observados, 4 demandas positivas).",5875.2
ITEM_0173,1,1,0.9833,2.0,0.0,60.0,0.0,Intermitente,False,"Meses observados o demandas positivas insuficientes para conformar entrenamiento y prueba (umbral operativo: 15 meses observados, 4 demandas positivas).",5851.21
ITEM_0174,12,12,0.8,14.75,113.2955,6.3636,0.5207,Lumpy,False,"Meses observados o demandas positivas insuficientes para conformar entrenamiento y prueba (umbral operativo: 15 meses observados, 4 demandas positivas).",18950.92
ITEM_0178,1,1,0.9833,2.0,0.0,60.0,0.0,Intermitente,False,"Meses observados o demandas positivas insuficientes para conformar entrenamiento y prueba (umbral operativo: 15 meses observados, 4 demandas positivas).",5707.11
ITEM_0179,2,2,0.9667,1.5,0.5,15.0,0.2222,Intermitente,False,"Meses observados o demandas positivas insuficientes para conformar entrenamiento y prueba (umbral operativo: 15 meses observados, 4 demandas positivas).",8690.0
ITEM_0180,1,1,0.9833,1.0,0.0,60.0,0.0,Intermitente,False,"Meses observados o demandas positivas insuficientes para conformar entrenamiento y prueba (umbral operativo: 15 meses observados, 4 demandas positivas).",5685.38
ITEM_0181,23,23,0.6167,175.1304,213672.8458,3.5455,6.9667,Lumpy,True,,12754.15
ITEM_0182,1,1,0.9833,4.0,0.0,60.0,0.0,Intermitente,False,"Meses observados o demandas positivas insuficientes para conformar entrenamiento y prueba (umbral operativo: 15 meses observados, 4 demandas positivas).",5597.41
ITEM_0183,11,11,0.8167,6.8182,32.5636,4.2,0.7005,Lumpy,False,"Meses observados o demandas positivas insuficientes para conformar entrenamiento y prueba (umbral operativo: 15 meses observados, 4 demandas positivas).",45188.1
ITEM_0185,1,1,0.9833,10.0,0.0,60.0,0.0,Intermitente,False,"Meses observados o demandas positivas insuficientes para conformar entrenamiento y prueba (umbral operativo: 15 meses observados, 4 demandas positivas).",5520.0
ITEM_0187,1,1,0.9833,8.0,0.0,60.0,0.0,Intermitente,False,"Meses observados o demandas positivas insuficientes para conformar entrenamiento y prueba (umbral operativo: 15 meses observados, 4 demandas positivas).",5472.0
ITEM_0188,1,1,0.9833,1.0,0.0,60.0,0.0,Intermitente,False,"Meses observados o demandas positivas insuficientes para conformar entrenamiento y prueba (umbral operativo: 15 meses observados, 4 demandas positivas).",5450.0
ITEM_0189,1,1,0.9833,1.0,0.0,60.0,0.0,Intermitente,False,"Meses observados o demandas positivas insuficientes para conformar entrenamiento y prueba (umbral operativo: 15 meses observados, 4 demandas positivas).",5411.2
ITEM_0190,1,1,0.9833,30.0,0.0,60.0,0.0,Intermitente,False,"Meses observados o demandas positivas insuficientes para conformar entrenamiento y prueba (umbral operativo: 15 meses observados, 4 demandas positivas).",5400.0
ITEM_0192,1,1,0.9833,1.0,0.0,60.0,0.0,Intermitente,False,"Meses observados o demandas positivas insuficientes para conformar entrenamiento y prueba (umbral operativo: 15 meses observados, 4 demandas positivas).",5390.0
ITEM_0193,1,1,0.9833,4.0,0.0,60.0,0.0,Intermitente,False,"Meses observados o demandas positivas insuficientes para conformar entrenamiento y prueba (umbral operativo: 15 meses observados, 4 demandas positivas).",5388.09
ITEM_0194,1,1,0.9833,2.0,0.0,60.0,0.0,Intermitente,False,"Meses observados o demandas positivas insuficientes para conformar entrenamiento y prueba (umbral operativo: 15 meses observados, 4 demandas positivas).",5379.76
ITEM_0195,7,7,0.8833,55.7143,803.5714,2.1667,0.2589,Intermitente,False,"Meses observados o demandas positivas insuficientes para conformar entrenamiento y prueba (umbral operativo: 15 meses observados, 4 demandas positivas).",9740.44
ITEM_0197,4,4,0.9333,3.0,0.6667,9.6667,0.0741,Intermitente,False,"Meses observados o demandas positivas insuficientes para conformar entrenamiento y prueba (umbral operativo: 15 meses observados, 4 demandas positivas).",14810.81
ITEM_0199,1,1,0.9833,2.0,0.0,60.0,0.0,Intermitente,False,"Meses observados o demandas positivas insuficientes para conformar entrenamiento y prueba (umbral operativo: 15 meses observados, 4 demandas positivas).",5294.6
ITEM_0201,1,1,0.9833,32.0,0.0,60.0,0.0,Intermitente,False,"Meses observados o demandas positivas insuficientes para conformar entrenamiento y prueba (umbral operativo: 15 meses observados, 4 demandas positivas).",5217.94
ITEM_0203,1,1,0.9833,1.0,0.0,60.0,0.0,Intermitente,False,"Meses observados o demandas positivas insuficientes para conformar entrenamiento y prueba (umbral operativo: 15 meses observados, 4 demandas positivas).",5207.48
ITEM_0204,1,1,0.9833,7.0,0.0,60.0,0.0,Intermitente,False,"Meses observados o demandas positivas insuficientes para conformar entrenamiento y prueba (umbral operativo: 15 meses observados, 4 demandas positivas).",5188.26
ITEM_0205,2,2,0.9667,5.0,18.0,2.0,0.72,Lumpy,False,"Meses observados o demandas positivas insuficientes para conformar entrenamiento y prueba (umbral operativo: 15 meses observados, 4 demandas positivas).",6078.69
ITEM_0206,1,1,0.9833,2.0,0.0,60.0,0.0,Intermitente,False,"Meses observados o demandas positivas insuficientes para conformar entrenamiento y prueba (umbral operativo: 15 meses observados, 4 demandas positivas).",5159.71
ITEM_0207,1,1,0.9833,2.0,0.0,60.0,0.0,Intermitente,False,"Meses observados o demandas positivas insuficientes para conformar entrenamiento y prueba (umbral operativo: 15 meses observados, 4 demandas positivas).",5152.87
ITEM_0208,4,4,0.9333,4.75,24.9167,9.3333,1.1043,Lumpy,False,"Meses observados o demandas positivas insuficientes para conformar entrenamiento y prueba (umbral operativo: 15 meses observados, 4 demandas positivas).",9100.8
ITEM_0209,9,9,0.85,4.7778,18.4444,4.625,0.808,Lumpy,False,"Meses observados o demandas positivas insuficientes para conformar entrenamiento y prueba (umbral operativo: 15 meses observados, 4 demandas positivas).",19049.36
ITEM_0210,1,1,0.9833,31.0,0.0,60.0,0.0,Intermitente,False,"Meses observados o demandas positivas insuficientes para conformar entrenamiento y prueba (umbral operativo: 15 meses observados, 4 demandas positivas).",5111.85
ITEM_0211,1,1,0.9833,4.0,0.0,60.0,0.0,Intermitente,False,"Meses observados o demandas positivas insuficientes para conformar entrenamiento y prueba (umbral operativo: 15 meses observados, 4 demandas positivas).",10147.22
ITEM_0212,1,1,0.9833,3.0,0.0,60.0,0.0,Intermitente,False,"Meses observados o demandas positivas insuficientes para conformar entrenamiento y prueba (umbral operativo: 15 meses observados, 4 demandas positivas).",5085.08
ITEM_0213,1,1,0.9833,7.0,0.0,60.0,0.0,Intermitente,False,"Meses observados o demandas positivas insuficientes para conformar entrenamiento y prueba (umbral operativo: 15 meses observados, 4 demandas positivas).",5046.14
ITEM_0215,1,1,0.9833,2.0,0.0,60.0,0.0,Intermitente,False,"Meses observados o demandas positivas insuficientes para conformar entrenamiento y prueba (umbral operativo: 15 meses observados, 4 demandas positivas).",5008.39
ITEM_0217,1,1,0.9833,3.0,0.0,60.0,0.0,Intermitente,False,"Meses observados o demandas positivas insuficientes para conformar entrenamiento y prueba (umbral operativo: 15 meses observados, 4 demandas positivas).",4976.0
ITEM_0218,2,2,0.9667,30.0,200.0,5.0,0.2222,Intermitente,False,"Meses observados o demandas positivas insuficientes para conformar entrenamiento y prueba (umbral operativo: 15 meses observados, 4 demandas positivas).",7596.55
ITEM_0220,1,1,0.9833,1.0,0.0,60.0,0.0,Intermitente,False,"Meses observados o demandas positivas insuficientes para conformar entrenamiento y prueba (umbral operativo: 15 meses observados, 4 demandas positivas).",4875.46
ITEM_0222,2,2,0.9667,9.5,12.5,8.0,0.1385,Intermitente,False,"Meses observados o demandas positivas insuficientes para conformar entrenamiento y prueba (umbral operativo: 15 meses observados, 4 demandas positivas).",7784.03
ITEM_0223,1,1,0.9833,25.0,0.0,60.0,0.0,Intermitente,False,"Meses observados o demandas positivas insuficientes para conformar entrenamiento y prueba (umbral operativo: 15 meses observados, 4 demandas positivas).",4750.0
ITEM_0224,1,1,0.9833,1.0,0.0,60.0,0.0,Intermitente,False,"Meses observados o demandas positivas insuficientes para conformar entrenamiento y prueba (umbral operativo: 15 meses observados, 4 demandas positivas).",4739.38
ITEM_0226,1,1,0.9833,1.0,0.0,60.0,0.0,Intermitente,False,"Meses observados o demandas positivas insuficientes para conformar entrenamiento y prueba (umbral operativo: 15 meses observados, 4 demandas positivas).",4704.72
ITEM_0227,1,1,0.9833,8.0,0.0,60.0,0.0,Intermitente,False,"Meses observados o demandas positivas insuficientes para conformar entrenamiento y prueba (umbral operativo: 15 meses observados, 4 demandas positivas).",4702.09
ITEM_0228,1,1,0.9833,1.0,0.0,60.0,0.0,Intermitente,False,"Meses observados o demandas positivas insuficientes para conformar entrenamiento y prueba (umbral operativo: 15 meses observados, 4 demandas positivas).",4675.67
ITEM_0229,6,6,0.9,7.3333,66.6667,11.8,1.2397,Lumpy,False,"Meses observados o demandas positivas insuficientes para conformar entrenamiento y prueba (umbral operativo: 15 meses observados, 4 demandas positivas).",7167.2
ITEM_0230,2,2,0.9667,24.0,0.0,3.0,0.0,Intermitente,False,"Meses observados o demandas positivas insuficientes para conformar entrenamiento y prueba (umbral operativo: 15 meses observados, 4 demandas positivas).",9208.12
ITEM_0231,1,1,0.9833,6.0,0.0,60.0,0.0,Intermitente,False,"Meses observados o demandas positivas insuficientes para conformar entrenamiento y prueba (umbral operativo: 15 meses observados, 4 demandas positivas).",4563.85
ITEM_0233,2,2,0.9667,4.0,2.0,2.0,0.125,Intermitente,False,"Meses observados o demandas positivas insuficientes para conformar entrenamiento y prueba (umbral operativo: 15 meses observados, 4 demandas positivas).",5340.0
ITEM_0235,2,2,0.9667,2.0,0.0,3.0,0.0,Intermitente,False,"Meses observados o demandas positivas insuficientes para conformar entrenamiento y prueba (umbral operativo: 15 meses observados, 4 demandas positivas).",8903.04
ITEM_0238,1,1,0.9833,1.0,0.0,60.0,0.0,Intermitente,False,"Meses observados o demandas positivas insuficientes para conformar entrenamiento y prueba (umbral operativo: 15 meses observados, 4 demandas positivas).",4368.98
ITEM_0239,1,1,0.9833,1.0,0.0,60.0,0.0,Intermitente,False,"Meses observados o demandas positivas insuficientes para conformar entrenamiento y prueba (umbral operativo: 15 meses observados, 4 demandas positivas).",4357.36
ITEM_0240,1,1,0.9833,2.0,0.0,60.0,0.0,Intermitente,False,"Meses observados o demandas positivas insuficientes para conformar entrenamiento y prueba (umbral operativo: 15 meses observados, 4 demandas positivas).",4350.27
ITEM_0242,1,1,0.9833,2.0,0.0,60.0,0.0,Intermitente,False,"Meses observados o demandas positivas insuficientes para conformar entrenamiento y prueba (umbral operativo: 15 meses observados, 4 demandas positivas).",4329.42
ITEM_0243,1,1,0.9833,6.0,0.0,60.0,0.0,Intermitente,False,"Meses observados o demandas positivas insuficientes para conformar entrenamiento y prueba (umbral operativo: 15 meses observados, 4 demandas positivas).",4325.87
ITEM_0244,1,1,0.9833,16.0,0.0,60.0,0.0,Intermitente,False,"Meses observados o demandas positivas insuficientes para conformar entrenamiento y prueba (umbral operativo: 15 meses observados, 4 demandas positivas).",4322.39
ITEM_0246,1,1,0.9833,6.0,0.0,60.0,0.0,Intermitente,False,"Meses observados o demandas positivas insuficientes para conformar entrenamiento y prueba (umbral operativo: 15 meses observados, 4 demandas positivas).",4291.68
ITEM_0247,1,1,0.9833,6.0,0.0,60.0,0.0,Intermitente,False,"Meses observados o demandas positivas insuficientes para conformar entrenamiento y prueba (umbral operativo: 15 meses observados, 4 demandas positivas).",4291.68
ITEM_0248,1,1,0.9833,10.0,0.0,60.0,0.0,Intermitente,False,"Meses observados o demandas positivas insuficientes para conformar entrenamiento y prueba (umbral operativo: 15 meses observados, 4 demandas positivas).",4285.2
ITEM_0249,1,1,0.9833,10.0,0.0,60.0,0.0,Intermitente,False,"Meses observados o demandas positivas insuficientes para conformar entrenamiento y prueba (umbral operativo: 15 meses observados, 4 demandas positivas).",4285.18
ITEM_0251,1,1,0.9833,1.0,0.0,60.0,0.0,Intermitente,False,"Meses observados o demandas positivas insuficientes para conformar entrenamiento y prueba (umbral operativo: 15 meses observados, 4 demandas positivas).",4270.0
ITEM_0252,14,14,0.7667,4.5,16.8846,3.0769,0.8338,Lumpy,False,"Meses observados o demandas positivas insuficientes para conformar entrenamiento y prueba (umbral operativo: 15 meses observados, 4 demandas positivas).",26539.39
ITEM_0253,1,1,0.9833,1.0,0.0,60.0,0.0,Intermitente,False,"Meses observados o demandas positivas insuficientes para conformar entrenamiento y prueba (umbral operativo: 15 meses observados, 4 demandas positivas).",4234.72
ITEM_0254,1,1,0.9833,48.0,0.0,60.0,0.0,Intermitente,False,"Meses observados o demandas positivas insuficientes para conformar entrenamiento y prueba (umbral operativo: 15 meses observados, 4 demandas positivas).",8451.55
ITEM_0255,1,1,0.9833,2.0,0.0,60.0,0.0,Intermitente,False,"Meses observados o demandas positivas insuficientes para conformar entrenamiento y prueba (umbral operativo: 15 meses observados, 4 demandas positivas).",4202.31
ITEM_0256,1,1,0.9833,1.0,0.0,60.0,0.0,Intermitente,False,"Meses observados o demandas positivas insuficientes para conformar entrenamiento y prueba (umbral operativo: 15 meses observados, 4 demandas positivas).",4200.0
ITEM_0257,7,7,0.8833,47.4286,4851.619,6.3333,2.1568,Lumpy,False,"Meses observados o demandas positivas insuficientes para conformar entrenamiento y prueba (umbral operativo: 15 meses observados, 4 demandas positivas).",7148.0
ITEM_0258,1,1,0.9833,1.0,0.0,60.0,0.0,Intermitente,False,"Meses observados o demandas positivas insuficientes para conformar entrenamiento y prueba (umbral operativo: 15 meses observados, 4 demandas positivas).",4161.15
ITEM_0260,1,1,0.9833,15.0,0.0,60.0,0.0,Intermitente,False,"Meses observados o demandas positivas insuficientes para conformar entrenamiento y prueba (umbral operativo: 15 meses observados, 4 demandas positivas).",4160.0
ITEM_0261,4,4,0.9333,20.75,222.25,13.3333,0.5162,Lumpy,False,"Meses observados o demandas positivas insuficientes para conformar entrenamiento y prueba (umbral operativo: 15 meses observados, 4 demandas positivas).",7400.03
ITEM_0263,1,1,0.9833,80.0,0.0,60.0,0.0,Intermitente,False,"Meses observados o demandas positivas insuficientes para conformar entrenamiento y prueba (umbral operativo: 15 meses observados, 4 demandas positivas).",4131.0
ITEM_0264,2,2,0.9667,13.0,2.0,23.0,0.0118,Intermitente,False,"Meses observados o demandas positivas insuficientes para conformar entrenamiento y prueba (umbral operativo: 15 meses observados, 4 demandas positivas).",7920.86
ITEM_0265,6,6,0.9,3.0,15.6,4.0,1.7333,Lumpy,False,"Meses observados o demandas positivas insuficientes para conformar entrenamiento y prueba (umbral operativo: 15 meses observados, 4 demandas positivas).",10142.58
ITEM_0266,5,5,0.9167,4.4,19.3,4.5,0.9969,Lumpy,False,"Meses observados o demandas positivas insuficientes para conformar entrenamiento y prueba (umbral operativo: 15 meses observados, 4 demandas positivas).",10858.26
ITEM_0267,1,1,0.9833,2.0,0.0,60.0,0.0,Intermitente,False,"Meses observados o demandas positivas insuficientes para conformar entrenamiento y prueba (umbral operativo: 15 meses observados, 4 demandas positivas).",4107.81
ITEM_0268,3,3,0.95,6.0,0.0,3.0,0.0,Intermitente,False,"Meses observados o demandas positivas insuficientes para conformar entrenamiento y prueba (umbral operativo: 15 meses observados, 4 demandas positivas).",11666.06
ITEM_0269,1,1,0.9833,20.0,0.0,60.0,0.0,Intermitente,False,"Meses observados o demandas positivas insuficientes para conformar entrenamiento y prueba (umbral operativo: 15 meses observados, 4 demandas positivas).",4094.17
ITEM_0270,1,1,0.9833,1.0,0.0,60.0,0.0,Intermitente,False,"Meses observados o demandas positivas insuficientes para conformar entrenamiento y prueba (umbral operativo: 15 meses observados, 4 demandas positivas).",4060.5
ITEM_0271,2,2,0.9667,20.0,288.0,7.0,0.72,Lumpy,False,"Meses observados o demandas positivas insuficientes para conformar entrenamiento y prueba (umbral operativo: 15 meses observados, 4 demandas positivas).",4762.77
ITEM_0272,1,1,0.9833,1.0,0.0,60.0,0.0,Intermitente,False,"Meses observados o demandas positivas insuficientes para conformar entrenamiento y prueba (umbral operativo: 15 meses observados, 4 demandas positivas).",4029.0
ITEM_0273,1,1,0.9833,22.0,0.0,60.0,0.0,Intermitente,False,"Meses observados o demandas positivas insuficientes para conformar entrenamiento y prueba (umbral operativo: 15 meses observados, 4 demandas positivas).",4011.22
ITEM_0274,1,1,0.9833,4.0,0.0,60.0,0.0,Intermitente,False,"Meses observados o demandas positivas insuficientes para conformar entrenamiento y prueba (umbral operativo: 15 meses observados, 4 demandas positivas).",7981.8
ITEM_0275,3,3,0.95,14.3333,214.3333,12.0,1.0433,Lumpy,False,"Meses observados o demandas positivas insuficientes para conformar entrenamiento y prueba (umbral operativo: 15 meses observados, 4 demandas positivas).",5701.09
ITEM_0276,1,1,0.9833,30.0,0.0,60.0,0.0,Intermitente,False,"Meses observados o demandas positivas insuficientes para conformar entrenamiento y prueba (umbral operativo: 15 meses observados, 4 demandas positivas).",3976.41
ITEM_0277,1,1,0.9833,1.0,0.0,60.0,0.0,Intermitente,False,"Meses observados o demandas positivas insuficientes para conformar entrenamiento y prueba (umbral operativo: 15 meses observados, 4 demandas positivas).",3974.49
ITEM_0278,1,1,0.9833,3.0,0.0,60.0,0.0,Intermitente,False,"Meses observados o demandas positivas insuficientes para conformar entrenamiento y prueba (umbral operativo: 15 meses observados, 4 demandas positivas).",3960.0
ITEM_0279,1,1,0.9833,2.0,0.0,60.0,0.0,Intermitente,False,"Meses observados o demandas positivas insuficientes para conformar entrenamiento y prueba (umbral operativo: 15 meses observados, 4 demandas positivas).",3954.6
ITEM_0280,1,1,0.9833,3.0,0.0,60.0,0.0,Intermitente,False,"Meses observados o demandas positivas insuficientes para conformar entrenamiento y prueba (umbral operativo: 15 meses observados, 4 demandas positivas).",3952.95
ITEM_0281,1,1,0.9833,1.0,0.0,60.0,0.0,Intermitente,False,"Meses observados o demandas positivas insuficientes para conformar entrenamiento y prueba (umbral operativo: 15 meses observados, 4 demandas positivas).",3895.66
ITEM_0282,1,1,0.9833,48.0,0.0,60.0,0.0,Intermitente,False,"Meses observados o demandas positivas insuficientes para conformar entrenamiento y prueba (umbral operativo: 15 meses observados, 4 demandas positivas).",3869.65
ITEM_0283,1,1,0.9833,1.0,0.0,60.0,0.0,Intermitente,False,"Meses observados o demandas positivas insuficientes para conformar entrenamiento y prueba (umbral operativo: 15 meses observados, 4 demandas positivas).",3850.0
ITEM_0284,1,1,0.9833,4.0,0.0,60.0,0.0,Intermitente,False,"Meses observados o demandas positivas insuficientes para conformar entrenamiento y prueba (umbral operativo: 15 meses observados, 4 demandas positivas).",7630.14
ITEM_0286,1,1,0.9833,1.0,0.0,60.0,0.0,Intermitente,False,"Meses observados o demandas positivas insuficientes para conformar entrenamiento y prueba (umbral operativo: 15 meses observados, 4 demandas positivas).",3792.15
ITEM_0287,1,1,0.9833,2.0,0.0,60.0,0.0,Intermitente,False,"Meses observados o demandas positivas insuficientes para conformar entrenamiento y prueba (umbral operativo: 15 meses observados, 4 demandas positivas).",7577.68
ITEM_0288,1,1,0.9833,1.0,0.0,60.0,0.0,Intermitente,False,"Meses observados o demandas positivas insuficientes para conformar entrenamiento y prueba (umbral operativo: 15 meses observados, 4 demandas positivas).",3780.0
ITEM_0289,6,6,0.9,1.5,0.3,5.4,0.1333,Intermitente,False,"Meses observados o demandas positivas insuficientes para conformar entrenamiento y prueba (umbral operativo: 15 meses observados, 4 demandas positivas).",20650.0
ITEM_0290,3,3,0.95,6.0,0.0,3.0,0.0,Intermitente,False,"Meses observados o demandas positivas insuficientes para conformar entrenamiento y prueba (umbral operativo: 15 meses observados, 4 demandas positivas).",10929.65
ITEM_0291,1,1,0.9833,5.0,0.0,60.0,0.0,Intermitente,False,"Meses observados o demandas positivas insuficientes para conformar entrenamiento y prueba (umbral operativo: 15 meses observados, 4 demandas positivas).",3740.1
ITEM_0292,1,1,0.9833,2.0,0.0,60.0,0.0,Intermitente,False,"Meses observados o demandas positivas insuficientes para conformar entrenamiento y prueba (umbral operativo: 15 meses observados, 4 demandas positivas).",3739.25
ITEM_0294,3,3,0.95,2.0,0.0,3.0,0.0,Intermitente,False,"Meses observados o demandas positivas insuficientes para conformar entrenamiento y prueba (umbral operativo: 15 meses observados, 4 demandas positivas).",8903.02
ITEM_0295,3,3,0.95,2.6667,2.3333,12.5,0.3281,Intermitente,False,"Meses observados o demandas positivas insuficientes para conformar entrenamiento y prueba (umbral operativo: 15 meses observados, 4 demandas positivas).",7236.94
ITEM_0296,1,1,0.9833,2.0,0.0,60.0,0.0,Intermitente,False,"Meses observados o demandas positivas insuficientes para conformar entrenamiento y prueba (umbral operativo: 15 meses observados, 4 demandas positivas).",3672.0
ITEM_0298,1,1,0.9833,2.0,0.0,60.0,0.0,Intermitente,False,"Meses observados o demandas positivas insuficientes para conformar entrenamiento y prueba (umbral operativo: 15 meses observados, 4 demandas positivas).",3625.94
ITEM_0299,1,1,0.9833,11.0,0.0,60.0,0.0,Intermitente,False,"Meses observados o demandas positivas insuficientes para conformar entrenamiento y prueba (umbral operativo: 15 meses observados, 4 demandas positivas).",3624.88
ITEM_0301,3,3,0.95,3.0,3.0,28.5,0.3333,Intermitente,False,"Meses observados o demandas positivas insuficientes para conformar entrenamiento y prueba (umbral operativo: 15 meses observados, 4 demandas positivas).",4070.0
ITEM_0303,7,7,0.8833,3.0,3.0,5.6667,0.3333,Intermitente,False,"Meses observados o demandas positivas insuficientes para conformar entrenamiento y prueba (umbral operativo: 15 meses observados, 4 demandas positivas).",17341.44
ITEM_0304,9,9,0.85,16.3333,200.25,7.875,0.7506,Lumpy,False,"Meses observados o demandas positivas insuficientes para conformar entrenamiento y prueba (umbral operativo: 15 meses observados, 4 demandas positivas).",19876.45
ITEM_0305,2,2,0.9667,1.0,0.0,10.0,0.0,Intermitente,False,"Meses observados o demandas positivas insuficientes para conformar entrenamiento y prueba (umbral operativo: 15 meses observados, 4 demandas positivas).",6840.35
ITEM_0306,1,1,0.9833,6.0,0.0,60.0,0.0,Intermitente,False,"Meses observados o demandas positivas insuficientes para conformar entrenamiento y prueba (umbral operativo: 15 meses observados, 4 demandas positivas).",3511.5
ITEM_0308,1,1,0.9833,3.0,0.0,60.0,0.0,Intermitente,False,"Meses observados o demandas positivas insuficientes para conformar entrenamiento y prueba (umbral operativo: 15 meses observados, 4 demandas positivas).",3497.97
ITEM_0309,1,1,0.9833,1.0,0.0,60.0,0.0,Intermitente,False,"Meses observados o demandas positivas insuficientes para conformar entrenamiento y prueba (umbral operativo: 15 meses observados, 4 demandas positivas).",3489.5
ITEM_0311,1,1,0.9833,2.0,0.0,60.0,0.0,Intermitente,False,"Meses observados o demandas positivas insuficientes para conformar entrenamiento y prueba (umbral operativo: 15 meses observados, 4 demandas positivas).",3447.5
ITEM_0312,1,1,0.9833,2.0,0.0,60.0,0.0,Intermitente,False,"Meses observados o demandas positivas insuficientes para conformar entrenamiento y prueba (umbral operativo: 15 meses observados, 4 demandas positivas).",3446.88
ITEM_0313,1,1,0.9833,6.0,0.0,60.0,0.0,Intermitente,False,"Meses observados o demandas positivas insuficientes para conformar entrenamiento y prueba (umbral operativo: 15 meses observados, 4 demandas positivas).",3432.77
ITEM_0314,4,4,0.9333,10.75,380.25,5.0,3.2904,Lumpy,False,"Meses observados o demandas positivas insuficientes para conformar entrenamiento y prueba (umbral operativo: 15 meses observados, 4 demandas positivas).",10036.33
ITEM_0315,1,1,0.9833,2.0,0.0,60.0,0.0,Intermitente,False,"Meses observados o demandas positivas insuficientes para conformar entrenamiento y prueba (umbral operativo: 15 meses observados, 4 demandas positivas).",3410.0
ITEM_0317,14,14,0.7667,26.0,1001.3846,5.1538,1.4813,Lumpy,False,"Meses observados o demandas positivas insuficientes para conformar entrenamiento y prueba (umbral operativo: 15 meses observados, 4 demandas positivas).",13935.3
ITEM_0318,1,1,0.9833,48.0,0.0,60.0,0.0,Intermitente,False,"Meses observados o demandas positivas insuficientes para conformar entrenamiento y prueba (umbral operativo: 15 meses observados, 4 demandas positivas).",6690.45
ITEM_0319,1,1,0.9833,1.0,0.0,60.0,0.0,Intermitente,False,"Meses observados o demandas positivas insuficientes para conformar entrenamiento y prueba (umbral operativo: 15 meses observados, 4 demandas positivas).",3300.0
ITEM_0320,1,1,0.9833,1.0,0.0,60.0,0.0,Intermitente,False,"Meses observados o demandas positivas insuficientes para conformar entrenamiento y prueba (umbral operativo: 15 meses observados, 4 demandas positivas).",3292.18
ITEM_0321,1,1,0.9833,7.0,0.0,60.0,0.0,Intermitente,False,"Meses observados o demandas positivas insuficientes para conformar entrenamiento y prueba (umbral operativo: 15 meses observados, 4 demandas positivas).",3290.0
ITEM_0322,1,1,0.9833,8.0,0.0,60.0,0.0,Intermitente,False,"Meses observados o demandas positivas insuficientes para conformar entrenamiento y prueba (umbral operativo: 15 meses observados, 4 demandas positivas).",3265.8
ITEM_0323,1,1,0.9833,3.0,0.0,60.0,0.0,Intermitente,False,"Meses observados o demandas positivas insuficientes para conformar entrenamiento y prueba (umbral operativo: 15 meses observados, 4 demandas positivas).",3265.8
ITEM_0324,1,1,0.9833,2.0,0.0,60.0,0.0,Intermitente,False,"Meses observados o demandas positivas insuficientes para conformar entrenamiento y prueba (umbral operativo: 15 meses observados, 4 demandas positivas).",3232.68
ITEM_0325,1,1,0.9833,1.0,0.0,60.0,0.0,Intermitente,False,"Meses observados o demandas positivas insuficientes para conformar entrenamiento y prueba (umbral operativo: 15 meses observados, 4 demandas positivas).",3210.0
ITEM_0326,1,1,0.9833,300.0,0.0,60.0,0.0,Intermitente,False,"Meses observados o demandas positivas insuficientes para conformar entrenamiento y prueba (umbral operativo: 15 meses observados, 4 demandas positivas).",3200.0
ITEM_0327,1,1,0.9833,8.0,0.0,60.0,0.0,Intermitente,False,"Meses observados o demandas positivas insuficientes para conformar entrenamiento y prueba (umbral operativo: 15 meses observados, 4 demandas positivas).",3184.0
ITEM_0328,1,1,0.9833,2.0,0.0,60.0,0.0,Intermitente,False,"Meses observados o demandas positivas insuficientes para conformar entrenamiento y prueba (umbral operativo: 15 meses observados, 4 demandas positivas).",3183.63
ITEM_0329,1,1,0.9833,1.0,0.0,60.0,0.0,Intermitente,False,"Meses observados o demandas positivas insuficientes para conformar entrenamiento y prueba (umbral operativo: 15 meses observados, 4 demandas positivas).",3179.55
ITEM_0330,3,3,0.95,1030.3333,1989280.3333,11.0,1.8739,Lumpy,False,"Meses observados o demandas positivas insuficientes para conformar entrenamiento y prueba (umbral operativo: 15 meses observados, 4 demandas positivas).",9616.26
ITEM_0331,1,1,0.9833,1.0,0.0,60.0,0.0,Intermitente,False,"Meses observados o demandas positivas insuficientes para conformar entrenamiento y prueba (umbral operativo: 15 meses observados, 4 demandas positivas).",3178.9
ITEM_0332,1,1,0.9833,4.0,0.0,60.0,0.0,Intermitente,False,"Meses observados o demandas positivas insuficientes para conformar entrenamiento y prueba (umbral operativo: 15 meses observados, 4 demandas positivas).",3176.25
ITEM_0333,10,10,0.8333,9.2,326.8444,6.6667,3.8616,Lumpy,False,"Meses observados o demandas positivas insuficientes para conformar entrenamiento y prueba (umbral operativo: 15 meses observados, 4 demandas positivas).",5246.48
ITEM_0335,1,1,0.9833,4.0,0.0,60.0,0.0,Intermitente,False,"Meses observados o demandas positivas insuficientes para conformar entrenamiento y prueba (umbral operativo: 15 meses observados, 4 demandas positivas).",3168.7
ITEM_0338,2,2,0.9667,24.0,0.0,3.0,0.0,Intermitente,False,"Meses observados o demandas positivas insuficientes para conformar entrenamiento y prueba (umbral operativo: 15 meses observados, 4 demandas positivas).",6260.16
ITEM_0339,1,1,0.9833,2.0,0.0,60.0,0.0,Intermitente,False,"Meses observados o demandas positivas insuficientes para conformar entrenamiento y prueba (umbral operativo: 15 meses observados, 4 demandas positivas).",3120.88
ITEM_0340,1,1,0.9833,1.0,0.0,60.0,0.0,Intermitente,False,"Meses observados o demandas positivas insuficientes para conformar entrenamiento y prueba (umbral operativo: 15 meses observados, 4 demandas positivas).",3117.42
ITEM_0341,1,1,0.9833,1.0,0.0,60.0,0.0,Intermitente,False,"Meses observados o demandas positivas insuficientes para conformar entrenamiento y prueba (umbral operativo: 15 meses observados, 4 demandas positivas).",3112.35
ITEM_0344,1,1,0.9833,1.0,0.0,60.0,0.0,Intermitente,False,"Meses observados o demandas positivas insuficientes para conformar entrenamiento y prueba (umbral operativo: 15 meses observados, 4 demandas positivas).",3088.58
ITEM_0345,1,1,0.9833,4.0,0.0,60.0,0.0,Intermitente,False,"Meses observados o demandas positivas insuficientes para conformar entrenamiento y prueba (umbral operativo: 15 meses observados, 4 demandas positivas).",3070.0
ITEM_0346,3,3,0.95,6.0,3.0,4.5,0.0833,Intermitente,False,"Meses observados o demandas positivas insuficientes para conformar entrenamiento y prueba (umbral operativo: 15 meses observados, 4 demandas positivas).",4229.34
ITEM_0347,1,1,0.9833,2.0,0.0,60.0,0.0,Intermitente,False,"Meses observados o demandas positivas insuficientes para conformar entrenamiento y prueba (umbral operativo: 15 meses observados, 4 demandas positivas).",3058.67
ITEM_0348,2,2,0.9667,1.5,0.5,11.0,0.2222,Intermitente,False,"Meses observados o demandas positivas insuficientes para conformar entrenamiento y prueba (umbral operativo: 15 meses observados, 4 demandas positivas).",8084.78
ITEM_0350,6,6,0.9,3.3333,1.4667,4.8,0.132,Intermitente,False,"Meses observados o demandas positivas insuficientes para conformar entrenamiento y prueba (umbral operativo: 15 meses observados, 4 demandas positivas).",9517.82
ITEM_0351,1,1,0.9833,1.0,0.0,60.0,0.0,Intermitente,False,"Meses observados o demandas positivas insuficientes para conformar entrenamiento y prueba (umbral operativo: 15 meses observados, 4 demandas positivas).",3050.05
ITEM_0353,1,1,0.9833,8.0,0.0,60.0,0.0,Intermitente,False,"Meses observados o demandas positivas insuficientes para conformar entrenamiento y prueba (umbral operativo: 15 meses observados, 4 demandas positivas).",3042.15
ITEM_0354,1,1,0.9833,1.0,0.0,60.0,0.0,Intermitente,False,"Meses observados o demandas positivas insuficientes para conformar entrenamiento y prueba (umbral operativo: 15 meses observados, 4 demandas positivas).",3041.97
ITEM_0355,1,1,0.9833,1.0,0.0,60.0,0.0,Intermitente,False,"Meses observados o demandas positivas insuficientes para conformar entrenamiento y prueba (umbral operativo: 15 meses observados, 4 demandas positivas).",3040.0
ITEM_0356,1,1,0.9833,4.0,0.0,60.0,0.0,Intermitente,False,"Meses observados o demandas positivas insuficientes para conformar entrenamiento y prueba (umbral operativo: 15 meses observados, 4 demandas positivas).",3035.96
ITEM_0357,1,1,0.9833,2.0,0.0,60.0,0.0,Intermitente,False,"Meses observados o demandas positivas insuficientes para conformar entrenamiento y prueba (umbral operativo: 15 meses observados, 4 demandas positivas).",3012.59
ITEM_0358,4,4,0.9333,2.25,3.5833,6.0,0.7078,Lumpy,False,"Meses observados o demandas positivas insuficientes para conformar entrenamiento y prueba (umbral operativo: 15 meses observados, 4 demandas positivas).",3498.54
ITEM_0359,2,2,0.9667,3.0,8.0,18.0,0.8889,Lumpy,False,"Meses observados o demandas positivas insuficientes para conformar entrenamiento y prueba (umbral operativo: 15 meses observados, 4 demandas positivas).",3867.57
ITEM_0360,2,2,0.9667,15.0,162.0,7.0,0.72,Lumpy,False,"Meses observados o demandas positivas insuficientes para conformar entrenamiento y prueba (umbral operativo: 15 meses observados, 4 demandas positivas).",3033.14
ITEM_0361,2,2,0.9667,6.5,24.5,24.0,0.5799,Lumpy,False,"Meses observados o demandas positivas insuficientes para conformar entrenamiento y prueba (umbral operativo: 15 meses observados, 4 demandas positivas).",3379.13
ITEM_0362,1,1,0.9833,3.0,0.0,60.0,0.0,Intermitente,False,"Meses observados o demandas positivas insuficientes para conformar entrenamiento y prueba (umbral operativo: 15 meses observados, 4 demandas positivas).",2994.87
ITEM_0363,9,9,0.85,2.8889,2.1111,2.375,0.253,Intermitente,False,"Meses observados o demandas positivas insuficientes para conformar entrenamiento y prueba (umbral operativo: 15 meses observados, 4 demandas positivas).",17260.05
ITEM_0364,1,1,0.9833,1.0,0.0,60.0,0.0,Intermitente,False,"Meses observados o demandas positivas insuficientes para conformar entrenamiento y prueba (umbral operativo: 15 meses observados, 4 demandas positivas).",2985.86
ITEM_0365,1,1,0.9833,1.0,0.0,60.0,0.0,Intermitente,False,"Meses observados o demandas positivas insuficientes para conformar entrenamiento y prueba (umbral operativo: 15 meses observados, 4 demandas positivas).",2980.36
ITEM_0368,5,5,0.9167,3.0,2.5,11.75,0.2778,Intermitente,False,"Meses observados o demandas positivas insuficientes para conformar entrenamiento y prueba (umbral operativo: 15 meses observados, 4 demandas positivas).",5337.82
ITEM_0369,1,1,0.9833,200.0,0.0,60.0,0.0,Intermitente,False,"Meses observados o demandas positivas insuficientes para conformar entrenamiento y prueba (umbral operativo: 15 meses observados, 4 demandas positivas).",5904.0
ITEM_0370,1,1,0.9833,3.0,0.0,60.0,0.0,Intermitente,False,"Meses observados o demandas positivas insuficientes para conformar entrenamiento y prueba (umbral operativo: 15 meses observados, 4 demandas positivas).",2951.49
ITEM_0371,2,2,0.9667,19.0,242.0,26.0,0.6704,Lumpy,False,"Meses observados o demandas positivas insuficientes para conformar entrenamiento y prueba (umbral operativo: 15 meses observados, 4 demandas positivas).",9653.4
ITEM_0372,6,6,0.9,1.6667,0.2667,5.6,0.096,Intermitente,False,"Meses observados o demandas positivas insuficientes para conformar entrenamiento y prueba (umbral operativo: 15 meses observados, 4 demandas positivas).",12800.5
ITEM_0373,1,1,0.9833,8.0,0.0,60.0,0.0,Intermitente,False,"Meses observados o demandas positivas insuficientes para conformar entrenamiento y prueba (umbral operativo: 15 meses observados, 4 demandas positivas).",2905.76
ITEM_0374,1,1,0.9833,1.0,0.0,60.0,0.0,Intermitente,False,"Meses observados o demandas positivas insuficientes para conformar entrenamiento y prueba (umbral operativo: 15 meses observados, 4 demandas positivas).",2905.64
ITEM_0376,1,1,0.9833,2.0,0.0,60.0,0.0,Intermitente,False,"Meses observados o demandas positivas insuficientes para conformar entrenamiento y prueba (umbral operativo: 15 meses observados, 4 demandas positivas).",2898.66
ITEM_0377,1,1,0.9833,138.0,0.0,60.0,0.0,Intermitente,False,"Meses observados o demandas positivas insuficientes para conformar entrenamiento y prueba (umbral operativo: 15 meses observados, 4 demandas positivas).",2894.4
ITEM_0378,2,2,0.9667,59.5,4704.5,2.0,1.3289,Lumpy,False,"Meses observados o demandas positivas insuficientes para conformar entrenamiento y prueba (umbral operativo: 15 meses observados, 4 demandas positivas).",3225.8
ITEM_0379,1,1,0.9833,1.0,0.0,60.0,0.0,Intermitente,False,"Meses observados o demandas positivas insuficientes para conformar entrenamiento y prueba (umbral operativo: 15 meses observados, 4 demandas positivas).",2888.63
ITEM_0380,1,1,0.9833,4.0,0.0,60.0,0.0,Intermitente,False,"Meses observados o demandas positivas insuficientes para conformar entrenamiento y prueba (umbral operativo: 15 meses observados, 4 demandas positivas).",2873.56
ITEM_0381,1,1,0.9833,1.0,0.0,60.0,0.0,Intermitente,False,"Meses observados o demandas positivas insuficientes para conformar entrenamiento y prueba (umbral operativo: 15 meses observados, 4 demandas positivas).",2871.0
ITEM_0382,1,1,0.9833,6.0,0.0,60.0,0.0,Intermitente,False,"Meses observados o demandas positivas insuficientes para conformar entrenamiento y prueba (umbral operativo: 15 meses observados, 4 demandas positivas).",2826.08
ITEM_0383,1,1,0.9833,24.0,0.0,60.0,0.0,Intermitente,False,"Meses observados o demandas positivas insuficientes para conformar entrenamiento y prueba (umbral operativo: 15 meses observados, 4 demandas positivas).",2823.6
ITEM_0384,1,1,0.9833,1.0,0.0,60.0,0.0,Intermitente,False,"Meses observados o demandas positivas insuficientes para conformar entrenamiento y prueba (umbral operativo: 15 meses observados, 4 demandas positivas).",2821.3
ITEM_0386,1,1,0.9833,1.0,0.0,60.0,0.0,Intermitente,False,"Meses observados o demandas positivas insuficientes para conformar entrenamiento y prueba (umbral operativo: 15 meses observados, 4 demandas positivas).",2810.0
ITEM_0387,1,1,0.9833,1.0,0.0,60.0,0.0,Intermitente,False,"Meses observados o demandas positivas insuficientes para conformar entrenamiento y prueba (umbral operativo: 15 meses observados, 4 demandas positivas).",2800.13
ITEM_0388,1,1,0.9833,100.0,0.0,60.0,0.0,Intermitente,False,"Meses observados o demandas positivas insuficientes para conformar entrenamiento y prueba (umbral operativo: 15 meses observados, 4 demandas positivas).",5581.0
ITEM_0389,8,8,0.8667,4.25,5.0714,5.0,0.2808,Intermitente,False,"Meses observados o demandas positivas insuficientes para conformar entrenamiento y prueba (umbral operativo: 15 meses observados, 4 demandas positivas).",15747.8
ITEM_0390,1,1,0.9833,400.0,0.0,60.0,0.0,Intermitente,False,"Meses observados o demandas positivas insuficientes para conformar entrenamiento y prueba (umbral operativo: 15 meses observados, 4 demandas positivas).",5540.0
ITEM_0391,3,3,0.95,60.0,1200.0,17.0,0.3333,Intermitente,False,"Meses observados o demandas positivas insuficientes para conformar entrenamiento y prueba (umbral operativo: 15 meses observados, 4 demandas positivas).",5728.3
ITEM_0392,1,1,0.9833,3.0,0.0,60.0,0.0,Intermitente,False,"Meses observados o demandas positivas insuficientes para conformar entrenamiento y prueba (umbral operativo: 15 meses observados, 4 demandas positivas).",2753.42
ITEM_0393,3,3,0.95,4.0,1.0,4.0,0.0625,Intermitente,False,"Meses observados o demandas positivas insuficientes para conformar entrenamiento y prueba (umbral operativo: 15 meses observados, 4 demandas positivas).",6600.0
ITEM_0394,5,5,0.9167,29.8,132.2,3.5,0.1489,Intermitente,False,"Meses observados o demandas positivas insuficientes para conformar entrenamiento y prueba (umbral operativo: 15 meses observados, 4 demandas positivas).",10169.5
ITEM_0395,1,1,0.9833,4.0,0.0,60.0,0.0,Intermitente,False,"Meses observados o demandas positivas insuficientes para conformar entrenamiento y prueba (umbral operativo: 15 meses observados, 4 demandas positivas).",2737.58
ITEM_0396,1,1,0.9833,2.0,0.0,60.0,0.0,Intermitente,False,"Meses observados o demandas positivas insuficientes para conformar entrenamiento y prueba (umbral operativo: 15 meses observados, 4 demandas positivas).",2726.4
ITEM_0397,1,1,0.9833,1.0,0.0,60.0,0.0,Intermitente,False,"Meses observados o demandas positivas insuficientes para conformar entrenamiento y prueba (umbral operativo: 15 meses observados, 4 demandas positivas).",2699.0
ITEM_0398,1,1,0.9833,2.0,0.0,60.0,0.0,Intermitente,False,"Meses observados o demandas positivas insuficientes para conformar entrenamiento y prueba (umbral operativo: 15 meses observados, 4 demandas positivas).",2698.05
ITEM_0399,3,3,0.95,5.3333,33.3333,7.5,1.1719,Lumpy,False,"Meses observados o demandas positivas insuficientes para conformar entrenamiento y prueba (umbral operativo: 15 meses observados, 4 demandas positivas).",3629.88
ITEM_0400,1,1,0.9833,3.0,0.0,60.0,0.0,Intermitente,False,"Meses observados o demandas positivas insuficientes para conformar entrenamiento y prueba (umbral operativo: 15 meses observados, 4 demandas positivas).",2678.8
ITEM_0401,2,2,0.9667,24.0,0.0,3.0,0.0,Intermitente,False,"Meses observados o demandas positivas insuficientes para conformar entrenamiento y prueba (umbral operativo: 15 meses observados, 4 demandas positivas).",5317.44
ITEM_0402,2,2,0.9667,2.0,0.0,13.0,0.0,Intermitente,False,"Meses observados o demandas positivas insuficientes para conformar entrenamiento y prueba (umbral operativo: 15 meses observados, 4 demandas positivas).",4857.45
ITEM_0403,8,8,0.8667,2.875,2.9821,4.1429,0.3608,Intermitente,False,"Meses observados o demandas positivas insuficientes para conformar entrenamiento y prueba (umbral operativo: 15 meses observados, 4 demandas positivas).",11150.06
ITEM_0405,1,1,0.9833,1.0,0.0,60.0,0.0,Intermitente,False,"Meses observados o demandas positivas insuficientes para conformar entrenamiento y prueba (umbral operativo: 15 meses observados, 4 demandas positivas).",2638.2
ITEM_0406,3,3,0.95,3.3333,16.3333,10.0,1.47,Lumpy,False,"Meses observados o demandas positivas insuficientes para conformar entrenamiento y prueba (umbral operativo: 15 meses observados, 4 demandas positivas).",3222.52
ITEM_0407,1,1,0.9833,3.0,0.0,60.0,0.0,Intermitente,False,"Meses observados o demandas positivas insuficientes para conformar entrenamiento y prueba (umbral operativo: 15 meses observados, 4 demandas positivas).",2625.0
ITEM_0409,10,10,0.8333,2.4,2.0444,4.0,0.3549,Intermitente,False,"Meses observados o demandas positivas insuficientes para conformar entrenamiento y prueba (umbral operativo: 15 meses observados, 4 demandas positivas).",15337.32
ITEM_0410,1,1,0.9833,1.0,0.0,60.0,0.0,Intermitente,False,"Meses observados o demandas positivas insuficientes para conformar entrenamiento y prueba (umbral operativo: 15 meses observados, 4 demandas positivas).",2600.0
ITEM_0411,1,1,0.9833,2.0,0.0,60.0,0.0,Intermitente,False,"Meses observados o demandas positivas insuficientes para conformar entrenamiento y prueba (umbral operativo: 15 meses observados, 4 demandas positivas).",2596.7
ITEM_0412,8,8,0.8667,7.75,35.9286,8.7143,0.5982,Lumpy,False,"Meses observados o demandas positivas insuficientes para conformar entrenamiento y prueba (umbral operativo: 15 meses observados, 4 demandas positivas).",20208.59
ITEM_0413,3,3,0.95,12.0,148.0,2.5,1.0278,Lumpy,False,"Meses observados o demandas positivas insuficientes para conformar entrenamiento y prueba (umbral operativo: 15 meses observados, 4 demandas positivas).",3759.25
ITEM_0414,2,2,0.9667,2.0,2.0,14.0,0.5,Lumpy,False,"Meses observados o demandas positivas insuficientes para conformar entrenamiento y prueba (umbral operativo: 15 meses observados, 4 demandas positivas).",3750.0
ITEM_0415,1,1,0.9833,1.0,0.0,60.0,0.0,Intermitente,False,"Meses observados o demandas positivas insuficientes para conformar entrenamiento y prueba (umbral operativo: 15 meses observados, 4 demandas positivas).",2547.91
ITEM_0416,1,1,0.9833,2.0,0.0,60.0,0.0,Intermitente,False,"Meses observados o demandas positivas insuficientes para conformar entrenamiento y prueba (umbral operativo: 15 meses observados, 4 demandas positivas).",5086.8
ITEM_0417,1,1,0.9833,2.0,0.0,60.0,0.0,Intermitente,False,"Meses observados o demandas positivas insuficientes para conformar entrenamiento y prueba (umbral operativo: 15 meses observados, 4 demandas positivas).",2539.42
ITEM_0418,1,1,0.9833,4.0,0.0,60.0,0.0,Intermitente,False,"Meses observados o demandas positivas insuficientes para conformar entrenamiento y prueba (umbral operativo: 15 meses observados, 4 demandas positivas).",2512.67
ITEM_0419,1,1,0.9833,1.0,0.0,60.0,0.0,Intermitente,False,"Meses observados o demandas positivas insuficientes para conformar entrenamiento y prueba (umbral operativo: 15 meses observados, 4 demandas positivas).",2500.0
ITEM_0422,6,6,0.9,3.1667,0.5667,4.4,0.0565,Intermitente,False,"Meses observados o demandas positivas insuficientes para conformar entrenamiento y prueba (umbral operativo: 15 meses observados, 4 demandas positivas).",4438.34
ITEM_0423,4,4,0.9333,1.0,0.0,11.3333,0.0,Intermitente,False,"Meses observados o demandas positivas insuficientes para conformar entrenamiento y prueba (umbral operativo: 15 meses observados, 4 demandas positivas).",9093.39
ITEM_0428,7,7,0.8833,17.5714,304.619,6.1667,0.9866,Lumpy,False,"Meses observados o demandas positivas insuficientes para conformar entrenamiento y prueba (umbral operativo: 15 meses observados, 4 demandas positivas).",4338.61
ITEM_0429,1,1,0.9833,1.0,0.0,60.0,0.0,Intermitente,False,"Meses observados o demandas positivas insuficientes para conformar entrenamiento y prueba (umbral operativo: 15 meses observados, 4 demandas positivas).",2410.87
ITEM_0430,1,1,0.9833,1.0,0.0,60.0,0.0,Intermitente,False,"Meses observados o demandas positivas insuficientes para conformar entrenamiento y prueba (umbral operativo: 15 meses observados, 4 demandas positivas).",2406.17
ITEM_0431,1,1,0.9833,4.0,0.0,60.0,0.0,Intermitente,False,"Meses observados o demandas positivas insuficientes para conformar entrenamiento y prueba (umbral operativo: 15 meses observados, 4 demandas positivas).",2405.55
ITEM_0434,1,1,0.9833,2.0,0.0,60.0,0.0,Intermitente,False,"Meses observados o demandas positivas insuficientes para conformar entrenamiento y prueba (umbral operativo: 15 meses observados, 4 demandas positivas).",2396.0
ITEM_0435,1,1,0.9833,2.0,0.0,60.0,0.0,Intermitente,False,"Meses observados o demandas positivas insuficientes para conformar entrenamiento y prueba (umbral operativo: 15 meses observados, 4 demandas positivas).",2396.0
ITEM_0436,2,2,0.9667,52.0,0.0,3.0,0.0,Intermitente,False,"Meses observados o demandas positivas insuficientes para conformar entrenamiento y prueba (umbral operativo: 15 meses observados, 4 demandas positivas).",4778.8
ITEM_0437,1,1,0.9833,1.0,0.0,60.0,0.0,Intermitente,False,"Meses observados o demandas positivas insuficientes para conformar entrenamiento y prueba (umbral operativo: 15 meses observados, 4 demandas positivas).",2388.27
ITEM_0438,4,4,0.9333,2.75,2.25,10.3333,0.2975,Intermitente,False,"Meses observados o demandas positivas insuficientes para conformar entrenamiento y prueba (umbral operativo: 15 meses observados, 4 demandas positivas).",6486.6
ITEM_0439,1,1,0.9833,20.0,0.0,60.0,0.0,Intermitente,False,"Meses observados o demandas positivas insuficientes para conformar entrenamiento y prueba (umbral operativo: 15 meses observados, 4 demandas positivas).",2371.11
ITEM_0440,10,10,0.8333,22.3,273.3444,4.5556,0.5497,Lumpy,False,"Meses observados o demandas positivas insuficientes para conformar entrenamiento y prueba (umbral operativo: 15 meses observados, 4 demandas positivas).",14466.05
ITEM_0441,2,2,0.9667,4.0,0.0,4.0,0.0,Intermitente,False,"Meses observados o demandas positivas insuficientes para conformar entrenamiento y prueba (umbral operativo: 15 meses observados, 4 demandas positivas).",4732.4
ITEM_0442,2,2,0.9667,12.5,112.5,27.0,0.72,Lumpy,False,"Meses observados o demandas positivas insuficientes para conformar entrenamiento y prueba (umbral operativo: 15 meses observados, 4 demandas positivas).",3117.24
ITEM_0443,9,9,0.85,5.2222,2.9444,4.0,0.108,Intermitente,False,"Meses observados o demandas positivas insuficientes para conformar entrenamiento y prueba (umbral operativo: 15 meses observados, 4 demandas positivas).",13428.87
ITEM_0446,1,1,0.9833,2.0,0.0,60.0,0.0,Intermitente,False,"Meses observados o demandas positivas insuficientes para conformar entrenamiento y prueba (umbral operativo: 15 meses observados, 4 demandas positivas).",2338.77
ITEM_0447,1,1,0.9833,2.0,0.0,60.0,0.0,Intermitente,False,"Meses observados o demandas positivas insuficientes para conformar entrenamiento y prueba (umbral operativo: 15 meses observados, 4 demandas positivas).",2336.18
ITEM_0448,1,1,0.9833,1.0,0.0,60.0,0.0,Intermitente,False,"Meses observados o demandas positivas insuficientes para conformar entrenamiento y prueba (umbral operativo: 15 meses observados, 4 demandas positivas).",2324.77
ITEM_0449,1,1,0.9833,6.0,0.0,60.0,0.0,Intermitente,False,"Meses observados o demandas positivas insuficientes para conformar entrenamiento y prueba (umbral operativo: 15 meses observados, 4 demandas positivas).",2320.39
ITEM_0450,1,1,0.9833,1.0,0.0,60.0,0.0,Intermitente,False,"Meses observados o demandas positivas insuficientes para conformar entrenamiento y prueba (umbral operativo: 15 meses observados, 4 demandas positivas).",2315.6
ITEM_0451,1,1,0.9833,17.0,0.0,60.0,0.0,Intermitente,False,"Meses observados o demandas positivas insuficientes para conformar entrenamiento y prueba (umbral operativo: 15 meses observados, 4 demandas positivas).",2312.93
ITEM_0452,13,13,0.7833,9.9231,447.7436,3.8333,4.5471,Lumpy,False,"Meses observados o demandas positivas insuficientes para conformar entrenamiento y prueba (umbral operativo: 15 meses observados, 4 demandas positivas).",12580.09
ITEM_0453,1,1,0.9833,3.0,0.0,60.0,0.0,Intermitente,False,"Meses observados o demandas positivas insuficientes para conformar entrenamiento y prueba (umbral operativo: 15 meses observados, 4 demandas positivas).",2302.14
ITEM_0454,6,6,0.9,2.3333,7.8667,4.8,1.4449,Lumpy,False,"Meses observados o demandas positivas insuficientes para conformar entrenamiento y prueba (umbral operativo: 15 meses observados, 4 demandas positivas).",6152.24
ITEM_0455,1,1,0.9833,1.0,0.0,60.0,0.0,Intermitente,False,"Meses observados o demandas positivas insuficientes para conformar entrenamiento y prueba (umbral operativo: 15 meses observados, 4 demandas positivas).",2300.0
ITEM_0456,1,1,0.9833,50.0,0.0,60.0,0.0,Intermitente,False,"Meses observados o demandas positivas insuficientes para conformar entrenamiento y prueba (umbral operativo: 15 meses observados, 4 demandas positivas).",4595.57
ITEM_0457,1,1,0.9833,50.0,0.0,60.0,0.0,Intermitente,False,"Meses observados o demandas positivas insuficientes para conformar entrenamiento y prueba (umbral operativo: 15 meses observados, 4 demandas positivas).",4595.57
ITEM_0458,1,1,0.9833,4.0,0.0,60.0,0.0,Intermitente,False,"Meses observados o demandas positivas insuficientes para conformar entrenamiento y prueba (umbral operativo: 15 meses observados, 4 demandas positivas).",2291.45
ITEM_0459,1,1,0.9833,1.0,0.0,60.0,0.0,Intermitente,False,"Meses observados o demandas positivas insuficientes para conformar entrenamiento y prueba (umbral operativo: 15 meses observados, 4 demandas positivas).",2289.18
ITEM_0460,7,7,0.8833,10.1429,60.8095,6.1667,0.5911,Lumpy,False,"Meses observados o demandas positivas insuficientes para conformar entrenamiento y prueba (umbral operativo: 15 meses observados, 4 demandas positivas).",7744.19
ITEM_0461,6,6,0.9,23.3333,365.8667,7.0,0.672,Lumpy,False,"Meses observados o demandas positivas insuficientes para conformar entrenamiento y prueba (umbral operativo: 15 meses observados, 4 demandas positivas).",4149.17
ITEM_0462,1,1,0.9833,3.0,0.0,60.0,0.0,Intermitente,False,"Meses observados o demandas positivas insuficientes para conformar entrenamiento y prueba (umbral operativo: 15 meses observados, 4 demandas positivas).",2280.0
ITEM_0463,1,1,0.9833,32.0,0.0,60.0,0.0,Intermitente,False,"Meses observados o demandas positivas insuficientes para conformar entrenamiento y prueba (umbral operativo: 15 meses observados, 4 demandas positivas).",4527.42
ITEM_0464,1,1,0.9833,1.0,0.0,60.0,0.0,Intermitente,False,"Meses observados o demandas positivas insuficientes para conformar entrenamiento y prueba (umbral operativo: 15 meses observados, 4 demandas positivas).",2273.61
ITEM_0465,1,1,0.9833,4.0,0.0,60.0,0.0,Intermitente,False,"Meses observados o demandas positivas insuficientes para conformar entrenamiento y prueba (umbral operativo: 15 meses observados, 4 demandas positivas).",2269.58
ITEM_0466,1,1,0.9833,40.0,0.0,60.0,0.0,Intermitente,False,"Meses observados o demandas positivas insuficientes para conformar entrenamiento y prueba (umbral operativo: 15 meses observados, 4 demandas positivas).",2269.56
ITEM_0467,1,1,0.9833,2.0,0.0,60.0,0.0,Intermitente,False,"Meses observados o demandas positivas insuficientes para conformar entrenamiento y prueba (umbral operativo: 15 meses observados, 4 demandas positivas).",2254.91
ITEM_0468,1,1,0.9833,20.0,0.0,60.0,0.0,Intermitente,False,"Meses observados o demandas positivas insuficientes para conformar entrenamiento y prueba (umbral operativo: 15 meses observados, 4 demandas positivas).",2254.29
ITEM_0469,1,1,0.9833,64.0,0.0,60.0,0.0,Intermitente,False,"Meses observados o demandas positivas insuficientes para conformar entrenamiento y prueba (umbral operativo: 15 meses observados, 4 demandas positivas).",3768.93
ITEM_0470,1,1,0.9833,8.0,0.0,60.0,0.0,Intermitente,False,"Meses observados o demandas positivas insuficientes para conformar entrenamiento y prueba (umbral operativo: 15 meses observados, 4 demandas positivas).",2249.57
ITEM_0472,2,2,0.9667,41.0,3042.0,2.0,1.8096,Lumpy,False,"Meses observados o demandas positivas insuficientes para conformar entrenamiento y prueba (umbral operativo: 15 meses observados, 4 demandas positivas).",2295.87
ITEM_0473,1,1,0.9833,4.0,0.0,60.0,0.0,Intermitente,False,"Meses observados o demandas positivas insuficientes para conformar entrenamiento y prueba (umbral operativo: 15 meses observados, 4 demandas positivas).",2220.0
ITEM_0474,1,1,0.9833,30.0,0.0,60.0,0.0,Intermitente,False,"Meses observados o demandas positivas insuficientes para conformar entrenamiento y prueba (umbral operativo: 15 meses observados, 4 demandas positivas).",2219.62
ITEM_0478,1,1,0.9833,15.0,0.0,60.0,0.0,Intermitente,False,"Meses observados o demandas positivas insuficientes para conformar entrenamiento y prueba (umbral operativo: 15 meses observados, 4 demandas positivas).",2192.4
ITEM_0479,1,1,0.9833,2.0,0.0,60.0,0.0,Intermitente,False,"Meses observados o demandas positivas insuficientes para conformar entrenamiento y prueba (umbral operativo: 15 meses observados, 4 demandas positivas).",2192.27
ITEM_0480,1,1,0.9833,35.0,0.0,60.0,0.0,Intermitente,False,"Meses observados o demandas positivas insuficientes para conformar entrenamiento y prueba (umbral operativo: 15 meses observados, 4 demandas positivas).",2179.32
ITEM_0481,1,1,0.9833,4.0,0.0,60.0,0.0,Intermitente,False,"Meses observados o demandas positivas insuficientes para conformar entrenamiento y prueba (umbral operativo: 15 meses observados, 4 demandas positivas).",2178.07
ITEM_0482,1,1,0.9833,1.0,0.0,60.0,0.0,Intermitente,False,"Meses observados o demandas positivas insuficientes para conformar entrenamiento y prueba (umbral operativo: 15 meses observados, 4 demandas positivas).",2176.85
ITEM_0483,4,4,0.9333,33.5,633.0,3.0,0.564,Lumpy,False,"Meses observados o demandas positivas insuficientes para conformar entrenamiento y prueba (umbral operativo: 15 meses observados, 4 demandas positivas).",2619.39
ITEM_0484,4,4,0.9333,33.0,36.0,7.6667,0.0331,Intermitente,False,"Meses observados o demandas positivas insuficientes para conformar entrenamiento y prueba (umbral operativo: 15 meses observados, 4 demandas positivas).",4283.47
ITEM_0485,1,1,0.9833,3.0,0.0,60.0,0.0,Intermitente,False,"Meses observados o demandas positivas insuficientes para conformar entrenamiento y prueba (umbral operativo: 15 meses observados, 4 demandas positivas).",2161.95
ITEM_0486,1,1,0.9833,20.0,0.0,60.0,0.0,Intermitente,False,"Meses observados o demandas positivas insuficientes para conformar entrenamiento y prueba (umbral operativo: 15 meses observados, 4 demandas positivas).",2158.8
ITEM_0488,4,4,0.9333,2.75,4.9167,4.6667,0.6501,Lumpy,False,"Meses observados o demandas positivas insuficientes para conformar entrenamiento y prueba (umbral operativo: 15 meses observados, 4 demandas positivas).",5311.16
ITEM_0491,1,1,0.9833,200.0,0.0,60.0,0.0,Intermitente,False,"Meses observados o demandas positivas insuficientes para conformar entrenamiento y prueba (umbral operativo: 15 meses observados, 4 demandas positivas).",4254.0
ITEM_0494,3,3,0.95,2.0,0.0,3.0,0.0,Intermitente,False,"Meses observados o demandas positivas insuficientes para conformar entrenamiento y prueba (umbral operativo: 15 meses observados, 4 demandas positivas).",4253.21
ITEM_0496,1,1,0.9833,1.0,0.0,60.0,0.0,Intermitente,False,"Meses observados o demandas positivas insuficientes para conformar entrenamiento y prueba (umbral operativo: 15 meses observados, 4 demandas positivas).",2078.75
ITEM_0497,1,1,0.9833,4.0,0.0,60.0,0.0,Intermitente,False,"Meses observados o demandas positivas insuficientes para conformar entrenamiento y prueba (umbral operativo: 15 meses observados, 4 demandas positivas).",2078.4
ITEM_0499,1,1,0.9833,60.0,0.0,60.0,0.0,Intermitente,False,"Meses observados o demandas positivas insuficientes para conformar entrenamiento y prueba (umbral operativo: 15 meses observados, 4 demandas positivas).",2070.0
ITEM_0500,1,1,0.9833,6.0,0.0,60.0,0.0,Intermitente,False,"Meses observados o demandas positivas insuficientes para conformar entrenamiento y prueba (umbral operativo: 15 meses observados, 4 demandas positivas).",2065.5
ITEM_0501,5,5,0.9167,195.2,18995.2,7.5,0.4985,Lumpy,False,"Meses observados o demandas positivas insuficientes para conformar entrenamiento y prueba (umbral operativo: 15 meses observados, 4 demandas positivas).",7886.0
ITEM_0502,4,4,0.9333,19.75,409.5833,18.3333,1.05,Lumpy,False,"Meses observados o demandas positivas insuficientes para conformar entrenamiento y prueba (umbral operativo: 15 meses observados, 4 demandas positivas).",2613.86
ITEM_0503,1,1,0.9833,1.0,0.0,60.0,0.0,Intermitente,False,"Meses observados o demandas positivas insuficientes para conformar entrenamiento y prueba (umbral operativo: 15 meses observados, 4 demandas positivas).",2025.75
ITEM_0504,1,1,0.9833,1.0,0.0,60.0,0.0,Intermitente,False,"Meses observados o demandas positivas insuficientes para conformar entrenamiento y prueba (umbral operativo: 15 meses observados, 4 demandas positivas).",2025.75
ITEM_0506,1,1,0.9833,1.0,0.0,60.0,0.0,Intermitente,False,"Meses observados o demandas positivas insuficientes para conformar entrenamiento y prueba (umbral operativo: 15 meses observados, 4 demandas positivas).",2014.29
ITEM_0507,1,1,0.9833,2.0,0.0,60.0,0.0,Intermitente,False,"Meses observados o demandas positivas insuficientes para conformar entrenamiento y prueba (umbral operativo: 15 meses observados, 4 demandas positivas).",2009.82
ITEM_0510,1,1,0.9833,2.0,0.0,60.0,0.0,Intermitente,False,"Meses observados o demandas positivas insuficientes para conformar entrenamiento y prueba (umbral operativo: 15 meses observados, 4 demandas positivas).",1987.14
ITEM_0511,4,4,0.9333,23.5,1.0,7.6667,0.0018,Intermitente,False,"Meses observados o demandas positivas insuficientes para conformar entrenamiento y prueba (umbral operativo: 15 meses observados, 4 demandas positivas).",3526.99
ITEM_0512,1,1,0.9833,7.0,0.0,60.0,0.0,Intermitente,False,"Meses observados o demandas positivas insuficientes para conformar entrenamiento y prueba (umbral operativo: 15 meses observados, 4 demandas positivas).",1972.98
ITEM_0514,4,4,0.9333,1.0,0.0,7.0,0.0,Intermitente,False,"Meses observados o demandas positivas insuficientes para conformar entrenamiento y prueba (umbral operativo: 15 meses observados, 4 demandas positivas).",5174.78
ITEM_0517,1,1,0.9833,2.0,0.0,60.0,0.0,Intermitente,False,"Meses observados o demandas positivas insuficientes para conformar entrenamiento y prueba (umbral operativo: 15 meses observados, 4 demandas positivas).",1937.56
ITEM_0518,1,1,0.9833,2.0,0.0,60.0,0.0,Intermitente,False,"Meses observados o demandas positivas insuficientes para conformar entrenamiento y prueba (umbral operativo: 15 meses observados, 4 demandas positivas).",1935.0
ITEM_0519,1,1,0.9833,6.0,0.0,60.0,0.0,Intermitente,False,"Meses observados o demandas positivas insuficientes para conformar entrenamiento y prueba (umbral operativo: 15 meses observados, 4 demandas positivas).",1929.78
ITEM_0520,1,1,0.9833,6.0,0.0,60.0,0.0,Intermitente,False,"Meses observados o demandas positivas insuficientes para conformar entrenamiento y prueba (umbral operativo: 15 meses observados, 4 demandas positivas).",1927.08
ITEM_0521,1,1,0.9833,2.0,0.0,60.0,0.0,Intermitente,False,"Meses observados o demandas positivas insuficientes para conformar entrenamiento y prueba (umbral operativo: 15 meses observados, 4 demandas positivas).",1917.53
ITEM_0522,1,1,0.9833,2.0,0.0,60.0,0.0,Intermitente,False,"Meses observados o demandas positivas insuficientes para conformar entrenamiento y prueba (umbral operativo: 15 meses observados, 4 demandas positivas).",1916.28
ITEM_0523,1,1,0.9833,2.0,0.0,60.0,0.0,Intermitente,False,"Meses observados o demandas positivas insuficientes para conformar entrenamiento y prueba (umbral operativo: 15 meses observados, 4 demandas positivas).",1914.4
ITEM_0524,1,1,0.9833,6.0,0.0,60.0,0.0,Intermitente,False,"Meses observados o demandas positivas insuficientes para conformar entrenamiento y prueba (umbral operativo: 15 meses observados, 4 demandas positivas).",1908.0
ITEM_0525,1,1,0.9833,24.0,0.0,60.0,0.0,Intermitente,False,"Meses observados o demandas positivas insuficientes para conformar entrenamiento y prueba (umbral operativo: 15 meses observados, 4 demandas positivas).",1908.0
ITEM_0526,2,2,0.9667,15.5,420.5,25.0,1.7503,Lumpy,False,"Meses observados o demandas positivas insuficientes para conformar entrenamiento y prueba (umbral operativo: 15 meses observados, 4 demandas positivas).",5720.41
ITEM_0527,1,1,0.9833,4.0,0.0,60.0,0.0,Intermitente,False,"Meses observados o demandas positivas insuficientes para conformar entrenamiento y prueba (umbral operativo: 15 meses observados, 4 demandas positivas).",1902.75
ITEM_0529,4,4,0.9333,3.75,10.25,10.6667,0.7289,Lumpy,False,"Meses observados o demandas positivas insuficientes para conformar entrenamiento y prueba (umbral operativo: 15 meses observados, 4 demandas positivas).",4216.15
ITEM_0530,1,1,0.9833,50.0,0.0,60.0,0.0,Intermitente,False,"Meses observados o demandas positivas insuficientes para conformar entrenamiento y prueba (umbral operativo: 15 meses observados, 4 demandas positivas).",3771.71
ITEM_0531,2,2,0.9667,9.0,98.0,3.0,1.2099,Lumpy,False,"Meses observados o demandas positivas insuficientes para conformar entrenamiento y prueba (umbral operativo: 15 meses observados, 4 demandas positivas).",2778.53
ITEM_0532,1,1,0.9833,1.0,0.0,60.0,0.0,Intermitente,False,"Meses observados o demandas positivas insuficientes para conformar entrenamiento y prueba (umbral operativo: 15 meses observados, 4 demandas positivas).",1877.95
ITEM_0533,1,1,0.9833,4.0,0.0,60.0,0.0,Intermitente,False,"Meses observados o demandas positivas insuficientes para conformar entrenamiento y prueba (umbral operativo: 15 meses observados, 4 demandas positivas).",1873.22
ITEM_0534,2,2,0.9667,1.5,0.5,10.0,0.2222,Intermitente,False,"Meses observados o demandas positivas insuficientes para conformar entrenamiento y prueba (umbral operativo: 15 meses observados, 4 demandas positivas).",2682.05
ITEM_0535,2,2,0.9667,1.5,0.5,10.0,0.2222,Intermitente,False,"Meses observados o demandas positivas insuficientes para conformar entrenamiento y prueba (umbral operativo: 15 meses observados, 4 demandas positivas).",2682.05
ITEM_0536,2,2,0.9667,1.5,0.5,10.0,0.2222,Intermitente,False,"Meses observados o demandas positivas insuficientes para conformar entrenamiento y prueba (umbral operativo: 15 meses observados, 4 demandas positivas).",2682.05
ITEM_0537,2,2,0.9667,1.5,0.5,10.0,0.2222,Intermitente,False,"Meses observados o demandas positivas insuficientes para conformar entrenamiento y prueba (umbral operativo: 15 meses observados, 4 demandas positivas).",2682.05
ITEM_0539,1,1,0.9833,33.0,0.0,60.0,0.0,Intermitente,False,"Meses observados o demandas positivas insuficientes para conformar entrenamiento y prueba (umbral operativo: 15 meses observados, 4 demandas positivas).",1858.05
ITEM_0540,1,1,0.9833,400.0,0.0,60.0,0.0,Intermitente,False,"Meses observados o demandas positivas insuficientes para conformar entrenamiento y prueba (umbral operativo: 15 meses observados, 4 demandas positivas).",3704.0
ITEM_0541,1,1,0.9833,2.0,0.0,60.0,0.0,Intermitente,False,"Meses observados o demandas positivas insuficientes para conformar entrenamiento y prueba (umbral operativo: 15 meses observados, 4 demandas positivas).",1827.11
ITEM_0542,10,10,0.8333,12.6,373.6,6.8889,2.3532,Lumpy,False,"Meses observados o demandas positivas insuficientes para conformar entrenamiento y prueba (umbral operativo: 15 meses observados, 4 demandas positivas).",5923.38
ITEM_0544,1,1,0.9833,2.0,0.0,60.0,0.0,Intermitente,False,"Meses observados o demandas positivas insuficientes para conformar entrenamiento y prueba (umbral operativo: 15 meses observados, 4 demandas positivas).",3647.12
ITEM_0545,4,4,0.9333,12.5,75.0,8.3333,0.48,Intermitente,False,"Meses observados o demandas positivas insuficientes para conformar entrenamiento y prueba (umbral operativo: 15 meses observados, 4 demandas positivas).",3646.2
ITEM_0546,1,1,0.9833,4.0,0.0,60.0,0.0,Intermitente,False,"Meses observados o demandas positivas insuficientes para conformar entrenamiento y prueba (umbral operativo: 15 meses observados, 4 demandas positivas).",1809.15
ITEM_0548,1,1,0.9833,1.0,0.0,60.0,0.0,Intermitente,False,"Meses observados o demandas positivas insuficientes para conformar entrenamiento y prueba (umbral operativo: 15 meses observados, 4 demandas positivas).",1800.0
ITEM_0549,1,1,0.9833,12.0,0.0,60.0,0.0,Intermitente,False,"Meses observados o demandas positivas insuficientes para conformar entrenamiento y prueba (umbral operativo: 15 meses observados, 4 demandas positivas).",1800.0
ITEM_0550,3,3,0.95,134.6667,12805.3333,9.5,0.7061,Lumpy,False,"Meses observados o demandas positivas insuficientes para conformar entrenamiento y prueba (umbral operativo: 15 meses observados, 4 demandas positivas).",1894.0
ITEM_0552,1,1,0.9833,4.0,0.0,60.0,0.0,Intermitente,False,"Meses observados o demandas positivas insuficientes para conformar entrenamiento y prueba (umbral operativo: 15 meses observados, 4 demandas positivas).",1795.36
ITEM_0553,1,1,0.9833,6.0,0.0,60.0,0.0,Intermitente,False,"Meses observados o demandas positivas insuficientes para conformar entrenamiento y prueba (umbral operativo: 15 meses observados, 4 demandas positivas).",1794.0
ITEM_0554,1,1,0.9833,20.0,0.0,60.0,0.0,Intermitente,False,"Meses observados o demandas positivas insuficientes para conformar entrenamiento y prueba (umbral operativo: 15 meses observados, 4 demandas positivas).",1788.64
ITEM_0555,4,4,0.9333,1.5,0.3333,5.6667,0.1481,Intermitente,False,"Meses observados o demandas positivas insuficientes para conformar entrenamiento y prueba (umbral operativo: 15 meses observados, 4 demandas positivas).",3223.44
ITEM_0556,2,2,0.9667,2.0,0.0,3.0,0.0,Intermitente,False,"Meses observados o demandas positivas insuficientes para conformar entrenamiento y prueba (umbral operativo: 15 meses observados, 4 demandas positivas).",3554.44
ITEM_0557,1,1,0.9833,1.0,0.0,60.0,0.0,Intermitente,False,"Meses observados o demandas positivas insuficientes para conformar entrenamiento y prueba (umbral operativo: 15 meses observados, 4 demandas positivas).",1770.65
ITEM_0558,2,2,0.9667,11.5,84.5,2.0,0.6389,Lumpy,False,"Meses observados o demandas positivas insuficientes para conformar entrenamiento y prueba (umbral operativo: 15 meses observados, 4 demandas positivas).",3092.41
ITEM_0559,1,1,0.9833,3.0,0.0,60.0,0.0,Intermitente,False,"Meses observados o demandas positivas insuficientes para conformar entrenamiento y prueba (umbral operativo: 15 meses observados, 4 demandas positivas).",1752.53
ITEM_0560,1,1,0.9833,8.0,0.0,60.0,0.0,Intermitente,False,"Meses observados o demandas positivas insuficientes para conformar entrenamiento y prueba (umbral operativo: 15 meses observados, 4 demandas positivas).",1752.16
ITEM_0562,1,1,0.9833,2.0,0.0,60.0,0.0,Intermitente,False,"Meses observados o demandas positivas insuficientes para conformar entrenamiento y prueba (umbral operativo: 15 meses observados, 4 demandas positivas).",1745.88
ITEM_0563,1,1,0.9833,6.0,0.0,60.0,0.0,Intermitente,False,"Meses observados o demandas positivas insuficientes para conformar entrenamiento y prueba (umbral operativo: 15 meses observados, 4 demandas positivas).",1741.7
ITEM_0564,2,2,0.9667,6.0,32.0,2.0,0.8889,Lumpy,False,"Meses observados o demandas positivas insuficientes para conformar entrenamiento y prueba (umbral operativo: 15 meses observados, 4 demandas positivas).",3098.9
ITEM_0565,1,1,0.9833,6.0,0.0,60.0,0.0,Intermitente,False,"Meses observados o demandas positivas insuficientes para conformar entrenamiento y prueba (umbral operativo: 15 meses observados, 4 demandas positivas).",1740.0
ITEM_0566,1,1,0.9833,4.0,0.0,60.0,0.0,Intermitente,False,"Meses observados o demandas positivas insuficientes para conformar entrenamiento y prueba (umbral operativo: 15 meses observados, 4 demandas positivas).",1735.54
ITEM_0567,3,3,0.95,2.0,3.0,21.5,0.75,Lumpy,False,"Meses observados o demandas positivas insuficientes para conformar entrenamiento y prueba (umbral operativo: 15 meses observados, 4 demandas positivas).",4469.81
ITEM_0568,1,1,0.9833,2.0,0.0,60.0,0.0,Intermitente,False,"Meses observados o demandas positivas insuficientes para conformar entrenamiento y prueba (umbral operativo: 15 meses observados, 4 demandas positivas).",1731.76
ITEM_0570,2,2,0.9667,3.0,2.0,24.0,0.2222,Intermitente,False,"Meses observados o demandas positivas insuficientes para conformar entrenamiento y prueba (umbral operativo: 15 meses observados, 4 demandas positivas).",2198.0
ITEM_0571,1,1,0.9833,1.0,0.0,60.0,0.0,Intermitente,False,"Meses observados o demandas positivas insuficientes para conformar entrenamiento y prueba (umbral operativo: 15 meses observados, 4 demandas positivas).",1719.04
ITEM_0572,1,1,0.9833,3.0,0.0,60.0,0.0,Intermitente,False,"Meses observados o demandas positivas insuficientes para conformar entrenamiento y prueba (umbral operativo: 15 meses observados, 4 demandas positivas).",1715.28
ITEM_0574,1,1,0.9833,1.0,0.0,60.0,0.0,Intermitente,False,"Meses observados o demandas positivas insuficientes para conformar entrenamiento y prueba (umbral operativo: 15 meses observados, 4 demandas positivas).",1714.28
ITEM_0575,1,1,0.9833,2.0,0.0,60.0,0.0,Intermitente,False,"Meses observados o demandas positivas insuficientes para conformar entrenamiento y prueba (umbral operativo: 15 meses observados, 4 demandas positivas).",1710.52
ITEM_0576,1,1,0.9833,108.0,0.0,60.0,0.0,Intermitente,False,"Meses observados o demandas positivas insuficientes para conformar entrenamiento y prueba (umbral operativo: 15 meses observados, 4 demandas positivas).",3108.37
ITEM_0578,1,1,0.9833,12.0,0.0,60.0,0.0,Intermitente,False,"Meses observados o demandas positivas insuficientes para conformar entrenamiento y prueba (umbral operativo: 15 meses observados, 4 demandas positivas).",3408.71
ITEM_0579,1,1,0.9833,2.0,0.0,60.0,0.0,Intermitente,False,"Meses observados o demandas positivas insuficientes para conformar entrenamiento y prueba (umbral operativo: 15 meses observados, 4 demandas positivas).",2280.0
ITEM_0580,1,1,0.9833,16.0,0.0,60.0,0.0,Intermitente,False,"Meses observados o demandas positivas insuficientes para conformar entrenamiento y prueba (umbral operativo: 15 meses observados, 4 demandas positivas).",1696.73
ITEM_0583,1,1,0.9833,16.0,0.0,60.0,0.0,Intermitente,False,"Meses observados o demandas positivas insuficientes para conformar entrenamiento y prueba (umbral operativo: 15 meses observados, 4 demandas positivas).",1677.76
ITEM_0584,1,1,0.9833,2.0,0.0,60.0,0.0,Intermitente,False,"Meses observados o demandas positivas insuficientes para conformar entrenamiento y prueba (umbral operativo: 15 meses observados, 4 demandas positivas).",1671.99
ITEM_0585,2,2,0.9667,1.5,0.5,37.0,0.2222,Intermitente,False,"Meses observados o demandas positivas insuficientes para conformar entrenamiento y prueba (umbral operativo: 15 meses observados, 4 demandas positivas).",1865.3
ITEM_0586,1,1,0.9833,1.0,0.0,60.0,0.0,Intermitente,False,"Meses observados o demandas positivas insuficientes para conformar entrenamiento y prueba (umbral operativo: 15 meses observados, 4 demandas positivas).",1666.28
ITEM_0587,1,1,0.9833,1.0,0.0,60.0,0.0,Intermitente,False,"Meses observados o demandas positivas insuficientes para conformar entrenamiento y prueba (umbral operativo: 15 meses observados, 4 demandas positivas).",1665.0
ITEM_0588,1,1,0.9833,6.0,0.0,60.0,0.0,Intermitente,False,"Meses observados o demandas positivas insuficientes para conformar entrenamiento y prueba (umbral operativo: 15 meses observados, 4 demandas positivas).",1652.65
ITEM_0589,6,6,0.9,28.0,912.0,2.4,1.1633,Lumpy,False,"Meses observados o demandas positivas insuficientes para conformar entrenamiento y prueba (umbral operativo: 15 meses observados, 4 demandas positivas).",3667.95
ITEM_0590,1,1,0.9833,1.0,0.0,60.0,0.0,Intermitente,False,"Meses observados o demandas positivas insuficientes para conformar entrenamiento y prueba (umbral operativo: 15 meses observados, 4 demandas positivas).",1650.51
ITEM_0591,1,1,0.9833,2.0,0.0,60.0,0.0,Intermitente,False,"Meses observados o demandas positivas insuficientes para conformar entrenamiento y prueba (umbral operativo: 15 meses observados, 4 demandas positivas).",1642.08
ITEM_0593,2,2,0.9667,41.25,378.125,3.0,0.2222,Intermitente,False,"Meses observados o demandas positivas insuficientes para conformar entrenamiento y prueba (umbral operativo: 15 meses observados, 4 demandas positivas).",2447.99
ITEM_0594,1,1,0.9833,40.0,0.0,60.0,0.0,Intermitente,False,"Meses observados o demandas positivas insuficientes para conformar entrenamiento y prueba (umbral operativo: 15 meses observados, 4 demandas positivas).",1631.04
ITEM_0595,7,7,0.8833,3.1429,4.1429,5.6667,0.4194,Intermitente,False,"Meses observados o demandas positivas insuficientes para conformar entrenamiento y prueba (umbral operativo: 15 meses observados, 4 demandas positivas).",5448.24
ITEM_0596,1,1,0.9833,4.0,0.0,60.0,0.0,Intermitente,False,"Meses observados o demandas positivas insuficientes para conformar entrenamiento y prueba (umbral operativo: 15 meses observados, 4 demandas positivas).",1624.79
ITEM_0597,1,1,0.9833,8.0,0.0,60.0,0.0,Intermitente,False,"Meses observados o demandas positivas insuficientes para conformar entrenamiento y prueba (umbral operativo: 15 meses observados, 4 demandas positivas).",3248.98
ITEM_0598,1,1,0.9833,6.0,0.0,60.0,0.0,Intermitente,False,"Meses observados o demandas positivas insuficientes para conformar entrenamiento y prueba (umbral operativo: 15 meses observados, 4 demandas positivas).",1623.54
ITEM_0600,1,1,0.9833,12.0,0.0,60.0,0.0,Intermitente,False,"Meses observados o demandas positivas insuficientes para conformar entrenamiento y prueba (umbral operativo: 15 meses observados, 4 demandas positivas).",1614.83
ITEM_0606,1,1,0.9833,6.0,0.0,60.0,0.0,Intermitente,False,"Meses observados o demandas positivas insuficientes para conformar entrenamiento y prueba (umbral operativo: 15 meses observados, 4 demandas positivas).",1595.28
ITEM_0607,2,2,0.9667,1.0,0.0,7.0,0.0,Intermitente,False,"Meses observados o demandas positivas insuficientes para conformar entrenamiento y prueba (umbral operativo: 15 meses observados, 4 demandas positivas).",2732.59
ITEM_0608,1,1,0.9833,4.0,0.0,60.0,0.0,Intermitente,False,"Meses observados o demandas positivas insuficientes para conformar entrenamiento y prueba (umbral operativo: 15 meses observados, 4 demandas positivas).",1590.56
ITEM_0610,1,1,0.9833,1.0,0.0,60.0,0.0,Intermitente,False,"Meses observados o demandas positivas insuficientes para conformar entrenamiento y prueba (umbral operativo: 15 meses observados, 4 demandas positivas).",1575.32
ITEM_0611,1,1,0.9833,800.0,0.0,60.0,0.0,Intermitente,False,"Meses observados o demandas positivas insuficientes para conformar entrenamiento y prueba (umbral operativo: 15 meses observados, 4 demandas positivas).",3136.0
ITEM_0612,2,2,0.9667,1.5,0.5,3.0,0.2222,Intermitente,False,"Meses observados o demandas positivas insuficientes para conformar entrenamiento y prueba (umbral operativo: 15 meses observados, 4 demandas positivas).",2867.77
ITEM_0613,1,1,0.9833,1.0,0.0,60.0,0.0,Intermitente,False,"Meses observados o demandas positivas insuficientes para conformar entrenamiento y prueba (umbral operativo: 15 meses observados, 4 demandas positivas).",1560.96
ITEM_0614,1,1,0.9833,20.0,0.0,60.0,0.0,Intermitente,False,"Meses observados o demandas positivas insuficientes para conformar entrenamiento y prueba (umbral operativo: 15 meses observados, 4 demandas positivas).",1560.3
ITEM_0615,3,3,0.95,17.3333,57.3333,16.5,0.1908,Intermitente,False,"Meses observados o demandas positivas insuficientes para conformar entrenamiento y prueba (umbral operativo: 15 meses observados, 4 demandas positivas).",2875.0
ITEM_0616,1,1,0.9833,4.0,0.0,60.0,0.0,Intermitente,False,"Meses observados o demandas positivas insuficientes para conformar entrenamiento y prueba (umbral operativo: 15 meses observados, 4 demandas positivas).",1560.0
ITEM_0617,1,1,0.9833,26.0,0.0,60.0,0.0,Intermitente,False,"Meses observados o demandas positivas insuficientes para conformar entrenamiento y prueba (umbral operativo: 15 meses observados, 4 demandas positivas).",1554.89
ITEM_0619,1,1,0.9833,3.0,0.0,60.0,0.0,Intermitente,False,"Meses observados o demandas positivas insuficientes para conformar entrenamiento y prueba (umbral operativo: 15 meses observados, 4 demandas positivas).",1538.48
ITEM_0621,1,1,0.9833,2.0,0.0,60.0,0.0,Intermitente,False,"Meses observados o demandas positivas insuficientes para conformar entrenamiento y prueba (umbral operativo: 15 meses observados, 4 demandas positivas).",1536.33
ITEM_0622,1,1,0.9833,1.0,0.0,60.0,0.0,Intermitente,False,"Meses observados o demandas positivas insuficientes para conformar entrenamiento y prueba (umbral operativo: 15 meses observados, 4 demandas positivas).",1534.8
ITEM_0623,1,1,0.9833,6.0,0.0,60.0,0.0,Intermitente,False,"Meses observados o demandas positivas insuficientes para conformar entrenamiento y prueba (umbral operativo: 15 meses observados, 4 demandas positivas).",1531.52
ITEM_0624,2,2,0.9667,36.5,2520.5,25.0,1.8919,Lumpy,False,"Meses observados o demandas positivas insuficientes para conformar entrenamiento y prueba (umbral operativo: 15 meses observados, 4 demandas positivas).",4618.71
ITEM_0625,1,1,0.9833,4.0,0.0,60.0,0.0,Intermitente,False,"Meses observados o demandas positivas insuficientes para conformar entrenamiento y prueba (umbral operativo: 15 meses observados, 4 demandas positivas).",1530.56
ITEM_0626,1,1,0.9833,56.0,0.0,60.0,0.0,Intermitente,False,"Meses observados o demandas positivas insuficientes para conformar entrenamiento y prueba (umbral operativo: 15 meses observados, 4 demandas positivas).",2660.3
ITEM_0627,1,1,0.9833,42.0,0.0,60.0,0.0,Intermitente,False,"Meses observados o demandas positivas insuficientes para conformar entrenamiento y prueba (umbral operativo: 15 meses observados, 4 demandas positivas).",2137.33
ITEM_0629,1,1,0.9833,2.0,0.0,60.0,0.0,Intermitente,False,"Meses observados o demandas positivas insuficientes para conformar entrenamiento y prueba (umbral operativo: 15 meses observados, 4 demandas positivas).",1523.22
ITEM_0630,2,2,0.9667,10.0,0.0,2.0,0.0,Intermitente,False,"Meses observados o demandas positivas insuficientes para conformar entrenamiento y prueba (umbral operativo: 15 meses observados, 4 demandas positivas).",1595.2
ITEM_0631,1,1,0.9833,1.0,0.0,60.0,0.0,Intermitente,False,"Meses observados o demandas positivas insuficientes para conformar entrenamiento y prueba (umbral operativo: 15 meses observados, 4 demandas positivas).",1513.65
ITEM_0632,1,1,0.9833,4.0,0.0,60.0,0.0,Intermitente,False,"Meses observados o demandas positivas insuficientes para conformar entrenamiento y prueba (umbral operativo: 15 meses observados, 4 demandas positivas).",1510.71
ITEM_0633,1,1,0.9833,1.0,0.0,60.0,0.0,Intermitente,False,"Meses observados o demandas positivas insuficientes para conformar entrenamiento y prueba (umbral operativo: 15 meses observados, 4 demandas positivas).",1510.0
ITEM_0634,1,1,0.9833,4.0,0.0,60.0,0.0,Intermitente,False,"Meses observados o demandas positivas insuficientes para conformar entrenamiento y prueba (umbral operativo: 15 meses observados, 4 demandas positivas).",1509.13
ITEM_0635,1,1,0.9833,100.0,0.0,60.0,0.0,Intermitente,False,"Meses observados o demandas positivas insuficientes para conformar entrenamiento y prueba (umbral operativo: 15 meses observados, 4 demandas positivas).",1502.55
ITEM_0636,1,1,0.9833,2.0,0.0,60.0,0.0,Intermitente,False,"Meses observados o demandas positivas insuficientes para conformar entrenamiento y prueba (umbral operativo: 15 meses observados, 4 demandas positivas).",1501.0
ITEM_0637,1,1,0.9833,1.0,0.0,60.0,0.0,Intermitente,False,"Meses observados o demandas positivas insuficientes para conformar entrenamiento y prueba (umbral operativo: 15 meses observados, 4 demandas positivas).",1500.0
ITEM_0640,1,1,0.9833,1.0,0.0,60.0,0.0,Intermitente,False,"Meses observados o demandas positivas insuficientes para conformar entrenamiento y prueba (umbral operativo: 15 meses observados, 4 demandas positivas).",1500.0
ITEM_0641,1,1,0.9833,6.0,0.0,60.0,0.0,Intermitente,False,"Meses observados o demandas positivas insuficientes para conformar entrenamiento y prueba (umbral operativo: 15 meses observados, 4 demandas positivas).",1500.0
ITEM_0642,1,1,0.9833,2.0,0.0,60.0,0.0,Intermitente,False,"Meses observados o demandas positivas insuficientes para conformar entrenamiento y prueba (umbral operativo: 15 meses observados, 4 demandas positivas).",1493.74
ITEM_0644,1,1,0.9833,1.0,0.0,60.0,0.0,Intermitente,False,"Meses observados o demandas positivas insuficientes para conformar entrenamiento y prueba (umbral operativo: 15 meses observados, 4 demandas positivas).",1493.0
ITEM_0645,19,19,0.6833,11.1842,92.3114,2.8333,0.738,Lumpy,True,,4740.12
ITEM_0646,1,1,0.9833,21.0,0.0,60.0,0.0,Intermitente,False,"Meses observados o demandas positivas insuficientes para conformar entrenamiento y prueba (umbral operativo: 15 meses observados, 4 demandas positivas).",4458.3
ITEM_0648,15,15,0.75,34.4667,1041.2667,5.0714,0.8765,Lumpy,True,,14139.06
ITEM_0649,1,1,0.9833,6.0,0.0,60.0,0.0,Intermitente,False,"Meses observados o demandas positivas insuficientes para conformar entrenamiento y prueba (umbral operativo: 15 meses observados, 4 demandas positivas).",1479.96
ITEM_0650,1,1,0.9833,2.0,0.0,60.0,0.0,Intermitente,False,"Meses observados o demandas positivas insuficientes para conformar entrenamiento y prueba (umbral operativo: 15 meses observados, 4 demandas positivas).",1477.76
ITEM_0651,5,5,0.9167,15.6,64.8,8.0,0.2663,Intermitente,False,"Meses observados o demandas positivas insuficientes para conformar entrenamiento y prueba (umbral operativo: 15 meses observados, 4 demandas positivas).",3527.7
ITEM_0652,1,1,0.9833,2.0,0.0,60.0,0.0,Intermitente,False,"Meses observados o demandas positivas insuficientes para conformar entrenamiento y prueba (umbral operativo: 15 meses observados, 4 demandas positivas).",1476.65
ITEM_0653,2,2,0.9667,59.5,6612.5,39.0,1.8678,Lumpy,False,"Meses observados o demandas positivas insuficientes para conformar entrenamiento y prueba (umbral operativo: 15 meses observados, 4 demandas positivas).",1486.6
ITEM_0654,1,1,0.9833,500.0,0.0,60.0,0.0,Intermitente,False,"Meses observados o demandas positivas insuficientes para conformar entrenamiento y prueba (umbral operativo: 15 meses observados, 4 demandas positivas).",1475.0
ITEM_0656,1,1,0.9833,32.0,0.0,60.0,0.0,Intermitente,False,"Meses observados o demandas positivas insuficientes para conformar entrenamiento y prueba (umbral operativo: 15 meses observados, 4 demandas positivas).",2941.15
ITEM_0657,1,1,0.9833,32.0,0.0,60.0,0.0,Intermitente,False,"Meses observados o demandas positivas insuficientes para conformar entrenamiento y prueba (umbral operativo: 15 meses observados, 4 demandas positivas).",2941.15
ITEM_0659,2,2,0.9667,1.5,0.5,18.0,0.2222,Intermitente,False,"Meses observados o demandas positivas insuficientes para conformar entrenamiento y prueba (umbral operativo: 15 meses observados, 4 demandas positivas).",2143.54
ITEM_0660,2,2,0.9667,7.5,12.5,15.0,0.2222,Intermitente,False,"Meses observados o demandas positivas insuficientes para conformar entrenamiento y prueba (umbral operativo: 15 meses observados, 4 demandas positivas).",2250.0
ITEM_0661,3,3,0.95,3.3333,1.3333,3.0,0.12,Intermitente,False,"Meses observados o demandas positivas insuficientes para conformar entrenamiento y prueba (umbral operativo: 15 meses observados, 4 demandas positivas).",3096.77
ITEM_0662,8,8,0.8667,3.25,10.5,4.8571,0.9941,Lumpy,False,"Meses observados o demandas positivas insuficientes para conformar entrenamiento y prueba (umbral operativo: 15 meses observados, 4 demandas positivas).",3377.18
ITEM_0663,1,1,0.9833,3.0,0.0,60.0,0.0,Intermitente,False,"Meses observados o demandas positivas insuficientes para conformar entrenamiento y prueba (umbral operativo: 15 meses observados, 4 demandas positivas).",1446.49
ITEM_0665,3,3,0.95,17.3333,705.3333,7.0,2.3476,Lumpy,False,"Meses observados o demandas positivas insuficientes para conformar entrenamiento y prueba (umbral operativo: 15 meses observados, 4 demandas positivas).",1867.18
ITEM_0667,2,2,0.9667,13.0,242.0,7.0,1.432,Lumpy,False,"Meses observados o demandas positivas insuficientes para conformar entrenamiento y prueba (umbral operativo: 15 meses observados, 4 demandas positivas).",1491.92
ITEM_0668,9,9,0.85,13.3333,413.0,7.625,2.3231,Lumpy,False,"Meses observados o demandas positivas insuficientes para conformar entrenamiento y prueba (umbral operativo: 15 meses observados, 4 demandas positivas).",4797.28
ITEM_0669,1,1,0.9833,2.0,0.0,60.0,0.0,Intermitente,False,"Meses observados o demandas positivas insuficientes para conformar entrenamiento y prueba (umbral operativo: 15 meses observados, 4 demandas positivas).",1430.56
ITEM_0670,2,2,0.9667,22.0,648.0,16.0,1.3388,Lumpy,False,"Meses observados o demandas positivas insuficientes para conformar entrenamiento y prueba (umbral operativo: 15 meses observados, 4 demandas positivas).",1498.0
ITEM_0671,1,1,0.9833,20.0,0.0,60.0,0.0,Intermitente,False,"Meses observados o demandas positivas insuficientes para conformar entrenamiento y prueba (umbral operativo: 15 meses observados, 4 demandas positivas).",1425.77
ITEM_0672,1,1,0.9833,1.0,0.0,60.0,0.0,Intermitente,False,"Meses observados o demandas positivas insuficientes para conformar entrenamiento y prueba (umbral operativo: 15 meses observados, 4 demandas positivas).",1416.67
ITEM_0673,1,1,0.9833,3.0,0.0,60.0,0.0,Intermitente,False,"Meses observados o demandas positivas insuficientes para conformar entrenamiento y prueba (umbral operativo: 15 meses observados, 4 demandas positivas).",1414.88
ITEM_0674,1,1,0.9833,1.0,0.0,60.0,0.0,Intermitente,False,"Meses observados o demandas positivas insuficientes para conformar entrenamiento y prueba (umbral operativo: 15 meses observados, 4 demandas positivas).",1414.51
ITEM_0675,1,1,0.9833,1.0,0.0,60.0,0.0,Intermitente,False,"Meses observados o demandas positivas insuficientes para conformar entrenamiento y prueba (umbral operativo: 15 meses observados, 4 demandas positivas).",1414.51
ITEM_0676,1,1,0.9833,2.0,0.0,60.0,0.0,Intermitente,False,"Meses observados o demandas positivas insuficientes para conformar entrenamiento y prueba (umbral operativo: 15 meses observados, 4 demandas positivas).",1404.24
ITEM_0678,1,1,0.9833,1.0,0.0,60.0,0.0,Intermitente,False,"Meses observados o demandas positivas insuficientes para conformar entrenamiento y prueba (umbral operativo: 15 meses observados, 4 demandas positivas).",1400.0
ITEM_0679,15,15,0.75,3.3333,8.8095,5.0,0.7929,Lumpy,True,,2309.2
ITEM_0680,1,1,0.9833,8.0,0.0,60.0,0.0,Intermitente,False,"Meses observados o demandas positivas insuficientes para conformar entrenamiento y prueba (umbral operativo: 15 meses observados, 4 demandas positivas).",1398.77
ITEM_0681,1,1,0.9833,6.0,0.0,60.0,0.0,Intermitente,False,"Meses observados o demandas positivas insuficientes para conformar entrenamiento y prueba (umbral operativo: 15 meses observados, 4 demandas positivas).",1390.56
ITEM_0682,2,2,0.9667,129.5,17860.5,25.0,1.065,Lumpy,False,"Meses observados o demandas positivas insuficientes para conformar entrenamiento y prueba (umbral operativo: 15 meses observados, 4 demandas positivas).",1596.63
ITEM_0683,1,1,0.9833,2.0,0.0,60.0,0.0,Intermitente,False,"Meses observados o demandas positivas insuficientes para conformar entrenamiento y prueba (umbral operativo: 15 meses observados, 4 demandas positivas).",2554.66
ITEM_0684,2,2,0.9667,1.0,0.0,4.0,0.0,Intermitente,False,"Meses observados o demandas positivas insuficientes para conformar entrenamiento y prueba (umbral operativo: 15 meses observados, 4 demandas positivas).",2716.12
ITEM_0685,1,1,0.9833,9.0,0.0,60.0,0.0,Intermitente,False,"Meses observados o demandas positivas insuficientes para conformar entrenamiento y prueba (umbral operativo: 15 meses observados, 4 demandas positivas).",2458.12
ITEM_0686,1,1,0.9833,112.0,0.0,60.0,0.0,Intermitente,False,"Meses observados o demandas positivas insuficientes para conformar entrenamiento y prueba (umbral operativo: 15 meses observados, 4 demandas positivas).",2370.09
ITEM_0687,12,12,0.8,17.3333,443.8788,6.0909,1.4774,Lumpy,False,"Meses observados o demandas positivas insuficientes para conformar entrenamiento y prueba (umbral operativo: 15 meses observados, 4 demandas positivas).",12174.15
ITEM_0688,6,6,0.9,12.8333,14.1667,10.8,0.086,Intermitente,False,"Meses observados o demandas positivas insuficientes para conformar entrenamiento y prueba (umbral operativo: 15 meses observados, 4 demandas positivas).",4900.09
ITEM_0689,1,1,0.9833,12.0,0.0,60.0,0.0,Intermitente,False,"Meses observados o demandas positivas insuficientes para conformar entrenamiento y prueba (umbral operativo: 15 meses observados, 4 demandas positivas).",1355.28
ITEM_0690,1,1,0.9833,3.0,0.0,60.0,0.0,Intermitente,False,"Meses observados o demandas positivas insuficientes para conformar entrenamiento y prueba (umbral operativo: 15 meses observados, 4 demandas positivas).",1352.7
ITEM_0691,1,1,0.9833,2.0,0.0,60.0,0.0,Intermitente,False,"Meses observados o demandas positivas insuficientes para conformar entrenamiento y prueba (umbral operativo: 15 meses observados, 4 demandas positivas).",1350.45
ITEM_0692,1,1,0.9833,3.0,0.0,60.0,0.0,Intermitente,False,"Meses observados o demandas positivas insuficientes para conformar entrenamiento y prueba (umbral operativo: 15 meses observados, 4 demandas positivas).",1350.0
ITEM_0693,1,1,0.9833,1.0,0.0,60.0,0.0,Intermitente,False,"Meses observados o demandas positivas insuficientes para conformar entrenamiento y prueba (umbral operativo: 15 meses observados, 4 demandas positivas).",1350.0
ITEM_0694,1,1,0.9833,4.0,0.0,60.0,0.0,Intermitente,False,"Meses observados o demandas positivas insuficientes para conformar entrenamiento y prueba (umbral operativo: 15 meses observados, 4 demandas positivas).",1342.15
ITEM_0695,1,1,0.9833,6.0,0.0,60.0,0.0,Intermitente,False,"Meses observados o demandas positivas insuficientes para conformar entrenamiento y prueba (umbral operativo: 15 meses observados, 4 demandas positivas).",1341.17
ITEM_0697,4,4,0.9333,4.25,27.5833,10.3333,1.5271,Lumpy,False,"Meses observados o demandas positivas insuficientes para conformar entrenamiento y prueba (umbral operativo: 15 meses observados, 4 demandas positivas).",1402.33
ITEM_0700,4,4,0.9333,1.25,0.25,7.0,0.16,Intermitente,False,"Meses observados o demandas positivas insuficientes para conformar entrenamiento y prueba (umbral operativo: 15 meses observados, 4 demandas positivas).",3755.48
ITEM_0701,1,1,0.9833,12.0,0.0,60.0,0.0,Intermitente,False,"Meses observados o demandas positivas insuficientes para conformar entrenamiento y prueba (umbral operativo: 15 meses observados, 4 demandas positivas).",1333.44
ITEM_0703,10,10,0.8333,16.8,108.6222,6.8889,0.3849,Intermitente,False,"Meses observados o demandas positivas insuficientes para conformar entrenamiento y prueba (umbral operativo: 15 meses observados, 4 demandas positivas).",6802.91
ITEM_0705,2,2,0.9667,71.0,4802.0,16.0,0.9526,Lumpy,False,"Meses observados o demandas positivas insuficientes para conformar entrenamiento y prueba (umbral operativo: 15 meses observados, 4 demandas positivas).",1830.0
ITEM_0707,8,8,0.8667,20.625,1460.2679,8.4286,3.4328,Lumpy,False,"Meses observados o demandas positivas insuficientes para conformar entrenamiento y prueba (umbral operativo: 15 meses observados, 4 demandas positivas).",2057.19
ITEM_0708,1,1,0.9833,2.0,0.0,60.0,0.0,Intermitente,False,"Meses observados o demandas positivas insuficientes para conformar entrenamiento y prueba (umbral operativo: 15 meses observados, 4 demandas positivas).",1316.7
ITEM_0709,3,3,0.95,23.6667,50.3333,11.5,0.0899,Intermitente,False,"Meses observados o demandas positivas insuficientes para conformar entrenamiento y prueba (umbral operativo: 15 meses observados, 4 demandas positivas).",3129.2
ITEM_0710,2,2,0.9667,6.0,32.0,22.0,0.8889,Lumpy,False,"Meses observados o demandas positivas insuficientes para conformar entrenamiento y prueba (umbral operativo: 15 meses observados, 4 demandas positivas).",1357.39
ITEM_0711,5,5,0.9167,135.6,14920.8,2.5,0.8115,Lumpy,False,"Meses observados o demandas positivas insuficientes para conformar entrenamiento y prueba (umbral operativo: 15 meses observados, 4 demandas positivas).",2095.22
ITEM_0712,1,1,0.9833,6.0,0.0,60.0,0.0,Intermitente,False,"Meses observados o demandas positivas insuficientes para conformar entrenamiento y prueba (umbral operativo: 15 meses observados, 4 demandas positivas).",1308.96
ITEM_0713,1,1,0.9833,50.0,0.0,60.0,0.0,Intermitente,False,"Meses observados o demandas positivas insuficientes para conformar entrenamiento y prueba (umbral operativo: 15 meses observados, 4 demandas positivas).",1308.22
ITEM_0714,1,1,0.9833,8.0,0.0,60.0,0.0,Intermitente,False,"Meses observados o demandas positivas insuficientes para conformar entrenamiento y prueba (umbral operativo: 15 meses observados, 4 demandas positivas).",1305.44
ITEM_0716,1,1,0.9833,2.0,0.0,60.0,0.0,Intermitente,False,"Meses observados o demandas positivas insuficientes para conformar entrenamiento y prueba (umbral operativo: 15 meses observados, 4 demandas positivas).",1303.25
ITEM_0717,1,1,0.9833,1.0,0.0,60.0,0.0,Intermitente,False,"Meses observados o demandas positivas insuficientes para conformar entrenamiento y prueba (umbral operativo: 15 meses observados, 4 demandas positivas).",1303.12
ITEM_0718,2,2,0.9667,6.0,32.0,4.0,0.8889,Lumpy,False,"Meses observados o demandas positivas insuficientes para conformar entrenamiento y prueba (umbral operativo: 15 meses observados, 4 demandas positivas).",1590.0
ITEM_0719,2,2,0.9667,2.0,0.0,7.0,0.0,Intermitente,False,"Meses observados o demandas positivas insuficientes para conformar entrenamiento y prueba (umbral operativo: 15 meses observados, 4 demandas positivas).",1305.6
ITEM_0720,6,6,0.9,3.5,3.1,6.6,0.2531,Intermitente,False,"Meses observados o demandas positivas insuficientes para conformar entrenamiento y prueba (umbral operativo: 15 meses observados, 4 demandas positivas).",4871.99
ITEM_0721,9,9,0.85,20.0,131.25,2.125,0.3281,Intermitente,False,"Meses observados o demandas positivas insuficientes para conformar entrenamiento y prueba (umbral operativo: 15 meses observados, 4 demandas positivas).",5338.68
ITEM_0722,1,1,0.9833,1.0,0.0,60.0,0.0,Intermitente,False,"Meses observados o demandas positivas insuficientes para conformar entrenamiento y prueba (umbral operativo: 15 meses observados, 4 demandas positivas).",1291.19
ITEM_0724,1,1,0.9833,220.0,0.0,60.0,0.0,Intermitente,False,"Meses observados o demandas positivas insuficientes para conformar entrenamiento y prueba (umbral operativo: 15 meses observados, 4 demandas positivas).",2534.95
ITEM_0725,2,2,0.9667,1.0,0.0,28.0,0.0,Intermitente,False,"Meses observados o demandas positivas insuficientes para conformar entrenamiento y prueba (umbral operativo: 15 meses observados, 4 demandas positivas).",2559.97
ITEM_0726,1,1,0.9833,1.0,0.0,60.0,0.0,Intermitente,False,"Meses observados o demandas positivas insuficientes para conformar entrenamiento y prueba (umbral operativo: 15 meses observados, 4 demandas positivas).",1281.21
ITEM_0727,2,2,0.9667,1.0,0.0,6.0,0.0,Intermitente,False,"Meses observados o demandas positivas insuficientes para conformar entrenamiento y prueba (umbral operativo: 15 meses observados, 4 demandas positivas).",2560.0
ITEM_0728,1,1,0.9833,4.0,0.0,60.0,0.0,Intermitente,False,"Meses observados o demandas positivas insuficientes para conformar entrenamiento y prueba (umbral operativo: 15 meses observados, 4 demandas positivas).",2230.95
ITEM_0729,3,3,0.95,1.3333,0.3333,10.0,0.1875,Intermitente,False,"Meses observados o demandas positivas insuficientes para conformar entrenamiento y prueba (umbral operativo: 15 meses observados, 4 demandas positivas).",4125.93
ITEM_0730,1,1,0.9833,8.0,0.0,60.0,0.0,Intermitente,False,"Meses observados o demandas positivas insuficientes para conformar entrenamiento y prueba (umbral operativo: 15 meses observados, 4 demandas positivas).",2280.32
ITEM_0731,1,1,0.9833,1.0,0.0,60.0,0.0,Intermitente,False,"Meses observados o demandas positivas insuficientes para conformar entrenamiento y prueba (umbral operativo: 15 meses observados, 4 demandas positivas).",1270.0
ITEM_0732,1,1,0.9833,4.0,0.0,60.0,0.0,Intermitente,False,"Meses observados o demandas positivas insuficientes para conformar entrenamiento y prueba (umbral operativo: 15 meses observados, 4 demandas positivas).",1263.62
ITEM_0733,4,4,0.9333,34.25,508.25,17.0,0.4333,Intermitente,False,"Meses observados o demandas positivas insuficientes para conformar entrenamiento y prueba (umbral operativo: 15 meses observados, 4 demandas positivas).",2825.93
ITEM_0735,1,1,0.9833,20.0,0.0,60.0,0.0,Intermitente,False,"Meses observados o demandas positivas insuficientes para conformar entrenamiento y prueba (umbral operativo: 15 meses observados, 4 demandas positivas).",1259.28
ITEM_0737,1,1,0.9833,1.0,0.0,60.0,0.0,Intermitente,False,"Meses observados o demandas positivas insuficientes para conformar entrenamiento y prueba (umbral operativo: 15 meses observados, 4 demandas positivas).",1255.0
ITEM_0739,1,1,0.9833,2.0,0.0,60.0,0.0,Intermitente,False,"Meses observados o demandas positivas insuficientes para conformar entrenamiento y prueba (umbral operativo: 15 meses observados, 4 demandas positivas).",1251.6
ITEM_0740,4,4,0.9333,8.75,56.25,7.3333,0.7347,Lumpy,False,"Meses observados o demandas positivas insuficientes para conformar entrenamiento y prueba (umbral operativo: 15 meses observados, 4 demandas positivas).",1544.48
ITEM_0741,1,1,0.9833,1.0,0.0,60.0,0.0,Intermitente,False,"Meses observados o demandas positivas insuficientes para conformar entrenamiento y prueba (umbral operativo: 15 meses observados, 4 demandas positivas).",1247.25
ITEM_0742,1,1,0.9833,1.0,0.0,60.0,0.0,Intermitente,False,"Meses observados o demandas positivas insuficientes para conformar entrenamiento y prueba (umbral operativo: 15 meses observados, 4 demandas positivas).",1244.0
ITEM_0743,1,1,0.9833,8.0,0.0,60.0,0.0,Intermitente,False,"Meses observados o demandas positivas insuficientes para conformar entrenamiento y prueba (umbral operativo: 15 meses observados, 4 demandas positivas).",1241.2
ITEM_0744,1,1,0.9833,6.0,0.0,60.0,0.0,Intermitente,False,"Meses observados o demandas positivas insuficientes para conformar entrenamiento y prueba (umbral operativo: 15 meses observados, 4 demandas positivas).",1239.18
ITEM_0745,1,1,0.9833,100.0,0.0,60.0,0.0,Intermitente,False,"Meses observados o demandas positivas insuficientes para conformar entrenamiento y prueba (umbral operativo: 15 meses observados, 4 demandas positivas).",1237.5
ITEM_0746,1,1,0.9833,6.0,0.0,60.0,0.0,Intermitente,False,"Meses observados o demandas positivas insuficientes para conformar entrenamiento y prueba (umbral operativo: 15 meses observados, 4 demandas positivas).",1237.17
ITEM_0749,44,44,0.2667,42.3182,1917.1522,2.3721,1.0705,Lumpy,True,,5823.72
ITEM_0750,11,11,0.8167,17.8182,81.9636,3.7,0.2582,Intermitente,False,"Meses observados o demandas positivas insuficientes para conformar entrenamiento y prueba (umbral operativo: 15 meses observados, 4 demandas positivas).",17824.27
ITEM_0751,2,2,0.9667,11.5,144.5,16.0,1.0926,Lumpy,False,"Meses observados o demandas positivas insuficientes para conformar entrenamiento y prueba (umbral operativo: 15 meses observados, 4 demandas positivas).",1252.98
ITEM_0752,2,2,0.9667,80.0,800.0,15.0,0.125,Intermitente,False,"Meses observados o demandas positivas insuficientes para conformar entrenamiento y prueba (umbral operativo: 15 meses observados, 4 demandas positivas).",1657.0
ITEM_0754,1,1,0.9833,4.0,0.0,60.0,0.0,Intermitente,False,"Meses observados o demandas positivas insuficientes para conformar entrenamiento y prueba (umbral operativo: 15 meses observados, 4 demandas positivas).",1209.84
ITEM_0755,1,1,0.9833,6.0,0.0,60.0,0.0,Intermitente,False,"Meses observados o demandas positivas insuficientes para conformar entrenamiento y prueba (umbral operativo: 15 meses observados, 4 demandas positivas).",1209.6
ITEM_0756,1,1,0.9833,12.0,0.0,60.0,0.0,Intermitente,False,"Meses observados o demandas positivas insuficientes para conformar entrenamiento y prueba (umbral operativo: 15 meses observados, 4 demandas positivas).",1209.57
ITEM_0757,1,1,0.9833,4.0,0.0,60.0,0.0,Intermitente,False,"Meses observados o demandas positivas insuficientes para conformar entrenamiento y prueba (umbral operativo: 15 meses observados, 4 demandas positivas).",1208.38
ITEM_0759,4,4,0.9333,131.25,32272.9167,8.3333,1.8734,Lumpy,False,"Meses observados o demandas positivas insuficientes para conformar entrenamiento y prueba (umbral operativo: 15 meses observados, 4 demandas positivas).",2645.27
ITEM_0760,1,1,0.9833,1.0,0.0,60.0,0.0,Intermitente,False,"Meses observados o demandas positivas insuficientes para conformar entrenamiento y prueba (umbral operativo: 15 meses observados, 4 demandas positivas).",1206.67
ITEM_0761,3,3,0.95,1.0,0.0,3.0,0.0,Intermitente,False,"Meses observados o demandas positivas insuficientes para conformar entrenamiento y prueba (umbral operativo: 15 meses observados, 4 demandas positivas).",3405.54
ITEM_0763,1,1,0.9833,4.0,0.0,60.0,0.0,Intermitente,False,"Meses observados o demandas positivas insuficientes para conformar entrenamiento y prueba (umbral operativo: 15 meses observados, 4 demandas positivas).",1203.6
ITEM_0764,3,3,0.95,8.0,37.0,5.0,0.5781,Lumpy,False,"Meses observados o demandas positivas insuficientes para conformar entrenamiento y prueba (umbral operativo: 15 meses observados, 4 demandas positivas).",2307.96
ITEM_0765,1,1,0.9833,3.0,0.0,60.0,0.0,Intermitente,False,"Meses observados o demandas positivas insuficientes para conformar entrenamiento y prueba (umbral operativo: 15 meses observados, 4 demandas positivas).",1201.67
ITEM_0766,13,13,0.7833,24.9231,901.0769,5.8333,1.4506,Lumpy,False,"Meses observados o demandas positivas insuficientes para conformar entrenamiento y prueba (umbral operativo: 15 meses observados, 4 demandas positivas).",5557.9
ITEM_0768,3,3,0.95,10.6667,5.3333,16.5,0.0469,Intermitente,False,"Meses observados o demandas positivas insuficientes para conformar entrenamiento y prueba (umbral operativo: 15 meses observados, 4 demandas positivas).",3020.0
ITEM_0769,1,1,0.9833,6.0,0.0,60.0,0.0,Intermitente,False,"Meses observados o demandas positivas insuficientes para conformar entrenamiento y prueba (umbral operativo: 15 meses observados, 4 demandas positivas).",1200.0
ITEM_0772,5,5,0.9167,2.2,0.7,2.75,0.1446,Intermitente,False,"Meses observados o demandas positivas insuficientes para conformar entrenamiento y prueba (umbral operativo: 15 meses observados, 4 demandas positivas).",4945.77
ITEM_0773,4,4,0.9333,2.75,2.25,7.6667,0.2975,Intermitente,False,"Meses observados o demandas positivas insuficientes para conformar entrenamiento y prueba (umbral operativo: 15 meses observados, 4 demandas positivas).",1544.56
ITEM_0774,1,1,0.9833,1.0,0.0,60.0,0.0,Intermitente,False,"Meses observados o demandas positivas insuficientes para conformar entrenamiento y prueba (umbral operativo: 15 meses observados, 4 demandas positivas).",1194.86
ITEM_0775,1,1,0.9833,6.0,0.0,60.0,0.0,Intermitente,False,"Meses observados o demandas positivas insuficientes para conformar entrenamiento y prueba (umbral operativo: 15 meses observados, 4 demandas positivas).",1192.92
ITEM_0776,7,7,0.8833,14.2857,364.5714,5.6667,1.7864,Lumpy,False,"Meses observados o demandas positivas insuficientes para conformar entrenamiento y prueba (umbral operativo: 15 meses observados, 4 demandas positivas).",2033.06
ITEM_0777,3,3,0.95,12.0,0.0,3.0,0.0,Intermitente,False,"Meses observados o demandas positivas insuficientes para conformar entrenamiento y prueba (umbral operativo: 15 meses observados, 4 demandas positivas).",3232.91
ITEM_0778,4,4,0.9333,1.25,0.25,3.0,0.16,Intermitente,False,"Meses observados o demandas positivas insuficientes para conformar entrenamiento y prueba (umbral operativo: 15 meses observados, 4 demandas positivas).",2950.0
ITEM_0779,1,1,0.9833,2.0,0.0,60.0,0.0,Intermitente,False,"Meses observados o demandas positivas insuficientes para conformar entrenamiento y prueba (umbral operativo: 15 meses observados, 4 demandas positivas).",1178.44
ITEM_0781,3,3,0.95,1.3333,0.3333,6.5,0.1875,Intermitente,False,"Meses observados o demandas positivas insuficientes para conformar entrenamiento y prueba (umbral operativo: 15 meses observados, 4 demandas positivas).",2237.22
ITEM_0782,3,3,0.95,1.0,0.0,3.0,0.0,Intermitente,False,"Meses observados o demandas positivas insuficientes para conformar entrenamiento y prueba (umbral operativo: 15 meses observados, 4 demandas positivas).",3412.12
ITEM_0783,1,1,0.9833,1.0,0.0,60.0,0.0,Intermitente,False,"Meses observados o demandas positivas insuficientes para conformar entrenamiento y prueba (umbral operativo: 15 meses observados, 4 demandas positivas).",1174.81
ITEM_0784,2,2,0.9667,7.5,12.5,27.0,0.2222,Intermitente,False,"Meses observados o demandas positivas insuficientes para conformar entrenamiento y prueba (umbral operativo: 15 meses observados, 4 demandas positivas).",1912.33
ITEM_0785,1,1,0.9833,10.0,0.0,60.0,0.0,Intermitente,False,"Meses observados o demandas positivas insuficientes para conformar entrenamiento y prueba (umbral operativo: 15 meses observados, 4 demandas positivas).",1172.8
ITEM_0786,1,1,0.9833,3.0,0.0,60.0,0.0,Intermitente,False,"Meses observados o demandas positivas insuficientes para conformar entrenamiento y prueba (umbral operativo: 15 meses observados, 4 demandas positivas).",1172.56
ITEM_0787,1,1,0.9833,15.0,0.0,60.0,0.0,Intermitente,False,"Meses observados o demandas positivas insuficientes para conformar entrenamiento y prueba (umbral operativo: 15 meses observados, 4 demandas positivas).",1170.0
ITEM_0788,1,1,0.9833,1.0,0.0,60.0,0.0,Intermitente,False,"Meses observados o demandas positivas insuficientes para conformar entrenamiento y prueba (umbral operativo: 15 meses observados, 4 demandas positivas).",1169.38
ITEM_0789,1,1,0.9833,2.0,0.0,60.0,0.0,Intermitente,False,"Meses observados o demandas positivas insuficientes para conformar entrenamiento y prueba (umbral operativo: 15 meses observados, 4 demandas positivas).",2329.88
ITEM_0791,2,2,0.9667,15.0,162.0,17.0,0.72,Lumpy,False,"Meses observados o demandas positivas insuficientes para conformar entrenamiento y prueba (umbral operativo: 15 meses observados, 4 demandas positivas).",1574.07
ITEM_0792,1,1,0.9833,2.0,0.0,60.0,0.0,Intermitente,False,"Meses observados o demandas positivas insuficientes para conformar entrenamiento y prueba (umbral operativo: 15 meses observados, 4 demandas positivas).",1158.54
ITEM_0794,1,1,0.9833,24.0,0.0,60.0,0.0,Intermitente,False,"Meses observados o demandas positivas insuficientes para conformar entrenamiento y prueba (umbral operativo: 15 meses observados, 4 demandas positivas).",1156.37
ITEM_0795,4,4,0.9333,4.25,14.25,18.3333,0.7889,Lumpy,False,"Meses observados o demandas positivas insuficientes para conformar entrenamiento y prueba (umbral operativo: 15 meses observados, 4 demandas positivas).",2415.94
ITEM_0796,1,1,0.9833,50.0,0.0,60.0,0.0,Intermitente,False,"Meses observados o demandas positivas insuficientes para conformar entrenamiento y prueba (umbral operativo: 15 meses observados, 4 demandas positivas).",2303.15
ITEM_0798,1,1,0.9833,4.0,0.0,60.0,0.0,Intermitente,False,"Meses observados o demandas positivas insuficientes para conformar entrenamiento y prueba (umbral operativo: 15 meses observados, 4 demandas positivas).",1147.34
ITEM_0799,1,1,0.9833,1.0,0.0,60.0,0.0,Intermitente,False,"Meses observados o demandas positivas insuficientes para conformar entrenamiento y prueba (umbral operativo: 15 meses observados, 4 demandas positivas).",1146.0
ITEM_0800,1,1,0.9833,4.0,0.0,60.0,0.0,Intermitente,False,"Meses observados o demandas positivas insuficientes para conformar entrenamiento y prueba (umbral operativo: 15 meses observados, 4 demandas positivas).",2290.62
ITEM_0801,1,1,0.9833,4.0,0.0,60.0,0.0,Intermitente,False,"Meses observados o demandas positivas insuficientes para conformar entrenamiento y prueba (umbral operativo: 15 meses observados, 4 demandas positivas).",1144.47
ITEM_0802,1,1,0.9833,400.0,0.0,60.0,0.0,Intermitente,False,"Meses observados o demandas positivas insuficientes para conformar entrenamiento y prueba (umbral operativo: 15 meses observados, 4 demandas positivas).",2288.0
ITEM_0803,4,4,0.9333,9.25,30.25,7.6667,0.3535,Intermitente,False,"Meses observados o demandas positivas insuficientes para conformar entrenamiento y prueba (umbral operativo: 15 meses observados, 4 demandas positivas).",3102.95
ITEM_0804,1,1,0.9833,12.0,0.0,60.0,0.0,Intermitente,False,"Meses observados o demandas positivas insuficientes para conformar entrenamiento y prueba (umbral operativo: 15 meses observados, 4 demandas positivas).",1143.48
ITEM_0805,1,1,0.9833,12.0,0.0,60.0,0.0,Intermitente,False,"Meses observados o demandas positivas insuficientes para conformar entrenamiento y prueba (umbral operativo: 15 meses observados, 4 demandas positivas).",1143.48
ITEM_0806,3,3,0.95,2.6667,2.3333,11.0,0.3281,Intermitente,False,"Meses observados o demandas positivas insuficientes para conformar entrenamiento y prueba (umbral operativo: 15 meses observados, 4 demandas positivas).",1282.59
ITEM_0807,1,1,0.9833,12.0,0.0,60.0,0.0,Intermitente,False,"Meses observados o demandas positivas insuficientes para conformar entrenamiento y prueba (umbral operativo: 15 meses observados, 4 demandas positivas).",1140.36
ITEM_0809,1,1,0.9833,5.0,0.0,60.0,0.0,Intermitente,False,"Meses observados o demandas positivas insuficientes para conformar entrenamiento y prueba (umbral operativo: 15 meses observados, 4 demandas positivas).",1488.02
ITEM_0811,1,1,0.9833,5.0,0.0,60.0,0.0,Intermitente,False,"Meses observados o demandas positivas insuficientes para conformar entrenamiento y prueba (umbral operativo: 15 meses observados, 4 demandas positivas).",1127.2
ITEM_0812,1,1,0.9833,1.0,0.0,60.0,0.0,Intermitente,False,"Meses observados o demandas positivas insuficientes para conformar entrenamiento y prueba (umbral operativo: 15 meses observados, 4 demandas positivas).",1125.45
ITEM_0813,1,1,0.9833,1.0,0.0,60.0,0.0,Intermitente,False,"Meses observados o demandas positivas insuficientes para conformar entrenamiento y prueba (umbral operativo: 15 meses observados, 4 demandas positivas).",1120.0
ITEM_0814,1,1,0.9833,10.0,0.0,60.0,0.0,Intermitente,False,"Meses observados o demandas positivas insuficientes para conformar entrenamiento y prueba (umbral operativo: 15 meses observados, 4 demandas positivas).",1124.4
ITEM_0815,2,2,0.9667,450.0,245000.0,42.0,1.2099,Lumpy,False,"Meses observados o demandas positivas insuficientes para conformar entrenamiento y prueba (umbral operativo: 15 meses observados, 4 demandas positivas).",2516.11
ITEM_0816,2,2,0.9667,2.0,2.0,19.0,0.5,Lumpy,False,"Meses observados o demandas positivas insuficientes para conformar entrenamiento y prueba (umbral operativo: 15 meses observados, 4 demandas positivas).",2433.66
ITEM_0819,1,1,0.9833,2.0,0.0,60.0,0.0,Intermitente,False,"Meses observados o demandas positivas insuficientes para conformar entrenamiento y prueba (umbral operativo: 15 meses observados, 4 demandas positivas).",1110.0
ITEM_0820,1,1,0.9833,3.0,0.0,60.0,0.0,Intermitente,False,"Meses observados o demandas positivas insuficientes para conformar entrenamiento y prueba (umbral operativo: 15 meses observados, 4 demandas positivas).",1109.5
ITEM_0821,1,1,0.9833,16.0,0.0,60.0,0.0,Intermitente,False,"Meses observados o demandas positivas insuficientes para conformar entrenamiento y prueba (umbral operativo: 15 meses observados, 4 demandas positivas).",1109.01
ITEM_0822,6,6,0.9,4.6667,12.2667,7.0,0.5633,Lumpy,False,"Meses observados o demandas positivas insuficientes para conformar entrenamiento y prueba (umbral operativo: 15 meses observados, 4 demandas positivas).",4320.86
ITEM_0823,1,1,0.9833,2.0,0.0,60.0,0.0,Intermitente,False,"Meses observados o demandas positivas insuficientes para conformar entrenamiento y prueba (umbral operativo: 15 meses observados, 4 demandas positivas).",1102.28
ITEM_0824,1,1,0.9833,4.0,0.0,60.0,0.0,Intermitente,False,"Meses observados o demandas positivas insuficientes para conformar entrenamiento y prueba (umbral operativo: 15 meses observados, 4 demandas positivas).",1101.2
ITEM_0825,1,1,0.9833,2.0,0.0,60.0,0.0,Intermitente,False,"Meses observados o demandas positivas insuficientes para conformar entrenamiento y prueba (umbral operativo: 15 meses observados, 4 demandas positivas).",2200.63
ITEM_0826,4,4,0.9333,13.0,36.0,11.6667,0.213,Intermitente,False,"Meses observados o demandas positivas insuficientes para conformar entrenamiento y prueba (umbral operativo: 15 meses observados, 4 demandas positivas).",2360.0
ITEM_0827,3,3,0.95,1.0,0.0,2.5,0.0,Intermitente,False,"Meses observados o demandas positivas insuficientes para conformar entrenamiento y prueba (umbral operativo: 15 meses observados, 4 demandas positivas).",2095.0
ITEM_0828,1,1,0.9833,2.0,0.0,60.0,0.0,Intermitente,False,"Meses observados o demandas positivas insuficientes para conformar entrenamiento y prueba (umbral operativo: 15 meses observados, 4 demandas positivas).",1100.0
ITEM_0829,1,1,0.9833,4.0,0.0,60.0,0.0,Intermitente,False,"Meses observados o demandas positivas insuficientes para conformar entrenamiento y prueba (umbral operativo: 15 meses observados, 4 demandas positivas).",1099.07
ITEM_0831,2,2,0.9667,6.0,32.0,25.0,0.8889,Lumpy,False,"Meses observados o demandas positivas insuficientes para conformar entrenamiento y prueba (umbral operativo: 15 meses observados, 4 demandas positivas).",1291.5
ITEM_0832,1,1,0.9833,2.0,0.0,60.0,0.0,Intermitente,False,"Meses observados o demandas positivas insuficientes para conformar entrenamiento y prueba (umbral operativo: 15 meses observados, 4 demandas positivas).",1094.12
ITEM_0833,3,3,0.95,2.0,0.0,3.0,0.0,Intermitente,False,"Meses observados o demandas positivas insuficientes para conformar entrenamiento y prueba (umbral operativo: 15 meses observados, 4 demandas positivas).",2624.22
ITEM_0834,1,1,0.9833,2.0,0.0,60.0,0.0,Intermitente,False,"Meses observados o demandas positivas insuficientes para conformar entrenamiento y prueba (umbral operativo: 15 meses observados, 4 demandas positivas).",1089.68
ITEM_0836,1,1,0.9833,36.0,0.0,60.0,0.0,Intermitente,False,"Meses observados o demandas positivas insuficientes para conformar entrenamiento y prueba (umbral operativo: 15 meses observados, 4 demandas positivas).",1088.64
ITEM_0838,1,1,0.9833,2.0,0.0,60.0,0.0,Intermitente,False,"Meses observados o demandas positivas insuficientes para conformar entrenamiento y prueba (umbral operativo: 15 meses observados, 4 demandas positivas).",1082.4
ITEM_0839,10,10,0.8333,16.6,202.9333,4.5556,0.7364,Lumpy,False,"Meses observados o demandas positivas insuficientes para conformar entrenamiento y prueba (umbral operativo: 15 meses observados, 4 demandas positivas).",2904.07
ITEM_0840,1,1,0.9833,1.0,0.0,60.0,0.0,Intermitente,False,"Meses observados o demandas positivas insuficientes para conformar entrenamiento y prueba (umbral operativo: 15 meses observados, 4 demandas positivas).",1080.0
ITEM_0842,1,1,0.9833,12.0,0.0,60.0,0.0,Intermitente,False,"Meses observados o demandas positivas insuficientes para conformar entrenamiento y prueba (umbral operativo: 15 meses observados, 4 demandas positivas).",1068.31
ITEM_0844,1,1,0.9833,4.0,0.0,60.0,0.0,Intermitente,False,"Meses observados o demandas positivas insuficientes para conformar entrenamiento y prueba (umbral operativo: 15 meses observados, 4 demandas positivas).",1066.21
ITEM_0845,8,8,0.8667,7.875,35.2679,5.1429,0.5687,Lumpy,False,"Meses observados o demandas positivas insuficientes para conformar entrenamiento y prueba (umbral operativo: 15 meses observados, 4 demandas positivas).",3800.76
ITEM_0847,1,1,0.9833,21.0,0.0,60.0,0.0,Intermitente,False,"Meses observados o demandas positivas insuficientes para conformar entrenamiento y prueba (umbral operativo: 15 meses observados, 4 demandas positivas).",3187.8
ITEM_0848,1,1,0.9833,6.0,0.0,60.0,0.0,Intermitente,False,"Meses observados o demandas positivas insuficientes para conformar entrenamiento y prueba (umbral operativo: 15 meses observados, 4 demandas positivas).",1061.29
ITEM_0849,1,1,0.9833,5.0,0.0,60.0,0.0,Intermitente,False,"Meses observados o demandas positivas insuficientes para conformar entrenamiento y prueba (umbral operativo: 15 meses observados, 4 demandas positivas).",1060.0
ITEM_0850,3,3,0.95,12.0,0.0,3.0,0.0,Intermitente,False,"Meses observados o demandas positivas insuficientes para conformar entrenamiento y prueba (umbral operativo: 15 meses observados, 4 demandas positivas).",2605.86
ITEM_0851,7,7,0.8833,4.2857,4.9048,8.0,0.267,Intermitente,False,"Meses observados o demandas positivas insuficientes para conformar entrenamiento y prueba (umbral operativo: 15 meses observados, 4 demandas positivas).",5275.93
ITEM_0852,1,1,0.9833,2.0,0.0,60.0,0.0,Intermitente,False,"Meses observados o demandas positivas insuficientes para conformar entrenamiento y prueba (umbral operativo: 15 meses observados, 4 demandas positivas).",1051.78
ITEM_0853,1,1,0.9833,2.0,0.0,60.0,0.0,Intermitente,False,"Meses observados o demandas positivas insuficientes para conformar entrenamiento y prueba (umbral operativo: 15 meses observados, 4 demandas positivas).",1051.78
ITEM_0854,1,1,0.9833,2.0,0.0,60.0,0.0,Intermitente,False,"Meses observados o demandas positivas insuficientes para conformar entrenamiento y prueba (umbral operativo: 15 meses observados, 4 demandas positivas).",1051.78
ITEM_0855,1,1,0.9833,4.0,0.0,60.0,0.0,Intermitente,False,"Meses observados o demandas positivas insuficientes para conformar entrenamiento y prueba (umbral operativo: 15 meses observados, 4 demandas positivas).",1047.28
ITEM_0856,2,2,0.9667,24.0,0.0,3.0,0.0,Intermitente,False,"Meses observados o demandas positivas insuficientes para conformar entrenamiento y prueba (umbral operativo: 15 meses observados, 4 demandas positivas).",2094.24
ITEM_0857,1,1,0.9833,10.0,0.0,60.0,0.0,Intermitente,False,"Meses observados o demandas positivas insuficientes para conformar entrenamiento y prueba (umbral operativo: 15 meses observados, 4 demandas positivas).",1046.2
ITEM_0858,1,1,0.9833,8.0,0.0,60.0,0.0,Intermitente,False,"Meses observados o demandas positivas insuficientes para conformar entrenamiento y prueba (umbral operativo: 15 meses observados, 4 demandas positivas).",1044.88
ITEM_0859,1,1,0.9833,4.0,0.0,60.0,0.0,Intermitente,False,"Meses observados o demandas positivas insuficientes para conformar entrenamiento y prueba (umbral operativo: 15 meses observados, 4 demandas positivas).",2086.08
ITEM_0860,4,4,0.9333,25.5,537.0,9.3333,0.8258,Lumpy,False,"Meses observados o demandas positivas insuficientes para conformar entrenamiento y prueba (umbral operativo: 15 meses observados, 4 demandas positivas).",1475.9
ITEM_0861,4,4,0.9333,2.25,0.9167,5.6667,0.1811,Intermitente,False,"Meses observados o demandas positivas insuficientes para conformar entrenamiento y prueba (umbral operativo: 15 meses observados, 4 demandas positivas).",3056.0
ITEM_0863,2,2,0.9667,12.0,0.0,3.0,0.0,Intermitente,False,"Meses observados o demandas positivas insuficientes para conformar entrenamiento y prueba (umbral operativo: 15 meses observados, 4 demandas positivas).",2050.56
ITEM_0864,1,1,0.9833,6.0,0.0,60.0,0.0,Intermitente,False,"Meses observados o demandas positivas insuficientes para conformar entrenamiento y prueba (umbral operativo: 15 meses observados, 4 demandas positivas).",1035.0
ITEM_0865,1,1,0.9833,1.0,0.0,60.0,0.0,Intermitente,False,"Meses observados o demandas positivas insuficientes para conformar entrenamiento y prueba (umbral operativo: 15 meses observados, 4 demandas positivas).",1034.6
ITEM_0866,1,1,0.9833,102.0,0.0,60.0,0.0,Intermitente,False,"Meses observados o demandas positivas insuficientes para conformar entrenamiento y prueba (umbral operativo: 15 meses observados, 4 demandas positivas).",1033.09
ITEM_0867,1,1,0.9833,6.0,0.0,60.0,0.0,Intermitente,False,"Meses observados o demandas positivas insuficientes para conformar entrenamiento y prueba (umbral operativo: 15 meses observados, 4 demandas positivas).",1029.0
ITEM_0868,1,1,0.9833,2.0,0.0,60.0,0.0,Intermitente,False,"Meses observados o demandas positivas insuficientes para conformar entrenamiento y prueba (umbral operativo: 15 meses observados, 4 demandas positivas).",1026.0
ITEM_0869,1,1,0.9833,8.0,0.0,60.0,0.0,Intermitente,False,"Meses observados o demandas positivas insuficientes para conformar entrenamiento y prueba (umbral operativo: 15 meses observados, 4 demandas positivas).",1025.65
ITEM_0870,4,4,0.9333,2.0,0.6667,6.6667,0.1667,Intermitente,False,"Meses observados o demandas positivas insuficientes para conformar entrenamiento y prueba (umbral operativo: 15 meses observados, 4 demandas positivas).",2308.5
ITEM_0871,1,1,0.9833,6.0,0.0,60.0,0.0,Intermitente,False,"Meses observados o demandas positivas insuficientes para conformar entrenamiento y prueba (umbral operativo: 15 meses observados, 4 demandas positivas).",1023.66
ITEM_0872,1,1,0.9833,1.0,0.0,60.0,0.0,Intermitente,False,"Meses observados o demandas positivas insuficientes para conformar entrenamiento y prueba (umbral operativo: 15 meses observados, 4 demandas positivas).",1023.58
ITEM_0873,1,1,0.9833,1.0,0.0,60.0,0.0,Intermitente,False,"Meses observados o demandas positivas insuficientes para conformar entrenamiento y prueba (umbral operativo: 15 meses observados, 4 demandas positivas).",1023.41
ITEM_0874,1,1,0.9833,1.0,0.0,60.0,0.0,Intermitente,False,"Meses observados o demandas positivas insuficientes para conformar entrenamiento y prueba (umbral operativo: 15 meses observados, 4 demandas positivas).",1020.0
ITEM_0875,1,1,0.9833,1.0,0.0,60.0,0.0,Intermitente,False,"Meses observados o demandas positivas insuficientes para conformar entrenamiento y prueba (umbral operativo: 15 meses observados, 4 demandas positivas).",1018.08
ITEM_0876,2,2,0.9667,48.0,0.0,3.0,0.0,Intermitente,False,"Meses observados o demandas positivas insuficientes para conformar entrenamiento y prueba (umbral operativo: 15 meses observados, 4 demandas positivas).",2030.4
ITEM_0877,1,1,0.9833,5.0,0.0,60.0,0.0,Intermitente,False,"Meses observados o demandas positivas insuficientes para conformar entrenamiento y prueba (umbral operativo: 15 meses observados, 4 demandas positivas).",1013.3
ITEM_0878,1,1,0.9833,1.0,0.0,60.0,0.0,Intermitente,False,"Meses observados o demandas positivas insuficientes para conformar entrenamiento y prueba (umbral operativo: 15 meses observados, 4 demandas positivas).",1011.48
ITEM_0879,3,3,0.95,5.0,1.0,13.0,0.04,Intermitente,False,"Meses observados o demandas positivas insuficientes para conformar entrenamiento y prueba (umbral operativo: 15 meses observados, 4 demandas positivas).",1748.77
ITEM_0880,1,1,0.9833,1.0,0.0,60.0,0.0,Intermitente,False,"Meses observados o demandas positivas insuficientes para conformar entrenamiento y prueba (umbral operativo: 15 meses observados, 4 demandas positivas).",1007.5
ITEM_0882,1,1,0.9833,8.0,0.0,60.0,0.0,Intermitente,False,"Meses observados o demandas positivas insuficientes para conformar entrenamiento y prueba (umbral operativo: 15 meses observados, 4 demandas positivas).",1005.94
ITEM_0883,1,1,0.9833,6.0,0.0,60.0,0.0,Intermitente,False,"Meses observados o demandas positivas insuficientes para conformar entrenamiento y prueba (umbral operativo: 15 meses observados, 4 demandas positivas).",1002.0
ITEM_0884,1,1,0.9833,1.0,0.0,60.0,0.0,Intermitente,False,"Meses observados o demandas positivas insuficientes para conformar entrenamiento y prueba (umbral operativo: 15 meses observados, 4 demandas positivas).",992.72
ITEM_0885,1,1,0.9833,4.0,0.0,60.0,0.0,Intermitente,False,"Meses observados o demandas positivas insuficientes para conformar entrenamiento y prueba (umbral operativo: 15 meses observados, 4 demandas positivas).",992.0
ITEM_0886,1,1,0.9833,8.0,0.0,60.0,0.0,Intermitente,False,"Meses observados o demandas positivas insuficientes para conformar entrenamiento y prueba (umbral operativo: 15 meses observados, 4 demandas positivas).",989.28
ITEM_0887,5,5,0.9167,117.2,7139.2,2.5,0.5197,Lumpy,False,"Meses observados o demandas positivas insuficientes para conformar entrenamiento y prueba (umbral operativo: 15 meses observados, 4 demandas positivas).",2268.14
ITEM_0888,2,2,0.9667,1.0,0.0,4.0,0.0,Intermitente,False,"Meses observados o demandas positivas insuficientes para conformar entrenamiento y prueba (umbral operativo: 15 meses observados, 4 demandas positivas).",1962.46
ITEM_0889,2,2,0.9667,2.0,0.0,11.0,0.0,Intermitente,False,"Meses observados o demandas positivas insuficientes para conformar entrenamiento y prueba (umbral operativo: 15 meses observados, 4 demandas positivas).",1621.12
ITEM_0890,3,3,0.95,2.0,0.0,3.0,0.0,Intermitente,False,"Meses observados o demandas positivas insuficientes para conformar entrenamiento y prueba (umbral operativo: 15 meses observados, 4 demandas positivas).",2870.22
ITEM_0891,1,1,0.9833,6.0,0.0,60.0,0.0,Intermitente,False,"Meses observados o demandas positivas insuficientes para conformar entrenamiento y prueba (umbral operativo: 15 meses observados, 4 demandas positivas).",979.08
ITEM_0892,1,1,0.9833,10.0,0.0,60.0,0.0,Intermitente,False,"Meses observados o demandas positivas insuficientes para conformar entrenamiento y prueba (umbral operativo: 15 meses observados, 4 demandas positivas).",1466.05
ITEM_0893,1,1,0.9833,2.0,0.0,60.0,0.0,Intermitente,False,"Meses observados o demandas positivas insuficientes para conformar entrenamiento y prueba (umbral operativo: 15 meses observados, 4 demandas positivas).",975.32
ITEM_0894,1,1,0.9833,1.0,0.0,60.0,0.0,Intermitente,False,"Meses observados o demandas positivas insuficientes para conformar entrenamiento y prueba (umbral operativo: 15 meses observados, 4 demandas positivas).",973.22
ITEM_0896,3,3,0.95,6.0,0.0,3.0,0.0,Intermitente,False,"Meses observados o demandas positivas insuficientes para conformar entrenamiento y prueba (umbral operativo: 15 meses observados, 4 demandas positivas).",2634.13
ITEM_0897,3,3,0.95,22.0,12.0,13.5,0.0248,Intermitente,False,"Meses observados o demandas positivas insuficientes para conformar entrenamiento y prueba (umbral operativo: 15 meses observados, 4 demandas positivas).",1892.64
ITEM_0898,1,1,0.9833,6.0,0.0,60.0,0.0,Intermitente,False,"Meses observados o demandas positivas insuficientes para conformar entrenamiento y prueba (umbral operativo: 15 meses observados, 4 demandas positivas).",968.34
ITEM_0899,1,1,0.9833,1.0,0.0,60.0,0.0,Intermitente,False,"Meses observados o demandas positivas insuficientes para conformar entrenamiento y prueba (umbral operativo: 15 meses observados, 4 demandas positivas).",966.07
ITEM_0900,2,2,0.9667,4.0,0.0,13.0,0.0,Intermitente,False,"Meses observados o demandas positivas insuficientes para conformar entrenamiento y prueba (umbral operativo: 15 meses observados, 4 demandas positivas).",1827.52
ITEM_0901,1,1,0.9833,1.0,0.0,60.0,0.0,Intermitente,False,"Meses observados o demandas positivas insuficientes para conformar entrenamiento y prueba (umbral operativo: 15 meses observados, 4 demandas positivas).",962.52
ITEM_0902,1,1,0.9833,16.0,0.0,60.0,0.0,Intermitente,False,"Meses observados o demandas positivas insuficientes para conformar entrenamiento y prueba (umbral operativo: 15 meses observados, 4 demandas positivas).",960.0
ITEM_0903,1,1,0.9833,1.0,0.0,60.0,0.0,Intermitente,False,"Meses observados o demandas positivas insuficientes para conformar entrenamiento y prueba (umbral operativo: 15 meses observados, 4 demandas positivas).",960.0
ITEM_0904,2,2,0.9667,8.0,0.0,21.0,0.0,Intermitente,False,"Meses observados o demandas positivas insuficientes para conformar entrenamiento y prueba (umbral operativo: 15 meses observados, 4 demandas positivas).",1880.82
ITEM_0905,1,1,0.9833,1600.0,0.0,60.0,0.0,Intermitente,False,"Meses observados o demandas positivas insuficientes para conformar entrenamiento y prueba (umbral operativo: 15 meses observados, 4 demandas positivas).",953.57
ITEM_0907,1,1,0.9833,4.0,0.0,60.0,0.0,Intermitente,False,"Meses observados o demandas positivas insuficientes para conformar entrenamiento y prueba (umbral operativo: 15 meses observados, 4 demandas positivas).",1911.64
ITEM_0908,2,2,0.9667,5.5,40.5,9.0,1.3388,Lumpy,False,"Meses observados o demandas positivas insuficientes para conformar entrenamiento y prueba (umbral operativo: 15 meses observados, 4 demandas positivas).",1503.16
ITEM_0909,8,8,0.8667,3.375,3.125,5.5714,0.2743,Intermitente,False,"Meses observados o demandas positivas insuficientes para conformar entrenamiento y prueba (umbral operativo: 15 meses observados, 4 demandas positivas).",2479.84
ITEM_0911,1,1,0.9833,2.0,0.0,60.0,0.0,Intermitente,False,"Meses observados o demandas positivas insuficientes para conformar entrenamiento y prueba (umbral operativo: 15 meses observados, 4 demandas positivas).",944.2
ITEM_0912,2,2,0.9667,6.0,0.0,9.0,0.0,Intermitente,False,"Meses observados o demandas positivas insuficientes para conformar entrenamiento y prueba (umbral operativo: 15 meses observados, 4 demandas positivas).",1732.94
ITEM_0914,19,19,0.6833,23.3684,1013.5789,4.2222,1.8561,Lumpy,True,,3988.49
ITEM_0915,1,1,0.9833,550.0,0.0,60.0,0.0,Intermitente,False,"Meses observados o demandas positivas insuficientes para conformar entrenamiento y prueba (umbral operativo: 15 meses observados, 4 demandas positivas).",938.22
ITEM_0917,2,2,0.9667,1175.0,1361250.0,18.0,0.986,Lumpy,False,"Meses observados o demandas positivas insuficientes para conformar entrenamiento y prueba (umbral operativo: 15 meses observados, 4 demandas positivas).",940.53
ITEM_0918,39,39,0.35,42.9487,942.7341,2.5526,0.5111,Lumpy,True,,20252.46
ITEM_0919,1,1,0.9833,12.0,0.0,60.0,0.0,Intermitente,False,"Meses observados o demandas positivas insuficientes para conformar entrenamiento y prueba (umbral operativo: 15 meses observados, 4 demandas positivas).",931.8
ITEM_0920,2,2,0.9667,24.0,288.0,18.0,0.5,Lumpy,False,"Meses observados o demandas positivas insuficientes para conformar entrenamiento y prueba (umbral operativo: 15 meses observados, 4 demandas positivas).",1530.42
ITEM_0921,3,3,0.95,10.3333,74.3333,14.5,0.6961,Lumpy,False,"Meses observados o demandas positivas insuficientes para conformar entrenamiento y prueba (umbral operativo: 15 meses observados, 4 demandas positivas).",1347.47
ITEM_0923,1,1,0.9833,2.0,0.0,60.0,0.0,Intermitente,False,"Meses observados o demandas positivas insuficientes para conformar entrenamiento y prueba (umbral operativo: 15 meses observados, 4 demandas positivas).",925.7
ITEM_0924,2,2,0.9667,50.0,200.0,18.0,0.08,Intermitente,False,"Meses observados o demandas positivas insuficientes para conformar entrenamiento y prueba (umbral operativo: 15 meses observados, 4 demandas positivas).",977.79
ITEM_0925,4,4,0.9333,2.0,4.0,10.0,1.0,Lumpy,False,"Meses observados o demandas positivas insuficientes para conformar entrenamiento y prueba (umbral operativo: 15 meses observados, 4 demandas positivas).",1173.5
ITEM_0926,1,1,0.9833,50.0,0.0,60.0,0.0,Intermitente,False,"Meses observados o demandas positivas insuficientes para conformar entrenamiento y prueba (umbral operativo: 15 meses observados, 4 demandas positivas).",920.0
ITEM_0927,12,12,0.8,16.8333,261.2424,4.1818,0.9219,Lumpy,False,"Meses observados o demandas positivas insuficientes para conformar entrenamiento y prueba (umbral operativo: 15 meses observados, 4 demandas positivas).",4118.48
ITEM_0928,1,1,0.9833,20.0,0.0,60.0,0.0,Intermitente,False,"Meses observados o demandas positivas insuficientes para conformar entrenamiento y prueba (umbral operativo: 15 meses observados, 4 demandas positivas).",918.4
ITEM_0929,2,2,0.9667,9.0,0.0,28.0,0.0,Intermitente,False,"Meses observados o demandas positivas insuficientes para conformar entrenamiento y prueba (umbral operativo: 15 meses observados, 4 demandas positivas).",1744.82
ITEM_0931,1,1,0.9833,2.0,0.0,60.0,0.0,Intermitente,False,"Meses observados o demandas positivas insuficientes para conformar entrenamiento y prueba (umbral operativo: 15 meses observados, 4 demandas positivas).",1827.34
ITEM_0932,1,1,0.9833,1.0,0.0,60.0,0.0,Intermitente,False,"Meses observados o demandas positivas insuficientes para conformar entrenamiento y prueba (umbral operativo: 15 meses observados, 4 demandas positivas).",911.15
ITEM_0935,1,1,0.9833,48.0,0.0,60.0,0.0,Intermitente,False,"Meses observados o demandas positivas insuficientes para conformar entrenamiento y prueba (umbral operativo: 15 meses observados, 4 demandas positivas).",906.77
ITEM_0936,2,2,0.9667,6.5,60.5,3.0,1.432,Lumpy,False,"Meses observados o demandas positivas insuficientes para conformar entrenamiento y prueba (umbral operativo: 15 meses observados, 4 demandas positivas).",1180.3
ITEM_0937,5,5,0.9167,10.8,267.2,9.25,2.2908,Lumpy,False,"Meses observados o demandas positivas insuficientes para conformar entrenamiento y prueba (umbral operativo: 15 meses observados, 4 demandas positivas).",1314.22
ITEM_0938,1,1,0.9833,4.0,0.0,60.0,0.0,Intermitente,False,"Meses observados o demandas positivas insuficientes para conformar entrenamiento y prueba (umbral operativo: 15 meses observados, 4 demandas positivas).",905.77
ITEM_0939,5,5,0.9167,109.6,26482.8,6.5,2.2047,Lumpy,False,"Meses observados o demandas positivas insuficientes para conformar entrenamiento y prueba (umbral operativo: 15 meses observados, 4 demandas positivas).",2081.36
ITEM_0940,1,1,0.9833,2.0,0.0,60.0,0.0,Intermitente,False,"Meses observados o demandas positivas insuficientes para conformar entrenamiento y prueba (umbral operativo: 15 meses observados, 4 demandas positivas).",1810.7
ITEM_0941,1,1,0.9833,31.0,0.0,60.0,0.0,Intermitente,False,"Meses observados o demandas positivas insuficientes para conformar entrenamiento y prueba (umbral operativo: 15 meses observados, 4 demandas positivas).",2334.58
ITEM_0942,1,1,0.9833,12.0,0.0,60.0,0.0,Intermitente,False,"Meses observados o demandas positivas insuficientes para conformar entrenamiento y prueba (umbral operativo: 15 meses observados, 4 demandas positivas).",903.48
ITEM_0943,1,1,0.9833,2.0,0.0,60.0,0.0,Intermitente,False,"Meses observados o demandas positivas insuficientes para conformar entrenamiento y prueba (umbral operativo: 15 meses observados, 4 demandas positivas).",901.96
ITEM_0944,13,13,0.7833,16.4615,259.4359,5.8333,0.9574,Lumpy,False,"Meses observados o demandas positivas insuficientes para conformar entrenamiento y prueba (umbral operativo: 15 meses observados, 4 demandas positivas).",4903.35
ITEM_0945,1,1,0.9833,24.0,0.0,60.0,0.0,Intermitente,False,"Meses observados o demandas positivas insuficientes para conformar entrenamiento y prueba (umbral operativo: 15 meses observados, 4 demandas positivas).",896.8
ITEM_0946,1,1,0.9833,40.0,0.0,60.0,0.0,Intermitente,False,"Meses observados o demandas positivas insuficientes para conformar entrenamiento y prueba (umbral operativo: 15 meses observados, 4 demandas positivas).",896.0
ITEM_0947,1,1,0.9833,1.0,0.0,60.0,0.0,Intermitente,False,"Meses observados o demandas positivas insuficientes para conformar entrenamiento y prueba (umbral operativo: 15 meses observados, 4 demandas positivas).",894.72
ITEM_0948,1,1,0.9833,27.5,0.0,60.0,0.0,Intermitente,False,"Meses observados o demandas positivas insuficientes para conformar entrenamiento y prueba (umbral operativo: 15 meses observados, 4 demandas positivas).",894.43
ITEM_0950,1,1,0.9833,12.0,0.0,60.0,0.0,Intermitente,False,"Meses observados o demandas positivas insuficientes para conformar entrenamiento y prueba (umbral operativo: 15 meses observados, 4 demandas positivas).",890.4
ITEM_0951,5,5,0.9167,1.0,0.0,7.75,0.0,Intermitente,False,"Meses observados o demandas positivas insuficientes para conformar entrenamiento y prueba (umbral operativo: 15 meses observados, 4 demandas positivas).",2422.5
ITEM_0954,2,2,0.9667,1.0,0.0,16.0,0.0,Intermitente,False,"Meses observados o demandas positivas insuficientes para conformar entrenamiento y prueba (umbral operativo: 15 meses observados, 4 demandas positivas).",1770.78
ITEM_0955,1,1,0.9833,1.0,0.0,60.0,0.0,Intermitente,False,"Meses observados o demandas positivas insuficientes para conformar entrenamiento y prueba (umbral operativo: 15 meses observados, 4 demandas positivas).",880.32
ITEM_0956,1,1,0.9833,2.0,0.0,60.0,0.0,Intermitente,False,"Meses observados o demandas positivas insuficientes para conformar entrenamiento y prueba (umbral operativo: 15 meses observados, 4 demandas positivas).",878.94
ITEM_0957,1,1,0.9833,2.0,0.0,60.0,0.0,Intermitente,False,"Meses observados o demandas positivas insuficientes para conformar entrenamiento y prueba (umbral operativo: 15 meses observados, 4 demandas positivas).",878.94
ITEM_0958,1,1,0.9833,12.0,0.0,60.0,0.0,Intermitente,False,"Meses observados o demandas positivas insuficientes para conformar entrenamiento y prueba (umbral operativo: 15 meses observados, 4 demandas positivas).",1749.24
ITEM_0959,14,14,0.7667,8.5,23.9615,5.4615,0.3316,Intermitente,False,"Meses observados o demandas positivas insuficientes para conformar entrenamiento y prueba (umbral operativo: 15 meses observados, 4 demandas positivas).",5153.06
ITEM_0960,1,1,0.9833,2.0,0.0,60.0,0.0,Intermitente,False,"Meses observados o demandas positivas insuficientes para conformar entrenamiento y prueba (umbral operativo: 15 meses observados, 4 demandas positivas).",870.84
ITEM_0961,1,1,0.9833,2.0,0.0,60.0,0.0,Intermitente,False,"Meses observados o demandas positivas insuficientes para conformar entrenamiento y prueba (umbral operativo: 15 meses observados, 4 demandas positivas).",870.84
ITEM_0962,2,2,0.9667,2.0,0.0,4.0,0.0,Intermitente,False,"Meses observados o demandas positivas insuficientes para conformar entrenamiento y prueba (umbral operativo: 15 meses observados, 4 demandas positivas).",1675.99
ITEM_0963,1,1,0.9833,160.0,0.0,60.0,0.0,Intermitente,False,"Meses observados o demandas positivas insuficientes para conformar entrenamiento y prueba (umbral operativo: 15 meses observados, 4 demandas positivas).",864.0
ITEM_0964,1,1,0.9833,2.0,0.0,60.0,0.0,Intermitente,False,"Meses observados o demandas positivas insuficientes para conformar entrenamiento y prueba (umbral operativo: 15 meses observados, 4 demandas positivas).",864.0
ITEM_0966,4,4,0.9333,1.75,0.9167,8.0,0.2993,Intermitente,False,"Meses observados o demandas positivas insuficientes para conformar entrenamiento y prueba (umbral operativo: 15 meses observados, 4 demandas positivas).",3137.53
ITEM_0967,4,4,0.9333,8.5,9.0,11.0,0.1246,Intermitente,False,"Meses observados o demandas positivas insuficientes para conformar entrenamiento y prueba (umbral operativo: 15 meses observados, 4 demandas positivas).",1969.48
ITEM_0969,10,10,0.8333,124.2,8371.9556,4.3333,0.5427,Lumpy,False,"Meses observados o demandas positivas insuficientes para conformar entrenamiento y prueba (umbral operativo: 15 meses observados, 4 demandas positivas).",9041.51
ITEM_0970,2,2,0.9667,2.0,2.0,19.0,0.5,Lumpy,False,"Meses observados o demandas positivas insuficientes para conformar entrenamiento y prueba (umbral operativo: 15 meses observados, 4 demandas positivas).",1120.0
ITEM_0971,1,1,0.9833,1.0,0.0,60.0,0.0,Intermitente,False,"Meses observados o demandas positivas insuficientes para conformar entrenamiento y prueba (umbral operativo: 15 meses observados, 4 demandas positivas).",853.79
ITEM_0973,1,1,0.9833,1.0,0.0,60.0,0.0,Intermitente,False,"Meses observados o demandas positivas insuficientes para conformar entrenamiento y prueba (umbral operativo: 15 meses observados, 4 demandas positivas).",850.0
ITEM_0976,3,3,0.95,2.0,1.0,3.0,0.25,Intermitente,False,"Meses observados o demandas positivas insuficientes para conformar entrenamiento y prueba (umbral operativo: 15 meses observados, 4 demandas positivas).",2844.12
ITEM_0977,3,3,0.95,2.0,1.0,3.0,0.25,Intermitente,False,"Meses observados o demandas positivas insuficientes para conformar entrenamiento y prueba (umbral operativo: 15 meses observados, 4 demandas positivas).",2844.13
ITEM_0978,1,1,0.9833,2.0,0.0,60.0,0.0,Intermitente,False,"Meses observados o demandas positivas insuficientes para conformar entrenamiento y prueba (umbral operativo: 15 meses observados, 4 demandas positivas).",840.79
ITEM_0979,1,1,0.9833,2.0,0.0,60.0,0.0,Intermitente,False,"Meses observados o demandas positivas insuficientes para conformar entrenamiento y prueba (umbral operativo: 15 meses observados, 4 demandas positivas).",839.12
ITEM_0980,8,8,0.8667,2.5,1.1429,5.7143,0.1829,Intermitente,False,"Meses observados o demandas positivas insuficientes para conformar entrenamiento y prueba (umbral operativo: 15 meses observados, 4 demandas positivas).",6156.54
ITEM_0981,1,1,0.9833,6.0,0.0,60.0,0.0,Intermitente,False,"Meses observados o demandas positivas insuficientes para conformar entrenamiento y prueba (umbral operativo: 15 meses observados, 4 demandas positivas).",838.62
ITEM_0982,1,1,0.9833,2.0,0.0,60.0,0.0,Intermitente,False,"Meses observados o demandas positivas insuficientes para conformar entrenamiento y prueba (umbral operativo: 15 meses observados, 4 demandas positivas).",837.72
ITEM_0983,1,1,0.9833,6.0,0.0,60.0,0.0,Intermitente,False,"Meses observados o demandas positivas insuficientes para conformar entrenamiento y prueba (umbral operativo: 15 meses observados, 4 demandas positivas).",837.16
ITEM_0985,1,1,0.9833,1.0,0.0,60.0,0.0,Intermitente,False,"Meses observados o demandas positivas insuficientes para conformar entrenamiento y prueba (umbral operativo: 15 meses observados, 4 demandas positivas).",836.04
ITEM_0986,2,2,0.9667,3.0,8.0,2.0,0.8889,Lumpy,False,"Meses observados o demandas positivas insuficientes para conformar entrenamiento y prueba (umbral operativo: 15 meses observados, 4 demandas positivas).",905.84
ITEM_0988,1,1,0.9833,1.0,0.0,60.0,0.0,Intermitente,False,"Meses observados o demandas positivas insuficientes para conformar entrenamiento y prueba (umbral operativo: 15 meses observados, 4 demandas positivas).",834.58
ITEM_0989,1,1,0.9833,1.0,0.0,60.0,0.0,Intermitente,False,"Meses observados o demandas positivas insuficientes para conformar entrenamiento y prueba (umbral operativo: 15 meses observados, 4 demandas positivas).",833.85
ITEM_0990,1,1,0.9833,2.0,0.0,60.0,0.0,Intermitente,False,"Meses observados o demandas positivas insuficientes para conformar entrenamiento y prueba (umbral operativo: 15 meses observados, 4 demandas positivas).",832.6
ITEM_0991,3,3,0.95,190.0,97264.0,10.5,2.6943,Lumpy,False,"Meses observados o demandas positivas insuficientes para conformar entrenamiento y prueba (umbral operativo: 15 meses observados, 4 demandas positivas).",898.5
ITEM_0992,1,1,0.9833,1.0,0.0,60.0,0.0,Intermitente,False,"Meses observados o demandas positivas insuficientes para conformar entrenamiento y prueba (umbral operativo: 15 meses observados, 4 demandas positivas).",831.58
ITEM_0993,1,1,0.9833,6.0,0.0,60.0,0.0,Intermitente,False,"Meses observados o demandas positivas insuficientes para conformar entrenamiento y prueba (umbral operativo: 15 meses observados, 4 demandas positivas).",825.9
ITEM_0994,2,2,0.9667,1.0,0.0,2.0,0.0,Intermitente,False,"Meses observados o demandas positivas insuficientes para conformar entrenamiento y prueba (umbral operativo: 15 meses observados, 4 demandas positivas).",1540.0
ITEM_0996,1,1,0.9833,2.0,0.0,60.0,0.0,Intermitente,False,"Meses observados o demandas positivas insuficientes para conformar entrenamiento y prueba (umbral operativo: 15 meses observados, 4 demandas positivas).",819.9
ITEM_0997,1,1,0.9833,12.0,0.0,60.0,0.0,Intermitente,False,"Meses observados o demandas positivas insuficientes para conformar entrenamiento y prueba (umbral operativo: 15 meses observados, 4 demandas positivas).",818.88
ITEM_0998,1,1,0.9833,4.0,0.0,60.0,0.0,Intermitente,False,"Meses observados o demandas positivas insuficientes para conformar entrenamiento y prueba (umbral operativo: 15 meses observados, 4 demandas positivas).",817.87
ITEM_0999,3,3,0.95,4.0,0.0,3.0,0.0,Intermitente,False,"Meses observados o demandas positivas insuficientes para conformar entrenamiento y prueba (umbral operativo: 15 meses observados, 4 demandas positivas).",1045.82
ITEM_1000,8,8,0.8667,6.875,19.5536,5.2857,0.4137,Intermitente,False,"Meses observados o demandas positivas insuficientes para conformar entrenamiento y prueba (umbral operativo: 15 meses observados, 4 demandas positivas).",2991.63
ITEM_1001,2,2,0.9667,100.0,800.0,3.0,0.08,Intermitente,False,"Meses observados o demandas positivas insuficientes para conformar entrenamiento y prueba (umbral operativo: 15 meses observados, 4 demandas positivas).",1360.13
ITEM_1002,2,2,0.9667,141.5,35644.5,12.0,1.7802,Lumpy,False,"Meses observados o demandas positivas insuficientes para conformar entrenamiento y prueba (umbral operativo: 15 meses observados, 4 demandas positivas).",1065.73
ITEM_1003,1,1,0.9833,4.0,0.0,60.0,0.0,Intermitente,False,"Meses observados o demandas positivas insuficientes para conformar entrenamiento y prueba (umbral operativo: 15 meses observados, 4 demandas positivas).",1083.26
ITEM_1004,2,2,0.9667,3.5,12.5,42.0,1.0204,Lumpy,False,"Meses observados o demandas positivas insuficientes para conformar entrenamiento y prueba (umbral operativo: 15 meses observados, 4 demandas positivas).",2862.69
ITEM_1005,1,1,0.9833,2.0,0.0,60.0,0.0,Intermitente,False,"Meses observados o demandas positivas insuficientes para conformar entrenamiento y prueba (umbral operativo: 15 meses observados, 4 demandas positivas).",808.48
ITEM_1006,1,1,0.9833,2.0,0.0,60.0,0.0,Intermitente,False,"Meses observados o demandas positivas insuficientes para conformar entrenamiento y prueba (umbral operativo: 15 meses observados, 4 demandas positivas).",808.36
ITEM_1007,1,1,0.9833,1.0,0.0,60.0,0.0,Intermitente,False,"Meses observados o demandas positivas insuficientes para conformar entrenamiento y prueba (umbral operativo: 15 meses observados, 4 demandas positivas).",807.77
ITEM_1008,9,9,0.85,1.2222,0.4444,4.5,0.2975,Intermitente,False,"Meses observados o demandas positivas insuficientes para conformar entrenamiento y prueba (umbral operativo: 15 meses observados, 4 demandas positivas).",1917.02
ITEM_1010,5,5,0.9167,1.2,0.2,11.5,0.1389,Intermitente,False,"Meses observados o demandas positivas insuficientes para conformar entrenamiento y prueba (umbral operativo: 15 meses observados, 4 demandas positivas).",2329.67
ITEM_1011,1,1,0.9833,7.0,0.0,60.0,0.0,Intermitente,False,"Meses observados o demandas positivas insuficientes para conformar entrenamiento y prueba (umbral operativo: 15 meses observados, 4 demandas positivas).",800.14
ITEM_1012,1,1,0.9833,4.0,0.0,60.0,0.0,Intermitente,False,"Meses observados o demandas positivas insuficientes para conformar entrenamiento y prueba (umbral operativo: 15 meses observados, 4 demandas positivas).",1327.77
ITEM_1013,2,2,0.9667,7.0,2.0,3.0,0.0408,Intermitente,False,"Meses observados o demandas positivas insuficientes para conformar entrenamiento y prueba (umbral operativo: 15 meses observados, 4 demandas positivas).",826.36
ITEM_1015,1,1,0.9833,1.0,0.0,60.0,0.0,Intermitente,False,"Meses observados o demandas positivas insuficientes para conformar entrenamiento y prueba (umbral operativo: 15 meses observados, 4 demandas positivas).",796.75
ITEM_1016,1,1,0.9833,2.0,0.0,60.0,0.0,Intermitente,False,"Meses observados o demandas positivas insuficientes para conformar entrenamiento y prueba (umbral operativo: 15 meses observados, 4 demandas positivas).",795.0
ITEM_1017,1,1,0.9833,3.0,0.0,60.0,0.0,Intermitente,False,"Meses observados o demandas positivas insuficientes para conformar entrenamiento y prueba (umbral operativo: 15 meses observados, 4 demandas positivas).",795.0
ITEM_1019,3,3,0.95,24.0,0.0,3.0,0.0,Intermitente,False,"Meses observados o demandas positivas insuficientes para conformar entrenamiento y prueba (umbral operativo: 15 meses observados, 4 demandas positivas).",1138.89
ITEM_1020,10,10,0.8333,3.3,4.0111,4.7778,0.3683,Intermitente,False,"Meses observados o demandas positivas insuficientes para conformar entrenamiento y prueba (umbral operativo: 15 meses observados, 4 demandas positivas).",5610.76
ITEM_1021,1,1,0.9833,2.0,0.0,60.0,0.0,Intermitente,False,"Meses observados o demandas positivas insuficientes para conformar entrenamiento y prueba (umbral operativo: 15 meses observados, 4 demandas positivas).",1580.0
ITEM_1023,1,1,0.9833,30.0,0.0,60.0,0.0,Intermitente,False,"Meses observados o demandas positivas insuficientes para conformar entrenamiento y prueba (umbral operativo: 15 meses observados, 4 demandas positivas).",1076.92
ITEM_1024,5,5,0.9167,6.2,11.2,7.25,0.2914,Intermitente,False,"Meses observados o demandas positivas insuficientes para conformar entrenamiento y prueba (umbral operativo: 15 meses observados, 4 demandas positivas).",2029.13
ITEM_1025,4,4,0.9333,6.5,3.0,3.3333,0.071,Intermitente,False,"Meses observados o demandas positivas insuficientes para conformar entrenamiento y prueba (umbral operativo: 15 meses observados, 4 demandas positivas).",1419.23
ITEM_1027,12,12,0.8,2.0,0.7273,4.0909,0.1818,Intermitente,False,"Meses observados o demandas positivas insuficientes para conformar entrenamiento y prueba (umbral operativo: 15 meses observados, 4 demandas positivas).",3285.79
ITEM_1028,1,1,0.9833,1.0,0.0,60.0,0.0,Intermitente,False,"Meses observados o demandas positivas insuficientes para conformar entrenamiento y prueba (umbral operativo: 15 meses observados, 4 demandas positivas).",783.4
ITEM_1029,1,1,0.9833,8.0,0.0,60.0,0.0,Intermitente,False,"Meses observados o demandas positivas insuficientes para conformar entrenamiento y prueba (umbral operativo: 15 meses observados, 4 demandas positivas).",781.19
ITEM_1030,1,1,0.9833,2.0,0.0,60.0,0.0,Intermitente,False,"Meses observados o demandas positivas insuficientes para conformar entrenamiento y prueba (umbral operativo: 15 meses observados, 4 demandas positivas).",780.0
ITEM_1031,1,1,0.9833,2.0,0.0,60.0,0.0,Intermitente,False,"Meses observados o demandas positivas insuficientes para conformar entrenamiento y prueba (umbral operativo: 15 meses observados, 4 demandas positivas).",780.0
ITEM_1032,3,3,0.95,14.6667,342.3333,2.5,1.5914,Lumpy,False,"Meses observados o demandas positivas insuficientes para conformar entrenamiento y prueba (umbral operativo: 15 meses observados, 4 demandas positivas).",1696.14
ITEM_1033,1,1,0.9833,12.0,0.0,60.0,0.0,Intermitente,False,"Meses observados o demandas positivas insuficientes para conformar entrenamiento y prueba (umbral operativo: 15 meses observados, 4 demandas positivas).",780.0
ITEM_1034,1,1,0.9833,6.0,0.0,60.0,0.0,Intermitente,False,"Meses observados o demandas positivas insuficientes para conformar entrenamiento y prueba (umbral operativo: 15 meses observados, 4 demandas positivas).",780.0
ITEM_1036,1,1,0.9833,16.0,0.0,60.0,0.0,Intermitente,False,"Meses observados o demandas positivas insuficientes para conformar entrenamiento y prueba (umbral operativo: 15 meses observados, 4 demandas positivas).",777.93
ITEM_1037,2,2,0.9667,8.0,50.0,5.0,0.7812,Lumpy,False,"Meses observados o demandas positivas insuficientes para conformar entrenamiento y prueba (umbral operativo: 15 meses observados, 4 demandas positivas).",956.92
ITEM_1038,2,2,0.9667,21.0,722.0,5.0,1.6372,Lumpy,False,"Meses observados o demandas positivas insuficientes para conformar entrenamiento y prueba (umbral operativo: 15 meses observados, 4 demandas positivas).",779.25
ITEM_1039,11,11,0.8167,10.4545,39.8727,6.9,0.3648,Intermitente,False,"Meses observados o demandas positivas insuficientes para conformar entrenamiento y prueba (umbral operativo: 15 meses observados, 4 demandas positivas).",4992.22
ITEM_1040,2,2,0.9667,24.0,0.0,5.0,0.0,Intermitente,False,"Meses observados o demandas positivas insuficientes para conformar entrenamiento y prueba (umbral operativo: 15 meses observados, 4 demandas positivas).",1164.81
ITEM_1041,2,2,0.9667,5.0,2.0,3.0,0.08,Intermitente,False,"Meses observados o demandas positivas insuficientes para conformar entrenamiento y prueba (umbral operativo: 15 meses observados, 4 demandas positivas).",1381.55
ITEM_1042,1,1,0.9833,11.0,0.0,60.0,0.0,Intermitente,False,"Meses observados o demandas positivas insuficientes para conformar entrenamiento y prueba (umbral operativo: 15 meses observados, 4 demandas positivas).",1416.07
ITEM_1043,1,1,0.9833,16.0,0.0,60.0,0.0,Intermitente,False,"Meses observados o demandas positivas insuficientes para conformar entrenamiento y prueba (umbral operativo: 15 meses observados, 4 demandas positivas).",771.49
ITEM_1044,1,1,0.9833,14.0,0.0,60.0,0.0,Intermitente,False,"Meses observados o demandas positivas insuficientes para conformar entrenamiento y prueba (umbral operativo: 15 meses observados, 4 demandas positivas).",771.4
ITEM_1046,2,2,0.9667,1.5,0.5,48.0,0.2222,Intermitente,False,"Meses observados o demandas positivas insuficientes para conformar entrenamiento y prueba (umbral operativo: 15 meses observados, 4 demandas positivas).",1479.73
ITEM_1047,12,12,0.8,2.6667,2.2424,3.8182,0.3153,Intermitente,False,"Meses observados o demandas positivas insuficientes para conformar entrenamiento y prueba (umbral operativo: 15 meses observados, 4 demandas positivas).",4483.48
ITEM_1049,1,1,0.9833,4.0,0.0,60.0,0.0,Intermitente,False,"Meses observados o demandas positivas insuficientes para conformar entrenamiento y prueba (umbral operativo: 15 meses observados, 4 demandas positivas).",767.0
ITEM_1051,1,1,0.9833,1.0,0.0,60.0,0.0,Intermitente,False,"Meses observados o demandas positivas insuficientes para conformar entrenamiento y prueba (umbral operativo: 15 meses observados, 4 demandas positivas).",765.14
ITEM_1052,2,2,0.9667,215.0,14450.0,2.0,0.3126,Intermitente,False,"Meses observados o demandas positivas insuficientes para conformar entrenamiento y prueba (umbral operativo: 15 meses observados, 4 demandas positivas).",1097.8
ITEM_1053,1,1,0.9833,2.0,0.0,60.0,0.0,Intermitente,False,"Meses observados o demandas positivas insuficientes para conformar entrenamiento y prueba (umbral operativo: 15 meses observados, 4 demandas positivas).",765.0
ITEM_1054,1,1,0.9833,36.0,0.0,60.0,0.0,Intermitente,False,"Meses observados o demandas positivas insuficientes para conformar entrenamiento y prueba (umbral operativo: 15 meses observados, 4 demandas positivas).",763.2
ITEM_1055,1,1,0.9833,4.0,0.0,60.0,0.0,Intermitente,False,"Meses observados o demandas positivas insuficientes para conformar entrenamiento y prueba (umbral operativo: 15 meses observados, 4 demandas positivas).",760.0
ITEM_1056,3,3,0.95,13.3333,37.3333,2.0,0.21,Intermitente,False,"Meses observados o demandas positivas insuficientes para conformar entrenamiento y prueba (umbral operativo: 15 meses observados, 4 demandas positivas).",845.51
ITEM_1058,2,2,0.9667,5.0,2.0,4.0,0.08,Intermitente,False,"Meses observados o demandas positivas insuficientes para conformar entrenamiento y prueba (umbral operativo: 15 meses observados, 4 demandas positivas).",933.67
ITEM_1059,1,1,0.9833,1.0,0.0,60.0,0.0,Intermitente,False,"Meses observados o demandas positivas insuficientes para conformar entrenamiento y prueba (umbral operativo: 15 meses observados, 4 demandas positivas).",757.88
ITEM_1060,5,5,0.9167,5.0,17.5,8.25,0.7,Lumpy,False,"Meses observados o demandas positivas insuficientes para conformar entrenamiento y prueba (umbral operativo: 15 meses observados, 4 demandas positivas).",3385.04
ITEM_1061,11,11,0.8167,17.1818,82.9636,6.4,0.281,Intermitente,False,"Meses observados o demandas positivas insuficientes para conformar entrenamiento y prueba (umbral operativo: 15 meses observados, 4 demandas positivas).",5807.97
ITEM_1062,1,1,0.9833,6.0,0.0,60.0,0.0,Intermitente,False,"Meses observados o demandas positivas insuficientes para conformar entrenamiento y prueba (umbral operativo: 15 meses observados, 4 demandas positivas).",755.28
ITEM_1063,1,1,0.9833,30.0,0.0,60.0,0.0,Intermitente,False,"Meses observados o demandas positivas insuficientes para conformar entrenamiento y prueba (umbral operativo: 15 meses observados, 4 demandas positivas).",750.0
ITEM_1064,1,1,0.9833,1.0,0.0,60.0,0.0,Intermitente,False,"Meses observados o demandas positivas insuficientes para conformar entrenamiento y prueba (umbral operativo: 15 meses observados, 4 demandas positivas).",750.0
ITEM_1065,3,3,0.95,6.6667,80.3333,8.5,1.8075,Lumpy,False,"Meses observados o demandas positivas insuficientes para conformar entrenamiento y prueba (umbral operativo: 15 meses observados, 4 demandas positivas).",1175.36
ITEM_1066,5,5,0.9167,5.0,30.5,6.0,1.22,Lumpy,False,"Meses observados o demandas positivas insuficientes para conformar entrenamiento y prueba (umbral operativo: 15 meses observados, 4 demandas positivas).",1237.92
ITEM_1067,2,2,0.9667,14.0,0.0,3.0,0.0,Intermitente,False,"Meses observados o demandas positivas insuficientes para conformar entrenamiento y prueba (umbral operativo: 15 meses observados, 4 demandas positivas).",1492.4
ITEM_1068,1,1,0.9833,2.0,0.0,60.0,0.0,Intermitente,False,"Meses observados o demandas positivas insuficientes para conformar entrenamiento y prueba (umbral operativo: 15 meses observados, 4 demandas positivas).",1490.84
ITEM_1069,9,9,0.85,2.4444,6.2778,5.0,1.0506,Lumpy,False,"Meses observados o demandas positivas insuficientes para conformar entrenamiento y prueba (umbral operativo: 15 meses observados, 4 demandas positivas).",2454.22
ITEM_1070,1,1,0.9833,10.0,0.0,60.0,0.0,Intermitente,False,"Meses observados o demandas positivas insuficientes para conformar entrenamiento y prueba (umbral operativo: 15 meses observados, 4 demandas positivas).",740.42
ITEM_1072,1,1,0.9833,2.0,0.0,60.0,0.0,Intermitente,False,"Meses observados o demandas positivas insuficientes para conformar entrenamiento y prueba (umbral operativo: 15 meses observados, 4 demandas positivas).",738.08
ITEM_1075,1,1,0.9833,6.0,0.0,60.0,0.0,Intermitente,False,"Meses observados o demandas positivas insuficientes para conformar entrenamiento y prueba (umbral operativo: 15 meses observados, 4 demandas positivas).",735.0
ITEM_1076,2,2,0.9667,5.5,0.5,2.0,0.0165,Intermitente,False,"Meses observados o demandas positivas insuficientes para conformar entrenamiento y prueba (umbral operativo: 15 meses observados, 4 demandas positivas).",903.68
ITEM_1078,1,1,0.9833,1.0,0.0,60.0,0.0,Intermitente,False,"Meses observados o demandas positivas insuficientes para conformar entrenamiento y prueba (umbral operativo: 15 meses observados, 4 demandas positivas).",732.65
ITEM_1079,1,1,0.9833,12.0,0.0,60.0,0.0,Intermitente,False,"Meses observados o demandas positivas insuficientes para conformar entrenamiento y prueba (umbral operativo: 15 meses observados, 4 demandas positivas).",731.46
ITEM_1080,1,1,0.9833,100.0,0.0,60.0,0.0,Intermitente,False,"Meses observados o demandas positivas insuficientes para conformar entrenamiento y prueba (umbral operativo: 15 meses observados, 4 demandas positivas).",731.0
ITEM_1081,3,3,0.95,5.0,19.0,3.5,0.76,Lumpy,False,"Meses observados o demandas positivas insuficientes para conformar entrenamiento y prueba (umbral operativo: 15 meses observados, 4 demandas positivas).",2123.21
ITEM_1082,1,1,0.9833,50.0,0.0,60.0,0.0,Intermitente,False,"Meses observados o demandas positivas insuficientes para conformar entrenamiento y prueba (umbral operativo: 15 meses observados, 4 demandas positivas).",729.5
ITEM_1083,1,1,0.9833,1.0,0.0,60.0,0.0,Intermitente,False,"Meses observados o demandas positivas insuficientes para conformar entrenamiento y prueba (umbral operativo: 15 meses observados, 4 demandas positivas).",729.4
ITEM_1084,1,1,0.9833,5.0,0.0,60.0,0.0,Intermitente,False,"Meses observados o demandas positivas insuficientes para conformar entrenamiento y prueba (umbral operativo: 15 meses observados, 4 demandas positivas).",725.45
ITEM_1085,1,1,0.9833,8.0,0.0,60.0,0.0,Intermitente,False,"Meses observados o demandas positivas insuficientes para conformar entrenamiento y prueba (umbral operativo: 15 meses observados, 4 demandas positivas).",724.72
ITEM_1086,2,2,0.9667,12.0,32.0,7.0,0.2222,Intermitente,False,"Meses observados o demandas positivas insuficientes para conformar entrenamiento y prueba (umbral operativo: 15 meses observados, 4 demandas positivas).",1029.71
ITEM_1087,2,2,0.9667,35.5,612.5,2.0,0.486,Intermitente,False,"Meses observados o demandas positivas insuficientes para conformar entrenamiento y prueba (umbral operativo: 15 meses observados, 4 demandas positivas).",735.61
ITEM_1088,1,1,0.9833,4.0,0.0,60.0,0.0,Intermitente,False,"Meses observados o demandas positivas insuficientes para conformar entrenamiento y prueba (umbral operativo: 15 meses observados, 4 demandas positivas).",720.86
ITEM_1089,1,1,0.9833,1.0,0.0,60.0,0.0,Intermitente,False,"Meses observados o demandas positivas insuficientes para conformar entrenamiento y prueba (umbral operativo: 15 meses observados, 4 demandas positivas).",720.0
ITEM_1090,3,3,0.95,2.6667,0.3333,4.0,0.0469,Intermitente,False,"Meses observados o demandas positivas insuficientes para conformar entrenamiento y prueba (umbral operativo: 15 meses observados, 4 demandas positivas).",1930.0
ITEM_1091,1,1,0.9833,20.0,0.0,60.0,0.0,Intermitente,False,"Meses observados o demandas positivas insuficientes para conformar entrenamiento y prueba (umbral operativo: 15 meses observados, 4 demandas positivas).",720.0
ITEM_1092,2,2,0.9667,3.0,2.0,5.0,0.2222,Intermitente,False,"Meses observados o demandas positivas insuficientes para conformar entrenamiento y prueba (umbral operativo: 15 meses observados, 4 demandas positivas).",1077.54
ITEM_1093,1,1,0.9833,1.0,0.0,60.0,0.0,Intermitente,False,"Meses observados o demandas positivas insuficientes para conformar entrenamiento y prueba (umbral operativo: 15 meses observados, 4 demandas positivas).",715.5
ITEM_1094,1,1,0.9833,1.0,0.0,60.0,0.0,Intermitente,False,"Meses observados o demandas positivas insuficientes para conformar entrenamiento y prueba (umbral operativo: 15 meses observados, 4 demandas positivas).",715.18
ITEM_1098,1,1,0.9833,15.0,0.0,60.0,0.0,Intermitente,False,"Meses observados o demandas positivas insuficientes para conformar entrenamiento y prueba (umbral operativo: 15 meses observados, 4 demandas positivas).",714.0
ITEM_1099,2,2,0.9667,1.0,0.0,29.0,0.0,Intermitente,False,"Meses observados o demandas positivas insuficientes para conformar entrenamiento y prueba (umbral operativo: 15 meses observados, 4 demandas positivas).",1316.35
ITEM_1102,1,1,0.9833,1.0,0.0,60.0,0.0,Intermitente,False,"Meses observados o demandas positivas insuficientes para conformar entrenamiento y prueba (umbral operativo: 15 meses observados, 4 demandas positivas).",710.0
ITEM_1103,1,1,0.9833,4.0,0.0,60.0,0.0,Intermitente,False,"Meses observados o demandas positivas insuficientes para conformar entrenamiento y prueba (umbral operativo: 15 meses observados, 4 demandas positivas).",1400.54
ITEM_1104,1,1,0.9833,45.0,0.0,60.0,0.0,Intermitente,False,"Meses observados o demandas positivas insuficientes para conformar entrenamiento y prueba (umbral operativo: 15 meses observados, 4 demandas positivas).",703.53
ITEM_1106,1,1,0.9833,1.0,0.0,60.0,0.0,Intermitente,False,"Meses observados o demandas positivas insuficientes para conformar entrenamiento y prueba (umbral operativo: 15 meses observados, 4 demandas positivas).",702.5
ITEM_1107,3,3,0.95,12.0,0.0,3.0,0.0,Intermitente,False,"Meses observados o demandas positivas insuficientes para conformar entrenamiento y prueba (umbral operativo: 15 meses observados, 4 demandas positivas).",1592.25
ITEM_1108,1,1,0.9833,2.0,0.0,60.0,0.0,Intermitente,False,"Meses observados o demandas positivas insuficientes para conformar entrenamiento y prueba (umbral operativo: 15 meses observados, 4 demandas positivas).",700.68
ITEM_1109,1,1,0.9833,1.0,0.0,60.0,0.0,Intermitente,False,"Meses observados o demandas positivas insuficientes para conformar entrenamiento y prueba (umbral operativo: 15 meses observados, 4 demandas positivas).",699.75
ITEM_1110,1,1,0.9833,1.0,0.0,60.0,0.0,Intermitente,False,"Meses observados o demandas positivas insuficientes para conformar entrenamiento y prueba (umbral operativo: 15 meses observados, 4 demandas positivas).",699.75
ITEM_1112,3,3,0.95,2.0,0.0,3.0,0.0,Intermitente,False,"Meses observados o demandas positivas insuficientes para conformar entrenamiento y prueba (umbral operativo: 15 meses observados, 4 demandas positivas).",920.87
ITEM_1113,1,1,0.9833,16.0,0.0,60.0,0.0,Intermitente,False,"Meses observados o demandas positivas insuficientes para conformar entrenamiento y prueba (umbral operativo: 15 meses observados, 4 demandas positivas).",698.22
ITEM_1116,1,1,0.9833,4.0,0.0,60.0,0.0,Intermitente,False,"Meses observados o demandas positivas insuficientes para conformar entrenamiento y prueba (umbral operativo: 15 meses observados, 4 demandas positivas).",696.0
ITEM_1117,2,2,0.9667,12.0,0.0,3.0,0.0,Intermitente,False,"Meses observados o demandas positivas insuficientes para conformar entrenamiento y prueba (umbral operativo: 15 meses observados, 4 demandas positivas).",1390.08
ITEM_1118,1,1,0.9833,10.0,0.0,60.0,0.0,Intermitente,False,"Meses observados o demandas positivas insuficientes para conformar entrenamiento y prueba (umbral operativo: 15 meses observados, 4 demandas positivas).",694.88
ITEM_1120,1,1,0.9833,3.0,0.0,60.0,0.0,Intermitente,False,"Meses observados o demandas positivas insuficientes para conformar entrenamiento y prueba (umbral operativo: 15 meses observados, 4 demandas positivas).",690.0
ITEM_1121,3,3,0.95,36.0,1008.0,14.0,0.7778,Lumpy,False,"Meses observados o demandas positivas insuficientes para conformar entrenamiento y prueba (umbral operativo: 15 meses observados, 4 demandas positivas).",1371.6
ITEM_1122,1,1,0.9833,6.0,0.0,60.0,0.0,Intermitente,False,"Meses observados o demandas positivas insuficientes para conformar entrenamiento y prueba (umbral operativo: 15 meses observados, 4 demandas positivas).",688.57
ITEM_1123,1,1,0.9833,3.0,0.0,60.0,0.0,Intermitente,False,"Meses observados o demandas positivas insuficientes para conformar entrenamiento y prueba (umbral operativo: 15 meses observados, 4 demandas positivas).",688.34
ITEM_1124,1,1,0.9833,3.0,0.0,60.0,0.0,Intermitente,False,"Meses observados o demandas positivas insuficientes para conformar entrenamiento y prueba (umbral operativo: 15 meses observados, 4 demandas positivas).",688.34
ITEM_1125,1,1,0.9833,3.0,0.0,60.0,0.0,Intermitente,False,"Meses observados o demandas positivas insuficientes para conformar entrenamiento y prueba (umbral operativo: 15 meses observados, 4 demandas positivas).",688.34
ITEM_1126,1,1,0.9833,3.0,0.0,60.0,0.0,Intermitente,False,"Meses observados o demandas positivas insuficientes para conformar entrenamiento y prueba (umbral operativo: 15 meses observados, 4 demandas positivas).",688.34
ITEM_1127,13,13,0.7833,58.1538,1112.3077,3.4167,0.3289,Intermitente,False,"Meses observados o demandas positivas insuficientes para conformar entrenamiento y prueba (umbral operativo: 15 meses observados, 4 demandas positivas).",3877.54
ITEM_1128,1,1,0.9833,2.0,0.0,60.0,0.0,Intermitente,False,"Meses observados o demandas positivas insuficientes para conformar entrenamiento y prueba (umbral operativo: 15 meses observados, 4 demandas positivas).",685.13
ITEM_1129,1,1,0.9833,10.0,0.0,60.0,0.0,Intermitente,False,"Meses observados o demandas positivas insuficientes para conformar entrenamiento y prueba (umbral operativo: 15 meses observados, 4 demandas positivas).",684.8
ITEM_1131,1,1,0.9833,4.0,0.0,60.0,0.0,Intermitente,False,"Meses observados o demandas positivas insuficientes para conformar entrenamiento y prueba (umbral operativo: 15 meses observados, 4 demandas positivas).",681.6
ITEM_1133,1,1,0.9833,1.0,0.0,60.0,0.0,Intermitente,False,"Meses observados o demandas positivas insuficientes para conformar entrenamiento y prueba (umbral operativo: 15 meses observados, 4 demandas positivas).",680.15
ITEM_1134,10,10,0.8333,86.5,5366.9444,4.5556,0.7173,Lumpy,False,"Meses observados o demandas positivas insuficientes para conformar entrenamiento y prueba (umbral operativo: 15 meses observados, 4 demandas positivas).",2709.44
ITEM_1135,1,1,0.9833,1.0,0.0,60.0,0.0,Intermitente,False,"Meses observados o demandas positivas insuficientes para conformar entrenamiento y prueba (umbral operativo: 15 meses observados, 4 demandas positivas).",680.0
ITEM_1136,1,1,0.9833,80.0,0.0,60.0,0.0,Intermitente,False,"Meses observados o demandas positivas insuficientes para conformar entrenamiento y prueba (umbral operativo: 15 meses observados, 4 demandas positivas).",680.0
ITEM_1137,12,12,0.8,6.5,11.5455,5.7273,0.2733,Intermitente,False,"Meses observados o demandas positivas insuficientes para conformar entrenamiento y prueba (umbral operativo: 15 meses observados, 4 demandas positivas).",3550.47
ITEM_1139,3,3,0.95,33.3333,758.3333,15.0,0.6825,Lumpy,False,"Meses observados o demandas positivas insuficientes para conformar entrenamiento y prueba (umbral operativo: 15 meses observados, 4 demandas positivas).",1577.16
ITEM_1141,1,1,0.9833,56.0,0.0,60.0,0.0,Intermitente,False,"Meses observados o demandas positivas insuficientes para conformar entrenamiento y prueba (umbral operativo: 15 meses observados, 4 demandas positivas).",1170.05
ITEM_1142,3,3,0.95,28.6667,65.3333,15.5,0.0795,Intermitente,False,"Meses observados o demandas positivas insuficientes para conformar entrenamiento y prueba (umbral operativo: 15 meses observados, 4 demandas positivas).",1697.03
ITEM_1143,1,1,0.9833,2.0,0.0,60.0,0.0,Intermitente,False,"Meses observados o demandas positivas insuficientes para conformar entrenamiento y prueba (umbral operativo: 15 meses observados, 4 demandas positivas).",670.52
ITEM_1144,2,2,0.9667,12.0,0.0,3.0,0.0,Intermitente,False,"Meses observados o demandas positivas insuficientes para conformar entrenamiento y prueba (umbral operativo: 15 meses observados, 4 demandas positivas).",1340.16
ITEM_1145,1,1,0.9833,1.0,0.0,60.0,0.0,Intermitente,False,"Meses observados o demandas positivas insuficientes para conformar entrenamiento y prueba (umbral operativo: 15 meses observados, 4 demandas positivas).",669.64
ITEM_1146,2,2,0.9667,5.0,2.0,9.0,0.08,Intermitente,False,"Meses observados o demandas positivas insuficientes para conformar entrenamiento y prueba (umbral operativo: 15 meses observados, 4 demandas positivas).",1352.01
ITEM_1147,3,3,0.95,46.0,1884.0,7.5,0.8904,Lumpy,False,"Meses observados o demandas positivas insuficientes para conformar entrenamiento y prueba (umbral operativo: 15 meses observados, 4 demandas positivas).",932.68
ITEM_1148,1,1,0.9833,4.0,0.0,60.0,0.0,Intermitente,False,"Meses observados o demandas positivas insuficientes para conformar entrenamiento y prueba (umbral operativo: 15 meses observados, 4 demandas positivas).",666.33
ITEM_1149,1,1,0.9833,10.0,0.0,60.0,0.0,Intermitente,False,"Meses observados o demandas positivas insuficientes para conformar entrenamiento y prueba (umbral operativo: 15 meses observados, 4 demandas positivas).",665.76
ITEM_1150,1,1,0.9833,80.0,0.0,60.0,0.0,Intermitente,False,"Meses observados o demandas positivas insuficientes para conformar entrenamiento y prueba (umbral operativo: 15 meses observados, 4 demandas positivas).",664.0
ITEM_1151,1,1,0.9833,100.0,0.0,60.0,0.0,Intermitente,False,"Meses observados o demandas positivas insuficientes para conformar entrenamiento y prueba (umbral operativo: 15 meses observados, 4 demandas positivas).",662.34
ITEM_1152,1,1,0.9833,1.0,0.0,60.0,0.0,Intermitente,False,"Meses observados o demandas positivas insuficientes para conformar entrenamiento y prueba (umbral operativo: 15 meses observados, 4 demandas positivas).",662.0
ITEM_1153,3,3,0.95,1.0,0.0,21.5,0.0,Intermitente,False,"Meses observados o demandas positivas insuficientes para conformar entrenamiento y prueba (umbral operativo: 15 meses observados, 4 demandas positivas).",667.93
ITEM_1154,2,2,0.9667,1.0,0.0,6.0,0.0,Intermitente,False,"Meses observados o demandas positivas insuficientes para conformar entrenamiento y prueba (umbral operativo: 15 meses observados, 4 demandas positivas).",1248.45
ITEM_1155,1,1,0.9833,2.0,0.0,60.0,0.0,Intermitente,False,"Meses observados o demandas positivas insuficientes para conformar entrenamiento y prueba (umbral operativo: 15 meses observados, 4 demandas positivas).",657.46
ITEM_1156,12,12,0.8,16.25,85.8409,3.7273,0.3251,Intermitente,False,"Meses observados o demandas positivas insuficientes para conformar entrenamiento y prueba (umbral operativo: 15 meses observados, 4 demandas positivas).",3969.9
ITEM_1157,2,2,0.9667,5.5,40.5,13.0,1.3388,Lumpy,False,"Meses observados o demandas positivas insuficientes para conformar entrenamiento y prueba (umbral operativo: 15 meses observados, 4 demandas positivas).",952.72
ITEM_1158,1,1,0.9833,6.0,0.0,60.0,0.0,Intermitente,False,"Meses observados o demandas positivas insuficientes para conformar entrenamiento y prueba (umbral operativo: 15 meses observados, 4 demandas positivas).",653.07
ITEM_1159,1,1,0.9833,1.0,0.0,60.0,0.0,Intermitente,False,"Meses observados o demandas positivas insuficientes para conformar entrenamiento y prueba (umbral operativo: 15 meses observados, 4 demandas positivas).",652.47
ITEM_1160,5,5,0.9167,130.0,4500.0,6.5,0.2663,Intermitente,False,"Meses observados o demandas positivas insuficientes para conformar entrenamiento y prueba (umbral operativo: 15 meses observados, 4 demandas positivas).",1893.47
ITEM_1161,1,1,0.9833,5.0,0.0,60.0,0.0,Intermitente,False,"Meses observados o demandas positivas insuficientes para conformar entrenamiento y prueba (umbral operativo: 15 meses observados, 4 demandas positivas).",650.95
ITEM_1162,2,2,0.9667,2.5,4.5,5.0,0.72,Lumpy,False,"Meses observados o demandas positivas insuficientes para conformar entrenamiento y prueba (umbral operativo: 15 meses observados, 4 demandas positivas).",1301.3
ITEM_1163,1,1,0.9833,20.0,0.0,60.0,0.0,Intermitente,False,"Meses observados o demandas positivas insuficientes para conformar entrenamiento y prueba (umbral operativo: 15 meses observados, 4 demandas positivas).",650.58
ITEM_1164,2,2,0.9667,1.0,0.0,34.0,0.0,Intermitente,False,"Meses observados o demandas positivas insuficientes para conformar entrenamiento y prueba (umbral operativo: 15 meses observados, 4 demandas positivas).",1300.0
ITEM_1165,2,2,0.9667,5.5,40.5,54.0,1.3388,Lumpy,False,"Meses observados o demandas positivas insuficientes para conformar entrenamiento y prueba (umbral operativo: 15 meses observados, 4 demandas positivas).",723.71
ITEM_1166,1,1,0.9833,4.0,0.0,60.0,0.0,Intermitente,False,"Meses observados o demandas positivas insuficientes para conformar entrenamiento y prueba (umbral operativo: 15 meses observados, 4 demandas positivas).",648.32
ITEM_1167,1,1,0.9833,4.0,0.0,60.0,0.0,Intermitente,False,"Meses observados o demandas positivas insuficientes para conformar entrenamiento y prueba (umbral operativo: 15 meses observados, 4 demandas positivas).",648.32
ITEM_1168,1,1,0.9833,1.0,0.0,60.0,0.0,Intermitente,False,"Meses observados o demandas positivas insuficientes para conformar entrenamiento y prueba (umbral operativo: 15 meses observados, 4 demandas positivas).",648.0
ITEM_1169,1,1,0.9833,7.0,0.0,60.0,0.0,Intermitente,False,"Meses observados o demandas positivas insuficientes para conformar entrenamiento y prueba (umbral operativo: 15 meses observados, 4 demandas positivas).",646.76
ITEM_1170,1,1,0.9833,6.0,0.0,60.0,0.0,Intermitente,False,"Meses observados o demandas positivas insuficientes para conformar entrenamiento y prueba (umbral operativo: 15 meses observados, 4 demandas positivas).",646.11
ITEM_1171,2,2,0.9667,200.0,20000.0,2.0,0.5,Lumpy,False,"Meses observados o demandas positivas insuficientes para conformar entrenamiento y prueba (umbral operativo: 15 meses observados, 4 demandas positivas).",861.0
ITEM_1172,3,3,0.95,2.6667,4.3333,14.0,0.6094,Lumpy,False,"Meses observados o demandas positivas insuficientes para conformar entrenamiento y prueba (umbral operativo: 15 meses observados, 4 demandas positivas).",1792.35
ITEM_1174,1,1,0.9833,4.0,0.0,60.0,0.0,Intermitente,False,"Meses observados o demandas positivas insuficientes para conformar entrenamiento y prueba (umbral operativo: 15 meses observados, 4 demandas positivas).",792.87
ITEM_1175,1,1,0.9833,150.0,0.0,60.0,0.0,Intermitente,False,"Meses observados o demandas positivas insuficientes para conformar entrenamiento y prueba (umbral operativo: 15 meses observados, 4 demandas positivas).",642.5
ITEM_1176,1,1,0.9833,6.0,0.0,60.0,0.0,Intermitente,False,"Meses observados o demandas positivas insuficientes para conformar entrenamiento y prueba (umbral operativo: 15 meses observados, 4 demandas positivas).",642.36
ITEM_1177,1,1,0.9833,1.0,0.0,60.0,0.0,Intermitente,False,"Meses observados o demandas positivas insuficientes para conformar entrenamiento y prueba (umbral operativo: 15 meses observados, 4 demandas positivas).",640.93
ITEM_1178,2,2,0.9667,1.0,0.0,10.0,0.0,Intermitente,False,"Meses observados o demandas positivas insuficientes para conformar entrenamiento y prueba (umbral operativo: 15 meses observados, 4 demandas positivas).",904.89
ITEM_1180,2,2,0.9667,2.0,0.0,7.0,0.0,Intermitente,False,"Meses observados o demandas positivas insuficientes para conformar entrenamiento y prueba (umbral operativo: 15 meses observados, 4 demandas positivas).",1280.0
ITEM_1181,1,1,0.9833,2.0,0.0,60.0,0.0,Intermitente,False,"Meses observados o demandas positivas insuficientes para conformar entrenamiento y prueba (umbral operativo: 15 meses observados, 4 demandas positivas).",640.0
ITEM_1184,1,1,0.9833,1.0,0.0,60.0,0.0,Intermitente,False,"Meses observados o demandas positivas insuficientes para conformar entrenamiento y prueba (umbral operativo: 15 meses observados, 4 demandas positivas).",639.52
ITEM_1185,34,34,0.4333,20.1765,221.7255,2.7879,0.5447,Lumpy,True,,1766.8
ITEM_1186,1,1,0.9833,1.0,0.0,60.0,0.0,Intermitente,False,"Meses observados o demandas positivas insuficientes para conformar entrenamiento y prueba (umbral operativo: 15 meses observados, 4 demandas positivas).",636.71
ITEM_1187,1,1,0.9833,3.0,0.0,60.0,0.0,Intermitente,False,"Meses observados o demandas positivas insuficientes para conformar entrenamiento y prueba (umbral operativo: 15 meses observados, 4 demandas positivas).",1909.87
ITEM_1188,9,9,0.85,10.2222,136.6944,4.875,1.3082,Lumpy,False,"Meses observados o demandas positivas insuficientes para conformar entrenamiento y prueba (umbral operativo: 15 meses observados, 4 demandas positivas).",1280.13
ITEM_1190,3,3,0.95,55.6667,170.3333,4.0,0.055,Intermitente,False,"Meses observados o demandas positivas insuficientes para conformar entrenamiento y prueba (umbral operativo: 15 meses observados, 4 demandas positivas).",1061.14
ITEM_1191,1,1,0.9833,1.0,0.0,60.0,0.0,Intermitente,False,"Meses observados o demandas positivas insuficientes para conformar entrenamiento y prueba (umbral operativo: 15 meses observados, 4 demandas positivas).",630.82
ITEM_1192,1,1,0.9833,5.0,0.0,60.0,0.0,Intermitente,False,"Meses observados o demandas positivas insuficientes para conformar entrenamiento y prueba (umbral operativo: 15 meses observados, 4 demandas positivas).",630.71
ITEM_1194,10,10,0.8333,3.7,4.0111,7.0,0.293,Intermitente,False,"Meses observados o demandas positivas insuficientes para conformar entrenamiento y prueba (umbral operativo: 15 meses observados, 4 demandas positivas).",3762.84
ITEM_1195,6,6,0.9,14.0,78.0,3.8,0.398,Intermitente,False,"Meses observados o demandas positivas insuficientes para conformar entrenamiento y prueba (umbral operativo: 15 meses observados, 4 demandas positivas).",1898.07
ITEM_1196,1,1,0.9833,2.0,0.0,60.0,0.0,Intermitente,False,"Meses observados o demandas positivas insuficientes para conformar entrenamiento y prueba (umbral operativo: 15 meses observados, 4 demandas positivas).",628.96
ITEM_1197,1,1,0.9833,3.0,0.0,60.0,0.0,Intermitente,False,"Meses observados o demandas positivas insuficientes para conformar entrenamiento y prueba (umbral operativo: 15 meses observados, 4 demandas positivas).",628.34
ITEM_1198,3,3,0.95,7.0,0.0,3.0,0.0,Intermitente,False,"Meses observados o demandas positivas insuficientes para conformar entrenamiento y prueba (umbral operativo: 15 meses observados, 4 demandas positivas).",1259.36
ITEM_1199,3,3,0.95,24.0,0.0,3.0,0.0,Intermitente,False,"Meses observados o demandas positivas insuficientes para conformar entrenamiento y prueba (umbral operativo: 15 meses observados, 4 demandas positivas).",1266.86
ITEM_1200,1,1,0.9833,1.0,0.0,60.0,0.0,Intermitente,False,"Meses observados o demandas positivas insuficientes para conformar entrenamiento y prueba (umbral operativo: 15 meses observados, 4 demandas positivas).",625.54
ITEM_1201,2,2,0.9667,3.0,0.72,2.0,0.08,Intermitente,False,"Meses observados o demandas positivas insuficientes para conformar entrenamiento y prueba (umbral operativo: 15 meses observados, 4 demandas positivas).",1144.6
ITEM_1202,2,2,0.9667,70.0,1800.0,2.0,0.3673,Intermitente,False,"Meses observados o demandas positivas insuficientes para conformar entrenamiento y prueba (umbral operativo: 15 meses observados, 4 demandas positivas).",746.24
ITEM_1203,2,2,0.9667,2.5,0.5,4.0,0.08,Intermitente,False,"Meses observados o demandas positivas insuficientes para conformar entrenamiento y prueba (umbral operativo: 15 meses observados, 4 demandas positivas).",634.75
ITEM_1204,15,15,0.75,6.8667,21.2667,3.2857,0.451,Intermitente,True,,4550.04
ITEM_1205,1,1,0.9833,550.0,0.0,60.0,0.0,Intermitente,False,"Meses observados o demandas positivas insuficientes para conformar entrenamiento y prueba (umbral operativo: 15 meses observados, 4 demandas positivas).",620.0
ITEM_1206,2,2,0.9667,14.0,0.0,3.0,0.0,Intermitente,False,"Meses observados o demandas positivas insuficientes para conformar entrenamiento y prueba (umbral operativo: 15 meses observados, 4 demandas positivas).",1235.0
ITEM_1207,2,2,0.9667,38.5,684.5,2.0,0.4618,Intermitente,False,"Meses observados o demandas positivas insuficientes para conformar entrenamiento y prueba (umbral operativo: 15 meses observados, 4 demandas positivas).",837.1
ITEM_1208,2,2,0.9667,48.0,0.0,3.0,0.0,Intermitente,False,"Meses observados o demandas positivas insuficientes para conformar entrenamiento y prueba (umbral operativo: 15 meses observados, 4 demandas positivas).",1234.56
ITEM_1210,1,1,0.9833,1.0,0.0,60.0,0.0,Intermitente,False,"Meses observados o demandas positivas insuficientes para conformar entrenamiento y prueba (umbral operativo: 15 meses observados, 4 demandas positivas).",616.43
ITEM_1211,2,2,0.9667,1.5,0.5,5.0,0.2222,Intermitente,False,"Meses observados o demandas positivas insuficientes para conformar entrenamiento y prueba (umbral operativo: 15 meses observados, 4 demandas positivas).",730.83
ITEM_1212,4,4,0.9333,15.5,86.3333,9.0,0.3593,Intermitente,False,"Meses observados o demandas positivas insuficientes para conformar entrenamiento y prueba (umbral operativo: 15 meses observados, 4 demandas positivas).",1672.08
ITEM_1213,1,1,0.9833,9.0,0.0,60.0,0.0,Intermitente,False,"Meses observados o demandas positivas insuficientes para conformar entrenamiento y prueba (umbral operativo: 15 meses observados, 4 demandas positivas).",612.96
ITEM_1214,1,1,0.9833,5.0,0.0,60.0,0.0,Intermitente,False,"Meses observados o demandas positivas insuficientes para conformar entrenamiento y prueba (umbral operativo: 15 meses observados, 4 demandas positivas).",675.72
ITEM_1216,9,9,0.85,25.7778,252.4444,7.75,0.3799,Intermitente,False,"Meses observados o demandas positivas insuficientes para conformar entrenamiento y prueba (umbral operativo: 15 meses observados, 4 demandas positivas).",3917.83
ITEM_1217,6,6,0.9,4.3333,9.8667,6.6,0.5254,Lumpy,False,"Meses observados o demandas positivas insuficientes para conformar entrenamiento y prueba (umbral operativo: 15 meses observados, 4 demandas positivas).",716.48
ITEM_1218,2,2,0.9667,15.0,50.0,2.0,0.2222,Intermitente,False,"Meses observados o demandas positivas insuficientes para conformar entrenamiento y prueba (umbral operativo: 15 meses observados, 4 demandas positivas).",1146.1
ITEM_1219,1,1,0.9833,4.0,0.0,60.0,0.0,Intermitente,False,"Meses observados o demandas positivas insuficientes para conformar entrenamiento y prueba (umbral operativo: 15 meses observados, 4 demandas positivas).",604.8
ITEM_1220,3,3,0.95,78.0,7812.0,12.5,1.284,Lumpy,False,"Meses observados o demandas positivas insuficientes para conformar entrenamiento y prueba (umbral operativo: 15 meses observados, 4 demandas positivas).",1430.53
ITEM_1221,2,2,0.9667,4.0,0.0,35.0,0.0,Intermitente,False,"Meses observados o demandas positivas insuficientes para conformar entrenamiento y prueba (umbral operativo: 15 meses observados, 4 demandas positivas).",976.49
ITEM_1222,1,1,0.9833,2.0,0.0,60.0,0.0,Intermitente,False,"Meses observados o demandas positivas insuficientes para conformar entrenamiento y prueba (umbral operativo: 15 meses observados, 4 demandas positivas).",604.0
ITEM_1223,1,1,0.9833,1.0,0.0,60.0,0.0,Intermitente,False,"Meses observados o demandas positivas insuficientes para conformar entrenamiento y prueba (umbral operativo: 15 meses observados, 4 demandas positivas).",603.11
ITEM_1225,3,3,0.95,9.0,7.0,8.5,0.0864,Intermitente,False,"Meses observados o demandas positivas insuficientes para conformar entrenamiento y prueba (umbral operativo: 15 meses observados, 4 demandas positivas).",1555.78
ITEM_1226,4,4,0.9333,9.25,4.9167,11.0,0.0575,Intermitente,False,"Meses observados o demandas positivas insuficientes para conformar entrenamiento y prueba (umbral operativo: 15 meses observados, 4 demandas positivas).",2029.68
ITEM_1227,1,1,0.9833,4.0,0.0,60.0,0.0,Intermitente,False,"Meses observados o demandas positivas insuficientes para conformar entrenamiento y prueba (umbral operativo: 15 meses observados, 4 demandas positivas).",600.6
ITEM_1228,1,1,0.9833,1.0,0.0,60.0,0.0,Intermitente,False,"Meses observados o demandas positivas insuficientes para conformar entrenamiento y prueba (umbral operativo: 15 meses observados, 4 demandas positivas).",600.0
ITEM_1229,2,2,0.9667,1.5,0.5,8.0,0.2222,Intermitente,False,"Meses observados o demandas positivas insuficientes para conformar entrenamiento y prueba (umbral operativo: 15 meses observados, 4 demandas positivas).",679.86
ITEM_1230,9,9,0.85,113.8889,22423.6111,5.125,1.7288,Lumpy,False,"Meses observados o demandas positivas insuficientes para conformar entrenamiento y prueba (umbral operativo: 15 meses observados, 4 demandas positivas).",1391.01
ITEM_1231,1,1,0.9833,8.0,0.0,60.0,0.0,Intermitente,False,"Meses observados o demandas positivas insuficientes para conformar entrenamiento y prueba (umbral operativo: 15 meses observados, 4 demandas positivas).",598.1
ITEM_1232,1,1,0.9833,4.0,0.0,60.0,0.0,Intermitente,False,"Meses observados o demandas positivas insuficientes para conformar entrenamiento y prueba (umbral operativo: 15 meses observados, 4 demandas positivas).",598.02
ITEM_1233,1,1,0.9833,60.0,0.0,60.0,0.0,Intermitente,False,"Meses observados o demandas positivas insuficientes para conformar entrenamiento y prueba (umbral operativo: 15 meses observados, 4 demandas positivas).",598.0
ITEM_1234,1,1,0.9833,20.0,0.0,60.0,0.0,Intermitente,False,"Meses observados o demandas positivas insuficientes para conformar entrenamiento y prueba (umbral operativo: 15 meses observados, 4 demandas positivas).",597.94
ITEM_1235,8,8,0.8667,3.125,2.6964,3.8571,0.2761,Intermitente,False,"Meses observados o demandas positivas insuficientes para conformar entrenamiento y prueba (umbral operativo: 15 meses observados, 4 demandas positivas).",2974.14
ITEM_1236,1,1,0.9833,180.0,0.0,60.0,0.0,Intermitente,False,"Meses observados o demandas positivas insuficientes para conformar entrenamiento y prueba (umbral operativo: 15 meses observados, 4 demandas positivas).",597.6
ITEM_1237,1,1,0.9833,4.0,0.0,60.0,0.0,Intermitente,False,"Meses observados o demandas positivas insuficientes para conformar entrenamiento y prueba (umbral operativo: 15 meses observados, 4 demandas positivas).",1194.48
ITEM_1238,1,1,0.9833,1.0,0.0,60.0,0.0,Intermitente,False,"Meses observados o demandas positivas insuficientes para conformar entrenamiento y prueba (umbral operativo: 15 meses observados, 4 demandas positivas).",595.71
ITEM_1239,1,1,0.9833,160.0,0.0,60.0,0.0,Intermitente,False,"Meses observados o demandas positivas insuficientes para conformar entrenamiento y prueba (umbral operativo: 15 meses observados, 4 demandas positivas).",595.68
ITEM_1240,2,2,0.9667,3.0,2.0,5.0,0.2222,Intermitente,False,"Meses observados o demandas positivas insuficientes para conformar entrenamiento y prueba (umbral operativo: 15 meses observados, 4 demandas positivas).",889.38
ITEM_1241,1,1,0.9833,6.0,0.0,60.0,0.0,Intermitente,False,"Meses observados o demandas positivas insuficientes para conformar entrenamiento y prueba (umbral operativo: 15 meses observados, 4 demandas positivas).",592.92
ITEM_1242,1,1,0.9833,8.0,0.0,60.0,0.0,Intermitente,False,"Meses observados o demandas positivas insuficientes para conformar entrenamiento y prueba (umbral operativo: 15 meses observados, 4 demandas positivas).",592.8
ITEM_1243,3,3,0.95,12.0,0.0,3.0,0.0,Intermitente,False,"Meses observados o demandas positivas insuficientes para conformar entrenamiento y prueba (umbral operativo: 15 meses observados, 4 demandas positivas).",1379.4
ITEM_1245,1,1,0.9833,85.0,0.0,60.0,0.0,Intermitente,False,"Meses observados o demandas positivas insuficientes para conformar entrenamiento y prueba (umbral operativo: 15 meses observados, 4 demandas positivas).",590.33
ITEM_1246,4,4,0.9333,1.25,0.25,10.6667,0.16,Intermitente,False,"Meses observados o demandas positivas insuficientes para conformar entrenamiento y prueba (umbral operativo: 15 meses observados, 4 demandas positivas).",764.1
ITEM_1247,1,1,0.9833,1.0,0.0,60.0,0.0,Intermitente,False,"Meses observados o demandas positivas insuficientes para conformar entrenamiento y prueba (umbral operativo: 15 meses observados, 4 demandas positivas).",588.77
ITEM_1248,1,1,0.9833,2.0,0.0,60.0,0.0,Intermitente,False,"Meses observados o demandas positivas insuficientes para conformar entrenamiento y prueba (umbral operativo: 15 meses observados, 4 demandas positivas).",588.3
ITEM_1249,1,1,0.9833,4.0,0.0,60.0,0.0,Intermitente,False,"Meses observados o demandas positivas insuficientes para conformar entrenamiento y prueba (umbral operativo: 15 meses observados, 4 demandas positivas).",588.0
ITEM_1250,1,1,0.9833,20.0,0.0,60.0,0.0,Intermitente,False,"Meses observados o demandas positivas insuficientes para conformar entrenamiento y prueba (umbral operativo: 15 meses observados, 4 demandas positivas).",587.85
ITEM_1252,1,1,0.9833,3.0,0.0,60.0,0.0,Intermitente,False,"Meses observados o demandas positivas insuficientes para conformar entrenamiento y prueba (umbral operativo: 15 meses observados, 4 demandas positivas).",585.0
ITEM_1253,1,1,0.9833,20.0,0.0,60.0,0.0,Intermitente,False,"Meses observados o demandas positivas insuficientes para conformar entrenamiento y prueba (umbral operativo: 15 meses observados, 4 demandas positivas).",584.02
ITEM_1254,5,5,0.9167,228.0,117698.0,4.25,2.2641,Lumpy,False,"Meses observados o demandas positivas insuficientes para conformar entrenamiento y prueba (umbral operativo: 15 meses observados, 4 demandas positivas).",1920.05
ITEM_1255,1,1,0.9833,10.0,0.0,60.0,0.0,Intermitente,False,"Meses observados o demandas positivas insuficientes para conformar entrenamiento y prueba (umbral operativo: 15 meses observados, 4 demandas positivas).",580.0
ITEM_1256,1,1,0.9833,1.0,0.0,60.0,0.0,Intermitente,False,"Meses observados o demandas positivas insuficientes para conformar entrenamiento y prueba (umbral operativo: 15 meses observados, 4 demandas positivas).",578.9
ITEM_1257,1,1,0.9833,4.0,0.0,60.0,0.0,Intermitente,False,"Meses observados o demandas positivas insuficientes para conformar entrenamiento y prueba (umbral operativo: 15 meses observados, 4 demandas positivas).",578.84
ITEM_1258,1,1,0.9833,2.0,0.0,60.0,0.0,Intermitente,False,"Meses observados o demandas positivas insuficientes para conformar entrenamiento y prueba (umbral operativo: 15 meses observados, 4 demandas positivas).",577.8
ITEM_1259,1,1,0.9833,2.0,0.0,60.0,0.0,Intermitente,False,"Meses observados o demandas positivas insuficientes para conformar entrenamiento y prueba (umbral operativo: 15 meses observados, 4 demandas positivas).",577.8
ITEM_1260,2,2,0.9667,3.0,2.0,9.0,0.2222,Intermitente,False,"Meses observados o demandas positivas insuficientes para conformar entrenamiento y prueba (umbral operativo: 15 meses observados, 4 demandas positivas).",865.74
ITEM_1261,3,3,0.95,1.6667,1.3333,4.5,0.48,Intermitente,False,"Meses observados o demandas positivas insuficientes para conformar entrenamiento y prueba (umbral operativo: 15 meses observados, 4 demandas positivas).",1357.28
ITEM_1263,1,1,0.9833,15.0,0.0,60.0,0.0,Intermitente,False,"Meses observados o demandas positivas insuficientes para conformar entrenamiento y prueba (umbral operativo: 15 meses observados, 4 demandas positivas).",851.14
ITEM_1264,1,1,0.9833,6.0,0.0,60.0,0.0,Intermitente,False,"Meses observados o demandas positivas insuficientes para conformar entrenamiento y prueba (umbral operativo: 15 meses observados, 4 demandas positivas).",1141.47
ITEM_1265,1,1,0.9833,3.0,0.0,60.0,0.0,Intermitente,False,"Meses observados o demandas positivas insuficientes para conformar entrenamiento y prueba (umbral operativo: 15 meses observados, 4 demandas positivas).",858.84
ITEM_1266,4,4,0.9333,4.75,6.25,11.6667,0.277,Intermitente,False,"Meses observados o demandas positivas insuficientes para conformar entrenamiento y prueba (umbral operativo: 15 meses observados, 4 demandas positivas).",1603.38
ITEM_1267,1,1,0.9833,2.0,0.0,60.0,0.0,Intermitente,False,"Meses observados o demandas positivas insuficientes para conformar entrenamiento y prueba (umbral operativo: 15 meses observados, 4 demandas positivas).",570.0
ITEM_1268,7,7,0.8833,1.7143,0.9048,2.0,0.3079,Intermitente,False,"Meses observados o demandas positivas insuficientes para conformar entrenamiento y prueba (umbral operativo: 15 meses observados, 4 demandas positivas).",1833.79
ITEM_1269,1,1,0.9833,12.0,0.0,60.0,0.0,Intermitente,False,"Meses observados o demandas positivas insuficientes para conformar entrenamiento y prueba (umbral operativo: 15 meses observados, 4 demandas positivas).",567.87
ITEM_1270,3,3,0.95,13.3333,58.3333,7.5,0.3281,Intermitente,False,"Meses observados o demandas positivas insuficientes para conformar entrenamiento y prueba (umbral operativo: 15 meses observados, 4 demandas positivas).",1135.15
ITEM_1271,1,1,0.9833,4.0,0.0,60.0,0.0,Intermitente,False,"Meses observados o demandas positivas insuficientes para conformar entrenamiento y prueba (umbral operativo: 15 meses observados, 4 demandas positivas).",566.56
ITEM_1272,1,1,0.9833,1.0,0.0,60.0,0.0,Intermitente,False,"Meses observados o demandas positivas insuficientes para conformar entrenamiento y prueba (umbral operativo: 15 meses observados, 4 demandas positivas).",565.93
ITEM_1273,1,1,0.9833,12.0,0.0,60.0,0.0,Intermitente,False,"Meses observados o demandas positivas insuficientes para conformar entrenamiento y prueba (umbral operativo: 15 meses observados, 4 demandas positivas).",563.88
ITEM_1274,1,1,0.9833,6.0,0.0,60.0,0.0,Intermitente,False,"Meses observados o demandas positivas insuficientes para conformar entrenamiento y prueba (umbral operativo: 15 meses observados, 4 demandas positivas).",563.7
ITEM_1275,6,6,0.9,4.3333,9.0667,2.6,0.4828,Intermitente,False,"Meses observados o demandas positivas insuficientes para conformar entrenamiento y prueba (umbral operativo: 15 meses observados, 4 demandas positivas).",706.73
ITEM_1276,4,4,0.9333,13.0,25.3333,10.6667,0.1499,Intermitente,False,"Meses observados o demandas positivas insuficientes para conformar entrenamiento y prueba (umbral operativo: 15 meses observados, 4 demandas positivas).",1157.18
ITEM_1277,1,1,0.9833,3.0,0.0,60.0,0.0,Intermitente,False,"Meses observados o demandas positivas insuficientes para conformar entrenamiento y prueba (umbral operativo: 15 meses observados, 4 demandas positivas).",561.68
ITEM_1278,1,1,0.9833,200.0,0.0,60.0,0.0,Intermitente,False,"Meses observados o demandas positivas insuficientes para conformar entrenamiento y prueba (umbral operativo: 15 meses observados, 4 demandas positivas).",561.38
ITEM_1279,1,1,0.9833,8.0,0.0,60.0,0.0,Intermitente,False,"Meses observados o demandas positivas insuficientes para conformar entrenamiento y prueba (umbral operativo: 15 meses observados, 4 demandas positivas).",561.14
ITEM_1280,1,1,0.9833,8.0,0.0,60.0,0.0,Intermitente,False,"Meses observados o demandas positivas insuficientes para conformar entrenamiento y prueba (umbral operativo: 15 meses observados, 4 demandas positivas).",561.14
ITEM_1282,3,3,0.95,5.6667,6.3333,3.0,0.1972,Intermitente,False,"Meses observados o demandas positivas insuficientes para conformar entrenamiento y prueba (umbral operativo: 15 meses observados, 4 demandas positivas).",1224.84
ITEM_1283,1,1,0.9833,1.0,0.0,60.0,0.0,Intermitente,False,"Meses observados o demandas positivas insuficientes para conformar entrenamiento y prueba (umbral operativo: 15 meses observados, 4 demandas positivas).",559.62
ITEM_1284,2,2,0.9667,2.5,4.5,3.0,0.72,Lumpy,False,"Meses observados o demandas positivas insuficientes para conformar entrenamiento y prueba (umbral operativo: 15 meses observados, 4 demandas positivas).",1182.38
ITEM_1285,2,2,0.9667,1.5,0.5,30.0,0.2222,Intermitente,False,"Meses observados o demandas positivas insuficientes para conformar entrenamiento y prueba (umbral operativo: 15 meses observados, 4 demandas positivas).",859.62
ITEM_1288,2,2,0.9667,12.0,128.0,21.0,0.8889,Lumpy,False,"Meses observados o demandas positivas insuficientes para conformar entrenamiento y prueba (umbral operativo: 15 meses observados, 4 demandas positivas).",664.13
ITEM_1289,6,6,0.9,69.8333,10167.3667,5.0,2.0849,Lumpy,False,"Meses observados o demandas positivas insuficientes para conformar entrenamiento y prueba (umbral operativo: 15 meses observados, 4 demandas positivas).",2130.5
ITEM_1290,2,2,0.9667,46.0,2312.0,11.0,1.0926,Lumpy,False,"Meses observados o demandas positivas insuficientes para conformar entrenamiento y prueba (umbral operativo: 15 meses observados, 4 demandas positivas).",562.58
ITEM_1292,3,3,0.95,42.6667,1301.3333,3.5,0.7148,Lumpy,False,"Meses observados o demandas positivas insuficientes para conformar entrenamiento y prueba (umbral operativo: 15 meses observados, 4 demandas positivas).",728.28
ITEM_1293,1,1,0.9833,3.0,0.0,60.0,0.0,Intermitente,False,"Meses observados o demandas positivas insuficientes para conformar entrenamiento y prueba (umbral operativo: 15 meses observados, 4 demandas positivas).",551.94
ITEM_1294,1,1,0.9833,100.0,0.0,60.0,0.0,Intermitente,False,"Meses observados o demandas positivas insuficientes para conformar entrenamiento y prueba (umbral operativo: 15 meses observados, 4 demandas positivas).",551.72
ITEM_1295,1,1,0.9833,2.0,0.0,60.0,0.0,Intermitente,False,"Meses observados o demandas positivas insuficientes para conformar entrenamiento y prueba (umbral operativo: 15 meses observados, 4 demandas positivas).",1102.8
ITEM_1296,1,1,0.9833,1.0,0.0,60.0,0.0,Intermitente,False,"Meses observados o demandas positivas insuficientes para conformar entrenamiento y prueba (umbral operativo: 15 meses observados, 4 demandas positivas).",550.27
ITEM_1297,1,1,0.9833,20.0,0.0,60.0,0.0,Intermitente,False,"Meses observados o demandas positivas insuficientes para conformar entrenamiento y prueba (umbral operativo: 15 meses observados, 4 demandas positivas).",550.0
ITEM_1298,2,2,0.9667,27.0,1058.0,13.0,1.4513,Lumpy,False,"Meses observados o demandas positivas insuficientes para conformar entrenamiento y prueba (umbral operativo: 15 meses observados, 4 demandas positivas).",561.23
ITEM_1299,5,5,0.9167,5.0,1.0,8.75,0.04,Intermitente,False,"Meses observados o demandas positivas insuficientes para conformar entrenamiento y prueba (umbral operativo: 15 meses observados, 4 demandas positivas).",1749.0
ITEM_1300,2,2,0.9667,12.0,0.0,3.0,0.0,Intermitente,False,"Meses observados o demandas positivas insuficientes para conformar entrenamiento y prueba (umbral operativo: 15 meses observados, 4 demandas positivas).",1095.84
ITEM_1301,1,1,0.9833,20.0,0.0,60.0,0.0,Intermitente,False,"Meses observados o demandas positivas insuficientes para conformar entrenamiento y prueba (umbral operativo: 15 meses observados, 4 demandas positivas).",544.37
ITEM_1302,1,1,0.9833,20.0,0.0,60.0,0.0,Intermitente,False,"Meses observados o demandas positivas insuficientes para conformar entrenamiento y prueba (umbral operativo: 15 meses observados, 4 demandas positivas).",544.32
ITEM_1303,1,1,0.9833,12.0,0.0,60.0,0.0,Intermitente,False,"Meses observados o demandas positivas insuficientes para conformar entrenamiento y prueba (umbral operativo: 15 meses observados, 4 demandas positivas).",542.4
ITEM_1304,1,1,0.9833,1.0,0.0,60.0,0.0,Intermitente,False,"Meses observados o demandas positivas insuficientes para conformar entrenamiento y prueba (umbral operativo: 15 meses observados, 4 demandas positivas).",540.92
ITEM_1305,1,1,0.9833,2.0,0.0,60.0,0.0,Intermitente,False,"Meses observados o demandas positivas insuficientes para conformar entrenamiento y prueba (umbral operativo: 15 meses observados, 4 demandas positivas).",540.42
ITEM_1306,5,5,0.9167,12.8,9.2,8.25,0.0562,Intermitente,False,"Meses observados o demandas positivas insuficientes para conformar entrenamiento y prueba (umbral operativo: 15 meses observados, 4 demandas positivas).",1242.27
ITEM_1307,1,1,0.9833,1.0,0.0,60.0,0.0,Intermitente,False,"Meses observados o demandas positivas insuficientes para conformar entrenamiento y prueba (umbral operativo: 15 meses observados, 4 demandas positivas).",540.0
ITEM_1310,2,2,0.9667,48.0,0.0,3.0,0.0,Intermitente,False,"Meses observados o demandas positivas insuficientes para conformar entrenamiento y prueba (umbral operativo: 15 meses observados, 4 demandas positivas).",1076.16
ITEM_1312,1,1,0.9833,4.0,0.0,60.0,0.0,Intermitente,False,"Meses observados o demandas positivas insuficientes para conformar entrenamiento y prueba (umbral operativo: 15 meses observados, 4 demandas positivas).",537.86
ITEM_1313,1,1,0.9833,200.0,0.0,60.0,0.0,Intermitente,False,"Meses observados o demandas positivas insuficientes para conformar entrenamiento y prueba (umbral operativo: 15 meses observados, 4 demandas positivas).",536.22
ITEM_1314,2,2,0.9667,390.0,16200.0,17.0,0.1065,Intermitente,False,"Meses observados o demandas positivas insuficientes para conformar entrenamiento y prueba (umbral operativo: 15 meses observados, 4 demandas positivas).",673.63
ITEM_1315,4,4,0.9333,383.0,185262.6667,6.3333,1.263,Lumpy,False,"Meses observados o demandas positivas insuficientes para conformar entrenamiento y prueba (umbral operativo: 15 meses observados, 4 demandas positivas).",858.83
ITEM_1316,1,1,0.9833,2.0,0.0,60.0,0.0,Intermitente,False,"Meses observados o demandas positivas insuficientes para conformar entrenamiento y prueba (umbral operativo: 15 meses observados, 4 demandas positivas).",530.0
ITEM_1318,1,1,0.9833,4.0,0.0,60.0,0.0,Intermitente,False,"Meses observados o demandas positivas insuficientes para conformar entrenamiento y prueba (umbral operativo: 15 meses observados, 4 demandas positivas).",528.57
ITEM_1319,2,2,0.9667,4.0,18.0,2.0,1.125,Lumpy,False,"Meses observados o demandas positivas insuficientes para conformar entrenamiento y prueba (umbral operativo: 15 meses observados, 4 demandas positivas).",606.93
ITEM_1320,1,1,0.9833,20.0,0.0,60.0,0.0,Intermitente,False,"Meses observados o demandas positivas insuficientes para conformar entrenamiento y prueba (umbral operativo: 15 meses observados, 4 demandas positivas).",1039.83
ITEM_1321,1,1,0.9833,1.0,0.0,60.0,0.0,Intermitente,False,"Meses observados o demandas positivas insuficientes para conformar entrenamiento y prueba (umbral operativo: 15 meses observados, 4 demandas positivas).",526.16
ITEM_1322,1,1,0.9833,10.0,0.0,60.0,0.0,Intermitente,False,"Meses observados o demandas positivas insuficientes para conformar entrenamiento y prueba (umbral operativo: 15 meses observados, 4 demandas positivas).",525.34
ITEM_1323,1,1,0.9833,1.0,0.0,60.0,0.0,Intermitente,False,"Meses observados o demandas positivas insuficientes para conformar entrenamiento y prueba (umbral operativo: 15 meses observados, 4 demandas positivas).",525.0
ITEM_1325,9,9,0.85,22.1111,362.8611,4.25,0.7422,Lumpy,False,"Meses observados o demandas positivas insuficientes para conformar entrenamiento y prueba (umbral operativo: 15 meses observados, 4 demandas positivas).",1935.97
ITEM_1326,2,2,0.9667,24.0,0.0,3.0,0.0,Intermitente,False,"Meses observados o demandas positivas insuficientes para conformar entrenamiento y prueba (umbral operativo: 15 meses observados, 4 demandas positivas).",618.0
ITEM_1328,1,1,0.9833,1.0,0.0,60.0,0.0,Intermitente,False,"Meses observados o demandas positivas insuficientes para conformar entrenamiento y prueba (umbral operativo: 15 meses observados, 4 demandas positivas).",520.0
ITEM_1329,1,1,0.9833,1.0,0.0,60.0,0.0,Intermitente,False,"Meses observados o demandas positivas insuficientes para conformar entrenamiento y prueba (umbral operativo: 15 meses observados, 4 demandas positivas).",519.0
ITEM_1330,1,1,0.9833,6.0,0.0,60.0,0.0,Intermitente,False,"Meses observados o demandas positivas insuficientes para conformar entrenamiento y prueba (umbral operativo: 15 meses observados, 4 demandas positivas).",517.68
ITEM_1331,1,1,0.9833,1.0,0.0,60.0,0.0,Intermitente,False,"Meses observados o demandas positivas insuficientes para conformar entrenamiento y prueba (umbral operativo: 15 meses observados, 4 demandas positivas).",515.0
ITEM_1333,28,28,0.5333,14.5,71.6667,2.2593,0.3409,Intermitente,True,,7619.34
ITEM_1337,2,2,0.9667,48.0,0.0,3.0,0.0,Intermitente,False,"Meses observados o demandas positivas insuficientes para conformar entrenamiento y prueba (umbral operativo: 15 meses observados, 4 demandas positivas).",1018.28
ITEM_1338,5,5,0.9167,14.8,31.2,9.0,0.1424,Intermitente,False,"Meses observados o demandas positivas insuficientes para conformar entrenamiento y prueba (umbral operativo: 15 meses observados, 4 demandas positivas).",2505.72
ITEM_1339,1,1,0.9833,1.0,0.0,60.0,0.0,Intermitente,False,"Meses observados o demandas positivas insuficientes para conformar entrenamiento y prueba (umbral operativo: 15 meses observados, 4 demandas positivas).",507.18
ITEM_1340,2,2,0.9667,250.0,5000.0,2.0,0.08,Intermitente,False,"Meses observados o demandas positivas insuficientes para conformar entrenamiento y prueba (umbral operativo: 15 meses observados, 4 demandas positivas).",1007.0
ITEM_1341,1,1,0.9833,4.0,0.0,60.0,0.0,Intermitente,False,"Meses observados o demandas positivas insuficientes para conformar entrenamiento y prueba (umbral operativo: 15 meses observados, 4 demandas positivas).",505.47
ITEM_1342,2,2,0.9667,2.0,0.0,3.0,0.0,Intermitente,False,"Meses observados o demandas positivas insuficientes para conformar entrenamiento y prueba (umbral operativo: 15 meses observados, 4 demandas positivas).",1010.2
ITEM_1343,9,9,0.85,15.5556,313.7778,4.5,1.2967,Lumpy,False,"Meses observados o demandas positivas insuficientes para conformar entrenamiento y prueba (umbral operativo: 15 meses observados, 4 demandas positivas).",1696.25
ITEM_1344,1,1,0.9833,1.0,0.0,60.0,0.0,Intermitente,False,"Meses observados o demandas positivas insuficientes para conformar entrenamiento y prueba (umbral operativo: 15 meses observados, 4 demandas positivas).",504.13
ITEM_1345,1,1,0.9833,400.0,0.0,60.0,0.0,Intermitente,False,"Meses observados o demandas positivas insuficientes para conformar entrenamiento y prueba (umbral operativo: 15 meses observados, 4 demandas positivas).",1008.0
ITEM_1346,1,1,0.9833,14.0,0.0,60.0,0.0,Intermitente,False,"Meses observados o demandas positivas insuficientes para conformar entrenamiento y prueba (umbral operativo: 15 meses observados, 4 demandas positivas).",504.0
ITEM_1347,1,1,0.9833,20.0,0.0,60.0,0.0,Intermitente,False,"Meses observados o demandas positivas insuficientes para conformar entrenamiento y prueba (umbral operativo: 15 meses observados, 4 demandas positivas).",503.66
ITEM_1348,1,1,0.9833,2.0,0.0,60.0,0.0,Intermitente,False,"Meses observados o demandas positivas insuficientes para conformar entrenamiento y prueba (umbral operativo: 15 meses observados, 4 demandas positivas).",503.6
ITEM_1349,1,1,0.9833,1.0,0.0,60.0,0.0,Intermitente,False,"Meses observados o demandas positivas insuficientes para conformar entrenamiento y prueba (umbral operativo: 15 meses observados, 4 demandas positivas).",502.35
ITEM_1350,1,1,0.9833,17.0,0.0,60.0,0.0,Intermitente,False,"Meses observados o demandas positivas insuficientes para conformar entrenamiento y prueba (umbral operativo: 15 meses observados, 4 demandas positivas).",713.22
ITEM_1351,1,1,0.9833,2.0,0.0,60.0,0.0,Intermitente,False,"Meses observados o demandas positivas insuficientes para conformar entrenamiento y prueba (umbral operativo: 15 meses observados, 4 demandas positivas).",500.0
ITEM_1352,1,1,0.9833,1000.0,0.0,60.0,0.0,Intermitente,False,"Meses observados o demandas positivas insuficientes para conformar entrenamiento y prueba (umbral operativo: 15 meses observados, 4 demandas positivas).",500.0
ITEM_1353,1,1,0.9833,20.0,0.0,60.0,0.0,Intermitente,False,"Meses observados o demandas positivas insuficientes para conformar entrenamiento y prueba (umbral operativo: 15 meses observados, 4 demandas positivas).",500.0
ITEM_1354,5,5,0.9167,2.8,2.2,8.0,0.2806,Intermitente,False,"Meses observados o demandas positivas insuficientes para conformar entrenamiento y prueba (umbral operativo: 15 meses observados, 4 demandas positivas).",1320.0
ITEM_1355,1,1,0.9833,300.0,0.0,60.0,0.0,Intermitente,False,"Meses observados o demandas positivas insuficientes para conformar entrenamiento y prueba (umbral operativo: 15 meses observados, 4 demandas positivas).",499.42
ITEM_1356,9,9,0.85,25.6667,545.75,3.625,0.8284,Lumpy,False,"Meses observados o demandas positivas insuficientes para conformar entrenamiento y prueba (umbral operativo: 15 meses observados, 4 demandas positivas).",1548.99
ITEM_1357,7,7,0.8833,4.8571,6.8095,6.1667,0.2886,Intermitente,False,"Meses observados o demandas positivas insuficientes para conformar entrenamiento y prueba (umbral operativo: 15 meses observados, 4 demandas positivas).",583.26
ITEM_1359,1,1,0.9833,2.0,0.0,60.0,0.0,Intermitente,False,"Meses observados o demandas positivas insuficientes para conformar entrenamiento y prueba (umbral operativo: 15 meses observados, 4 demandas positivas).",496.48
ITEM_1360,2,2,0.9667,2.5,4.5,13.0,0.72,Lumpy,False,"Meses observados o demandas positivas insuficientes para conformar entrenamiento y prueba (umbral operativo: 15 meses observados, 4 demandas positivas).",1417.57
ITEM_1361,1,1,0.9833,1.0,0.0,60.0,0.0,Intermitente,False,"Meses observados o demandas positivas insuficientes para conformar entrenamiento y prueba (umbral operativo: 15 meses observados, 4 demandas positivas).",496.0
ITEM_1362,1,1,0.9833,100.0,0.0,60.0,0.0,Intermitente,False,"Meses observados o demandas positivas insuficientes para conformar entrenamiento y prueba (umbral operativo: 15 meses observados, 4 demandas positivas).",495.0
ITEM_1363,3,3,0.95,43.3333,3333.3333,9.0,1.7751,Lumpy,False,"Meses observados o demandas positivas insuficientes para conformar entrenamiento y prueba (umbral operativo: 15 meses observados, 4 demandas positivas).",1268.34
ITEM_1365,1,1,0.9833,6.0,0.0,60.0,0.0,Intermitente,False,"Meses observados o demandas positivas insuficientes para conformar entrenamiento y prueba (umbral operativo: 15 meses observados, 4 demandas positivas).",494.1
ITEM_1366,1,1,0.9833,6.0,0.0,60.0,0.0,Intermitente,False,"Meses observados o demandas positivas insuficientes para conformar entrenamiento y prueba (umbral operativo: 15 meses observados, 4 demandas positivas).",494.1
ITEM_1367,1,1,0.9833,2.0,0.0,60.0,0.0,Intermitente,False,"Meses observados o demandas positivas insuficientes para conformar entrenamiento y prueba (umbral operativo: 15 meses observados, 4 demandas positivas).",493.53
ITEM_1368,1,1,0.9833,1.0,0.0,60.0,0.0,Intermitente,False,"Meses observados o demandas positivas insuficientes para conformar entrenamiento y prueba (umbral operativo: 15 meses observados, 4 demandas positivas).",493.31
ITEM_1369,1,1,0.9833,3.0,0.0,60.0,0.0,Intermitente,False,"Meses observados o demandas positivas insuficientes para conformar entrenamiento y prueba (umbral operativo: 15 meses observados, 4 demandas positivas).",812.58
ITEM_1370,14,14,0.7667,26.2857,134.0659,5.0,0.194,Intermitente,False,"Meses observados o demandas positivas insuficientes para conformar entrenamiento y prueba (umbral operativo: 15 meses observados, 4 demandas positivas).",3969.2
ITEM_1371,1,1,0.9833,2.0,0.0,60.0,0.0,Intermitente,False,"Meses observados o demandas positivas insuficientes para conformar entrenamiento y prueba (umbral operativo: 15 meses observados, 4 demandas positivas).",491.77
ITEM_1372,1,1,0.9833,2.0,0.0,60.0,0.0,Intermitente,False,"Meses observados o demandas positivas insuficientes para conformar entrenamiento y prueba (umbral operativo: 15 meses observados, 4 demandas positivas).",491.56
ITEM_1373,1,1,0.9833,2.0,0.0,60.0,0.0,Intermitente,False,"Meses observados o demandas positivas insuficientes para conformar entrenamiento y prueba (umbral operativo: 15 meses observados, 4 demandas positivas).",491.19
ITEM_1374,4,4,0.9333,3.25,20.25,7.6667,1.9172,Lumpy,False,"Meses observados o demandas positivas insuficientes para conformar entrenamiento y prueba (umbral operativo: 15 meses observados, 4 demandas positivas).",1502.9
ITEM_1375,6,6,0.9,3.1667,2.5667,11.2,0.256,Intermitente,False,"Meses observados o demandas positivas insuficientes para conformar entrenamiento y prueba (umbral operativo: 15 meses observados, 4 demandas positivas).",965.4
ITEM_1376,3,3,0.95,1.0,0.0,8.5,0.0,Intermitente,False,"Meses observados o demandas positivas insuficientes para conformar entrenamiento y prueba (umbral operativo: 15 meses observados, 4 demandas positivas).",1005.2
ITEM_1378,1,1,0.9833,2.0,0.0,60.0,0.0,Intermitente,False,"Meses observados o demandas positivas insuficientes para conformar entrenamiento y prueba (umbral operativo: 15 meses observados, 4 demandas positivas).",490.0
ITEM_1379,2,2,0.9667,1.0,0.0,4.0,0.0,Intermitente,False,"Meses observados o demandas positivas insuficientes para conformar entrenamiento y prueba (umbral operativo: 15 meses observados, 4 demandas positivas).",979.18
ITEM_1380,3,3,0.95,0.8333,0.0833,6.0,0.12,Intermitente,False,"Meses observados o demandas positivas insuficientes para conformar entrenamiento y prueba (umbral operativo: 15 meses observados, 4 demandas positivas).",699.01
ITEM_1381,1,1,0.9833,1.0,0.0,60.0,0.0,Intermitente,False,"Meses observados o demandas positivas insuficientes para conformar entrenamiento y prueba (umbral operativo: 15 meses observados, 4 demandas positivas).",487.2
ITEM_1382,1,1,0.9833,1.0,0.0,60.0,0.0,Intermitente,False,"Meses observados o demandas positivas insuficientes para conformar entrenamiento y prueba (umbral operativo: 15 meses observados, 4 demandas positivas).",486.0
ITEM_1383,1,1,0.9833,24.0,0.0,60.0,0.0,Intermitente,False,"Meses observados o demandas positivas insuficientes para conformar entrenamiento y prueba (umbral operativo: 15 meses observados, 4 demandas positivas).",486.0
ITEM_1384,1,1,0.9833,100.0,0.0,60.0,0.0,Intermitente,False,"Meses observados o demandas positivas insuficientes para conformar entrenamiento y prueba (umbral operativo: 15 meses observados, 4 demandas positivas).",486.0
ITEM_1385,18,18,0.7,13.5,124.3824,4.0588,0.6825,Lumpy,True,,5133.93
ITEM_1386,1,1,0.9833,60.0,0.0,60.0,0.0,Intermitente,False,"Meses observados o demandas positivas insuficientes para conformar entrenamiento y prueba (umbral operativo: 15 meses observados, 4 demandas positivas).",485.1
ITEM_1388,1,1,0.9833,6.0,0.0,60.0,0.0,Intermitente,False,"Meses observados o demandas positivas insuficientes para conformar entrenamiento y prueba (umbral operativo: 15 meses observados, 4 demandas positivas).",484.5
ITEM_1389,1,1,0.9833,4.0,0.0,60.0,0.0,Intermitente,False,"Meses observados o demandas positivas insuficientes para conformar entrenamiento y prueba (umbral operativo: 15 meses observados, 4 demandas positivas).",966.22
ITEM_1391,1,1,0.9833,20.0,0.0,60.0,0.0,Intermitente,False,"Meses observados o demandas positivas insuficientes para conformar entrenamiento y prueba (umbral operativo: 15 meses observados, 4 demandas positivas).",482.5
ITEM_1392,1,1,0.9833,100.0,0.0,60.0,0.0,Intermitente,False,"Meses observados o demandas positivas insuficientes para conformar entrenamiento y prueba (umbral operativo: 15 meses observados, 4 demandas positivas).",481.72
ITEM_1393,1,1,0.9833,2.0,0.0,60.0,0.0,Intermitente,False,"Meses observados o demandas positivas insuficientes para conformar entrenamiento y prueba (umbral operativo: 15 meses observados, 4 demandas positivas).",962.28
ITEM_1394,1,1,0.9833,40.0,0.0,60.0,0.0,Intermitente,False,"Meses observados o demandas positivas insuficientes para conformar entrenamiento y prueba (umbral operativo: 15 meses observados, 4 demandas positivas).",480.0
ITEM_1395,1,1,0.9833,1000.0,0.0,60.0,0.0,Intermitente,False,"Meses observados o demandas positivas insuficientes para conformar entrenamiento y prueba (umbral operativo: 15 meses observados, 4 demandas positivas).",480.0
ITEM_1396,1,1,0.9833,3.0,0.0,60.0,0.0,Intermitente,False,"Meses observados o demandas positivas insuficientes para conformar entrenamiento y prueba (umbral operativo: 15 meses observados, 4 demandas positivas).",480.0
ITEM_1397,2,2,0.9667,8000.0,0.0,7.0,0.0,Intermitente,False,"Meses observados o demandas positivas insuficientes para conformar entrenamiento y prueba (umbral operativo: 15 meses observados, 4 demandas positivas).",720.0
ITEM_1398,6,6,0.9,7.8333,141.7667,5.8,2.3104,Lumpy,False,"Meses observados o demandas positivas insuficientes para conformar entrenamiento y prueba (umbral operativo: 15 meses observados, 4 demandas positivas).",1882.91
ITEM_1400,1,1,0.9833,6.0,0.0,60.0,0.0,Intermitente,False,"Meses observados o demandas positivas insuficientes para conformar entrenamiento y prueba (umbral operativo: 15 meses observados, 4 demandas positivas).",480.0
ITEM_1401,1,1,0.9833,50.0,0.0,60.0,0.0,Intermitente,False,"Meses observados o demandas positivas insuficientes para conformar entrenamiento y prueba (umbral operativo: 15 meses observados, 4 demandas positivas).",480.0
ITEM_1402,1,1,0.9833,41.0,0.0,60.0,0.0,Intermitente,False,"Meses observados o demandas positivas insuficientes para conformar entrenamiento y prueba (umbral operativo: 15 meses observados, 4 demandas positivas).",480.0
ITEM_1403,1,1,0.9833,2.0,0.0,60.0,0.0,Intermitente,False,"Meses observados o demandas positivas insuficientes para conformar entrenamiento y prueba (umbral operativo: 15 meses observados, 4 demandas positivas).",480.0
ITEM_1404,31,31,0.4833,20.129,345.3161,2.9667,0.8523,Lumpy,True,,1920.34
ITEM_1405,1,1,0.9833,6.0,0.0,60.0,0.0,Intermitente,False,"Meses observados o demandas positivas insuficientes para conformar entrenamiento y prueba (umbral operativo: 15 meses observados, 4 demandas positivas).",479.85
ITEM_1406,1,1,0.9833,1.0,0.0,60.0,0.0,Intermitente,False,"Meses observados o demandas positivas insuficientes para conformar entrenamiento y prueba (umbral operativo: 15 meses observados, 4 demandas positivas).",479.0
ITEM_1407,2,2,0.9667,65.5,8320.5,18.0,1.9394,Lumpy,False,"Meses observados o demandas positivas insuficientes para conformar entrenamiento y prueba (umbral operativo: 15 meses observados, 4 demandas positivas).",786.44
ITEM_1408,2,2,0.9667,24.0,882.0,2.0,1.5312,Lumpy,False,"Meses observados o demandas positivas insuficientes para conformar entrenamiento y prueba (umbral operativo: 15 meses observados, 4 demandas positivas).",518.33
ITEM_1409,1,1,0.9833,4.0,0.0,60.0,0.0,Intermitente,False,"Meses observados o demandas positivas insuficientes para conformar entrenamiento y prueba (umbral operativo: 15 meses observados, 4 demandas positivas).",477.46
ITEM_1410,1,1,0.9833,320.0,0.0,60.0,0.0,Intermitente,False,"Meses observados o demandas positivas insuficientes para conformar entrenamiento y prueba (umbral operativo: 15 meses observados, 4 demandas positivas).",477.44
ITEM_1411,1,1,0.9833,12.0,0.0,60.0,0.0,Intermitente,False,"Meses observados o demandas positivas insuficientes para conformar entrenamiento y prueba (umbral operativo: 15 meses observados, 4 demandas positivas).",477.2
ITEM_1413,1,1,0.9833,3.0,0.0,60.0,0.0,Intermitente,False,"Meses observados o demandas positivas insuficientes para conformar entrenamiento y prueba (umbral operativo: 15 meses observados, 4 demandas positivas).",475.54
ITEM_1414,1,1,0.9833,1.0,0.0,60.0,0.0,Intermitente,False,"Meses observados o demandas positivas insuficientes para conformar entrenamiento y prueba (umbral operativo: 15 meses observados, 4 demandas positivas).",475.0
ITEM_1415,1,1,0.9833,80.0,0.0,60.0,0.0,Intermitente,False,"Meses observados o demandas positivas insuficientes para conformar entrenamiento y prueba (umbral operativo: 15 meses observados, 4 demandas positivas).",474.54
ITEM_1416,1,1,0.9833,2.0,0.0,60.0,0.0,Intermitente,False,"Meses observados o demandas positivas insuficientes para conformar entrenamiento y prueba (umbral operativo: 15 meses observados, 4 demandas positivas).",473.6
ITEM_1417,1,1,0.9833,10.0,0.0,60.0,0.0,Intermitente,False,"Meses observados o demandas positivas insuficientes para conformar entrenamiento y prueba (umbral operativo: 15 meses observados, 4 demandas positivas).",472.5
ITEM_1418,1,1,0.9833,2.0,0.0,60.0,0.0,Intermitente,False,"Meses observados o demandas positivas insuficientes para conformar entrenamiento y prueba (umbral operativo: 15 meses observados, 4 demandas positivas).",472.5
ITEM_1419,1,1,0.9833,1.0,0.0,60.0,0.0,Intermitente,False,"Meses observados o demandas positivas insuficientes para conformar entrenamiento y prueba (umbral operativo: 15 meses observados, 4 demandas positivas).",471.91
ITEM_1420,1,1,0.9833,2.0,0.0,60.0,0.0,Intermitente,False,"Meses observados o demandas positivas insuficientes para conformar entrenamiento y prueba (umbral operativo: 15 meses observados, 4 demandas positivas).",470.8
ITEM_1422,1,1,0.9833,8.0,0.0,60.0,0.0,Intermitente,False,"Meses observados o demandas positivas insuficientes para conformar entrenamiento y prueba (umbral operativo: 15 meses observados, 4 demandas positivas).",470.74
ITEM_1423,3,3,0.95,2.3333,0.3333,6.5,0.0612,Intermitente,False,"Meses observados o demandas positivas insuficientes para conformar entrenamiento y prueba (umbral operativo: 15 meses observados, 4 demandas positivas).",1348.31
ITEM_1424,9,9,0.85,112.3333,6986.5,5.25,0.5537,Lumpy,False,"Meses observados o demandas positivas insuficientes para conformar entrenamiento y prueba (umbral operativo: 15 meses observados, 4 demandas positivas).",1804.0
ITEM_1425,1,1,0.9833,1.0,0.0,60.0,0.0,Intermitente,False,"Meses observados o demandas positivas insuficientes para conformar entrenamiento y prueba (umbral operativo: 15 meses observados, 4 demandas positivas).",470.0
ITEM_1426,1,1,0.9833,2.0,0.0,60.0,0.0,Intermitente,False,"Meses observados o demandas positivas insuficientes para conformar entrenamiento y prueba (umbral operativo: 15 meses observados, 4 demandas positivas).",470.0
ITEM_1428,1,1,0.9833,12.0,0.0,60.0,0.0,Intermitente,False,"Meses observados o demandas positivas insuficientes para conformar entrenamiento y prueba (umbral operativo: 15 meses observados, 4 demandas positivas).",469.2
ITEM_1430,1,1,0.9833,3.0,0.0,60.0,0.0,Intermitente,False,"Meses observados o demandas positivas insuficientes para conformar entrenamiento y prueba (umbral operativo: 15 meses observados, 4 demandas positivas).",468.0
ITEM_1432,11,11,0.8167,7.4545,21.0727,6.8,0.3792,Intermitente,False,"Meses observados o demandas positivas insuficientes para conformar entrenamiento y prueba (umbral operativo: 15 meses observados, 4 demandas positivas).",2396.38
ITEM_1433,10,10,0.8333,35.5,595.8333,7.0,0.4728,Intermitente,False,"Meses observados o demandas positivas insuficientes para conformar entrenamiento y prueba (umbral operativo: 15 meses observados, 4 demandas positivas).",2588.17
ITEM_1434,8,8,0.8667,13.25,44.5,4.4286,0.2535,Intermitente,False,"Meses observados o demandas positivas insuficientes para conformar entrenamiento y prueba (umbral operativo: 15 meses observados, 4 demandas positivas).",1668.43
ITEM_1435,2,2,0.9667,30.0,72.0,5.0,0.08,Intermitente,False,"Meses observados o demandas positivas insuficientes para conformar entrenamiento y prueba (umbral operativo: 15 meses observados, 4 demandas positivas).",830.6
ITEM_1436,1,1,0.9833,8.0,0.0,60.0,0.0,Intermitente,False,"Meses observados o demandas positivas insuficientes para conformar entrenamiento y prueba (umbral operativo: 15 meses observados, 4 demandas positivas).",464.04
ITEM_1437,1,1,0.9833,2.0,0.0,60.0,0.0,Intermitente,False,"Meses observados o demandas positivas insuficientes para conformar entrenamiento y prueba (umbral operativo: 15 meses observados, 4 demandas positivas).",464.0
ITEM_1438,4,4,0.9333,150.0,5000.0,10.3333,0.2222,Intermitente,False,"Meses observados o demandas positivas insuficientes para conformar entrenamiento y prueba (umbral operativo: 15 meses observados, 4 demandas positivas).",1262.0
ITEM_1439,1,1,0.9833,4.0,0.0,60.0,0.0,Intermitente,False,"Meses observados o demandas positivas insuficientes para conformar entrenamiento y prueba (umbral operativo: 15 meses observados, 4 demandas positivas).",461.68
ITEM_1441,1,1,0.9833,24.0,0.0,60.0,0.0,Intermitente,False,"Meses observados o demandas positivas insuficientes para conformar entrenamiento y prueba (umbral operativo: 15 meses observados, 4 demandas positivas).",460.32
ITEM_1442,1,1,0.9833,20.0,0.0,60.0,0.0,Intermitente,False,"Meses observados o demandas positivas insuficientes para conformar entrenamiento y prueba (umbral operativo: 15 meses observados, 4 demandas positivas).",460.0
ITEM_1443,2,2,0.9667,2.0,0.0,14.0,0.0,Intermitente,False,"Meses observados o demandas positivas insuficientes para conformar entrenamiento y prueba (umbral operativo: 15 meses observados, 4 demandas positivas).",811.58
ITEM_1444,3,3,0.95,2.6667,1.3333,6.0,0.1875,Intermitente,False,"Meses observados o demandas positivas insuficientes para conformar entrenamiento y prueba (umbral operativo: 15 meses observados, 4 demandas positivas).",1571.45
ITEM_1445,4,4,0.9333,2.5,1.6667,10.3333,0.2667,Intermitente,False,"Meses observados o demandas positivas insuficientes para conformar entrenamiento y prueba (umbral operativo: 15 meses observados, 4 demandas positivas).",1303.4
ITEM_1446,2,2,0.9667,2.0,0.0,3.0,0.0,Intermitente,False,"Meses observados o demandas positivas insuficientes para conformar entrenamiento y prueba (umbral operativo: 15 meses observados, 4 demandas positivas).",918.52
ITEM_1447,3,3,0.95,203.3333,55408.3333,2.0,1.3402,Lumpy,False,"Meses observados o demandas positivas insuficientes para conformar entrenamiento y prueba (umbral operativo: 15 meses observados, 4 demandas positivas).",666.85
ITEM_1448,2,2,0.9667,1.0,0.0,53.0,0.0,Intermitente,False,"Meses observados o demandas positivas insuficientes para conformar entrenamiento y prueba (umbral operativo: 15 meses observados, 4 demandas positivas).",822.18
ITEM_1449,2,2,0.9667,4.5,4.5,5.0,0.2222,Intermitente,False,"Meses observados o demandas positivas insuficientes para conformar entrenamiento y prueba (umbral operativo: 15 meses observados, 4 demandas positivas).",686.07
ITEM_1450,2,2,0.9667,56.0,3872.0,21.0,1.2347,Lumpy,False,"Meses observados o demandas positivas insuficientes para conformar entrenamiento y prueba (umbral operativo: 15 meses observados, 4 demandas positivas).",506.24
ITEM_1451,3,3,0.95,4.6667,9.3333,2.0,0.4286,Intermitente,False,"Meses observados o demandas positivas insuficientes para conformar entrenamiento y prueba (umbral operativo: 15 meses observados, 4 demandas positivas).",849.42
ITEM_1452,1,1,0.9833,10.0,0.0,60.0,0.0,Intermitente,False,"Meses observados o demandas positivas insuficientes para conformar entrenamiento y prueba (umbral operativo: 15 meses observados, 4 demandas positivas).",585.08
ITEM_1453,1,1,0.9833,500.0,0.0,60.0,0.0,Intermitente,False,"Meses observados o demandas positivas insuficientes para conformar entrenamiento y prueba (umbral operativo: 15 meses observados, 4 demandas positivas).",455.0
ITEM_1454,1,1,0.9833,500.0,0.0,60.0,0.0,Intermitente,False,"Meses observados o demandas positivas insuficientes para conformar entrenamiento y prueba (umbral operativo: 15 meses observados, 4 demandas positivas).",455.0
ITEM_1455,5,5,0.9167,24.4,671.8,8.25,1.1284,Lumpy,False,"Meses observados o demandas positivas insuficientes para conformar entrenamiento y prueba (umbral operativo: 15 meses observados, 4 demandas positivas).",1033.3
ITEM_1456,1,1,0.9833,1.0,0.0,60.0,0.0,Intermitente,False,"Meses observados o demandas positivas insuficientes para conformar entrenamiento y prueba (umbral operativo: 15 meses observados, 4 demandas positivas).",453.5
ITEM_1457,1,1,0.9833,2.0,0.0,60.0,0.0,Intermitente,False,"Meses observados o demandas positivas insuficientes para conformar entrenamiento y prueba (umbral operativo: 15 meses observados, 4 demandas positivas).",452.19
ITEM_1458,1,1,0.9833,4.0,0.0,60.0,0.0,Intermitente,False,"Meses observados o demandas positivas insuficientes para conformar entrenamiento y prueba (umbral operativo: 15 meses observados, 4 demandas positivas).",451.98
ITEM_1459,2,2,0.9667,17.5,12.5,9.0,0.0408,Intermitente,False,"Meses observados o demandas positivas insuficientes para conformar entrenamiento y prueba (umbral operativo: 15 meses observados, 4 demandas positivas).",758.25
ITEM_1460,1,1,0.9833,6.0,0.0,60.0,0.0,Intermitente,False,"Meses observados o demandas positivas insuficientes para conformar entrenamiento y prueba (umbral operativo: 15 meses observados, 4 demandas positivas).",451.74
ITEM_1461,1,1,0.9833,1.0,0.0,60.0,0.0,Intermitente,False,"Meses observados o demandas positivas insuficientes para conformar entrenamiento y prueba (umbral operativo: 15 meses observados, 4 demandas positivas).",450.95
ITEM_1462,2,2,0.9667,2.0,0.0,10.0,0.0,Intermitente,False,"Meses observados o demandas positivas insuficientes para conformar entrenamiento y prueba (umbral operativo: 15 meses observados, 4 demandas positivas).",900.0
ITEM_1463,1,1,0.9833,10.0,0.0,60.0,0.0,Intermitente,False,"Meses observados o demandas positivas insuficientes para conformar entrenamiento y prueba (umbral operativo: 15 meses observados, 4 demandas positivas).",450.0
ITEM_1464,1,1,0.9833,2.0,0.0,60.0,0.0,Intermitente,False,"Meses observados o demandas positivas insuficientes para conformar entrenamiento y prueba (umbral operativo: 15 meses observados, 4 demandas positivas).",450.0
ITEM_1466,30,30,0.5,48.5667,544.392,2.2069,0.2308,Intermitente,True,,10153.47
ITEM_1467,9,9,0.85,47.7778,4466.1944,5.625,1.9565,Lumpy,False,"Meses observados o demandas positivas insuficientes para conformar entrenamiento y prueba (umbral operativo: 15 meses observados, 4 demandas positivas).",2436.56
ITEM_1468,1,1,0.9833,5.0,0.0,60.0,0.0,Intermitente,False,"Meses observados o demandas positivas insuficientes para conformar entrenamiento y prueba (umbral operativo: 15 meses observados, 4 demandas positivas).",445.91
ITEM_1469,1,1,0.9833,20.0,0.0,60.0,0.0,Intermitente,False,"Meses observados o demandas positivas insuficientes para conformar entrenamiento y prueba (umbral operativo: 15 meses observados, 4 demandas positivas).",445.46
ITEM_1470,1,1,0.9833,1.0,0.0,60.0,0.0,Intermitente,False,"Meses observados o demandas positivas insuficientes para conformar entrenamiento y prueba (umbral operativo: 15 meses observados, 4 demandas positivas).",444.0
ITEM_1473,1,1,0.9833,200.0,0.0,60.0,0.0,Intermitente,False,"Meses observados o demandas positivas insuficientes para conformar entrenamiento y prueba (umbral operativo: 15 meses observados, 4 demandas positivas).",441.72
ITEM_1474,2,2,0.9667,10.0,0.0,2.0,0.0,Intermitente,False,"Meses observados o demandas positivas insuficientes para conformar entrenamiento y prueba (umbral operativo: 15 meses observados, 4 demandas positivas).",882.0
ITEM_1475,1,1,0.9833,1.0,0.0,60.0,0.0,Intermitente,False,"Meses observados o demandas positivas insuficientes para conformar entrenamiento y prueba (umbral operativo: 15 meses observados, 4 demandas positivas).",440.71
ITEM_1476,1,1,0.9833,60.0,0.0,60.0,0.0,Intermitente,False,"Meses observados o demandas positivas insuficientes para conformar entrenamiento y prueba (umbral operativo: 15 meses observados, 4 demandas positivas).",440.48
ITEM_1477,1,1,0.9833,8.0,0.0,60.0,0.0,Intermitente,False,"Meses observados o demandas positivas insuficientes para conformar entrenamiento y prueba (umbral operativo: 15 meses observados, 4 demandas positivas).",440.0
ITEM_1478,2,2,0.9667,3.5,4.5,5.0,0.3673,Intermitente,False,"Meses observados o demandas positivas insuficientes para conformar entrenamiento y prueba (umbral operativo: 15 meses observados, 4 demandas positivas).",616.0
ITEM_1479,7,7,0.8833,3.7143,0.9048,6.1667,0.0656,Intermitente,False,"Meses observados o demandas positivas insuficientes para conformar entrenamiento y prueba (umbral operativo: 15 meses observados, 4 demandas positivas).",1644.84
ITEM_1480,1,1,0.9833,12.0,0.0,60.0,0.0,Intermitente,False,"Meses observados o demandas positivas insuficientes para conformar entrenamiento y prueba (umbral operativo: 15 meses observados, 4 demandas positivas).",586.56
ITEM_1481,2,2,0.9667,3.5,12.5,3.0,1.0204,Lumpy,False,"Meses observados o demandas positivas insuficientes para conformar entrenamiento y prueba (umbral operativo: 15 meses observados, 4 demandas positivas).",851.29
ITEM_1482,1,1,0.9833,4.0,0.0,60.0,0.0,Intermitente,False,"Meses observados o demandas positivas insuficientes para conformar entrenamiento y prueba (umbral operativo: 15 meses observados, 4 demandas positivas).",439.6
ITEM_1483,1,1,0.9833,6.0,0.0,60.0,0.0,Intermitente,False,"Meses observados o demandas positivas insuficientes para conformar entrenamiento y prueba (umbral operativo: 15 meses observados, 4 demandas positivas).",658.8
ITEM_1484,1,1,0.9833,1.0,0.0,60.0,0.0,Intermitente,False,"Meses observados o demandas positivas insuficientes para conformar entrenamiento y prueba (umbral operativo: 15 meses observados, 4 demandas positivas).",438.88
ITEM_1486,6,6,0.9,92.3333,22107.8667,6.6,2.5932,Lumpy,False,"Meses observados o demandas positivas insuficientes para conformar entrenamiento y prueba (umbral operativo: 15 meses observados, 4 demandas positivas).",679.8
ITEM_1487,1,1,0.9833,6.0,0.0,60.0,0.0,Intermitente,False,"Meses observados o demandas positivas insuficientes para conformar entrenamiento y prueba (umbral operativo: 15 meses observados, 4 demandas positivas).",434.98
ITEM_1489,1,1,0.9833,24.0,0.0,60.0,0.0,Intermitente,False,"Meses observados o demandas positivas insuficientes para conformar entrenamiento y prueba (umbral operativo: 15 meses observados, 4 demandas positivas).",434.88
ITEM_1490,1,1,0.9833,3.0,0.0,60.0,0.0,Intermitente,False,"Meses observados o demandas positivas insuficientes para conformar entrenamiento y prueba (umbral operativo: 15 meses observados, 4 demandas positivas).",434.7
ITEM_1491,1,1,0.9833,13.0,0.0,60.0,0.0,Intermitente,False,"Meses observados o demandas positivas insuficientes para conformar entrenamiento y prueba (umbral operativo: 15 meses observados, 4 demandas positivas).",434.56
ITEM_1492,1,1,0.9833,120.0,0.0,60.0,0.0,Intermitente,False,"Meses observados o demandas positivas insuficientes para conformar entrenamiento y prueba (umbral operativo: 15 meses observados, 4 demandas positivas).",434.47
ITEM_1493,6,6,0.9,6.3333,9.0667,6.6,0.226,Intermitente,False,"Meses observados o demandas positivas insuficientes para conformar entrenamiento y prueba (umbral operativo: 15 meses observados, 4 demandas positivas).",1517.72
ITEM_1494,1,1,0.9833,24.0,0.0,60.0,0.0,Intermitente,False,"Meses observados o demandas positivas insuficientes para conformar entrenamiento y prueba (umbral operativo: 15 meses observados, 4 demandas positivas).",432.0
ITEM_1495,1,1,0.9833,4.0,0.0,60.0,0.0,Intermitente,False,"Meses observados o demandas positivas insuficientes para conformar entrenamiento y prueba (umbral operativo: 15 meses observados, 4 demandas positivas).",863.24
ITEM_1496,1,1,0.9833,100.0,0.0,60.0,0.0,Intermitente,False,"Meses observados o demandas positivas insuficientes para conformar entrenamiento y prueba (umbral operativo: 15 meses observados, 4 demandas positivas).",430.72
ITEM_1497,1,1,0.9833,1.0,0.0,60.0,0.0,Intermitente,False,"Meses observados o demandas positivas insuficientes para conformar entrenamiento y prueba (umbral operativo: 15 meses observados, 4 demandas positivas).",430.0
ITEM_1498,1,1,0.9833,1.0,0.0,60.0,0.0,Intermitente,False,"Meses observados o demandas positivas insuficientes para conformar entrenamiento y prueba (umbral operativo: 15 meses observados, 4 demandas positivas).",429.86
ITEM_1501,1,1,0.9833,6.0,0.0,60.0,0.0,Intermitente,False,"Meses observados o demandas positivas insuficientes para conformar entrenamiento y prueba (umbral operativo: 15 meses observados, 4 demandas positivas).",428.38
ITEM_1502,1,1,0.9833,6.0,0.0,60.0,0.0,Intermitente,False,"Meses observados o demandas positivas insuficientes para conformar entrenamiento y prueba (umbral operativo: 15 meses observados, 4 demandas positivas).",428.38
ITEM_1504,1,1,0.9833,36.0,0.0,60.0,0.0,Intermitente,False,"Meses observados o demandas positivas insuficientes para conformar entrenamiento y prueba (umbral operativo: 15 meses observados, 4 demandas positivas).",427.2
ITEM_1505,1,1,0.9833,1.0,0.0,60.0,0.0,Intermitente,False,"Meses observados o demandas positivas insuficientes para conformar entrenamiento y prueba (umbral operativo: 15 meses observados, 4 demandas positivas).",426.89
ITEM_1507,1,1,0.9833,5.0,0.0,60.0,0.0,Intermitente,False,"Meses observados o demandas positivas insuficientes para conformar entrenamiento y prueba (umbral operativo: 15 meses observados, 4 demandas positivas).",425.62
ITEM_1508,1,1,0.9833,10.0,0.0,60.0,0.0,Intermitente,False,"Meses observados o demandas positivas insuficientes para conformar entrenamiento y prueba (umbral operativo: 15 meses observados, 4 demandas positivas).",425.24
ITEM_1509,1,1,0.9833,6.0,0.0,60.0,0.0,Intermitente,False,"Meses observados o demandas positivas insuficientes para conformar entrenamiento y prueba (umbral operativo: 15 meses observados, 4 demandas positivas).",423.54
ITEM_1510,1,1,0.9833,6.0,0.0,60.0,0.0,Intermitente,False,"Meses observados o demandas positivas insuficientes para conformar entrenamiento y prueba (umbral operativo: 15 meses observados, 4 demandas positivas).",423.54
ITEM_1512,1,1,0.9833,1.0,0.0,60.0,0.0,Intermitente,False,"Meses observados o demandas positivas insuficientes para conformar entrenamiento y prueba (umbral operativo: 15 meses observados, 4 demandas positivas).",420.0
ITEM_1513,2,2,0.9667,225.0,11250.0,2.0,0.2222,Intermitente,False,"Meses observados o demandas positivas insuficientes para conformar entrenamiento y prueba (umbral operativo: 15 meses observados, 4 demandas positivas).",630.0
ITEM_1515,1,1,0.9833,10.0,0.0,60.0,0.0,Intermitente,False,"Meses observados o demandas positivas insuficientes para conformar entrenamiento y prueba (umbral operativo: 15 meses observados, 4 demandas positivas).",420.0
ITEM_1516,1,1,0.9833,6.0,0.0,60.0,0.0,Intermitente,False,"Meses observados o demandas positivas insuficientes para conformar entrenamiento y prueba (umbral operativo: 15 meses observados, 4 demandas positivas).",420.0
ITEM_1517,2,2,0.9667,2.0,0.0,3.0,0.0,Intermitente,False,"Meses observados o demandas positivas insuficientes para conformar entrenamiento y prueba (umbral operativo: 15 meses observados, 4 demandas positivas).",838.76
ITEM_1518,1,1,0.9833,4.0,0.0,60.0,0.0,Intermitente,False,"Meses observados o demandas positivas insuficientes para conformar entrenamiento y prueba (umbral operativo: 15 meses observados, 4 demandas positivas).",419.04
ITEM_1519,2,2,0.9667,45.0,450.0,9.0,0.2222,Intermitente,False,"Meses observados o demandas positivas insuficientes para conformar entrenamiento y prueba (umbral operativo: 15 meses observados, 4 demandas positivas).",663.4
ITEM_1522,1,1,0.9833,10.0,0.0,60.0,0.0,Intermitente,False,"Meses observados o demandas positivas insuficientes para conformar entrenamiento y prueba (umbral operativo: 15 meses observados, 4 demandas positivas).",415.91
ITEM_1523,2,2,0.9667,15.5,420.5,15.0,1.7503,Lumpy,False,"Meses observados o demandas positivas insuficientes para conformar entrenamiento y prueba (umbral operativo: 15 meses observados, 4 demandas positivas).",697.14
ITEM_1525,1,1,0.9833,16.0,0.0,60.0,0.0,Intermitente,False,"Meses observados o demandas positivas insuficientes para conformar entrenamiento y prueba (umbral operativo: 15 meses observados, 4 demandas positivas).",414.4
ITEM_1527,1,1,0.9833,420.0,0.0,60.0,0.0,Intermitente,False,"Meses observados o demandas positivas insuficientes para conformar entrenamiento y prueba (umbral operativo: 15 meses observados, 4 demandas positivas).",541.88
ITEM_1528,36,36,0.4,23.5556,219.7968,2.6857,0.3961,Intermitente,True,,13028.92
ITEM_1530,1,1,0.9833,6.0,0.0,60.0,0.0,Intermitente,False,"Meses observados o demandas positivas insuficientes para conformar entrenamiento y prueba (umbral operativo: 15 meses observados, 4 demandas positivas).",412.99
ITEM_1531,1,1,0.9833,2.0,0.0,60.0,0.0,Intermitente,False,"Meses observados o demandas positivas insuficientes para conformar entrenamiento y prueba (umbral operativo: 15 meses observados, 4 demandas positivas).",411.8
ITEM_1532,2,2,0.9667,1.0,0.0,18.0,0.0,Intermitente,False,"Meses observados o demandas positivas insuficientes para conformar entrenamiento y prueba (umbral operativo: 15 meses observados, 4 demandas positivas).",601.75
ITEM_1533,1,1,0.9833,12.0,0.0,60.0,0.0,Intermitente,False,"Meses observados o demandas positivas insuficientes para conformar entrenamiento y prueba (umbral operativo: 15 meses observados, 4 demandas positivas).",411.38
ITEM_1534,1,1,0.9833,10.0,0.0,60.0,0.0,Intermitente,False,"Meses observados o demandas positivas insuficientes para conformar entrenamiento y prueba (umbral operativo: 15 meses observados, 4 demandas positivas).",410.82
ITEM_1535,3,3,0.95,2.0,0.0,3.0,0.0,Intermitente,False,"Meses observados o demandas positivas insuficientes para conformar entrenamiento y prueba (umbral operativo: 15 meses observados, 4 demandas positivas).",629.59
ITEM_1536,1,1,0.9833,3.0,0.0,60.0,0.0,Intermitente,False,"Meses observados o demandas positivas insuficientes para conformar entrenamiento y prueba (umbral operativo: 15 meses observados, 4 demandas positivas).",1230.57
ITEM_1537,1,1,0.9833,1.0,0.0,60.0,0.0,Intermitente,False,"Meses observados o demandas positivas insuficientes para conformar entrenamiento y prueba (umbral operativo: 15 meses observados, 4 demandas positivas).",409.96
ITEM_1538,4,4,0.9333,70.5,7841.0,7.0,1.5776,Lumpy,False,"Meses observados o demandas positivas insuficientes para conformar entrenamiento y prueba (umbral operativo: 15 meses observados, 4 demandas positivas).",645.85
ITEM_1539,3,3,0.95,13.3333,5.3333,3.0,0.03,Intermitente,False,"Meses observados o demandas positivas insuficientes para conformar entrenamiento y prueba (umbral operativo: 15 meses observados, 4 demandas positivas).",1058.11
ITEM_1540,2,2,0.9667,4.0,8.0,3.0,0.5,Lumpy,False,"Meses observados o demandas positivas insuficientes para conformar entrenamiento y prueba (umbral operativo: 15 meses observados, 4 demandas positivas).",627.8
ITEM_1541,1,1,0.9833,1.0,0.0,60.0,0.0,Intermitente,False,"Meses observados o demandas positivas insuficientes para conformar entrenamiento y prueba (umbral operativo: 15 meses observados, 4 demandas positivas).",407.0
ITEM_1542,2,2,0.9667,15.0,50.0,2.0,0.2222,Intermitente,False,"Meses observados o demandas positivas insuficientes para conformar entrenamiento y prueba (umbral operativo: 15 meses observados, 4 demandas positivas).",610.5
ITEM_1543,1,1,0.9833,4.0,0.0,60.0,0.0,Intermitente,False,"Meses observados o demandas positivas insuficientes para conformar entrenamiento y prueba (umbral operativo: 15 meses observados, 4 demandas positivas).",406.8
ITEM_1544,3,3,0.95,4.0,0.0,3.0,0.0,Intermitente,False,"Meses observados o demandas positivas insuficientes para conformar entrenamiento y prueba (umbral operativo: 15 meses observados, 4 demandas positivas).",1119.12
ITEM_1545,1,1,0.9833,2.0,0.0,60.0,0.0,Intermitente,False,"Meses observados o demandas positivas insuficientes para conformar entrenamiento y prueba (umbral operativo: 15 meses observados, 4 demandas positivas).",405.08
ITEM_1546,3,3,0.95,5.3333,9.3333,9.0,0.3281,Intermitente,False,"Meses observados o demandas positivas insuficientes para conformar entrenamiento y prueba (umbral operativo: 15 meses observados, 4 demandas positivas).",903.67
ITEM_1548,3,3,0.95,53.0,1369.0,3.5,0.4874,Intermitente,False,"Meses observados o demandas positivas insuficientes para conformar entrenamiento y prueba (umbral operativo: 15 meses observados, 4 demandas positivas).",659.74
ITEM_1549,1,1,0.9833,2.0,0.0,60.0,0.0,Intermitente,False,"Meses observados o demandas positivas insuficientes para conformar entrenamiento y prueba (umbral operativo: 15 meses observados, 4 demandas positivas).",403.15
ITEM_1550,1,1,0.9833,20.0,0.0,60.0,0.0,Intermitente,False,"Meses observados o demandas positivas insuficientes para conformar entrenamiento y prueba (umbral operativo: 15 meses observados, 4 demandas positivas).",402.58
ITEM_1551,1,1,0.9833,20.0,0.0,60.0,0.0,Intermitente,False,"Meses observados o demandas positivas insuficientes para conformar entrenamiento y prueba (umbral operativo: 15 meses observados, 4 demandas positivas).",402.58
ITEM_1553,1,1,0.9833,150.0,0.0,60.0,0.0,Intermitente,False,"Meses observados o demandas positivas insuficientes para conformar entrenamiento y prueba (umbral operativo: 15 meses observados, 4 demandas positivas).",402.22
ITEM_1554,7,7,0.8833,5.4286,5.2857,6.5,0.1794,Intermitente,False,"Meses observados o demandas positivas insuficientes para conformar entrenamiento y prueba (umbral operativo: 15 meses observados, 4 demandas positivas).",1787.0
ITEM_1555,7,7,0.8833,34.7143,3096.9048,4.3333,2.5699,Lumpy,False,"Meses observados o demandas positivas insuficientes para conformar entrenamiento y prueba (umbral operativo: 15 meses observados, 4 demandas positivas).",1691.51
ITEM_1556,2,2,0.9667,6.0,0.0,6.0,0.0,Intermitente,False,"Meses observados o demandas positivas insuficientes para conformar entrenamiento y prueba (umbral operativo: 15 meses observados, 4 demandas positivas).",591.05
ITEM_1557,4,4,0.9333,4.75,8.9167,9.6667,0.3952,Intermitente,False,"Meses observados o demandas positivas insuficientes para conformar entrenamiento y prueba (umbral operativo: 15 meses observados, 4 demandas positivas).",1070.77
ITEM_1558,2,2,0.9667,1.0,0.0,4.0,0.0,Intermitente,False,"Meses observados o demandas positivas insuficientes para conformar entrenamiento y prueba (umbral operativo: 15 meses observados, 4 demandas positivas).",798.0
ITEM_1559,1,1,0.9833,1.0,0.0,60.0,0.0,Intermitente,False,"Meses observados o demandas positivas insuficientes para conformar entrenamiento y prueba (umbral operativo: 15 meses observados, 4 demandas positivas).",398.98
ITEM_1560,2,2,0.9667,8.0,8.0,7.0,0.125,Intermitente,False,"Meses observados o demandas positivas insuficientes para conformar entrenamiento y prueba (umbral operativo: 15 meses observados, 4 demandas positivas).",502.48
ITEM_1561,2,2,0.9667,1.5,0.5,8.0,0.2222,Intermitente,False,"Meses observados o demandas positivas insuficientes para conformar entrenamiento y prueba (umbral operativo: 15 meses observados, 4 demandas positivas).",692.25
ITEM_1562,1,1,0.9833,2.0,0.0,60.0,0.0,Intermitente,False,"Meses observados o demandas positivas insuficientes para conformar entrenamiento y prueba (umbral operativo: 15 meses observados, 4 demandas positivas).",397.64
ITEM_1563,1,1,0.9833,1.0,0.0,60.0,0.0,Intermitente,False,"Meses observados o demandas positivas insuficientes para conformar entrenamiento y prueba (umbral operativo: 15 meses observados, 4 demandas positivas).",397.39
ITEM_1564,1,1,0.9833,2.0,0.0,60.0,0.0,Intermitente,False,"Meses observados o demandas positivas insuficientes para conformar entrenamiento y prueba (umbral operativo: 15 meses observados, 4 demandas positivas).",397.17
ITEM_1565,1,1,0.9833,48.0,0.0,60.0,0.0,Intermitente,False,"Meses observados o demandas positivas insuficientes para conformar entrenamiento y prueba (umbral operativo: 15 meses observados, 4 demandas positivas).",396.0
ITEM_1566,1,1,0.9833,12.0,0.0,60.0,0.0,Intermitente,False,"Meses observados o demandas positivas insuficientes para conformar entrenamiento y prueba (umbral operativo: 15 meses observados, 4 demandas positivas).",395.93
ITEM_1567,1,1,0.9833,2.0,0.0,60.0,0.0,Intermitente,False,"Meses observados o demandas positivas insuficientes para conformar entrenamiento y prueba (umbral operativo: 15 meses observados, 4 demandas positivas).",395.69
ITEM_1568,4,4,0.9333,1.5,1.0,8.6667,0.4444,Intermitente,False,"Meses observados o demandas positivas insuficientes para conformar entrenamiento y prueba (umbral operativo: 15 meses observados, 4 demandas positivas).",751.64
ITEM_1569,1,1,0.9833,1.0,0.0,60.0,0.0,Intermitente,False,"Meses observados o demandas positivas insuficientes para conformar entrenamiento y prueba (umbral operativo: 15 meses observados, 4 demandas positivas).",395.0
ITEM_1570,1,1,0.9833,2.0,0.0,60.0,0.0,Intermitente,False,"Meses observados o demandas positivas insuficientes para conformar entrenamiento y prueba (umbral operativo: 15 meses observados, 4 demandas positivas).",393.5
ITEM_1571,1,1,0.9833,20.0,0.0,60.0,0.0,Intermitente,False,"Meses observados o demandas positivas insuficientes para conformar entrenamiento y prueba (umbral operativo: 15 meses observados, 4 demandas positivas).",393.24
ITEM_1573,5,5,0.9167,6.2,23.2,5.25,0.6035,Lumpy,False,"Meses observados o demandas positivas insuficientes para conformar entrenamiento y prueba (umbral operativo: 15 meses observados, 4 demandas positivas).",1055.13
ITEM_1574,6,6,0.9,9.3333,15.0667,4.8,0.173,Intermitente,False,"Meses observados o demandas positivas insuficientes para conformar entrenamiento y prueba (umbral operativo: 15 meses observados, 4 demandas positivas).",662.23
ITEM_1575,1,1,0.9833,1.0,0.0,60.0,0.0,Intermitente,False,"Meses observados o demandas positivas insuficientes para conformar entrenamiento y prueba (umbral operativo: 15 meses observados, 4 demandas positivas).",391.41
ITEM_1576,2,2,0.9667,6.0,8.0,5.0,0.2222,Intermitente,False,"Meses observados o demandas positivas insuficientes para conformar entrenamiento y prueba (umbral operativo: 15 meses observados, 4 demandas positivas).",587.04
ITEM_1577,1,1,0.9833,8.0,0.0,60.0,0.0,Intermitente,False,"Meses observados o demandas positivas insuficientes para conformar entrenamiento y prueba (umbral operativo: 15 meses observados, 4 demandas positivas).",391.18
ITEM_1578,1,1,0.9833,2.0,0.0,60.0,0.0,Intermitente,False,"Meses observados o demandas positivas insuficientes para conformar entrenamiento y prueba (umbral operativo: 15 meses observados, 4 demandas positivas).",781.33
ITEM_1579,2,2,0.9667,3.0,8.0,2.0,0.8889,Lumpy,False,"Meses observados o demandas positivas insuficientes para conformar entrenamiento y prueba (umbral operativo: 15 meses observados, 4 demandas positivas).",468.72
ITEM_1580,3,3,0.95,6.6667,21.3333,9.5,0.48,Intermitente,False,"Meses observados o demandas positivas insuficientes para conformar entrenamiento y prueba (umbral operativo: 15 meses observados, 4 demandas positivas).",645.58
ITEM_1582,3,3,0.95,6.3333,12.3333,7.5,0.3075,Intermitente,False,"Meses observados o demandas positivas insuficientes para conformar entrenamiento y prueba (umbral operativo: 15 meses observados, 4 demandas positivas).",737.77
ITEM_1583,1,1,0.9833,2.0,0.0,60.0,0.0,Intermitente,False,"Meses observados o demandas positivas insuficientes para conformar entrenamiento y prueba (umbral operativo: 15 meses observados, 4 demandas positivas).",387.42
ITEM_1584,9,9,0.85,8.4444,9.7778,5.125,0.1371,Intermitente,False,"Meses observados o demandas positivas insuficientes para conformar entrenamiento y prueba (umbral operativo: 15 meses observados, 4 demandas positivas).",2207.16
ITEM_1585,4,4,0.9333,13.0,76.0,6.3333,0.4497,Intermitente,False,"Meses observados o demandas positivas insuficientes para conformar entrenamiento y prueba (umbral operativo: 15 meses observados, 4 demandas positivas).",878.08
ITEM_1586,2,2,0.9667,2.5,4.5,10.0,0.72,Lumpy,False,"Meses observados o demandas positivas insuficientes para conformar entrenamiento y prueba (umbral operativo: 15 meses observados, 4 demandas positivas).",501.46
ITEM_1589,2,2,0.9667,31.0,32.0,6.0,0.0333,Intermitente,False,"Meses observados o demandas positivas insuficientes para conformar entrenamiento y prueba (umbral operativo: 15 meses observados, 4 demandas positivas).",682.0
ITEM_1590,1,1,0.9833,4.0,0.0,60.0,0.0,Intermitente,False,"Meses observados o demandas positivas insuficientes para conformar entrenamiento y prueba (umbral operativo: 15 meses observados, 4 demandas positivas).",384.85
ITEM_1591,3,3,0.95,24.0,0.0,3.0,0.0,Intermitente,False,"Meses observados o demandas positivas insuficientes para conformar entrenamiento y prueba (umbral operativo: 15 meses observados, 4 demandas positivas).",934.63
ITEM_1592,1,1,0.9833,12.0,0.0,60.0,0.0,Intermitente,False,"Meses observados o demandas positivas insuficientes para conformar entrenamiento y prueba (umbral operativo: 15 meses observados, 4 demandas positivas).",384.0
ITEM_1593,1,1,0.9833,8.0,0.0,60.0,0.0,Intermitente,False,"Meses observados o demandas positivas insuficientes para conformar entrenamiento y prueba (umbral operativo: 15 meses observados, 4 demandas positivas).",384.0
ITEM_1594,1,1,0.9833,320.0,0.0,60.0,0.0,Intermitente,False,"Meses observados o demandas positivas insuficientes para conformar entrenamiento y prueba (umbral operativo: 15 meses observados, 4 demandas positivas).",384.0
ITEM_1595,1,1,0.9833,120.0,0.0,60.0,0.0,Intermitente,False,"Meses observados o demandas positivas insuficientes para conformar entrenamiento y prueba (umbral operativo: 15 meses observados, 4 demandas positivas).",382.5
ITEM_1596,1,1,0.9833,10.0,0.0,60.0,0.0,Intermitente,False,"Meses observados o demandas positivas insuficientes para conformar entrenamiento y prueba (umbral operativo: 15 meses observados, 4 demandas positivas).",381.92
ITEM_1598,8,8,0.8667,10.875,44.125,5.7143,0.3731,Intermitente,False,"Meses observados o demandas positivas insuficientes para conformar entrenamiento y prueba (umbral operativo: 15 meses observados, 4 demandas positivas).",1120.86
ITEM_1599,16,16,0.7333,15.875,61.5833,3.3333,0.2444,Intermitente,True,,3174.57
ITEM_1600,1,1,0.9833,2.0,0.0,60.0,0.0,Intermitente,False,"Meses observados o demandas positivas insuficientes para conformar entrenamiento y prueba (umbral operativo: 15 meses observados, 4 demandas positivas).",380.0
ITEM_1601,1,1,0.9833,1.0,0.0,60.0,0.0,Intermitente,False,"Meses observados o demandas positivas insuficientes para conformar entrenamiento y prueba (umbral operativo: 15 meses observados, 4 demandas positivas).",380.0
ITEM_1603,1,1,0.9833,2.0,0.0,60.0,0.0,Intermitente,False,"Meses observados o demandas positivas insuficientes para conformar entrenamiento y prueba (umbral operativo: 15 meses observados, 4 demandas positivas).",380.0
ITEM_1604,1,1,0.9833,4.0,0.0,60.0,0.0,Intermitente,False,"Meses observados o demandas positivas insuficientes para conformar entrenamiento y prueba (umbral operativo: 15 meses observados, 4 demandas positivas).",380.0
ITEM_1605,1,1,0.9833,1.0,0.0,60.0,0.0,Intermitente,False,"Meses observados o demandas positivas insuficientes para conformar entrenamiento y prueba (umbral operativo: 15 meses observados, 4 demandas positivas).",379.65
ITEM_1606,1,1,0.9833,2.0,0.0,60.0,0.0,Intermitente,False,"Meses observados o demandas positivas insuficientes para conformar entrenamiento y prueba (umbral operativo: 15 meses observados, 4 demandas positivas).",378.88
ITEM_1607,10,10,0.8333,11.6,65.6,4.7778,0.4875,Intermitente,False,"Meses observados o demandas positivas insuficientes para conformar entrenamiento y prueba (umbral operativo: 15 meses observados, 4 demandas positivas).",2667.07
ITEM_1608,7,7,0.8833,137.2857,3644.9048,6.5,0.1934,Intermitente,False,"Meses observados o demandas positivas insuficientes para conformar entrenamiento y prueba (umbral operativo: 15 meses observados, 4 demandas positivas).",1896.14
ITEM_1610,1,1,0.9833,1.0,0.0,60.0,0.0,Intermitente,False,"Meses observados o demandas positivas insuficientes para conformar entrenamiento y prueba (umbral operativo: 15 meses observados, 4 demandas positivas).",376.35
ITEM_1611,4,4,0.9333,78.25,8610.25,3.0,1.4062,Lumpy,False,"Meses observados o demandas positivas insuficientes para conformar entrenamiento y prueba (umbral operativo: 15 meses observados, 4 demandas positivas).",589.19
ITEM_1612,1,1,0.9833,20.0,0.0,60.0,0.0,Intermitente,False,"Meses observados o demandas positivas insuficientes para conformar entrenamiento y prueba (umbral operativo: 15 meses observados, 4 demandas positivas).",376.0
ITEM_1613,2,2,0.9667,6.0,0.0,6.0,0.0,Intermitente,False,"Meses observados o demandas positivas insuficientes para conformar entrenamiento y prueba (umbral operativo: 15 meses observados, 4 demandas positivas).",424.77
ITEM_1614,1,1,0.9833,30.0,0.0,60.0,0.0,Intermitente,False,"Meses observados o demandas positivas insuficientes para conformar entrenamiento y prueba (umbral operativo: 15 meses observados, 4 demandas positivas).",375.08
ITEM_1615,13,13,0.7833,4.0769,3.0769,3.9167,0.1851,Intermitente,False,"Meses observados o demandas positivas insuficientes para conformar entrenamiento y prueba (umbral operativo: 15 meses observados, 4 demandas positivas).",1103.05
ITEM_1616,1,1,0.9833,250.0,0.0,60.0,0.0,Intermitente,False,"Meses observados o demandas positivas insuficientes para conformar entrenamiento y prueba (umbral operativo: 15 meses observados, 4 demandas positivas).",375.0
ITEM_1617,1,1,0.9833,250.0,0.0,60.0,0.0,Intermitente,False,"Meses observados o demandas positivas insuficientes para conformar entrenamiento y prueba (umbral operativo: 15 meses observados, 4 demandas positivas).",375.0
ITEM_1618,1,1,0.9833,30.0,0.0,60.0,0.0,Intermitente,False,"Meses observados o demandas positivas insuficientes para conformar entrenamiento y prueba (umbral operativo: 15 meses observados, 4 demandas positivas).",375.0
ITEM_1620,1,1,0.9833,70.0,0.0,60.0,0.0,Intermitente,False,"Meses observados o demandas positivas insuficientes para conformar entrenamiento y prueba (umbral operativo: 15 meses observados, 4 demandas positivas).",374.5
ITEM_1621,1,1,0.9833,8.0,0.0,60.0,0.0,Intermitente,False,"Meses observados o demandas positivas insuficientes para conformar entrenamiento y prueba (umbral operativo: 15 meses observados, 4 demandas positivas).",373.62
ITEM_1622,3,3,0.95,14.0,0.0,3.0,0.0,Intermitente,False,"Meses observados o demandas positivas insuficientes para conformar entrenamiento y prueba (umbral operativo: 15 meses observados, 4 demandas positivas).",615.84
ITEM_1624,1,1,0.9833,4.0,0.0,60.0,0.0,Intermitente,False,"Meses observados o demandas positivas insuficientes para conformar entrenamiento y prueba (umbral operativo: 15 meses observados, 4 demandas positivas).",371.72
ITEM_1625,1,1,0.9833,6.0,0.0,60.0,0.0,Intermitente,False,"Meses observados o demandas positivas insuficientes para conformar entrenamiento y prueba (umbral operativo: 15 meses observados, 4 demandas positivas).",371.4
ITEM_1628,11,11,0.8167,15.3636,150.4545,4.3,0.6374,Lumpy,False,"Meses observados o demandas positivas insuficientes para conformar entrenamiento y prueba (umbral operativo: 15 meses observados, 4 demandas positivas).",1925.36
ITEM_1629,1,1,0.9833,1.0,0.0,60.0,0.0,Intermitente,False,"Meses observados o demandas positivas insuficientes para conformar entrenamiento y prueba (umbral operativo: 15 meses observados, 4 demandas positivas).",370.28
ITEM_1631,1,1,0.9833,20.0,0.0,60.0,0.0,Intermitente,False,"Meses observados o demandas positivas insuficientes para conformar entrenamiento y prueba (umbral operativo: 15 meses observados, 4 demandas positivas).",368.55
ITEM_1632,1,1,0.9833,201.0,0.0,60.0,0.0,Intermitente,False,"Meses observados o demandas positivas insuficientes para conformar entrenamiento y prueba (umbral operativo: 15 meses observados, 4 demandas positivas).",1105.5
ITEM_1634,1,1,0.9833,100.0,0.0,60.0,0.0,Intermitente,False,"Meses observados o demandas positivas insuficientes para conformar entrenamiento y prueba (umbral operativo: 15 meses observados, 4 demandas positivas).",368.0
ITEM_1635,6,6,0.9,1.5,0.3,4.8,0.1333,Intermitente,False,"Meses observados o demandas positivas insuficientes para conformar entrenamiento y prueba (umbral operativo: 15 meses observados, 4 demandas positivas).",1487.07
ITEM_1636,6,6,0.9,1.6667,0.2667,4.8,0.096,Intermitente,False,"Meses observados o demandas positivas insuficientes para conformar entrenamiento y prueba (umbral operativo: 15 meses observados, 4 demandas positivas).",1548.91
ITEM_1637,1,1,0.9833,4.0,0.0,60.0,0.0,Intermitente,False,"Meses observados o demandas positivas insuficientes para conformar entrenamiento y prueba (umbral operativo: 15 meses observados, 4 demandas positivas).",367.2
ITEM_1638,1,1,0.9833,20.0,0.0,60.0,0.0,Intermitente,False,"Meses observados o demandas positivas insuficientes para conformar entrenamiento y prueba (umbral operativo: 15 meses observados, 4 demandas positivas).",365.96
ITEM_1640,2,2,0.9667,1.0,0.0,5.0,0.0,Intermitente,False,"Meses observados o demandas positivas insuficientes para conformar entrenamiento y prueba (umbral operativo: 15 meses observados, 4 demandas positivas).",412.45
ITEM_1643,1,1,0.9833,6.0,0.0,60.0,0.0,Intermitente,False,"Meses observados o demandas positivas insuficientes para conformar entrenamiento y prueba (umbral operativo: 15 meses observados, 4 demandas positivas).",363.67
ITEM_1644,1,1,0.9833,5.0,0.0,60.0,0.0,Intermitente,False,"Meses observados o demandas positivas insuficientes para conformar entrenamiento y prueba (umbral operativo: 15 meses observados, 4 demandas positivas).",362.43
ITEM_1646,1,1,0.9833,3.0,0.0,60.0,0.0,Intermitente,False,"Meses observados o demandas positivas insuficientes para conformar entrenamiento y prueba (umbral operativo: 15 meses observados, 4 demandas positivas).",361.88
ITEM_1647,6,6,0.9,29.6667,1219.8667,7.0,1.386,Lumpy,False,"Meses observados o demandas positivas insuficientes para conformar entrenamiento y prueba (umbral operativo: 15 meses observados, 4 demandas positivas).",648.5
ITEM_1648,7,7,0.8833,34.8571,1111.8095,6.0,0.9151,Lumpy,False,"Meses observados o demandas positivas insuficientes para conformar entrenamiento y prueba (umbral operativo: 15 meses observados, 4 demandas positivas).",932.72
ITEM_1649,1,1,0.9833,1.0,0.0,60.0,0.0,Intermitente,False,"Meses observados o demandas positivas insuficientes para conformar entrenamiento y prueba (umbral operativo: 15 meses observados, 4 demandas positivas).",360.49
ITEM_1650,1,1,0.9833,1.0,0.0,60.0,0.0,Intermitente,False,"Meses observados o demandas positivas insuficientes para conformar entrenamiento y prueba (umbral operativo: 15 meses observados, 4 demandas positivas).",360.39
ITEM_1651,8,8,0.8667,33.5,780.2857,8.1429,0.6953,Lumpy,False,"Meses observados o demandas positivas insuficientes para conformar entrenamiento y prueba (umbral operativo: 15 meses observados, 4 demandas positivas).",1097.18
ITEM_1653,2,2,0.9667,2.0,0.0,4.0,0.0,Intermitente,False,"Meses observados o demandas positivas insuficientes para conformar entrenamiento y prueba (umbral operativo: 15 meses observados, 4 demandas positivas).",676.0
ITEM_1654,1,1,0.9833,200.0,0.0,60.0,0.0,Intermitente,False,"Meses observados o demandas positivas insuficientes para conformar entrenamiento y prueba (umbral operativo: 15 meses observados, 4 demandas positivas).",359.78
ITEM_1655,1,1,0.9833,15.0,0.0,60.0,0.0,Intermitente,False,"Meses observados o demandas positivas insuficientes para conformar entrenamiento y prueba (umbral operativo: 15 meses observados, 4 demandas positivas).",359.47
ITEM_1656,1,1,0.9833,10.0,0.0,60.0,0.0,Intermitente,False,"Meses observados o demandas positivas insuficientes para conformar entrenamiento y prueba (umbral operativo: 15 meses observados, 4 demandas positivas).",358.49
ITEM_1657,1,1,0.9833,1.0,0.0,60.0,0.0,Intermitente,False,"Meses observados o demandas positivas insuficientes para conformar entrenamiento y prueba (umbral operativo: 15 meses observados, 4 demandas positivas).",358.47
ITEM_1658,1,1,0.9833,1.0,0.0,60.0,0.0,Intermitente,False,"Meses observados o demandas positivas insuficientes para conformar entrenamiento y prueba (umbral operativo: 15 meses observados, 4 demandas positivas).",358.47
ITEM_1659,1,1,0.9833,2.0,0.0,60.0,0.0,Intermitente,False,"Meses observados o demandas positivas insuficientes para conformar entrenamiento y prueba (umbral operativo: 15 meses observados, 4 demandas positivas).",358.42
ITEM_1660,3,3,0.95,10.0,36.0,9.0,0.36,Intermitente,False,"Meses observados o demandas positivas insuficientes para conformar entrenamiento y prueba (umbral operativo: 15 meses observados, 4 demandas positivas).",1067.78
ITEM_1661,3,3,0.95,6.6667,41.3333,2.0,0.93,Lumpy,False,"Meses observados o demandas positivas insuficientes para conformar entrenamiento y prueba (umbral operativo: 15 meses observados, 4 demandas positivas).",431.5
ITEM_1663,1,1,0.9833,5.0,0.0,60.0,0.0,Intermitente,False,"Meses observados o demandas positivas insuficientes para conformar entrenamiento y prueba (umbral operativo: 15 meses observados, 4 demandas positivas).",357.78
ITEM_1664,3,3,0.95,5.6667,52.3333,10.0,1.6298,Lumpy,False,"Meses observados o demandas positivas insuficientes para conformar entrenamiento y prueba (umbral operativo: 15 meses observados, 4 demandas positivas).",414.52
ITEM_1665,1,1,0.9833,2.0,0.0,60.0,0.0,Intermitente,False,"Meses observados o demandas positivas insuficientes para conformar entrenamiento y prueba (umbral operativo: 15 meses observados, 4 demandas positivas).",663.31
ITEM_1667,2,2,0.9667,1.0,0.0,9.0,0.0,Intermitente,False,"Meses observados o demandas positivas insuficientes para conformar entrenamiento y prueba (umbral operativo: 15 meses observados, 4 demandas positivas).",531.32
ITEM_1668,1,1,0.9833,1.0,0.0,60.0,0.0,Intermitente,False,"Meses observados o demandas positivas insuficientes para conformar entrenamiento y prueba (umbral operativo: 15 meses observados, 4 demandas positivas).",355.25
ITEM_1669,1,1,0.9833,1.0,0.0,60.0,0.0,Intermitente,False,"Meses observados o demandas positivas insuficientes para conformar entrenamiento y prueba (umbral operativo: 15 meses observados, 4 demandas positivas).",355.12
ITEM_1670,1,1,0.9833,18.0,0.0,60.0,0.0,Intermitente,False,"Meses observados o demandas positivas insuficientes para conformar entrenamiento y prueba (umbral operativo: 15 meses observados, 4 demandas positivas).",354.88
ITEM_1671,1,1,0.9833,35.0,0.0,60.0,0.0,Intermitente,False,"Meses observados o demandas positivas insuficientes para conformar entrenamiento y prueba (umbral operativo: 15 meses observados, 4 demandas positivas).",354.36
ITEM_1672,12,12,0.8,100.8333,6408.3333,3.9091,0.6303,Lumpy,False,"Meses observados o demandas positivas insuficientes para conformar entrenamiento y prueba (umbral operativo: 15 meses observados, 4 demandas positivas).",2259.43
ITEM_1673,3,3,0.95,2.0,0.0,4.5,0.0,Intermitente,False,"Meses observados o demandas positivas insuficientes para conformar entrenamiento y prueba (umbral operativo: 15 meses observados, 4 demandas positivas).",702.4
ITEM_1674,1,1,0.9833,70.0,0.0,60.0,0.0,Intermitente,False,"Meses observados o demandas positivas insuficientes para conformar entrenamiento y prueba (umbral operativo: 15 meses observados, 4 demandas positivas).",352.8
ITEM_1675,6,6,0.9,3.6667,4.2667,6.6,0.3174,Intermitente,False,"Meses observados o demandas positivas insuficientes para conformar entrenamiento y prueba (umbral operativo: 15 meses observados, 4 demandas positivas).",1254.8
ITEM_1676,1,1,0.9833,2.0,0.0,60.0,0.0,Intermitente,False,"Meses observados o demandas positivas insuficientes para conformar entrenamiento y prueba (umbral operativo: 15 meses observados, 4 demandas positivas).",351.98
ITEM_1677,1,1,0.9833,2.0,0.0,60.0,0.0,Intermitente,False,"Meses observados o demandas positivas insuficientes para conformar entrenamiento y prueba (umbral operativo: 15 meses observados, 4 demandas positivas).",351.89
ITEM_1678,1,1,0.9833,4.0,0.0,60.0,0.0,Intermitente,False,"Meses observados o demandas positivas insuficientes para conformar entrenamiento y prueba (umbral operativo: 15 meses observados, 4 demandas positivas).",351.76
ITEM_1679,8,8,0.8667,40.5,192.8571,5.0,0.1176,Intermitente,False,"Meses observados o demandas positivas insuficientes para conformar entrenamiento y prueba (umbral operativo: 15 meses observados, 4 demandas positivas).",1913.7
ITEM_1680,1,1,0.9833,8.0,0.0,60.0,0.0,Intermitente,False,"Meses observados o demandas positivas insuficientes para conformar entrenamiento y prueba (umbral operativo: 15 meses observados, 4 demandas positivas).",351.0
ITEM_1681,1,1,0.9833,3.0,0.0,60.0,0.0,Intermitente,False,"Meses observados o demandas positivas insuficientes para conformar entrenamiento y prueba (umbral operativo: 15 meses observados, 4 demandas positivas).",351.0
ITEM_1682,3,3,0.95,6.0,0.0,3.0,0.0,Intermitente,False,"Meses observados o demandas positivas insuficientes para conformar entrenamiento y prueba (umbral operativo: 15 meses observados, 4 demandas positivas).",799.38
ITEM_1683,2,2,0.9667,21.0,18.0,16.0,0.0408,Intermitente,False,"Meses observados o demandas positivas insuficientes para conformar entrenamiento y prueba (umbral operativo: 15 meses observados, 4 demandas positivas).",520.1
ITEM_1684,3,3,0.95,9.3333,9.3333,12.5,0.1071,Intermitente,False,"Meses observados o demandas positivas insuficientes para conformar entrenamiento y prueba (umbral operativo: 15 meses observados, 4 demandas positivas).",775.45
ITEM_1685,1,1,0.9833,1.0,0.0,60.0,0.0,Intermitente,False,"Meses observados o demandas positivas insuficientes para conformar entrenamiento y prueba (umbral operativo: 15 meses observados, 4 demandas positivas).",350.0
ITEM_1687,1,1,0.9833,2.0,0.0,60.0,0.0,Intermitente,False,"Meses observados o demandas positivas insuficientes para conformar entrenamiento y prueba (umbral operativo: 15 meses observados, 4 demandas positivas).",350.0
ITEM_1688,1,1,0.9833,2.0,0.0,60.0,0.0,Intermitente,False,"Meses observados o demandas positivas insuficientes para conformar entrenamiento y prueba (umbral operativo: 15 meses observados, 4 demandas positivas).",699.2
ITEM_1689,1,1,0.9833,2.0,0.0,60.0,0.0,Intermitente,False,"Meses observados o demandas positivas insuficientes para conformar entrenamiento y prueba (umbral operativo: 15 meses observados, 4 demandas positivas).",351.95
ITEM_1692,1,1,0.9833,2.0,0.0,60.0,0.0,Intermitente,False,"Meses observados o demandas positivas insuficientes para conformar entrenamiento y prueba (umbral operativo: 15 meses observados, 4 demandas positivas).",348.0
ITEM_1693,1,1,0.9833,5.0,0.0,60.0,0.0,Intermitente,False,"Meses observados o demandas positivas insuficientes para conformar entrenamiento y prueba (umbral operativo: 15 meses observados, 4 demandas positivas).",347.7
ITEM_1694,1,1,0.9833,1.0,0.0,60.0,0.0,Intermitente,False,"Meses observados o demandas positivas insuficientes para conformar entrenamiento y prueba (umbral operativo: 15 meses observados, 4 demandas positivas).",347.7
ITEM_1695,4,4,0.9333,39.5,470.3333,7.0,0.3014,Intermitente,False,"Meses observados o demandas positivas insuficientes para conformar entrenamiento y prueba (umbral operativo: 15 meses observados, 4 demandas positivas).",927.17
ITEM_1696,1,1,0.9833,6.0,0.0,60.0,0.0,Intermitente,False,"Meses observados o demandas positivas insuficientes para conformar entrenamiento y prueba (umbral operativo: 15 meses observados, 4 demandas positivas).",346.8
ITEM_1697,1,1,0.9833,2.0,0.0,60.0,0.0,Intermitente,False,"Meses observados o demandas positivas insuficientes para conformar entrenamiento y prueba (umbral operativo: 15 meses observados, 4 demandas positivas).",346.12
ITEM_1698,4,4,0.9333,5.3125,1.0573,5.3333,0.0375,Intermitente,False,"Meses observados o demandas positivas insuficientes para conformar entrenamiento y prueba (umbral operativo: 15 meses observados, 4 demandas positivas).",1061.32
ITEM_1699,1,1,0.9833,12.0,0.0,60.0,0.0,Intermitente,False,"Meses observados o demandas positivas insuficientes para conformar entrenamiento y prueba (umbral operativo: 15 meses observados, 4 demandas positivas).",344.4
ITEM_1700,1,1,0.9833,4.0,0.0,60.0,0.0,Intermitente,False,"Meses observados o demandas positivas insuficientes para conformar entrenamiento y prueba (umbral operativo: 15 meses observados, 4 demandas positivas).",344.4
ITEM_1701,3,3,0.95,24.0,0.0,3.0,0.0,Intermitente,False,"Meses observados o demandas positivas insuficientes para conformar entrenamiento y prueba (umbral operativo: 15 meses observados, 4 demandas positivas).",891.16
ITEM_1702,1,1,0.9833,2.0,0.0,60.0,0.0,Intermitente,False,"Meses observados o demandas positivas insuficientes para conformar entrenamiento y prueba (umbral operativo: 15 meses observados, 4 demandas positivas).",343.51
ITEM_1703,1,1,0.9833,4.0,0.0,60.0,0.0,Intermitente,False,"Meses observados o demandas positivas insuficientes para conformar entrenamiento y prueba (umbral operativo: 15 meses observados, 4 demandas positivas).",343.48
ITEM_1704,2,2,0.9667,2.0,0.0,9.0,0.0,Intermitente,False,"Meses observados o demandas positivas insuficientes para conformar entrenamiento y prueba (umbral operativo: 15 meses observados, 4 demandas positivas).",354.66
ITEM_1705,1,1,0.9833,1.0,0.0,60.0,0.0,Intermitente,False,"Meses observados o demandas positivas insuficientes para conformar entrenamiento y prueba (umbral operativo: 15 meses observados, 4 demandas positivas).",343.16
ITEM_1706,1,1,0.9833,1.0,0.0,60.0,0.0,Intermitente,False,"Meses observados o demandas positivas insuficientes para conformar entrenamiento y prueba (umbral operativo: 15 meses observados, 4 demandas positivas).",342.98
ITEM_1707,2,2,0.9667,16.0,2.0,28.0,0.0078,Intermitente,False,"Meses observados o demandas positivas insuficientes para conformar entrenamiento y prueba (umbral operativo: 15 meses observados, 4 demandas positivas).",576.5
ITEM_1709,1,1,0.9833,3.0,0.0,60.0,0.0,Intermitente,False,"Meses observados o demandas positivas insuficientes para conformar entrenamiento y prueba (umbral operativo: 15 meses observados, 4 demandas positivas).",341.04
ITEM_1710,1,1,0.9833,6.0,0.0,60.0,0.0,Intermitente,False,"Meses observados o demandas positivas insuficientes para conformar entrenamiento y prueba (umbral operativo: 15 meses observados, 4 demandas positivas).",340.88
ITEM_1711,7,7,0.8833,29.2857,684.9048,6.3333,0.7986,Lumpy,False,"Meses observados o demandas positivas insuficientes para conformar entrenamiento y prueba (umbral operativo: 15 meses observados, 4 demandas positivas).",1068.39
ITEM_1712,1,1,0.9833,1.0,0.0,60.0,0.0,Intermitente,False,"Meses observados o demandas positivas insuficientes para conformar entrenamiento y prueba (umbral operativo: 15 meses observados, 4 demandas positivas).",340.0
ITEM_1713,1,1,0.9833,2.0,0.0,60.0,0.0,Intermitente,False,"Meses observados o demandas positivas insuficientes para conformar entrenamiento y prueba (umbral operativo: 15 meses observados, 4 demandas positivas).",340.0
ITEM_1714,1,1,0.9833,4.0,0.0,60.0,0.0,Intermitente,False,"Meses observados o demandas positivas insuficientes para conformar entrenamiento y prueba (umbral operativo: 15 meses observados, 4 demandas positivas).",340.0
ITEM_1715,2,2,0.9667,1.0,0.0,29.0,0.0,Intermitente,False,"Meses observados o demandas positivas insuficientes para conformar entrenamiento y prueba (umbral operativo: 15 meses observados, 4 demandas positivas).",528.29
ITEM_1716,1,1,0.9833,12.0,0.0,60.0,0.0,Intermitente,False,"Meses observados o demandas positivas insuficientes para conformar entrenamiento y prueba (umbral operativo: 15 meses observados, 4 demandas positivas).",339.05
ITEM_1717,1,1,0.9833,5.0,0.0,60.0,0.0,Intermitente,False,"Meses observados o demandas positivas insuficientes para conformar entrenamiento y prueba (umbral operativo: 15 meses observados, 4 demandas positivas).",338.25
ITEM_1718,2,2,0.9667,8.0,0.0,3.0,0.0,Intermitente,False,"Meses observados o demandas positivas insuficientes para conformar entrenamiento y prueba (umbral operativo: 15 meses observados, 4 demandas positivas).",645.12
ITEM_1719,1,1,0.9833,150.0,0.0,60.0,0.0,Intermitente,False,"Meses observados o demandas positivas insuficientes para conformar entrenamiento y prueba (umbral operativo: 15 meses observados, 4 demandas positivas).",337.72
ITEM_1721,1,1,0.9833,16.0,0.0,60.0,0.0,Intermitente,False,"Meses observados o demandas positivas insuficientes para conformar entrenamiento y prueba (umbral operativo: 15 meses observados, 4 demandas positivas).",337.5
ITEM_1722,3,3,0.95,9.3333,9.3333,12.5,0.1071,Intermitente,False,"Meses observados o demandas positivas insuficientes para conformar entrenamiento y prueba (umbral operativo: 15 meses observados, 4 demandas positivas).",766.23
ITEM_1723,1,1,0.9833,3.0,0.0,60.0,0.0,Intermitente,False,"Meses observados o demandas positivas insuficientes para conformar entrenamiento y prueba (umbral operativo: 15 meses observados, 4 demandas positivas).",336.0
ITEM_1724,1,1,0.9833,6.0,0.0,60.0,0.0,Intermitente,False,"Meses observados o demandas positivas insuficientes para conformar entrenamiento y prueba (umbral operativo: 15 meses observados, 4 demandas positivas).",335.98
ITEM_1725,1,1,0.9833,180.0,0.0,60.0,0.0,Intermitente,False,"Meses observados o demandas positivas insuficientes para conformar entrenamiento y prueba (umbral operativo: 15 meses observados, 4 demandas positivas).",335.88
ITEM_1727,1,1,0.9833,4.0,0.0,60.0,0.0,Intermitente,False,"Meses observados o demandas positivas insuficientes para conformar entrenamiento y prueba (umbral operativo: 15 meses observados, 4 demandas positivas).",335.4
ITEM_1728,1,1,0.9833,7.0,0.0,60.0,0.0,Intermitente,False,"Meses observados o demandas positivas insuficientes para conformar entrenamiento y prueba (umbral operativo: 15 meses observados, 4 demandas positivas).",335.11
ITEM_1729,2,2,0.9667,3.0,8.0,20.0,0.8889,Lumpy,False,"Meses observados o demandas positivas insuficientes para conformar entrenamiento y prueba (umbral operativo: 15 meses observados, 4 demandas positivas).",370.51
ITEM_1730,1,1,0.9833,1.0,0.0,60.0,0.0,Intermitente,False,"Meses observados o demandas positivas insuficientes para conformar entrenamiento y prueba (umbral operativo: 15 meses observados, 4 demandas positivas).",334.77
ITEM_1731,1,1,0.9833,6.0,0.0,60.0,0.0,Intermitente,False,"Meses observados o demandas positivas insuficientes para conformar entrenamiento y prueba (umbral operativo: 15 meses observados, 4 demandas positivas).",334.59
ITEM_1732,5,5,0.9167,1.2,0.2,6.5,0.1389,Intermitente,False,"Meses observados o demandas positivas insuficientes para conformar entrenamiento y prueba (umbral operativo: 15 meses observados, 4 demandas positivas).",1146.74
ITEM_1733,3,3,0.95,24.0,0.0,3.0,0.0,Intermitente,False,"Meses observados o demandas positivas insuficientes para conformar entrenamiento y prueba (umbral operativo: 15 meses observados, 4 demandas positivas).",538.91
ITEM_1734,2,2,0.9667,825.0,151250.0,2.0,0.2222,Intermitente,False,"Meses observados o demandas positivas insuficientes para conformar entrenamiento y prueba (umbral operativo: 15 meses observados, 4 demandas positivas).",500.01
ITEM_1735,1,1,0.9833,10.0,0.0,60.0,0.0,Intermitente,False,"Meses observados o demandas positivas insuficientes para conformar entrenamiento y prueba (umbral operativo: 15 meses observados, 4 demandas positivas).",333.0
ITEM_1736,1,1,0.9833,1.0,0.0,60.0,0.0,Intermitente,False,"Meses observados o demandas positivas insuficientes para conformar entrenamiento y prueba (umbral operativo: 15 meses observados, 4 demandas positivas).",331.82
ITEM_1737,1,1,0.9833,1.0,0.0,60.0,0.0,Intermitente,False,"Meses observados o demandas positivas insuficientes para conformar entrenamiento y prueba (umbral operativo: 15 meses observados, 4 demandas positivas).",330.37
ITEM_1738,4,4,0.9333,1.25,0.25,9.0,0.16,Intermitente,False,"Meses observados o demandas positivas insuficientes para conformar entrenamiento y prueba (umbral operativo: 15 meses observados, 4 demandas positivas).",750.44
ITEM_1739,21,21,0.65,2.8571,6.5286,2.7,0.7997,Lumpy,True,,14467.14
ITEM_1740,8,8,0.8667,62.375,3882.2679,5.5714,0.9978,Lumpy,False,"Meses observados o demandas positivas insuficientes para conformar entrenamiento y prueba (umbral operativo: 15 meses observados, 4 demandas positivas).",710.27
ITEM_1741,6,6,0.9,3.6667,3.4667,7.6,0.2579,Intermitente,False,"Meses observados o demandas positivas insuficientes para conformar entrenamiento y prueba (umbral operativo: 15 meses observados, 4 demandas positivas).",720.0
ITEM_1742,3,3,0.95,15.3333,165.3333,9.0,0.7032,Lumpy,False,"Meses observados o demandas positivas insuficientes para conformar entrenamiento y prueba (umbral operativo: 15 meses observados, 4 demandas positivas).",472.7
ITEM_1743,10,10,0.8333,16.6,222.2667,6.8889,0.8066,Lumpy,False,"Meses observados o demandas positivas insuficientes para conformar entrenamiento y prueba (umbral operativo: 15 meses observados, 4 demandas positivas).",1250.7
ITEM_1744,2,2,0.9667,8.0,0.0,3.0,0.0,Intermitente,False,"Meses observados o demandas positivas insuficientes para conformar entrenamiento y prueba (umbral operativo: 15 meses observados, 4 demandas positivas).",659.68
ITEM_1745,1,1,0.9833,8.0,0.0,60.0,0.0,Intermitente,False,"Meses observados o demandas positivas insuficientes para conformar entrenamiento y prueba (umbral operativo: 15 meses observados, 4 demandas positivas).",329.84
ITEM_1747,1,1,0.9833,40.0,0.0,60.0,0.0,Intermitente,False,"Meses observados o demandas positivas insuficientes para conformar entrenamiento y prueba (umbral operativo: 15 meses observados, 4 demandas positivas).",345.99
ITEM_1748,1,1,0.9833,2.0,0.0,60.0,0.0,Intermitente,False,"Meses observados o demandas positivas insuficientes para conformar entrenamiento y prueba (umbral operativo: 15 meses observados, 4 demandas positivas).",328.38
ITEM_1749,1,1,0.9833,2.0,0.0,60.0,0.0,Intermitente,False,"Meses observados o demandas positivas insuficientes para conformar entrenamiento y prueba (umbral operativo: 15 meses observados, 4 demandas positivas).",328.22
ITEM_1750,1,1,0.9833,2.0,0.0,60.0,0.0,Intermitente,False,"Meses observados o demandas positivas insuficientes para conformar entrenamiento y prueba (umbral operativo: 15 meses observados, 4 demandas positivas).",328.0
ITEM_1751,1,1,0.9833,2.0,0.0,60.0,0.0,Intermitente,False,"Meses observados o demandas positivas insuficientes para conformar entrenamiento y prueba (umbral operativo: 15 meses observados, 4 demandas positivas).",328.0
ITEM_1752,1,1,0.9833,1.0,0.0,60.0,0.0,Intermitente,False,"Meses observados o demandas positivas insuficientes para conformar entrenamiento y prueba (umbral operativo: 15 meses observados, 4 demandas positivas).",327.6
ITEM_1753,1,1,0.9833,6.0,0.0,60.0,0.0,Intermitente,False,"Meses observados o demandas positivas insuficientes para conformar entrenamiento y prueba (umbral operativo: 15 meses observados, 4 demandas positivas).",327.2
ITEM_1755,1,1,0.9833,3.0,0.0,60.0,0.0,Intermitente,False,"Meses observados o demandas positivas insuficientes para conformar entrenamiento y prueba (umbral operativo: 15 meses observados, 4 demandas positivas).",326.44
ITEM_1756,1,1,0.9833,1.0,0.0,60.0,0.0,Intermitente,False,"Meses observados o demandas positivas insuficientes para conformar entrenamiento y prueba (umbral operativo: 15 meses observados, 4 demandas positivas).",326.31
ITEM_1757,1,1,0.9833,1.0,0.0,60.0,0.0,Intermitente,False,"Meses observados o demandas positivas insuficientes para conformar entrenamiento y prueba (umbral operativo: 15 meses observados, 4 demandas positivas).",325.45
ITEM_1758,1,1,0.9833,3.0,0.0,60.0,0.0,Intermitente,False,"Meses observados o demandas positivas insuficientes para conformar entrenamiento y prueba (umbral operativo: 15 meses observados, 4 demandas positivas).",325.22
ITEM_1759,1,1,0.9833,20.0,0.0,60.0,0.0,Intermitente,False,"Meses observados o demandas positivas insuficientes para conformar entrenamiento y prueba (umbral operativo: 15 meses observados, 4 demandas positivas).",325.09
ITEM_1760,1,1,0.9833,8.0,0.0,60.0,0.0,Intermitente,False,"Meses observados o demandas positivas insuficientes para conformar entrenamiento y prueba (umbral operativo: 15 meses observados, 4 demandas positivas).",647.02
ITEM_1761,1,1,0.9833,12.0,0.0,60.0,0.0,Intermitente,False,"Meses observados o demandas positivas insuficientes para conformar entrenamiento y prueba (umbral operativo: 15 meses observados, 4 demandas positivas).",324.0
ITEM_1762,1,1,0.9833,12.0,0.0,60.0,0.0,Intermitente,False,"Meses observados o demandas positivas insuficientes para conformar entrenamiento y prueba (umbral operativo: 15 meses observados, 4 demandas positivas).",324.0
ITEM_1763,2,2,0.9667,6.0,32.0,9.0,0.8889,Lumpy,False,"Meses observados o demandas positivas insuficientes para conformar entrenamiento y prueba (umbral operativo: 15 meses observados, 4 demandas positivas).",565.64
ITEM_1764,19,19,0.6833,18.5263,141.7076,3.9444,0.4129,Intermitente,True,,4930.35
ITEM_1765,1,1,0.9833,5.0,0.0,60.0,0.0,Intermitente,False,"Meses observados o demandas positivas insuficientes para conformar entrenamiento y prueba (umbral operativo: 15 meses observados, 4 demandas positivas).",321.53
ITEM_1766,1,1,0.9833,2.0,0.0,60.0,0.0,Intermitente,False,"Meses observados o demandas positivas insuficientes para conformar entrenamiento y prueba (umbral operativo: 15 meses observados, 4 demandas positivas).",321.51
ITEM_1767,1,1,0.9833,16.0,0.0,60.0,0.0,Intermitente,False,"Meses observados o demandas positivas insuficientes para conformar entrenamiento y prueba (umbral operativo: 15 meses observados, 4 demandas positivas).",321.44
ITEM_1769,1,1,0.9833,24.0,0.0,60.0,0.0,Intermitente,False,"Meses observados o demandas positivas insuficientes para conformar entrenamiento y prueba (umbral operativo: 15 meses observados, 4 demandas positivas).",320.4
ITEM_1770,1,1,0.9833,1.0,0.0,60.0,0.0,Intermitente,False,"Meses observados o demandas positivas insuficientes para conformar entrenamiento y prueba (umbral operativo: 15 meses observados, 4 demandas positivas).",320.31
ITEM_1771,3,3,0.95,10.0,148.0,4.0,1.48,Lumpy,False,"Meses observados o demandas positivas insuficientes para conformar entrenamiento y prueba (umbral operativo: 15 meses observados, 4 demandas positivas).",980.0
ITEM_1772,1,1,0.9833,1.0,0.0,60.0,0.0,Intermitente,False,"Meses observados o demandas positivas insuficientes para conformar entrenamiento y prueba (umbral operativo: 15 meses observados, 4 demandas positivas).",320.0
ITEM_1773,1,1,0.9833,2.0,0.0,60.0,0.0,Intermitente,False,"Meses observados o demandas positivas insuficientes para conformar entrenamiento y prueba (umbral operativo: 15 meses observados, 4 demandas positivas).",319.88
ITEM_1774,1,1,0.9833,16.0,0.0,60.0,0.0,Intermitente,False,"Meses observados o demandas positivas insuficientes para conformar entrenamiento y prueba (umbral operativo: 15 meses observados, 4 demandas positivas).",633.94
ITEM_1775,2,2,0.9667,4.0,8.0,2.0,0.5,Lumpy,False,"Meses observados o demandas positivas insuficientes para conformar entrenamiento y prueba (umbral operativo: 15 meses observados, 4 demandas positivas).",512.1
ITEM_1776,1,1,0.9833,6.0,0.0,60.0,0.0,Intermitente,False,"Meses observados o demandas positivas insuficientes para conformar entrenamiento y prueba (umbral operativo: 15 meses observados, 4 demandas positivas).",317.64
ITEM_1778,15,15,0.75,4.9333,19.6381,3.4286,0.8069,Lumpy,True,,1119.78
ITEM_1779,1,1,0.9833,4.0,0.0,60.0,0.0,Intermitente,False,"Meses observados o demandas positivas insuficientes para conformar entrenamiento y prueba (umbral operativo: 15 meses observados, 4 demandas positivas).",315.28
ITEM_1780,2,2,0.9667,1.0,0.0,23.0,0.0,Intermitente,False,"Meses observados o demandas positivas insuficientes para conformar entrenamiento y prueba (umbral operativo: 15 meses observados, 4 demandas positivas).",435.0
ITEM_1781,1,1,0.9833,70.0,0.0,60.0,0.0,Intermitente,False,"Meses observados o demandas positivas insuficientes para conformar entrenamiento y prueba (umbral operativo: 15 meses observados, 4 demandas positivas).",314.58
ITEM_1782,1,1,0.9833,6.0,0.0,60.0,0.0,Intermitente,False,"Meses observados o demandas positivas insuficientes para conformar entrenamiento y prueba (umbral operativo: 15 meses observados, 4 demandas positivas).",314.28
ITEM_1783,1,1,0.9833,3.0,0.0,60.0,0.0,Intermitente,False,"Meses observados o demandas positivas insuficientes para conformar entrenamiento y prueba (umbral operativo: 15 meses observados, 4 demandas positivas).",314.13
ITEM_1784,3,3,0.95,2.0,0.0,5.5,0.0,Intermitente,False,"Meses observados o demandas positivas insuficientes para conformar entrenamiento y prueba (umbral operativo: 15 meses observados, 4 demandas positivas).",727.15
ITEM_1786,1,1,0.9833,22.0,0.0,60.0,0.0,Intermitente,False,"Meses observados o demandas positivas insuficientes para conformar entrenamiento y prueba (umbral operativo: 15 meses observados, 4 demandas positivas).",313.26
ITEM_1787,2,2,0.9667,12.0,0.0,4.0,0.0,Intermitente,False,"Meses observados o demandas positivas insuficientes para conformar entrenamiento y prueba (umbral operativo: 15 meses observados, 4 demandas positivas).",612.37
ITEM_1789,1,1,0.9833,2.0,0.0,60.0,0.0,Intermitente,False,"Meses observados o demandas positivas insuficientes para conformar entrenamiento y prueba (umbral operativo: 15 meses observados, 4 demandas positivas).",312.71
ITEM_1790,1,1,0.9833,2.0,0.0,60.0,0.0,Intermitente,False,"Meses observados o demandas positivas insuficientes para conformar entrenamiento y prueba (umbral operativo: 15 meses observados, 4 demandas positivas).",312.71
ITEM_1791,1,1,0.9833,2.0,0.0,60.0,0.0,Intermitente,False,"Meses observados o demandas positivas insuficientes para conformar entrenamiento y prueba (umbral operativo: 15 meses observados, 4 demandas positivas).",312.71
ITEM_1792,1,1,0.9833,2.0,0.0,60.0,0.0,Intermitente,False,"Meses observados o demandas positivas insuficientes para conformar entrenamiento y prueba (umbral operativo: 15 meses observados, 4 demandas positivas).",312.68
ITEM_1793,1,1,0.9833,1.0,0.0,60.0,0.0,Intermitente,False,"Meses observados o demandas positivas insuficientes para conformar entrenamiento y prueba (umbral operativo: 15 meses observados, 4 demandas positivas).",312.0
ITEM_1794,2,2,0.9667,3.0,0.0,9.0,0.0,Intermitente,False,"Meses observados o demandas positivas insuficientes para conformar entrenamiento y prueba (umbral operativo: 15 meses observados, 4 demandas positivas).",366.83
ITEM_1795,1,1,0.9833,1.0,0.0,60.0,0.0,Intermitente,False,"Meses observados o demandas positivas insuficientes para conformar entrenamiento y prueba (umbral operativo: 15 meses observados, 4 demandas positivas).",311.35
ITEM_1796,1,1,0.9833,12.0,0.0,60.0,0.0,Intermitente,False,"Meses observados o demandas positivas insuficientes para conformar entrenamiento y prueba (umbral operativo: 15 meses observados, 4 demandas positivas).",373.56
ITEM_1798,1,1,0.9833,1.0,0.0,60.0,0.0,Intermitente,False,"Meses observados o demandas positivas insuficientes para conformar entrenamiento y prueba (umbral operativo: 15 meses observados, 4 demandas positivas).",310.57
ITEM_1799,2,2,0.9667,1.5,0.5,2.0,0.2222,Intermitente,False,"Meses observados o demandas positivas insuficientes para conformar entrenamiento y prueba (umbral operativo: 15 meses observados, 4 demandas positivas).",432.46
ITEM_1800,3,3,0.95,2.0,3.0,12.0,0.75,Lumpy,False,"Meses observados o demandas positivas insuficientes para conformar entrenamiento y prueba (umbral operativo: 15 meses observados, 4 demandas positivas).",493.31
ITEM_1801,1,1,0.9833,1.0,0.0,60.0,0.0,Intermitente,False,"Meses observados o demandas positivas insuficientes para conformar entrenamiento y prueba (umbral operativo: 15 meses observados, 4 demandas positivas).",310.16
ITEM_1803,2,2,0.9667,5.0,18.0,23.0,0.72,Lumpy,False,"Meses observados o demandas positivas insuficientes para conformar entrenamiento y prueba (umbral operativo: 15 meses observados, 4 demandas positivas).",414.0
ITEM_1804,1,1,0.9833,4.0,0.0,60.0,0.0,Intermitente,False,"Meses observados o demandas positivas insuficientes para conformar entrenamiento y prueba (umbral operativo: 15 meses observados, 4 demandas positivas).",308.24
ITEM_1805,1,1,0.9833,2.0,0.0,60.0,0.0,Intermitente,False,"Meses observados o demandas positivas insuficientes para conformar entrenamiento y prueba (umbral operativo: 15 meses observados, 4 demandas positivas).",308.0
ITEM_1806,3,3,0.95,1.0,0.0,15.0,0.0,Intermitente,False,"Meses observados o demandas positivas insuficientes para conformar entrenamiento y prueba (umbral operativo: 15 meses observados, 4 demandas positivas).",879.75
ITEM_1807,1,1,0.9833,2000.0,0.0,60.0,0.0,Intermitente,False,"Meses observados o demandas positivas insuficientes para conformar entrenamiento y prueba (umbral operativo: 15 meses observados, 4 demandas positivas).",308.0
ITEM_1808,2,2,0.9667,10.5,180.5,15.0,1.6372,Lumpy,False,"Meses observados o demandas positivas insuficientes para conformar entrenamiento y prueba (umbral operativo: 15 meses observados, 4 demandas positivas).",395.7
ITEM_1809,1,1,0.9833,2.0,0.0,60.0,0.0,Intermitente,False,"Meses observados o demandas positivas insuficientes para conformar entrenamiento y prueba (umbral operativo: 15 meses observados, 4 demandas positivas).",307.37
ITEM_1810,1,1,0.9833,3.0,0.0,60.0,0.0,Intermitente,False,"Meses observados o demandas positivas insuficientes para conformar entrenamiento y prueba (umbral operativo: 15 meses observados, 4 demandas positivas).",307.05
ITEM_1811,5,5,0.9167,11.0,42.5,7.0,0.3512,Intermitente,False,"Meses observados o demandas positivas insuficientes para conformar entrenamiento y prueba (umbral operativo: 15 meses observados, 4 demandas positivas).",1165.39
ITEM_1812,1,1,0.9833,4.0,0.0,60.0,0.0,Intermitente,False,"Meses observados o demandas positivas insuficientes para conformar entrenamiento y prueba (umbral operativo: 15 meses observados, 4 demandas positivas).",306.0
ITEM_1813,1,1,0.9833,12.0,0.0,60.0,0.0,Intermitente,False,"Meses observados o demandas positivas insuficientes para conformar entrenamiento y prueba (umbral operativo: 15 meses observados, 4 demandas positivas).",306.0
ITEM_1814,2,2,0.9667,3.0,2.0,4.0,0.2222,Intermitente,False,"Meses observados o demandas positivas insuficientes para conformar entrenamiento y prueba (umbral operativo: 15 meses observados, 4 demandas positivas).",799.83
ITEM_1815,1,1,0.9833,3.0,0.0,60.0,0.0,Intermitente,False,"Meses observados o demandas positivas insuficientes para conformar entrenamiento y prueba (umbral operativo: 15 meses observados, 4 demandas positivas).",305.3
ITEM_1816,1,1,0.9833,24.0,0.0,60.0,0.0,Intermitente,False,"Meses observados o demandas positivas insuficientes para conformar entrenamiento y prueba (umbral operativo: 15 meses observados, 4 demandas positivas).",305.04
ITEM_1817,2,2,0.9667,1890.0,88200.0,19.0,0.0247,Intermitente,False,"Meses observados o demandas positivas insuficientes para conformar entrenamiento y prueba (umbral operativo: 15 meses observados, 4 demandas positivas).",2192.4
ITEM_1818,1,1,0.9833,8.0,0.0,60.0,0.0,Intermitente,False,"Meses observados o demandas positivas insuficientes para conformar entrenamiento y prueba (umbral operativo: 15 meses observados, 4 demandas positivas).",303.89
ITEM_1819,1,1,0.9833,12.0,0.0,60.0,0.0,Intermitente,False,"Meses observados o demandas positivas insuficientes para conformar entrenamiento y prueba (umbral operativo: 15 meses observados, 4 demandas positivas).",303.6
ITEM_1821,3,3,0.95,3.0,1.0,10.5,0.1111,Intermitente,False,"Meses observados o demandas positivas insuficientes para conformar entrenamiento y prueba (umbral operativo: 15 meses observados, 4 demandas positivas).",706.68
ITEM_1823,8,8,0.8667,71.25,6549.3571,4.7143,1.2901,Lumpy,False,"Meses observados o demandas positivas insuficientes para conformar entrenamiento y prueba (umbral operativo: 15 meses observados, 4 demandas positivas).",904.58
ITEM_1824,1,1,0.9833,8.0,0.0,60.0,0.0,Intermitente,False,"Meses observados o demandas positivas insuficientes para conformar entrenamiento y prueba (umbral operativo: 15 meses observados, 4 demandas positivas).",302.24
ITEM_1827,1,1,0.9833,20.0,0.0,60.0,0.0,Intermitente,False,"Meses observados o demandas positivas insuficientes para conformar entrenamiento y prueba (umbral operativo: 15 meses observados, 4 demandas positivas).",301.29
ITEM_1830,1,1,0.9833,16.0,0.0,60.0,0.0,Intermitente,False,"Meses observados o demandas positivas insuficientes para conformar entrenamiento y prueba (umbral operativo: 15 meses observados, 4 demandas positivas).",300.83
ITEM_1832,5,5,0.9167,1.4,0.3,6.75,0.1531,Intermitente,False,"Meses observados o demandas positivas insuficientes para conformar entrenamiento y prueba (umbral operativo: 15 meses observados, 4 demandas positivas).",818.28
ITEM_1833,3,3,0.95,1.0,0.0,12.0,0.0,Intermitente,False,"Meses observados o demandas positivas insuficientes para conformar entrenamiento y prueba (umbral operativo: 15 meses observados, 4 demandas positivas).",848.3
ITEM_1835,1,1,0.9833,4.0,0.0,60.0,0.0,Intermitente,False,"Meses observados o demandas positivas insuficientes para conformar entrenamiento y prueba (umbral operativo: 15 meses observados, 4 demandas positivas).",300.0
ITEM_1836,1,1,0.9833,50.0,0.0,60.0,0.0,Intermitente,False,"Meses observados o demandas positivas insuficientes para conformar entrenamiento y prueba (umbral operativo: 15 meses observados, 4 demandas positivas).",300.0
ITEM_1837,2,2,0.9667,30.0,800.0,3.0,0.8889,Lumpy,False,"Meses observados o demandas positivas insuficientes para conformar entrenamiento y prueba (umbral operativo: 15 meses observados, 4 demandas positivas).",360.0
ITEM_1838,7,7,0.8833,16.8571,23.8095,6.1667,0.0838,Intermitente,False,"Meses observados o demandas positivas insuficientes para conformar entrenamiento y prueba (umbral operativo: 15 meses observados, 4 demandas positivas).",1156.28
ITEM_1839,4,4,0.9333,5.5,41.6667,10.3333,1.3774,Lumpy,False,"Meses observados o demandas positivas insuficientes para conformar entrenamiento y prueba (umbral operativo: 15 meses observados, 4 demandas positivas).",450.26
ITEM_1840,1,1,0.9833,2.0,0.0,60.0,0.0,Intermitente,False,"Meses observados o demandas positivas insuficientes para conformar entrenamiento y prueba (umbral operativo: 15 meses observados, 4 demandas positivas).",300.0
ITEM_1841,2,2,0.9667,2.0,2.0,4.0,0.5,Lumpy,False,"Meses observados o demandas positivas insuficientes para conformar entrenamiento y prueba (umbral operativo: 15 meses observados, 4 demandas positivas).",310.14
ITEM_1842,1,1,0.9833,40.0,0.0,60.0,0.0,Intermitente,False,"Meses observados o demandas positivas insuficientes para conformar entrenamiento y prueba (umbral operativo: 15 meses observados, 4 demandas positivas).",300.0
ITEM_1843,3,3,0.95,6.0,0.0,3.0,0.0,Intermitente,False,"Meses observados o demandas positivas insuficientes para conformar entrenamiento y prueba (umbral operativo: 15 meses observados, 4 demandas positivas).",761.18
ITEM_1844,2,2,0.9667,6.0,0.0,3.0,0.0,Intermitente,False,"Meses observados o demandas positivas insuficientes para conformar entrenamiento y prueba (umbral operativo: 15 meses observados, 4 demandas positivas).",521.86
ITEM_1845,1,1,0.9833,4.0,0.0,60.0,0.0,Intermitente,False,"Meses observados o demandas positivas insuficientes para conformar entrenamiento y prueba (umbral operativo: 15 meses observados, 4 demandas positivas).",578.56
ITEM_1846,3,3,0.95,4.3333,0.3333,10.5,0.0178,Intermitente,False,"Meses observados o demandas positivas insuficientes para conformar entrenamiento y prueba (umbral operativo: 15 meses observados, 4 demandas positivas).",708.89
ITEM_1847,5,5,0.9167,1.4,0.8,8.25,0.4082,Intermitente,False,"Meses observados o demandas positivas insuficientes para conformar entrenamiento y prueba (umbral operativo: 15 meses observados, 4 demandas positivas).",674.21
ITEM_1849,1,1,0.9833,4.0,0.0,60.0,0.0,Intermitente,False,"Meses observados o demandas positivas insuficientes para conformar entrenamiento y prueba (umbral operativo: 15 meses observados, 4 demandas positivas).",346.51
ITEM_1850,1,1,0.9833,7.0,0.0,60.0,0.0,Intermitente,False,"Meses observados o demandas positivas insuficientes para conformar entrenamiento y prueba (umbral operativo: 15 meses observados, 4 demandas positivas).",297.87
ITEM_1851,2,2,0.9667,2.5,0.5,23.0,0.08,Intermitente,False,"Meses observados o demandas positivas insuficientes para conformar entrenamiento y prueba (umbral operativo: 15 meses observados, 4 demandas positivas).",343.33
ITEM_1852,1,1,0.9833,150.0,0.0,60.0,0.0,Intermitente,False,"Meses observados o demandas positivas insuficientes para conformar entrenamiento y prueba (umbral operativo: 15 meses observados, 4 demandas positivas).",297.22
ITEM_1853,1,1,0.9833,3.0,0.0,60.0,0.0,Intermitente,False,"Meses observados o demandas positivas insuficientes para conformar entrenamiento y prueba (umbral operativo: 15 meses observados, 4 demandas positivas).",297.18
ITEM_1855,1,1,0.9833,4.0,0.0,60.0,0.0,Intermitente,False,"Meses observados o demandas positivas insuficientes para conformar entrenamiento y prueba (umbral operativo: 15 meses observados, 4 demandas positivas).",296.52
ITEM_1856,1,1,0.9833,1.0,0.0,60.0,0.0,Intermitente,False,"Meses observados o demandas positivas insuficientes para conformar entrenamiento y prueba (umbral operativo: 15 meses observados, 4 demandas positivas).",296.4
ITEM_1857,1,1,0.9833,20.0,0.0,60.0,0.0,Intermitente,False,"Meses observados o demandas positivas insuficientes para conformar entrenamiento y prueba (umbral operativo: 15 meses observados, 4 demandas positivas).",296.0
ITEM_1858,1,1,0.9833,2.0,0.0,60.0,0.0,Intermitente,False,"Meses observados o demandas positivas insuficientes para conformar entrenamiento y prueba (umbral operativo: 15 meses observados, 4 demandas positivas).",591.95
ITEM_1860,3,3,0.95,1.6667,1.3333,8.0,0.48,Intermitente,False,"Meses observados o demandas positivas insuficientes para conformar entrenamiento y prueba (umbral operativo: 15 meses observados, 4 demandas positivas).",449.28
ITEM_1863,2,2,0.9667,3.0,2.0,7.0,0.2222,Intermitente,False,"Meses observados o demandas positivas insuficientes para conformar entrenamiento y prueba (umbral operativo: 15 meses observados, 4 demandas positivas).",462.59
ITEM_1867,1,1,0.9833,24.0,0.0,60.0,0.0,Intermitente,False,"Meses observados o demandas positivas insuficientes para conformar entrenamiento y prueba (umbral operativo: 15 meses observados, 4 demandas positivas).",295.0
ITEM_1868,2,2,0.9667,104.5,18624.5,13.0,1.7055,Lumpy,False,"Meses observados o demandas positivas insuficientes para conformar entrenamiento y prueba (umbral operativo: 15 meses observados, 4 demandas positivas).",1032.88
ITEM_1869,1,1,0.9833,2.0,0.0,60.0,0.0,Intermitente,False,"Meses observados o demandas positivas insuficientes para conformar entrenamiento y prueba (umbral operativo: 15 meses observados, 4 demandas positivas).",294.8
ITEM_1870,2,2,0.9667,1.0,0.0,8.0,0.0,Intermitente,False,"Meses observados o demandas positivas insuficientes para conformar entrenamiento y prueba (umbral operativo: 15 meses observados, 4 demandas positivas).",333.06
ITEM_1871,1,1,0.9833,100.0,0.0,60.0,0.0,Intermitente,False,"Meses observados o demandas positivas insuficientes para conformar entrenamiento y prueba (umbral operativo: 15 meses observados, 4 demandas positivas).",294.0
ITEM_1872,1,1,0.9833,1.0,0.0,60.0,0.0,Intermitente,False,"Meses observados o demandas positivas insuficientes para conformar entrenamiento y prueba (umbral operativo: 15 meses observados, 4 demandas positivas).",293.42
ITEM_1873,1,1,0.9833,2.0,0.0,60.0,0.0,Intermitente,False,"Meses observados o demandas positivas insuficientes para conformar entrenamiento y prueba (umbral operativo: 15 meses observados, 4 demandas positivas).",292.6
ITEM_1874,1,1,0.9833,1.0,0.0,60.0,0.0,Intermitente,False,"Meses observados o demandas positivas insuficientes para conformar entrenamiento y prueba (umbral operativo: 15 meses observados, 4 demandas positivas).",292.5
ITEM_1875,1,1,0.9833,12.0,0.0,60.0,0.0,Intermitente,False,"Meses observados o demandas positivas insuficientes para conformar entrenamiento y prueba (umbral operativo: 15 meses observados, 4 demandas positivas).",292.32
ITEM_1876,1,1,0.9833,4.0,0.0,60.0,0.0,Intermitente,False,"Meses observados o demandas positivas insuficientes para conformar entrenamiento y prueba (umbral operativo: 15 meses observados, 4 demandas positivas).",291.99
ITEM_1877,3,3,0.95,1.0,0.0,3.0,0.0,Intermitente,False,"Meses observados o demandas positivas insuficientes para conformar entrenamiento y prueba (umbral operativo: 15 meses observados, 4 demandas positivas).",644.99
ITEM_1879,3,3,0.95,5.0,0.0,3.0,0.0,Intermitente,False,"Meses observados o demandas positivas insuficientes para conformar entrenamiento y prueba (umbral operativo: 15 meses observados, 4 demandas positivas).",852.87
ITEM_1880,3,3,0.95,16.0,181.0,8.0,0.707,Lumpy,False,"Meses observados o demandas positivas insuficientes para conformar entrenamiento y prueba (umbral operativo: 15 meses observados, 4 demandas positivas).",521.2
ITEM_1881,1,1,0.9833,120.0,0.0,60.0,0.0,Intermitente,False,"Meses observados o demandas positivas insuficientes para conformar entrenamiento y prueba (umbral operativo: 15 meses observados, 4 demandas positivas).",291.09
ITEM_1882,1,1,0.9833,60.0,0.0,60.0,0.0,Intermitente,False,"Meses observados o demandas positivas insuficientes para conformar entrenamiento y prueba (umbral operativo: 15 meses observados, 4 demandas positivas).",290.64
ITEM_1883,3,3,0.95,36.0,0.0,3.0,0.0,Intermitente,False,"Meses observados o demandas positivas insuficientes para conformar entrenamiento y prueba (umbral operativo: 15 meses observados, 4 demandas positivas).",763.02
ITEM_1884,1,1,0.9833,14.0,0.0,60.0,0.0,Intermitente,False,"Meses observados o demandas positivas insuficientes para conformar entrenamiento y prueba (umbral operativo: 15 meses observados, 4 demandas positivas).",290.15
ITEM_1885,1,1,0.9833,1.0,0.0,60.0,0.0,Intermitente,False,"Meses observados o demandas positivas insuficientes para conformar entrenamiento y prueba (umbral operativo: 15 meses observados, 4 demandas positivas).",290.0
ITEM_1886,9,9,0.85,84.0,3549.0,4.375,0.503,Lumpy,False,"Meses observados o demandas positivas insuficientes para conformar entrenamiento y prueba (umbral operativo: 15 meses observados, 4 demandas positivas).",1320.81
ITEM_1887,1,1,0.9833,2.0,0.0,60.0,0.0,Intermitente,False,"Meses observados o demandas positivas insuficientes para conformar entrenamiento y prueba (umbral operativo: 15 meses observados, 4 demandas positivas).",288.0
ITEM_1888,1,1,0.9833,48.0,0.0,60.0,0.0,Intermitente,False,"Meses observados o demandas positivas insuficientes para conformar entrenamiento y prueba (umbral operativo: 15 meses observados, 4 demandas positivas).",288.0
ITEM_1889,4,4,0.9333,11.0,4.0,7.6667,0.0331,Intermitente,False,"Meses observados o demandas positivas insuficientes para conformar entrenamiento y prueba (umbral operativo: 15 meses observados, 4 demandas positivas).",494.56
ITEM_1890,3,3,0.95,3.0,0.0,3.0,0.0,Intermitente,False,"Meses observados o demandas positivas insuficientes para conformar entrenamiento y prueba (umbral operativo: 15 meses observados, 4 demandas positivas).",732.4
ITEM_1891,1,1,0.9833,1.0,0.0,60.0,0.0,Intermitente,False,"Meses observados o demandas positivas insuficientes para conformar entrenamiento y prueba (umbral operativo: 15 meses observados, 4 demandas positivas).",285.71
ITEM_1892,1,1,0.9833,6.0,0.0,60.0,0.0,Intermitente,False,"Meses observados o demandas positivas insuficientes para conformar entrenamiento y prueba (umbral operativo: 15 meses observados, 4 demandas positivas).",285.59
ITEM_1893,8,8,0.8667,156.0,11368.0,5.0,0.4671,Intermitente,False,"Meses observados o demandas positivas insuficientes para conformar entrenamiento y prueba (umbral operativo: 15 meses observados, 4 demandas positivas).",1243.56
ITEM_1894,1,1,0.9833,3.0,0.0,60.0,0.0,Intermitente,False,"Meses observados o demandas positivas insuficientes para conformar entrenamiento y prueba (umbral operativo: 15 meses observados, 4 demandas positivas).",285.0
ITEM_1895,2,2,0.9667,40.0,0.0,4.0,0.0,Intermitente,False,"Meses observados o demandas positivas insuficientes para conformar entrenamiento y prueba (umbral operativo: 15 meses observados, 4 demandas positivas).",389.9
ITEM_1896,1,1,0.9833,2.0,0.0,60.0,0.0,Intermitente,False,"Meses observados o demandas positivas insuficientes para conformar entrenamiento y prueba (umbral operativo: 15 meses observados, 4 demandas positivas).",284.88
ITEM_1897,1,1,0.9833,6.0,0.0,60.0,0.0,Intermitente,False,"Meses observados o demandas positivas insuficientes para conformar entrenamiento y prueba (umbral operativo: 15 meses observados, 4 demandas positivas).",284.69
ITEM_1898,1,1,0.9833,12.0,0.0,60.0,0.0,Intermitente,False,"Meses observados o demandas positivas insuficientes para conformar entrenamiento y prueba (umbral operativo: 15 meses observados, 4 demandas positivas).",284.64
ITEM_1899,1,1,0.9833,1.0,0.0,60.0,0.0,Intermitente,False,"Meses observados o demandas positivas insuficientes para conformar entrenamiento y prueba (umbral operativo: 15 meses observados, 4 demandas positivas).",284.25
ITEM_1900,1,1,0.9833,4.0,0.0,60.0,0.0,Intermitente,False,"Meses observados o demandas positivas insuficientes para conformar entrenamiento y prueba (umbral operativo: 15 meses observados, 4 demandas positivas).",283.88
ITEM_1901,1,1,0.9833,47.0,0.0,60.0,0.0,Intermitente,False,"Meses observados o demandas positivas insuficientes para conformar entrenamiento y prueba (umbral operativo: 15 meses observados, 4 demandas positivas).",283.41
ITEM_1902,8,8,0.8667,199.75,45794.7857,5.5714,1.1477,Lumpy,False,"Meses observados o demandas positivas insuficientes para conformar entrenamiento y prueba (umbral operativo: 15 meses observados, 4 demandas positivas).",1490.01
ITEM_1903,1,1,0.9833,20.0,0.0,60.0,0.0,Intermitente,False,"Meses observados o demandas positivas insuficientes para conformar entrenamiento y prueba (umbral operativo: 15 meses observados, 4 demandas positivas).",283.0
ITEM_1904,1,1,0.9833,20.0,0.0,60.0,0.0,Intermitente,False,"Meses observados o demandas positivas insuficientes para conformar entrenamiento y prueba (umbral operativo: 15 meses observados, 4 demandas positivas).",282.77
ITEM_1905,4,4,0.9333,3.75,30.25,10.0,2.1511,Lumpy,False,"Meses observados o demandas positivas insuficientes para conformar entrenamiento y prueba (umbral operativo: 15 meses observados, 4 demandas positivas).",582.6
ITEM_1906,1,1,0.9833,12.0,0.0,60.0,0.0,Intermitente,False,"Meses observados o demandas positivas insuficientes para conformar entrenamiento y prueba (umbral operativo: 15 meses observados, 4 demandas positivas).",282.6
ITEM_1907,1,1,0.9833,8.0,0.0,60.0,0.0,Intermitente,False,"Meses observados o demandas positivas insuficientes para conformar entrenamiento y prueba (umbral operativo: 15 meses observados, 4 demandas positivas).",561.61
ITEM_1908,1,1,0.9833,1.0,0.0,60.0,0.0,Intermitente,False,"Meses observados o demandas positivas insuficientes para conformar entrenamiento y prueba (umbral operativo: 15 meses observados, 4 demandas positivas).",282.4
ITEM_1909,3,3,0.95,6.0,0.0,3.0,0.0,Intermitente,False,"Meses observados o demandas positivas insuficientes para conformar entrenamiento y prueba (umbral operativo: 15 meses observados, 4 demandas positivas).",729.58
ITEM_1910,6,6,0.9,2.5,7.5,4.4,1.2,Lumpy,False,"Meses observados o demandas positivas insuficientes para conformar entrenamiento y prueba (umbral operativo: 15 meses observados, 4 demandas positivas).",1475.23
ITEM_1911,4,4,0.9333,3.5,3.0,11.6667,0.2449,Intermitente,False,"Meses observados o demandas positivas insuficientes para conformar entrenamiento y prueba (umbral operativo: 15 meses observados, 4 demandas positivas).",855.55
ITEM_1912,1,1,0.9833,4.0,0.0,60.0,0.0,Intermitente,False,"Meses observados o demandas positivas insuficientes para conformar entrenamiento y prueba (umbral operativo: 15 meses observados, 4 demandas positivas).",281.09
ITEM_1913,1,1,0.9833,4.0,0.0,60.0,0.0,Intermitente,False,"Meses observados o demandas positivas insuficientes para conformar entrenamiento y prueba (umbral operativo: 15 meses observados, 4 demandas positivas).",281.08
ITEM_1914,7,7,0.8833,74.2857,961.9048,5.8333,0.1743,Intermitente,False,"Meses observados o demandas positivas insuficientes para conformar entrenamiento y prueba (umbral operativo: 15 meses observados, 4 demandas positivas).",626.2
ITEM_1915,2,2,0.9667,7.0,2.0,23.0,0.0408,Intermitente,False,"Meses observados o demandas positivas insuficientes para conformar entrenamiento y prueba (umbral operativo: 15 meses observados, 4 demandas positivas).",470.22
ITEM_1917,1,1,0.9833,1.0,0.0,60.0,0.0,Intermitente,False,"Meses observados o demandas positivas insuficientes para conformar entrenamiento y prueba (umbral operativo: 15 meses observados, 4 demandas positivas).",280.0
ITEM_1919,28,28,0.5333,18.0,137.037,2.2222,0.423,Intermitente,True,,3813.35
ITEM_1920,1,1,0.9833,10.0,0.0,60.0,0.0,Intermitente,False,"Meses observados o demandas positivas insuficientes para conformar entrenamiento y prueba (umbral operativo: 15 meses observados, 4 demandas positivas).",280.0
ITEM_1921,1,1,0.9833,10.0,0.0,60.0,0.0,Intermitente,False,"Meses observados o demandas positivas insuficientes para conformar entrenamiento y prueba (umbral operativo: 15 meses observados, 4 demandas positivas).",280.0
ITEM_1922,2,2,0.9667,150.0,0.0,2.0,0.0,Intermitente,False,"Meses observados o demandas positivas insuficientes para conformar entrenamiento y prueba (umbral operativo: 15 meses observados, 4 demandas positivas).",489.46
ITEM_1923,1,1,0.9833,1.0,0.0,60.0,0.0,Intermitente,False,"Meses observados o demandas positivas insuficientes para conformar entrenamiento y prueba (umbral operativo: 15 meses observados, 4 demandas positivas).",279.0
ITEM_1924,2,2,0.9667,7.0,18.0,3.0,0.3673,Intermitente,False,"Meses observados o demandas positivas insuficientes para conformar entrenamiento y prueba (umbral operativo: 15 meses observados, 4 demandas positivas).",308.9
ITEM_1925,1,1,0.9833,1.0,0.0,60.0,0.0,Intermitente,False,"Meses observados o demandas positivas insuficientes para conformar entrenamiento y prueba (umbral operativo: 15 meses observados, 4 demandas positivas).",278.73
ITEM_1926,1,1,0.9833,14.0,0.0,60.0,0.0,Intermitente,False,"Meses observados o demandas positivas insuficientes para conformar entrenamiento y prueba (umbral operativo: 15 meses observados, 4 demandas positivas).",278.46
ITEM_1928,1,1,0.9833,11.0,0.0,60.0,0.0,Intermitente,False,"Meses observados o demandas positivas insuficientes para conformar entrenamiento y prueba (umbral operativo: 15 meses observados, 4 demandas positivas).",506.69
ITEM_1929,2,2,0.9667,48.0,0.0,3.0,0.0,Intermitente,False,"Meses observados o demandas positivas insuficientes para conformar entrenamiento y prueba (umbral operativo: 15 meses observados, 4 demandas positivas).",552.48
ITEM_1930,1,1,0.9833,4.0,0.0,60.0,0.0,Intermitente,False,"Meses observados o demandas positivas insuficientes para conformar entrenamiento y prueba (umbral operativo: 15 meses observados, 4 demandas positivas).",276.0
ITEM_1931,1,1,0.9833,2.0,0.0,60.0,0.0,Intermitente,False,"Meses observados o demandas positivas insuficientes para conformar entrenamiento y prueba (umbral operativo: 15 meses observados, 4 demandas positivas).",551.81
ITEM_1933,2,2,0.9667,28.0,968.0,32.0,1.2347,Lumpy,False,"Meses observados o demandas positivas insuficientes para conformar entrenamiento y prueba (umbral operativo: 15 meses observados, 4 demandas positivas).",418.55
ITEM_1934,1,1,0.9833,6.0,0.0,60.0,0.0,Intermitente,False,"Meses observados o demandas positivas insuficientes para conformar entrenamiento y prueba (umbral operativo: 15 meses observados, 4 demandas positivas).",275.28
ITEM_1935,1,1,0.9833,50.0,0.0,60.0,0.0,Intermitente,False,"Meses observados o demandas positivas insuficientes para conformar entrenamiento y prueba (umbral operativo: 15 meses observados, 4 demandas positivas).",275.0
ITEM_1936,1,1,0.9833,6.0,0.0,60.0,0.0,Intermitente,False,"Meses observados o demandas positivas insuficientes para conformar entrenamiento y prueba (umbral operativo: 15 meses observados, 4 demandas positivas).",274.62
ITEM_1937,3,3,0.95,23.3333,233.3333,2.5,0.4286,Intermitente,False,"Meses observados o demandas positivas insuficientes para conformar entrenamiento y prueba (umbral operativo: 15 meses observados, 4 demandas positivas).",333.43
ITEM_1940,7,7,0.8833,1.1429,0.1429,5.3333,0.1094,Intermitente,False,"Meses observados o demandas positivas insuficientes para conformar entrenamiento y prueba (umbral operativo: 15 meses observados, 4 demandas positivas).",975.25
ITEM_1941,1,1,0.9833,2.0,0.0,60.0,0.0,Intermitente,False,"Meses observados o demandas positivas insuficientes para conformar entrenamiento y prueba (umbral operativo: 15 meses observados, 4 demandas positivas).",272.1
ITEM_1942,1,1,0.9833,40.0,0.0,60.0,0.0,Intermitente,False,"Meses observados o demandas positivas insuficientes para conformar entrenamiento y prueba (umbral operativo: 15 meses observados, 4 demandas positivas).",272.0
ITEM_1943,1,1,0.9833,1.0,0.0,60.0,0.0,Intermitente,False,"Meses observados o demandas positivas insuficientes para conformar entrenamiento y prueba (umbral operativo: 15 meses observados, 4 demandas positivas).",271.96
ITEM_1944,6,6,0.9,20.0,319.6,5.8,0.799,Lumpy,False,"Meses observados o demandas positivas insuficientes para conformar entrenamiento y prueba (umbral operativo: 15 meses observados, 4 demandas positivas).",1172.66
ITEM_1945,1,1,0.9833,1.0,0.0,60.0,0.0,Intermitente,False,"Meses observados o demandas positivas insuficientes para conformar entrenamiento y prueba (umbral operativo: 15 meses observados, 4 demandas positivas).",270.91
ITEM_1946,3,3,0.95,12.0,0.0,3.0,0.0,Intermitente,False,"Meses observados o demandas positivas insuficientes para conformar entrenamiento y prueba (umbral operativo: 15 meses observados, 4 demandas positivas).",638.8
ITEM_1947,1,1,0.9833,24.0,0.0,60.0,0.0,Intermitente,False,"Meses observados o demandas positivas insuficientes para conformar entrenamiento y prueba (umbral operativo: 15 meses observados, 4 demandas positivas).",540.75
ITEM_1948,1,1,0.9833,10.0,0.0,60.0,0.0,Intermitente,False,"Meses observados o demandas positivas insuficientes para conformar entrenamiento y prueba (umbral operativo: 15 meses observados, 4 demandas positivas).",270.02
ITEM_1949,2,2,0.9667,40.5,220.5,14.0,0.1344,Intermitente,False,"Meses observados o demandas positivas insuficientes para conformar entrenamiento y prueba (umbral operativo: 15 meses observados, 4 demandas positivas).",568.33
ITEM_1951,1,1,0.9833,6.0,0.0,60.0,0.0,Intermitente,False,"Meses observados o demandas positivas insuficientes para conformar entrenamiento y prueba (umbral operativo: 15 meses observados, 4 demandas positivas).",270.0
ITEM_1952,6,6,0.9,18.6667,614.6667,7.0,1.764,Lumpy,False,"Meses observados o demandas positivas insuficientes para conformar entrenamiento y prueba (umbral operativo: 15 meses observados, 4 demandas positivas).",668.9
ITEM_1953,1,1,0.9833,1.0,0.0,60.0,0.0,Intermitente,False,"Meses observados o demandas positivas insuficientes para conformar entrenamiento y prueba (umbral operativo: 15 meses observados, 4 demandas positivas).",270.0
ITEM_1954,1,1,0.9833,1.0,0.0,60.0,0.0,Intermitente,False,"Meses observados o demandas positivas insuficientes para conformar entrenamiento y prueba (umbral operativo: 15 meses observados, 4 demandas positivas).",269.95
ITEM_1955,1,1,0.9833,2.0,0.0,60.0,0.0,Intermitente,False,"Meses observados o demandas positivas insuficientes para conformar entrenamiento y prueba (umbral operativo: 15 meses observados, 4 demandas positivas).",269.5
ITEM_1956,1,1,0.9833,9.0,0.0,60.0,0.0,Intermitente,False,"Meses observados o demandas positivas insuficientes para conformar entrenamiento y prueba (umbral operativo: 15 meses observados, 4 demandas positivas).",268.92
ITEM_1957,10,10,0.8333,53.9,525.8778,4.6667,0.181,Intermitente,False,"Meses observados o demandas positivas insuficientes para conformar entrenamiento y prueba (umbral operativo: 15 meses observados, 4 demandas positivas).",1818.5
ITEM_1958,3,3,0.95,1.0,0.0,8.5,0.0,Intermitente,False,"Meses observados o demandas positivas insuficientes para conformar entrenamiento y prueba (umbral operativo: 15 meses observados, 4 demandas positivas).",540.48
ITEM_1959,2,2,0.9667,6.0,0.0,3.0,0.0,Intermitente,False,"Meses observados o demandas positivas insuficientes para conformar entrenamiento y prueba (umbral operativo: 15 meses observados, 4 demandas positivas).",514.16
ITEM_1960,3,3,0.95,2.6667,1.3333,9.0,0.1875,Intermitente,False,"Meses observados o demandas positivas insuficientes para conformar entrenamiento y prueba (umbral operativo: 15 meses observados, 4 demandas positivas).",906.18
ITEM_1961,1,1,0.9833,3.0,0.0,60.0,0.0,Intermitente,False,"Meses observados o demandas positivas insuficientes para conformar entrenamiento y prueba (umbral operativo: 15 meses observados, 4 demandas positivas).",268.23
ITEM_1962,2,2,0.9667,4.5,24.5,14.0,1.2099,Lumpy,False,"Meses observados o demandas positivas insuficientes para conformar entrenamiento y prueba (umbral operativo: 15 meses observados, 4 demandas positivas).",592.96
ITEM_1963,10,10,0.8333,6.9,22.3222,7.0,0.4689,Intermitente,False,"Meses observados o demandas positivas insuficientes para conformar entrenamiento y prueba (umbral operativo: 15 meses observados, 4 demandas positivas).",1499.88
ITEM_1964,3,3,0.95,16.0,12.0,12.0,0.0469,Intermitente,False,"Meses observados o demandas positivas insuficientes para conformar entrenamiento y prueba (umbral operativo: 15 meses observados, 4 demandas positivas).",510.15
ITEM_1965,1,1,0.9833,50.0,0.0,60.0,0.0,Intermitente,False,"Meses observados o demandas positivas insuficientes para conformar entrenamiento y prueba (umbral operativo: 15 meses observados, 4 demandas positivas).",267.58
ITEM_1966,1,1,0.9833,50.0,0.0,60.0,0.0,Intermitente,False,"Meses observados o demandas positivas insuficientes para conformar entrenamiento y prueba (umbral operativo: 15 meses observados, 4 demandas positivas).",267.58
ITEM_1969,1,1,0.9833,12.0,0.0,60.0,0.0,Intermitente,False,"Meses observados o demandas positivas insuficientes para conformar entrenamiento y prueba (umbral operativo: 15 meses observados, 4 demandas positivas).",266.01
ITEM_1971,2,2,0.9667,18.0,72.0,15.0,0.2222,Intermitente,False,"Meses observados o demandas positivas insuficientes para conformar entrenamiento y prueba (umbral operativo: 15 meses observados, 4 demandas positivas).",320.37
ITEM_1973,4,4,0.9333,6.25,16.25,8.6667,0.416,Intermitente,False,"Meses observados o demandas positivas insuficientes para conformar entrenamiento y prueba (umbral operativo: 15 meses observados, 4 demandas positivas).",413.26
ITEM_1976,3,3,0.95,6.0,3.0,2.0,0.0833,Intermitente,False,"Meses observados o demandas positivas insuficientes para conformar entrenamiento y prueba (umbral operativo: 15 meses observados, 4 demandas positivas).",337.05
ITEM_1977,1,1,0.9833,2.0,0.0,60.0,0.0,Intermitente,False,"Meses observados o demandas positivas insuficientes para conformar entrenamiento y prueba (umbral operativo: 15 meses observados, 4 demandas positivas).",526.28
ITEM_1978,2,2,0.9667,2.0,0.0,3.0,0.0,Intermitente,False,"Meses observados o demandas positivas insuficientes para conformar entrenamiento y prueba (umbral operativo: 15 meses observados, 4 demandas positivas).",525.2
ITEM_1979,1,1,0.9833,250.0,0.0,60.0,0.0,Intermitente,False,"Meses observados o demandas positivas insuficientes para conformar entrenamiento y prueba (umbral operativo: 15 meses observados, 4 demandas positivas).",262.5
ITEM_1981,1,1,0.9833,4.0,0.0,60.0,0.0,Intermitente,False,"Meses observados o demandas positivas insuficientes para conformar entrenamiento y prueba (umbral operativo: 15 meses observados, 4 demandas positivas).",261.17
ITEM_1982,1,1,0.9833,1.0,0.0,60.0,0.0,Intermitente,False,"Meses observados o demandas positivas insuficientes para conformar entrenamiento y prueba (umbral operativo: 15 meses observados, 4 demandas positivas).",261.13
ITEM_1983,2,2,0.9667,55.0,50.0,2.0,0.0165,Intermitente,False,"Meses observados o demandas positivas insuficientes para conformar entrenamiento y prueba (umbral operativo: 15 meses observados, 4 demandas positivas).",356.0
ITEM_1984,3,3,0.95,8.3333,40.3333,6.0,0.5808,Lumpy,False,"Meses observados o demandas positivas insuficientes para conformar entrenamiento y prueba (umbral operativo: 15 meses observados, 4 demandas positivas).",302.74
ITEM_1985,1,1,0.9833,100.0,0.0,60.0,0.0,Intermitente,False,"Meses observados o demandas positivas insuficientes para conformar entrenamiento y prueba (umbral operativo: 15 meses observados, 4 demandas positivas).",260.72
ITEM_1986,1,1,0.9833,6.0,0.0,60.0,0.0,Intermitente,False,"Meses observados o demandas positivas insuficientes para conformar entrenamiento y prueba (umbral operativo: 15 meses observados, 4 demandas positivas).",260.64
ITEM_1988,1,1,0.9833,48.0,0.0,60.0,0.0,Intermitente,False,"Meses observados o demandas positivas insuficientes para conformar entrenamiento y prueba (umbral operativo: 15 meses observados, 4 demandas positivas).",260.06
ITEM_1989,9,9,0.85,15.3333,1541.75,8.125,6.5575,Lumpy,False,"Meses observados o demandas positivas insuficientes para conformar entrenamiento y prueba (umbral operativo: 15 meses observados, 4 demandas positivas).",1593.83
ITEM_1990,1,1,0.9833,26.0,0.0,60.0,0.0,Intermitente,False,"Meses observados o demandas positivas insuficientes para conformar entrenamiento y prueba (umbral operativo: 15 meses observados, 4 demandas positivas).",260.0
ITEM_1991,2,2,0.9667,10.0,50.0,2.0,0.5,Lumpy,False,"Meses observados o demandas positivas insuficientes para conformar entrenamiento y prueba (umbral operativo: 15 meses observados, 4 demandas positivas).",438.09
ITEM_1992,1,1,0.9833,4.0,0.0,60.0,0.0,Intermitente,False,"Meses observados o demandas positivas insuficientes para conformar entrenamiento y prueba (umbral operativo: 15 meses observados, 4 demandas positivas).",260.0
ITEM_1993,1,1,0.9833,10.0,0.0,60.0,0.0,Intermitente,False,"Meses observados o demandas positivas insuficientes para conformar entrenamiento y prueba (umbral operativo: 15 meses observados, 4 demandas positivas).",260.0
ITEM_1994,1,1,0.9833,2.0,0.0,60.0,0.0,Intermitente,False,"Meses observados o demandas positivas insuficientes para conformar entrenamiento y prueba (umbral operativo: 15 meses observados, 4 demandas positivas).",259.99
ITEM_1995,1,1,0.9833,2.0,0.0,60.0,0.0,Intermitente,False,"Meses observados o demandas positivas insuficientes para conformar entrenamiento y prueba (umbral operativo: 15 meses observados, 4 demandas positivas).",259.84
ITEM_1996,1,1,0.9833,4.0,0.0,60.0,0.0,Intermitente,False,"Meses observados o demandas positivas insuficientes para conformar entrenamiento y prueba (umbral operativo: 15 meses observados, 4 demandas positivas).",259.49
ITEM_1997,1,1,0.9833,16.0,0.0,60.0,0.0,Intermitente,False,"Meses observados o demandas positivas insuficientes para conformar entrenamiento y prueba (umbral operativo: 15 meses observados, 4 demandas positivas).",259.07
ITEM_1998,1,1,0.9833,1.0,0.0,60.0,0.0,Intermitente,False,"Meses observados o demandas positivas insuficientes para conformar entrenamiento y prueba (umbral operativo: 15 meses observados, 4 demandas positivas).",259.04
ITEM_1999,1,1,0.9833,6.0,0.0,60.0,0.0,Intermitente,False,"Meses observados o demandas positivas insuficientes para conformar entrenamiento y prueba (umbral operativo: 15 meses observados, 4 demandas positivas).",257.58
ITEM_2000,1,1,0.9833,7.0,0.0,60.0,0.0,Intermitente,False,"Meses observados o demandas positivas insuficientes para conformar entrenamiento y prueba (umbral operativo: 15 meses observados, 4 demandas positivas).",257.55
ITEM_2001,1,1,0.9833,2.0,0.0,60.0,0.0,Intermitente,False,"Meses observados o demandas positivas insuficientes para conformar entrenamiento y prueba (umbral operativo: 15 meses observados, 4 demandas positivas).",257.54
ITEM_2002,1,1,0.9833,1.0,0.0,60.0,0.0,Intermitente,False,"Meses observados o demandas positivas insuficientes para conformar entrenamiento y prueba (umbral operativo: 15 meses observados, 4 demandas positivas).",257.14
ITEM_2003,1,1,0.9833,1.0,0.0,60.0,0.0,Intermitente,False,"Meses observados o demandas positivas insuficientes para conformar entrenamiento y prueba (umbral operativo: 15 meses observados, 4 demandas positivas).",257.14
ITEM_2004,1,1,0.9833,12.0,0.0,60.0,0.0,Intermitente,False,"Meses observados o demandas positivas insuficientes para conformar entrenamiento y prueba (umbral operativo: 15 meses observados, 4 demandas positivas).",256.8
ITEM_2005,1,1,0.9833,1.0,0.0,60.0,0.0,Intermitente,False,"Meses observados o demandas positivas insuficientes para conformar entrenamiento y prueba (umbral operativo: 15 meses observados, 4 demandas positivas).",256.47
ITEM_2006,7,7,0.8833,13.4286,39.619,6.1667,0.2197,Intermitente,False,"Meses observados o demandas positivas insuficientes para conformar entrenamiento y prueba (umbral operativo: 15 meses observados, 4 demandas positivas).",949.59
ITEM_2007,2,2,0.9667,1.5,0.5,15.0,0.2222,Intermitente,False,"Meses observados o demandas positivas insuficientes para conformar entrenamiento y prueba (umbral operativo: 15 meses observados, 4 demandas positivas).",323.8
ITEM_2010,5,5,0.9167,57.6,5112.8,5.25,1.541,Lumpy,False,"Meses observados o demandas positivas insuficientes para conformar entrenamiento y prueba (umbral operativo: 15 meses observados, 4 demandas positivas).",645.4
ITEM_2011,1,1,0.9833,2.0,0.0,60.0,0.0,Intermitente,False,"Meses observados o demandas positivas insuficientes para conformar entrenamiento y prueba (umbral operativo: 15 meses observados, 4 demandas positivas).",255.97
ITEM_2012,2,2,0.9667,3.0,2.0,3.0,0.2222,Intermitente,False,"Meses observados o demandas positivas insuficientes para conformar entrenamiento y prueba (umbral operativo: 15 meses observados, 4 demandas positivas).",401.55
ITEM_2013,5,5,0.9167,3.6,3.3,8.5,0.2546,Intermitente,False,"Meses observados o demandas positivas insuficientes para conformar entrenamiento y prueba (umbral operativo: 15 meses observados, 4 demandas positivas).",819.95
ITEM_2014,1,1,0.9833,3.0,0.0,60.0,0.0,Intermitente,False,"Meses observados o demandas positivas insuficientes para conformar entrenamiento y prueba (umbral operativo: 15 meses observados, 4 demandas positivas).",255.0
ITEM_2015,2,2,0.9667,3.5,12.5,12.0,1.0204,Lumpy,False,"Meses observados o demandas positivas insuficientes para conformar entrenamiento y prueba (umbral operativo: 15 meses observados, 4 demandas positivas).",375.0
ITEM_2016,2,2,0.9667,3.0,2.0,7.0,0.2222,Intermitente,False,"Meses observados o demandas positivas insuficientes para conformar entrenamiento y prueba (umbral operativo: 15 meses observados, 4 demandas positivas).",330.64
ITEM_2017,4,4,0.9333,16.75,178.25,7.6667,0.6353,Lumpy,False,"Meses observados o demandas positivas insuficientes para conformar entrenamiento y prueba (umbral operativo: 15 meses observados, 4 demandas positivas).",429.24
ITEM_2019,2,2,0.9667,8.0,8.0,18.0,0.125,Intermitente,False,"Meses observados o demandas positivas insuficientes para conformar entrenamiento y prueba (umbral operativo: 15 meses observados, 4 demandas positivas).",383.41
ITEM_2020,1,1,0.9833,2.0,0.0,60.0,0.0,Intermitente,False,"Meses observados o demandas positivas insuficientes para conformar entrenamiento y prueba (umbral operativo: 15 meses observados, 4 demandas positivas).",253.0
ITEM_2021,3,3,0.95,18.6667,65.3333,6.5,0.1875,Intermitente,False,"Meses observados o demandas positivas insuficientes para conformar entrenamiento y prueba (umbral operativo: 15 meses observados, 4 demandas positivas).",356.8
ITEM_2022,1,1,0.9833,1.0,0.0,60.0,0.0,Intermitente,False,"Meses observados o demandas positivas insuficientes para conformar entrenamiento y prueba (umbral operativo: 15 meses observados, 4 demandas positivas).",252.89
ITEM_2023,1,1,0.9833,100.0,0.0,60.0,0.0,Intermitente,False,"Meses observados o demandas positivas insuficientes para conformar entrenamiento y prueba (umbral operativo: 15 meses observados, 4 demandas positivas).",252.45
ITEM_2024,3,3,0.95,4.6667,30.3333,3.0,1.3929,Lumpy,False,"Meses observados o demandas positivas insuficientes para conformar entrenamiento y prueba (umbral operativo: 15 meses observados, 4 demandas positivas).",542.5
ITEM_2025,2,2,0.9667,65.0,2450.0,15.0,0.5799,Lumpy,False,"Meses observados o demandas positivas insuficientes para conformar entrenamiento y prueba (umbral operativo: 15 meses observados, 4 demandas positivas).",693.5
ITEM_2026,1,1,0.9833,72.0,0.0,60.0,0.0,Intermitente,False,"Meses observados o demandas positivas insuficientes para conformar entrenamiento y prueba (umbral operativo: 15 meses observados, 4 demandas positivas).",252.0
ITEM_2027,1,1,0.9833,8.0,0.0,60.0,0.0,Intermitente,False,"Meses observados o demandas positivas insuficientes para conformar entrenamiento y prueba (umbral operativo: 15 meses observados, 4 demandas positivas).",252.0
ITEM_2028,2,2,0.9667,2.0,0.0,3.0,0.0,Intermitente,False,"Meses observados o demandas positivas insuficientes para conformar entrenamiento y prueba (umbral operativo: 15 meses observados, 4 demandas positivas).",503.92
ITEM_2029,1,1,0.9833,24.0,0.0,60.0,0.0,Intermitente,False,"Meses observados o demandas positivas insuficientes para conformar entrenamiento y prueba (umbral operativo: 15 meses observados, 4 demandas positivas).",251.89
ITEM_2030,1,1,0.9833,50.0,0.0,60.0,0.0,Intermitente,False,"Meses observados o demandas positivas insuficientes para conformar entrenamiento y prueba (umbral operativo: 15 meses observados, 4 demandas positivas).",251.85
ITEM_2032,1,1,0.9833,2.0,0.0,60.0,0.0,Intermitente,False,"Meses observados o demandas positivas insuficientes para conformar entrenamiento y prueba (umbral operativo: 15 meses observados, 4 demandas positivas).",250.61
ITEM_2034,2,2,0.9667,161.0,50562.0,13.0,1.9506,Lumpy,False,"Meses observados o demandas positivas insuficientes para conformar entrenamiento y prueba (umbral operativo: 15 meses observados, 4 demandas positivas).",287.13
ITEM_2036,2,2,0.9667,35.0,450.0,8.0,0.3673,Intermitente,False,"Meses observados o demandas positivas insuficientes para conformar entrenamiento y prueba (umbral operativo: 15 meses observados, 4 demandas positivas).",320.0
ITEM_2037,1,1,0.9833,5.0,0.0,60.0,0.0,Intermitente,False,"Meses observados o demandas positivas insuficientes para conformar entrenamiento y prueba (umbral operativo: 15 meses observados, 4 demandas positivas).",250.0
ITEM_2038,1,1,0.9833,1.0,0.0,60.0,0.0,Intermitente,False,"Meses observados o demandas positivas insuficientes para conformar entrenamiento y prueba (umbral operativo: 15 meses observados, 4 demandas positivas).",250.0
ITEM_2039,1,1,0.9833,40.0,0.0,60.0,0.0,Intermitente,False,"Meses observados o demandas positivas insuficientes para conformar entrenamiento y prueba (umbral operativo: 15 meses observados, 4 demandas positivas).",250.0
ITEM_2040,1,1,0.9833,8.0,0.0,60.0,0.0,Intermitente,False,"Meses observados o demandas positivas insuficientes para conformar entrenamiento y prueba (umbral operativo: 15 meses observados, 4 demandas positivas).",249.78
ITEM_2042,1,1,0.9833,60.0,0.0,60.0,0.0,Intermitente,False,"Meses observados o demandas positivas insuficientes para conformar entrenamiento y prueba (umbral operativo: 15 meses observados, 4 demandas positivas).",249.48
ITEM_2043,1,1,0.9833,2.0,0.0,60.0,0.0,Intermitente,False,"Meses observados o demandas positivas insuficientes para conformar entrenamiento y prueba (umbral operativo: 15 meses observados, 4 demandas positivas).",249.32
ITEM_2044,1,1,0.9833,40.0,0.0,60.0,0.0,Intermitente,False,"Meses observados o demandas positivas insuficientes para conformar entrenamiento y prueba (umbral operativo: 15 meses observados, 4 demandas positivas).",249.22
ITEM_2045,21,21,0.65,33.7143,695.9143,3.8,0.6122,Lumpy,True,,806.75
ITEM_2047,1,1,0.9833,2.0,0.0,60.0,0.0,Intermitente,False,"Meses observados o demandas positivas insuficientes para conformar entrenamiento y prueba (umbral operativo: 15 meses observados, 4 demandas positivas).",248.62
ITEM_2048,1,1,0.9833,4.0,0.0,60.0,0.0,Intermitente,False,"Meses observados o demandas positivas insuficientes para conformar entrenamiento y prueba (umbral operativo: 15 meses observados, 4 demandas positivas).",248.57
ITEM_2049,6,6,0.9,8.8333,75.2667,5.6,0.9646,Lumpy,False,"Meses observados o demandas positivas insuficientes para conformar entrenamiento y prueba (umbral operativo: 15 meses observados, 4 demandas positivas).",601.35
ITEM_2051,5,5,0.9167,134.4,8676.8,7.75,0.4804,Intermitente,False,"Meses observados o demandas positivas insuficientes para conformar entrenamiento y prueba (umbral operativo: 15 meses observados, 4 demandas positivas).",784.77
ITEM_2052,4,4,0.9333,5.5,11.0,5.3333,0.3636,Intermitente,False,"Meses observados o demandas positivas insuficientes para conformar entrenamiento y prueba (umbral operativo: 15 meses observados, 4 demandas positivas).",642.91
ITEM_2053,3,3,0.95,14.0,0.0,3.0,0.0,Intermitente,False,"Meses observados o demandas positivas insuficientes para conformar entrenamiento y prueba (umbral operativo: 15 meses observados, 4 demandas positivas).",382.25
ITEM_2054,2,2,0.9667,53.0,4418.0,20.0,1.5728,Lumpy,False,"Meses observados o demandas positivas insuficientes para conformar entrenamiento y prueba (umbral operativo: 15 meses observados, 4 demandas positivas).",321.58
ITEM_2055,1,1,0.9833,6.0,0.0,60.0,0.0,Intermitente,False,"Meses observados o demandas positivas insuficientes para conformar entrenamiento y prueba (umbral operativo: 15 meses observados, 4 demandas positivas).",247.09
ITEM_2056,2,2,0.9667,4.5,4.5,17.0,0.2222,Intermitente,False,"Meses observados o demandas positivas insuficientes para conformar entrenamiento y prueba (umbral operativo: 15 meses observados, 4 demandas positivas).",366.14
ITEM_2057,2,2,0.9667,5.5,40.5,23.0,1.3388,Lumpy,False,"Meses observados o demandas positivas insuficientes para conformar entrenamiento y prueba (umbral operativo: 15 meses observados, 4 demandas positivas).",262.5
ITEM_2058,1,1,0.9833,8.0,0.0,60.0,0.0,Intermitente,False,"Meses observados o demandas positivas insuficientes para conformar entrenamiento y prueba (umbral operativo: 15 meses observados, 4 demandas positivas).",246.17
ITEM_2059,1,1,0.9833,4.0,0.0,60.0,0.0,Intermitente,False,"Meses observados o demandas positivas insuficientes para conformar entrenamiento y prueba (umbral operativo: 15 meses observados, 4 demandas positivas).",246.0
ITEM_2060,1,1,0.9833,20.0,0.0,60.0,0.0,Intermitente,False,"Meses observados o demandas positivas insuficientes para conformar entrenamiento y prueba (umbral operativo: 15 meses observados, 4 demandas positivas).",245.56
ITEM_2062,1,1,0.9833,2.0,0.0,60.0,0.0,Intermitente,False,"Meses observados o demandas positivas insuficientes para conformar entrenamiento y prueba (umbral operativo: 15 meses observados, 4 demandas positivas).",244.08
ITEM_2063,1,1,0.9833,26.0,0.0,60.0,0.0,Intermitente,False,"Meses observados o demandas positivas insuficientes para conformar entrenamiento y prueba (umbral operativo: 15 meses observados, 4 demandas positivas).",243.75
ITEM_2064,4,4,0.9333,12.75,70.25,5.6667,0.4321,Intermitente,False,"Meses observados o demandas positivas insuficientes para conformar entrenamiento y prueba (umbral operativo: 15 meses observados, 4 demandas positivas).",649.38
ITEM_2066,2,2,0.9667,2.5,4.5,3.0,0.72,Lumpy,False,"Meses observados o demandas positivas insuficientes para conformar entrenamiento y prueba (umbral operativo: 15 meses observados, 4 demandas positivas).",305.98
ITEM_2067,1,1,0.9833,1.0,0.0,60.0,0.0,Intermitente,False,"Meses observados o demandas positivas insuficientes para conformar entrenamiento y prueba (umbral operativo: 15 meses observados, 4 demandas positivas).",241.3
ITEM_2068,1,1,0.9833,30.0,0.0,60.0,0.0,Intermitente,False,"Meses observados o demandas positivas insuficientes para conformar entrenamiento y prueba (umbral operativo: 15 meses observados, 4 demandas positivas).",241.2
ITEM_2070,5,5,0.9167,1.0,0.0,8.75,0.0,Intermitente,False,"Meses observados o demandas positivas insuficientes para conformar entrenamiento y prueba (umbral operativo: 15 meses observados, 4 demandas positivas).",717.02
ITEM_2071,2,2,0.9667,12.0,0.0,3.0,0.0,Intermitente,False,"Meses observados o demandas positivas insuficientes para conformar entrenamiento y prueba (umbral operativo: 15 meses observados, 4 demandas positivas).",326.34
ITEM_2072,1,1,0.9833,25.0,0.0,60.0,0.0,Intermitente,False,"Meses observados o demandas positivas insuficientes para conformar entrenamiento y prueba (umbral operativo: 15 meses observados, 4 demandas positivas).",240.62
ITEM_2073,1,1,0.9833,100.0,0.0,60.0,0.0,Intermitente,False,"Meses observados o demandas positivas insuficientes para conformar entrenamiento y prueba (umbral operativo: 15 meses observados, 4 demandas positivas).",240.3
ITEM_2074,1,1,0.9833,4.0,0.0,60.0,0.0,Intermitente,False,"Meses observados o demandas positivas insuficientes para conformar entrenamiento y prueba (umbral operativo: 15 meses observados, 4 demandas positivas).",240.0
ITEM_2076,2,2,0.9667,10.5,180.5,2.0,1.6372,Lumpy,False,"Meses observados o demandas positivas insuficientes para conformar entrenamiento y prueba (umbral operativo: 15 meses observados, 4 demandas positivas).",252.0
ITEM_2077,1,1,0.9833,2.0,0.0,60.0,0.0,Intermitente,False,"Meses observados o demandas positivas insuficientes para conformar entrenamiento y prueba (umbral operativo: 15 meses observados, 4 demandas positivas).",239.4
ITEM_2078,1,1,0.9833,1.0,0.0,60.0,0.0,Intermitente,False,"Meses observados o demandas positivas insuficientes para conformar entrenamiento y prueba (umbral operativo: 15 meses observados, 4 demandas positivas).",239.39
ITEM_2080,2,2,0.9667,25.0,450.0,5.0,0.72,Lumpy,False,"Meses observados o demandas positivas insuficientes para conformar entrenamiento y prueba (umbral operativo: 15 meses observados, 4 demandas positivas).",573.39
ITEM_2081,2,2,0.9667,2.0,0.0,3.0,0.0,Intermitente,False,"Meses observados o demandas positivas insuficientes para conformar entrenamiento y prueba (umbral operativo: 15 meses observados, 4 demandas positivas).",477.36
ITEM_2082,3,3,0.95,10.0,0.0,13.0,0.0,Intermitente,False,"Meses observados o demandas positivas insuficientes para conformar entrenamiento y prueba (umbral operativo: 15 meses observados, 4 demandas positivas).",656.0
ITEM_2083,1,1,0.9833,1.0,0.0,60.0,0.0,Intermitente,False,"Meses observados o demandas positivas insuficientes para conformar entrenamiento y prueba (umbral operativo: 15 meses observados, 4 demandas positivas).",238.0
ITEM_2085,1,1,0.9833,2.0,0.0,60.0,0.0,Intermitente,False,"Meses observados o demandas positivas insuficientes para conformar entrenamiento y prueba (umbral operativo: 15 meses observados, 4 demandas positivas).",236.91
ITEM_2086,1,1,0.9833,12.0,0.0,60.0,0.0,Intermitente,False,"Meses observados o demandas positivas insuficientes para conformar entrenamiento y prueba (umbral operativo: 15 meses observados, 4 demandas positivas).",236.6
ITEM_2087,1,1,0.9833,9.0,0.0,60.0,0.0,Intermitente,False,"Meses observados o demandas positivas insuficientes para conformar entrenamiento y prueba (umbral operativo: 15 meses observados, 4 demandas positivas).",236.21
ITEM_2088,1,1,0.9833,1.0,0.0,60.0,0.0,Intermitente,False,"Meses observados o demandas positivas insuficientes para conformar entrenamiento y prueba (umbral operativo: 15 meses observados, 4 demandas positivas).",235.02
ITEM_2089,2,2,0.9667,3.5,0.5,23.0,0.0408,Intermitente,False,"Meses observados o demandas positivas insuficientes para conformar entrenamiento y prueba (umbral operativo: 15 meses observados, 4 demandas positivas).",338.61
ITEM_2090,1,1,0.9833,2.0,0.0,60.0,0.0,Intermitente,False,"Meses observados o demandas positivas insuficientes para conformar entrenamiento y prueba (umbral operativo: 15 meses observados, 4 demandas positivas).",469.8
ITEM_2091,1,1,0.9833,2.0,0.0,60.0,0.0,Intermitente,False,"Meses observados o demandas positivas insuficientes para conformar entrenamiento y prueba (umbral operativo: 15 meses observados, 4 demandas positivas).",469.56
ITEM_2092,1,1,0.9833,1.0,0.0,60.0,0.0,Intermitente,False,"Meses observados o demandas positivas insuficientes para conformar entrenamiento y prueba (umbral operativo: 15 meses observados, 4 demandas positivas).",234.49
ITEM_2093,3,3,0.95,5.0,0.0,3.5,0.0,Intermitente,False,"Meses observados o demandas positivas insuficientes para conformar entrenamiento y prueba (umbral operativo: 15 meses observados, 4 demandas positivas).",398.2
ITEM_2094,2,2,0.9667,5.0,0.0,2.0,0.0,Intermitente,False,"Meses observados o demandas positivas insuficientes para conformar entrenamiento y prueba (umbral operativo: 15 meses observados, 4 demandas positivas).",269.1
ITEM_2095,1,1,0.9833,7.0,0.0,60.0,0.0,Intermitente,False,"Meses observados o demandas positivas insuficientes para conformar entrenamiento y prueba (umbral operativo: 15 meses observados, 4 demandas positivas).",233.8
ITEM_2096,1,1,0.9833,4.0,0.0,60.0,0.0,Intermitente,False,"Meses observados o demandas positivas insuficientes para conformar entrenamiento y prueba (umbral operativo: 15 meses observados, 4 demandas positivas).",233.52
ITEM_2097,2,2,0.9667,7.5,0.5,4.0,0.0089,Intermitente,False,"Meses observados o demandas positivas insuficientes para conformar entrenamiento y prueba (umbral operativo: 15 meses observados, 4 demandas positivas).",447.14
ITEM_2099,1,1,0.9833,12.0,0.0,60.0,0.0,Intermitente,False,"Meses observados o demandas positivas insuficientes para conformar entrenamiento y prueba (umbral operativo: 15 meses observados, 4 demandas positivas).",232.39
ITEM_2100,2,2,0.9667,2.0,0.0,3.0,0.0,Intermitente,False,"Meses observados o demandas positivas insuficientes para conformar entrenamiento y prueba (umbral operativo: 15 meses observados, 4 demandas positivas).",464.76
ITEM_2101,3,3,0.95,4.0,4.0,10.0,0.25,Intermitente,False,"Meses observados o demandas positivas insuficientes para conformar entrenamiento y prueba (umbral operativo: 15 meses observados, 4 demandas positivas).",581.04
ITEM_2102,1,1,0.9833,1.0,0.0,60.0,0.0,Intermitente,False,"Meses observados o demandas positivas insuficientes para conformar entrenamiento y prueba (umbral operativo: 15 meses observados, 4 demandas positivas).",232.14
ITEM_2103,1,1,0.9833,4.0,0.0,60.0,0.0,Intermitente,False,"Meses observados o demandas positivas insuficientes para conformar entrenamiento y prueba (umbral operativo: 15 meses observados, 4 demandas positivas).",232.1
ITEM_2104,1,1,0.9833,4.0,0.0,60.0,0.0,Intermitente,False,"Meses observados o demandas positivas insuficientes para conformar entrenamiento y prueba (umbral operativo: 15 meses observados, 4 demandas positivas).",232.1
ITEM_2105,34,34,0.4333,23.4706,214.4991,2.0606,0.3894,Intermitente,True,,6321.78
ITEM_2106,1,1,0.9833,20.0,0.0,60.0,0.0,Intermitente,False,"Meses observados o demandas positivas insuficientes para conformar entrenamiento y prueba (umbral operativo: 15 meses observados, 4 demandas positivas).",231.35
ITEM_2107,1,1,0.9833,4.0,0.0,60.0,0.0,Intermitente,False,"Meses observados o demandas positivas insuficientes para conformar entrenamiento y prueba (umbral operativo: 15 meses observados, 4 demandas positivas).",230.6
ITEM_2109,2,2,0.9667,1.0,0.0,4.0,0.0,Intermitente,False,"Meses observados o demandas positivas insuficientes para conformar entrenamiento y prueba (umbral operativo: 15 meses observados, 4 demandas positivas).",296.61
ITEM_2110,1,1,0.9833,6.0,0.0,60.0,0.0,Intermitente,False,"Meses observados o demandas positivas insuficientes para conformar entrenamiento y prueba (umbral operativo: 15 meses observados, 4 demandas positivas).",230.16
ITEM_2111,5,5,0.9167,18.8,187.2,8.5,0.5297,Lumpy,False,"Meses observados o demandas positivas insuficientes para conformar entrenamiento y prueba (umbral operativo: 15 meses observados, 4 demandas positivas).",776.7
ITEM_2112,16,16,0.7333,45.8125,1328.6958,3.2667,0.6331,Lumpy,True,,1421.31
ITEM_2113,1,1,0.9833,1.0,0.0,60.0,0.0,Intermitente,False,"Meses observados o demandas positivas insuficientes para conformar entrenamiento y prueba (umbral operativo: 15 meses observados, 4 demandas positivas).",229.44
ITEM_2114,1,1,0.9833,3.0,0.0,60.0,0.0,Intermitente,False,"Meses observados o demandas positivas insuficientes para conformar entrenamiento y prueba (umbral operativo: 15 meses observados, 4 demandas positivas).",229.41
ITEM_2115,3,3,0.95,3.0,1.0,8.0,0.1111,Intermitente,False,"Meses observados o demandas positivas insuficientes para conformar entrenamiento y prueba (umbral operativo: 15 meses observados, 4 demandas positivas).",522.86
ITEM_2116,1,1,0.9833,1.0,0.0,60.0,0.0,Intermitente,False,"Meses observados o demandas positivas insuficientes para conformar entrenamiento y prueba (umbral operativo: 15 meses observados, 4 demandas positivas).",229.07
ITEM_2117,3,3,0.95,3.0,4.0,4.5,0.4444,Intermitente,False,"Meses observados o demandas positivas insuficientes para conformar entrenamiento y prueba (umbral operativo: 15 meses observados, 4 demandas positivas).",430.15
ITEM_2118,1,1,0.9833,16.0,0.0,60.0,0.0,Intermitente,False,"Meses observados o demandas positivas insuficientes para conformar entrenamiento y prueba (umbral operativo: 15 meses observados, 4 demandas positivas).",228.57
ITEM_2119,2,2,0.9667,15.0,50.0,11.0,0.2222,Intermitente,False,"Meses observados o demandas positivas insuficientes para conformar entrenamiento y prueba (umbral operativo: 15 meses observados, 4 demandas positivas).",313.0
ITEM_2120,2,2,0.9667,5.5,0.5,3.0,0.0165,Intermitente,False,"Meses observados o demandas positivas insuficientes para conformar entrenamiento y prueba (umbral operativo: 15 meses observados, 4 demandas positivas).",410.09
ITEM_2121,1,1,0.9833,5.0,0.0,60.0,0.0,Intermitente,False,"Meses observados o demandas positivas insuficientes para conformar entrenamiento y prueba (umbral operativo: 15 meses observados, 4 demandas positivas).",227.5
ITEM_2122,1,1,0.9833,1.0,0.0,60.0,0.0,Intermitente,False,"Meses observados o demandas positivas insuficientes para conformar entrenamiento y prueba (umbral operativo: 15 meses observados, 4 demandas positivas).",227.48
ITEM_2123,1,1,0.9833,4.0,0.0,60.0,0.0,Intermitente,False,"Meses observados o demandas positivas insuficientes para conformar entrenamiento y prueba (umbral operativo: 15 meses observados, 4 demandas positivas).",227.33
ITEM_2124,2,2,0.9667,12.0,0.0,26.0,0.0,Intermitente,False,"Meses observados o demandas positivas insuficientes para conformar entrenamiento y prueba (umbral operativo: 15 meses observados, 4 demandas positivas).",366.36
ITEM_2125,1,1,0.9833,2.0,0.0,60.0,0.0,Intermitente,False,"Meses observados o demandas positivas insuficientes para conformar entrenamiento y prueba (umbral operativo: 15 meses observados, 4 demandas positivas).",225.88
ITEM_2126,1,1,0.9833,2.0,0.0,60.0,0.0,Intermitente,False,"Meses observados o demandas positivas insuficientes para conformar entrenamiento y prueba (umbral operativo: 15 meses observados, 4 demandas positivas).",225.88
ITEM_2127,1,1,0.9833,6.0,0.0,60.0,0.0,Intermitente,False,"Meses observados o demandas positivas insuficientes para conformar entrenamiento y prueba (umbral operativo: 15 meses observados, 4 demandas positivas).",225.78
ITEM_2128,3,3,0.95,333.3333,23333.3333,8.5,0.21,Intermitente,False,"Meses observados o demandas positivas insuficientes para conformar entrenamiento y prueba (umbral operativo: 15 meses observados, 4 demandas positivas).",288.71
ITEM_2129,7,7,0.8833,2.7143,2.9048,5.3333,0.3943,Intermitente,False,"Meses observados o demandas positivas insuficientes para conformar entrenamiento y prueba (umbral operativo: 15 meses observados, 4 demandas positivas).",633.92
ITEM_2130,4,4,0.9333,23.5,489.0,7.3333,0.8855,Lumpy,False,"Meses observados o demandas positivas insuficientes para conformar entrenamiento y prueba (umbral operativo: 15 meses observados, 4 demandas positivas).",470.2
ITEM_2131,2,2,0.9667,11.0,2.0,4.0,0.0165,Intermitente,False,"Meses observados o demandas positivas insuficientes para conformar entrenamiento y prueba (umbral operativo: 15 meses observados, 4 demandas positivas).",265.0
ITEM_2132,1,1,0.9833,6.0,0.0,60.0,0.0,Intermitente,False,"Meses observados o demandas positivas insuficientes para conformar entrenamiento y prueba (umbral operativo: 15 meses observados, 4 demandas positivas).",225.0
ITEM_2133,1,1,0.9833,1.0,0.0,60.0,0.0,Intermitente,False,"Meses observados o demandas positivas insuficientes para conformar entrenamiento y prueba (umbral operativo: 15 meses observados, 4 demandas positivas).",225.0
ITEM_2134,1,1,0.9833,1.0,0.0,60.0,0.0,Intermitente,False,"Meses observados o demandas positivas insuficientes para conformar entrenamiento y prueba (umbral operativo: 15 meses observados, 4 demandas positivas).",224.36
ITEM_2136,1,1,0.9833,4.0,0.0,60.0,0.0,Intermitente,False,"Meses observados o demandas positivas insuficientes para conformar entrenamiento y prueba (umbral operativo: 15 meses observados, 4 demandas positivas).",224.0
ITEM_2137,1,1,0.9833,2.0,0.0,60.0,0.0,Intermitente,False,"Meses observados o demandas positivas insuficientes para conformar entrenamiento y prueba (umbral operativo: 15 meses observados, 4 demandas positivas).",223.78
ITEM_2138,1,1,0.9833,10.0,0.0,60.0,0.0,Intermitente,False,"Meses observados o demandas positivas insuficientes para conformar entrenamiento y prueba (umbral operativo: 15 meses observados, 4 demandas positivas).",223.3
ITEM_2139,1,1,0.9833,12.0,0.0,60.0,0.0,Intermitente,False,"Meses observados o demandas positivas insuficientes para conformar entrenamiento y prueba (umbral operativo: 15 meses observados, 4 demandas positivas).",267.6
ITEM_2140,1,1,0.9833,3.0,0.0,60.0,0.0,Intermitente,False,"Meses observados o demandas positivas insuficientes para conformar entrenamiento y prueba (umbral operativo: 15 meses observados, 4 demandas positivas).",222.22
ITEM_2141,1,1,0.9833,3.0,0.0,60.0,0.0,Intermitente,False,"Meses observados o demandas positivas insuficientes para conformar entrenamiento y prueba (umbral operativo: 15 meses observados, 4 demandas positivas).",222.22
ITEM_2142,1,1,0.9833,1.0,0.0,60.0,0.0,Intermitente,False,"Meses observados o demandas positivas insuficientes para conformar entrenamiento y prueba (umbral operativo: 15 meses observados, 4 demandas positivas).",221.32
ITEM_2143,2,2,0.9667,15.0,50.0,5.0,0.2222,Intermitente,False,"Meses observados o demandas positivas insuficientes para conformar entrenamiento y prueba (umbral operativo: 15 meses observados, 4 demandas positivas).",349.07
ITEM_2144,2,2,0.9667,12.5,264.5,3.0,1.6928,Lumpy,False,"Meses observados o demandas positivas insuficientes para conformar entrenamiento y prueba (umbral operativo: 15 meses observados, 4 demandas positivas).",334.19
ITEM_2145,2,2,0.9667,2.5,0.5,13.0,0.08,Intermitente,False,"Meses observados o demandas positivas insuficientes para conformar entrenamiento y prueba (umbral operativo: 15 meses observados, 4 demandas positivas).",247.74
ITEM_2146,3,3,0.95,3.3333,2.3333,12.5,0.21,Intermitente,False,"Meses observados o demandas positivas insuficientes para conformar entrenamiento y prueba (umbral operativo: 15 meses observados, 4 demandas positivas).",441.9
ITEM_2147,1,1,0.9833,59.0,0.0,60.0,0.0,Intermitente,False,"Meses observados o demandas positivas insuficientes para conformar entrenamiento y prueba (umbral operativo: 15 meses observados, 4 demandas positivas).",220.28
ITEM_2148,1,1,0.9833,50.0,0.0,60.0,0.0,Intermitente,False,"Meses observados o demandas positivas insuficientes para conformar entrenamiento y prueba (umbral operativo: 15 meses observados, 4 demandas positivas).",220.0
ITEM_2149,1,1,0.9833,2.0,0.0,60.0,0.0,Intermitente,False,"Meses observados o demandas positivas insuficientes para conformar entrenamiento y prueba (umbral operativo: 15 meses observados, 4 demandas positivas).",220.0
ITEM_2150,1,1,0.9833,6.0,0.0,60.0,0.0,Intermitente,False,"Meses observados o demandas positivas insuficientes para conformar entrenamiento y prueba (umbral operativo: 15 meses observados, 4 demandas positivas).",220.0
ITEM_2151,1,1,0.9833,1.0,0.0,60.0,0.0,Intermitente,False,"Meses observados o demandas positivas insuficientes para conformar entrenamiento y prueba (umbral operativo: 15 meses observados, 4 demandas positivas).",219.37
ITEM_2152,1,1,0.9833,12.0,0.0,60.0,0.0,Intermitente,False,"Meses observados o demandas positivas insuficientes para conformar entrenamiento y prueba (umbral operativo: 15 meses observados, 4 demandas positivas).",438.57
ITEM_2153,1,1,0.9833,6.0,0.0,60.0,0.0,Intermitente,False,"Meses observados o demandas positivas insuficientes para conformar entrenamiento y prueba (umbral operativo: 15 meses observados, 4 demandas positivas).",219.12
ITEM_2154,1,1,0.9833,6.0,0.0,60.0,0.0,Intermitente,False,"Meses observados o demandas positivas insuficientes para conformar entrenamiento y prueba (umbral operativo: 15 meses observados, 4 demandas positivas).",219.0
ITEM_2155,1,1,0.9833,2.0,0.0,60.0,0.0,Intermitente,False,"Meses observados o demandas positivas insuficientes para conformar entrenamiento y prueba (umbral operativo: 15 meses observados, 4 demandas positivas).",218.75
ITEM_2156,1,1,0.9833,2.0,0.0,60.0,0.0,Intermitente,False,"Meses observados o demandas positivas insuficientes para conformar entrenamiento y prueba (umbral operativo: 15 meses observados, 4 demandas positivas).",218.68
ITEM_2157,2,2,0.9667,20.5,760.5,2.0,1.8096,Lumpy,False,"Meses observados o demandas positivas insuficientes para conformar entrenamiento y prueba (umbral operativo: 15 meses observados, 4 demandas positivas).",249.32
ITEM_2158,1,1,0.9833,3.0,0.0,60.0,0.0,Intermitente,False,"Meses observados o demandas positivas insuficientes para conformar entrenamiento y prueba (umbral operativo: 15 meses observados, 4 demandas positivas).",217.8
ITEM_2159,1,1,0.9833,3.0,0.0,60.0,0.0,Intermitente,False,"Meses observados o demandas positivas insuficientes para conformar entrenamiento y prueba (umbral operativo: 15 meses observados, 4 demandas positivas).",217.8
ITEM_2160,1,1,0.9833,2.0,0.0,60.0,0.0,Intermitente,False,"Meses observados o demandas positivas insuficientes para conformar entrenamiento y prueba (umbral operativo: 15 meses observados, 4 demandas positivas).",217.63
ITEM_2161,1,1,0.9833,1.0,0.0,60.0,0.0,Intermitente,False,"Meses observados o demandas positivas insuficientes para conformar entrenamiento y prueba (umbral operativo: 15 meses observados, 4 demandas positivas).",217.54
ITEM_2162,3,3,0.95,2.0,0.0,3.0,0.0,Intermitente,False,"Meses observados o demandas positivas insuficientes para conformar entrenamiento y prueba (umbral operativo: 15 meses observados, 4 demandas positivas).",445.19
ITEM_2163,1,1,0.9833,2.0,0.0,60.0,0.0,Intermitente,False,"Meses observados o demandas positivas insuficientes para conformar entrenamiento y prueba (umbral operativo: 15 meses observados, 4 demandas positivas).",216.76
ITEM_2164,1,1,0.9833,320.0,0.0,60.0,0.0,Intermitente,False,"Meses observados o demandas positivas insuficientes para conformar entrenamiento y prueba (umbral operativo: 15 meses observados, 4 demandas positivas).",216.56
ITEM_2165,3,3,0.95,13.4767,152.2716,6.0,0.8384,Lumpy,False,"Meses observados o demandas positivas insuficientes para conformar entrenamiento y prueba (umbral operativo: 15 meses observados, 4 demandas positivas).",389.57
ITEM_2166,1,1,0.9833,4.0,0.0,60.0,0.0,Intermitente,False,"Meses observados o demandas positivas insuficientes para conformar entrenamiento y prueba (umbral operativo: 15 meses observados, 4 demandas positivas).",216.13
ITEM_2167,1,1,0.9833,4.0,0.0,60.0,0.0,Intermitente,False,"Meses observados o demandas positivas insuficientes para conformar entrenamiento y prueba (umbral operativo: 15 meses observados, 4 demandas positivas).",324.0
ITEM_2168,1,1,0.9833,3.0,0.0,60.0,0.0,Intermitente,False,"Meses observados o demandas positivas insuficientes para conformar entrenamiento y prueba (umbral operativo: 15 meses observados, 4 demandas positivas).",216.0
ITEM_2169,2,2,0.9667,60.0,800.0,24.0,0.2222,Intermitente,False,"Meses observados o demandas positivas insuficientes para conformar entrenamiento y prueba (umbral operativo: 15 meses observados, 4 demandas positivas).",277.6
ITEM_2170,1,1,0.9833,6.0,0.0,60.0,0.0,Intermitente,False,"Meses observados o demandas positivas insuficientes para conformar entrenamiento y prueba (umbral operativo: 15 meses observados, 4 demandas positivas).",215.58
ITEM_2171,2,2,0.9667,15.0,50.0,2.0,0.2222,Intermitente,False,"Meses observados o demandas positivas insuficientes para conformar entrenamiento y prueba (umbral operativo: 15 meses observados, 4 demandas positivas).",346.02
ITEM_2172,1,1,0.9833,40.0,0.0,60.0,0.0,Intermitente,False,"Meses observados o demandas positivas insuficientes para conformar entrenamiento y prueba (umbral operativo: 15 meses observados, 4 demandas positivas).",215.32
ITEM_2173,1,1,0.9833,1.0,0.0,60.0,0.0,Intermitente,False,"Meses observados o demandas positivas insuficientes para conformar entrenamiento y prueba (umbral operativo: 15 meses observados, 4 demandas positivas).",215.1
ITEM_2175,2,2,0.9667,30.0,800.0,2.0,0.8889,Lumpy,False,"Meses observados o demandas positivas insuficientes para conformar entrenamiento y prueba (umbral operativo: 15 meses observados, 4 demandas positivas).",429.76
ITEM_2176,1,1,0.9833,12.0,0.0,60.0,0.0,Intermitente,False,"Meses observados o demandas positivas insuficientes para conformar entrenamiento y prueba (umbral operativo: 15 meses observados, 4 demandas positivas).",214.56
ITEM_2177,4,4,0.9333,13.5,51.6667,4.6667,0.2835,Intermitente,False,"Meses observados o demandas positivas insuficientes para conformar entrenamiento y prueba (umbral operativo: 15 meses observados, 4 demandas positivas).",536.24
ITEM_2178,1,1,0.9833,1.0,0.0,60.0,0.0,Intermitente,False,"Meses observados o demandas positivas insuficientes para conformar entrenamiento y prueba (umbral operativo: 15 meses observados, 4 demandas positivas).",214.47
ITEM_2179,1,1,0.9833,1.0,0.0,60.0,0.0,Intermitente,False,"Meses observados o demandas positivas insuficientes para conformar entrenamiento y prueba (umbral operativo: 15 meses observados, 4 demandas positivas).",214.29
ITEM_2180,1,1,0.9833,1.0,0.0,60.0,0.0,Intermitente,False,"Meses observados o demandas positivas insuficientes para conformar entrenamiento y prueba (umbral operativo: 15 meses observados, 4 demandas positivas).",214.04
ITEM_2181,4,4,0.9333,306.0,42010.6667,6.3333,0.4487,Intermitente,False,"Meses observados o demandas positivas insuficientes para conformar entrenamiento y prueba (umbral operativo: 15 meses observados, 4 demandas positivas).",516.84
ITEM_2182,1,1,0.9833,3.0,0.0,60.0,0.0,Intermitente,False,"Meses observados o demandas positivas insuficientes para conformar entrenamiento y prueba (umbral operativo: 15 meses observados, 4 demandas positivas).",213.57
ITEM_2184,3,3,0.95,4.0,0.0,7.0,0.0,Intermitente,False,"Meses observados o demandas positivas insuficientes para conformar entrenamiento y prueba (umbral operativo: 15 meses observados, 4 demandas positivas).",334.86
ITEM_2185,1,1,0.9833,5.0,0.0,60.0,0.0,Intermitente,False,"Meses observados o demandas positivas insuficientes para conformar entrenamiento y prueba (umbral operativo: 15 meses observados, 4 demandas positivas).",212.85
ITEM_2186,1,1,0.9833,1.0,0.0,60.0,0.0,Intermitente,False,"Meses observados o demandas positivas insuficientes para conformar entrenamiento y prueba (umbral operativo: 15 meses observados, 4 demandas positivas).",212.8
ITEM_2187,1,1,0.9833,48.0,0.0,60.0,0.0,Intermitente,False,"Meses observados o demandas positivas insuficientes para conformar entrenamiento y prueba (umbral operativo: 15 meses observados, 4 demandas positivas).",425.35
ITEM_2188,4,4,0.9333,2.75,0.25,8.3333,0.0331,Intermitente,False,"Meses observados o demandas positivas insuficientes para conformar entrenamiento y prueba (umbral operativo: 15 meses observados, 4 demandas positivas).",706.07
ITEM_2189,1,1,0.9833,4.0,0.0,60.0,0.0,Intermitente,False,"Meses observados o demandas positivas insuficientes para conformar entrenamiento y prueba (umbral operativo: 15 meses observados, 4 demandas positivas).",212.3
ITEM_2190,1,1,0.9833,2.0,0.0,60.0,0.0,Intermitente,False,"Meses observados o demandas positivas insuficientes para conformar entrenamiento y prueba (umbral operativo: 15 meses observados, 4 demandas positivas).",212.21
ITEM_2191,1,1,0.9833,100.0,0.0,60.0,0.0,Intermitente,False,"Meses observados o demandas positivas insuficientes para conformar entrenamiento y prueba (umbral operativo: 15 meses observados, 4 demandas positivas).",211.97
ITEM_2192,1,1,0.9833,4.0,0.0,60.0,0.0,Intermitente,False,"Meses observados o demandas positivas insuficientes para conformar entrenamiento y prueba (umbral operativo: 15 meses observados, 4 demandas positivas).",211.88
ITEM_2193,1,1,0.9833,10.0,0.0,60.0,0.0,Intermitente,False,"Meses observados o demandas positivas insuficientes para conformar entrenamiento y prueba (umbral operativo: 15 meses observados, 4 demandas positivas).",211.65
ITEM_2194,2,2,0.9667,3.0,2.0,17.0,0.2222,Intermitente,False,"Meses observados o demandas positivas insuficientes para conformar entrenamiento y prueba (umbral operativo: 15 meses observados, 4 demandas positivas).",339.57
ITEM_2195,1,1,0.9833,7.0,0.0,60.0,0.0,Intermitente,False,"Meses observados o demandas positivas insuficientes para conformar entrenamiento y prueba (umbral operativo: 15 meses observados, 4 demandas positivas).",211.51
ITEM_2196,1,1,0.9833,1.0,0.0,60.0,0.0,Intermitente,False,"Meses observados o demandas positivas insuficientes para conformar entrenamiento y prueba (umbral operativo: 15 meses observados, 4 demandas positivas).",211.12
ITEM_2197,1,1,0.9833,2.0,0.0,60.0,0.0,Intermitente,False,"Meses observados o demandas positivas insuficientes para conformar entrenamiento y prueba (umbral operativo: 15 meses observados, 4 demandas positivas).",211.05
ITEM_2198,1,1,0.9833,1.0,0.0,60.0,0.0,Intermitente,False,"Meses observados o demandas positivas insuficientes para conformar entrenamiento y prueba (umbral operativo: 15 meses observados, 4 demandas positivas).",210.45
ITEM_2199,1,1,0.9833,4.0,0.0,60.0,0.0,Intermitente,False,"Meses observados o demandas positivas insuficientes para conformar entrenamiento y prueba (umbral operativo: 15 meses observados, 4 demandas positivas).",210.12
ITEM_2200,1,1,0.9833,1.0,0.0,60.0,0.0,Intermitente,False,"Meses observados o demandas positivas insuficientes para conformar entrenamiento y prueba (umbral operativo: 15 meses observados, 4 demandas positivas).",210.07
ITEM_2201,2,2,0.9667,60.0,0.0,6.0,0.0,Intermitente,False,"Meses observados o demandas positivas insuficientes para conformar entrenamiento y prueba (umbral operativo: 15 meses observados, 4 demandas positivas).",420.0
ITEM_2202,1,1,0.9833,60.0,0.0,60.0,0.0,Intermitente,False,"Meses observados o demandas positivas insuficientes para conformar entrenamiento y prueba (umbral operativo: 15 meses observados, 4 demandas positivas).",210.0
ITEM_2203,1,1,0.9833,1.0,0.0,60.0,0.0,Intermitente,False,"Meses observados o demandas positivas insuficientes para conformar entrenamiento y prueba (umbral operativo: 15 meses observados, 4 demandas positivas).",210.0
ITEM_2205,1,1,0.9833,2.0,0.0,60.0,0.0,Intermitente,False,"Meses observados o demandas positivas insuficientes para conformar entrenamiento y prueba (umbral operativo: 15 meses observados, 4 demandas positivas).",210.0
ITEM_2206,1,1,0.9833,3.0,0.0,60.0,0.0,Intermitente,False,"Meses observados o demandas positivas insuficientes para conformar entrenamiento y prueba (umbral operativo: 15 meses observados, 4 demandas positivas).",210.0
ITEM_2207,2,2,0.9667,9.0,98.0,14.0,1.2099,Lumpy,False,"Meses observados o demandas positivas insuficientes para conformar entrenamiento y prueba (umbral operativo: 15 meses observados, 4 demandas positivas).",217.5
ITEM_2208,1,1,0.9833,6.0,0.0,60.0,0.0,Intermitente,False,"Meses observados o demandas positivas insuficientes para conformar entrenamiento y prueba (umbral operativo: 15 meses observados, 4 demandas positivas).",210.0
ITEM_2209,1,1,0.9833,2.0,0.0,60.0,0.0,Intermitente,False,"Meses observados o demandas positivas insuficientes para conformar entrenamiento y prueba (umbral operativo: 15 meses observados, 4 demandas positivas).",209.96
ITEM_2210,3,3,0.95,2.0,0.0,3.0,0.0,Intermitente,False,"Meses observados o demandas positivas insuficientes para conformar entrenamiento y prueba (umbral operativo: 15 meses observados, 4 demandas positivas).",526.45
ITEM_2211,1,1,0.9833,2.0,0.0,60.0,0.0,Intermitente,False,"Meses observados o demandas positivas insuficientes para conformar entrenamiento y prueba (umbral operativo: 15 meses observados, 4 demandas positivas).",209.42
ITEM_2212,1,1,0.9833,2.0,0.0,60.0,0.0,Intermitente,False,"Meses observados o demandas positivas insuficientes para conformar entrenamiento y prueba (umbral operativo: 15 meses observados, 4 demandas positivas).",209.41
ITEM_2213,2,2,0.9667,2.0,0.0,3.0,0.0,Intermitente,False,"Meses observados o demandas positivas insuficientes para conformar entrenamiento y prueba (umbral operativo: 15 meses observados, 4 demandas positivas).",418.68
ITEM_2215,15,15,0.75,6.0667,20.3524,3.0,0.553,Lumpy,True,,1802.79
ITEM_2216,1,1,0.9833,8.0,0.0,60.0,0.0,Intermitente,False,"Meses observados o demandas positivas insuficientes para conformar entrenamiento y prueba (umbral operativo: 15 meses observados, 4 demandas positivas).",414.64
ITEM_2217,1,1,0.9833,24.0,0.0,60.0,0.0,Intermitente,False,"Meses observados o demandas positivas insuficientes para conformar entrenamiento y prueba (umbral operativo: 15 meses observados, 4 demandas positivas).",417.09
ITEM_2218,3,3,0.95,2.3333,1.3333,9.0,0.2449,Intermitente,False,"Meses observados o demandas positivas insuficientes para conformar entrenamiento y prueba (umbral operativo: 15 meses observados, 4 demandas positivas).",396.04
ITEM_2220,1,1,0.9833,60.0,0.0,60.0,0.0,Intermitente,False,"Meses observados o demandas positivas insuficientes para conformar entrenamiento y prueba (umbral operativo: 15 meses observados, 4 demandas positivas).",208.0
ITEM_2222,1,1,0.9833,1.0,0.0,60.0,0.0,Intermitente,False,"Meses observados o demandas positivas insuficientes para conformar entrenamiento y prueba (umbral operativo: 15 meses observados, 4 demandas positivas).",207.4
ITEM_2223,1,1,0.9833,1.0,0.0,60.0,0.0,Intermitente,False,"Meses observados o demandas positivas insuficientes para conformar entrenamiento y prueba (umbral operativo: 15 meses observados, 4 demandas positivas).",207.33
ITEM_2224,1,1,0.9833,12.0,0.0,60.0,0.0,Intermitente,False,"Meses observados o demandas positivas insuficientes para conformar entrenamiento y prueba (umbral operativo: 15 meses observados, 4 demandas positivas).",207.18
ITEM_2225,1,1,0.9833,12.0,0.0,60.0,0.0,Intermitente,False,"Meses observados o demandas positivas insuficientes para conformar entrenamiento y prueba (umbral operativo: 15 meses observados, 4 demandas positivas).",207.18
ITEM_2226,2,2,0.9667,76.0,1152.0,27.0,0.1994,Intermitente,False,"Meses observados o demandas positivas insuficientes para conformar entrenamiento y prueba (umbral operativo: 15 meses observados, 4 demandas positivas).",438.54
ITEM_2227,1,1,0.9833,2.0,0.0,60.0,0.0,Intermitente,False,"Meses observados o demandas positivas insuficientes para conformar entrenamiento y prueba (umbral operativo: 15 meses observados, 4 demandas positivas).",206.93
ITEM_2228,1,1,0.9833,1.0,0.0,60.0,0.0,Intermitente,False,"Meses observados o demandas positivas insuficientes para conformar entrenamiento y prueba (umbral operativo: 15 meses observados, 4 demandas positivas).",205.68
ITEM_2229,3,3,0.95,6.0,0.0,3.0,0.0,Intermitente,False,"Meses observados o demandas positivas insuficientes para conformar entrenamiento y prueba (umbral operativo: 15 meses observados, 4 demandas positivas).",565.91
ITEM_2231,3,3,0.95,17.3333,401.3333,7.5,1.3358,Lumpy,False,"Meses observados o demandas positivas insuficientes para conformar entrenamiento y prueba (umbral operativo: 15 meses observados, 4 demandas positivas).",576.1
ITEM_2233,1,1,0.9833,60.0,0.0,60.0,0.0,Intermitente,False,"Meses observados o demandas positivas insuficientes para conformar entrenamiento y prueba (umbral operativo: 15 meses observados, 4 demandas positivas).",204.6
ITEM_2234,1,1,0.9833,2.0,0.0,60.0,0.0,Intermitente,False,"Meses observados o demandas positivas insuficientes para conformar entrenamiento y prueba (umbral operativo: 15 meses observados, 4 demandas positivas).",204.44
ITEM_2235,1,1,0.9833,2.0,0.0,60.0,0.0,Intermitente,False,"Meses observados o demandas positivas insuficientes para conformar entrenamiento y prueba (umbral operativo: 15 meses observados, 4 demandas positivas).",204.15
ITEM_2236,1,1,0.9833,12.0,0.0,60.0,0.0,Intermitente,False,"Meses observados o demandas positivas insuficientes para conformar entrenamiento y prueba (umbral operativo: 15 meses observados, 4 demandas positivas).",204.0
ITEM_2237,1,1,0.9833,2.0,0.0,60.0,0.0,Intermitente,False,"Meses observados o demandas positivas insuficientes para conformar entrenamiento y prueba (umbral operativo: 15 meses observados, 4 demandas positivas).",204.0
ITEM_2238,1,1,0.9833,8.0,0.0,60.0,0.0,Intermitente,False,"Meses observados o demandas positivas insuficientes para conformar entrenamiento y prueba (umbral operativo: 15 meses observados, 4 demandas positivas).",204.0
ITEM_2239,2,2,0.9667,25.5,4.5,2.0,0.0069,Intermitente,False,"Meses observados o demandas positivas insuficientes para conformar entrenamiento y prueba (umbral operativo: 15 meses observados, 4 demandas positivas).",493.17
ITEM_2240,4,4,0.9333,16.75,505.5833,15.6667,1.802,Lumpy,False,"Meses observados o demandas positivas insuficientes para conformar entrenamiento y prueba (umbral operativo: 15 meses observados, 4 demandas positivas).",598.0
ITEM_2241,1,1,0.9833,4.0,0.0,60.0,0.0,Intermitente,False,"Meses observados o demandas positivas insuficientes para conformar entrenamiento y prueba (umbral operativo: 15 meses observados, 4 demandas positivas).",203.42
ITEM_2242,1,1,0.9833,36.0,0.0,60.0,0.0,Intermitente,False,"Meses observados o demandas positivas insuficientes para conformar entrenamiento y prueba (umbral operativo: 15 meses observados, 4 demandas positivas).",203.4
ITEM_2243,1,1,0.9833,12.0,0.0,60.0,0.0,Intermitente,False,"Meses observados o demandas positivas insuficientes para conformar entrenamiento y prueba (umbral operativo: 15 meses observados, 4 demandas positivas).",203.28
ITEM_2244,1,1,0.9833,12.0,0.0,60.0,0.0,Intermitente,False,"Meses observados o demandas positivas insuficientes para conformar entrenamiento y prueba (umbral operativo: 15 meses observados, 4 demandas positivas).",203.28
ITEM_2245,2,2,0.9667,23.0,578.0,16.0,1.0926,Lumpy,False,"Meses observados o demandas positivas insuficientes para conformar entrenamiento y prueba (umbral operativo: 15 meses observados, 4 demandas positivas).",212.1
ITEM_2246,1,1,0.9833,6.0,0.0,60.0,0.0,Intermitente,False,"Meses observados o demandas positivas insuficientes para conformar entrenamiento y prueba (umbral operativo: 15 meses observados, 4 demandas positivas).",202.2
ITEM_2247,1,1,0.9833,6.0,0.0,60.0,0.0,Intermitente,False,"Meses observados o demandas positivas insuficientes para conformar entrenamiento y prueba (umbral operativo: 15 meses observados, 4 demandas positivas).",202.2
ITEM_2248,1,1,0.9833,1.0,0.0,60.0,0.0,Intermitente,False,"Meses observados o demandas positivas insuficientes para conformar entrenamiento y prueba (umbral operativo: 15 meses observados, 4 demandas positivas).",202.0
ITEM_2249,1,1,0.9833,20.0,0.0,60.0,0.0,Intermitente,False,"Meses observados o demandas positivas insuficientes para conformar entrenamiento y prueba (umbral operativo: 15 meses observados, 4 demandas positivas).",201.79
ITEM_2250,1,1,0.9833,8.0,0.0,60.0,0.0,Intermitente,False,"Meses observados o demandas positivas insuficientes para conformar entrenamiento y prueba (umbral operativo: 15 meses observados, 4 demandas positivas).",380.55
ITEM_2251,5,5,0.9167,69.2,2763.2,5.75,0.577,Lumpy,False,"Meses observados o demandas positivas insuficientes para conformar entrenamiento y prueba (umbral operativo: 15 meses observados, 4 demandas positivas).",848.47
ITEM_2252,2,2,0.9667,2.0,2.0,21.0,0.5,Lumpy,False,"Meses observados o demandas positivas insuficientes para conformar entrenamiento y prueba (umbral operativo: 15 meses observados, 4 demandas positivas).",250.69
ITEM_2253,1,1,0.9833,2.0,0.0,60.0,0.0,Intermitente,False,"Meses observados o demandas positivas insuficientes para conformar entrenamiento y prueba (umbral operativo: 15 meses observados, 4 demandas positivas).",201.43
ITEM_2254,1,1,0.9833,6.0,0.0,60.0,0.0,Intermitente,False,"Meses observados o demandas positivas insuficientes para conformar entrenamiento y prueba (umbral operativo: 15 meses observados, 4 demandas positivas).",201.15
ITEM_2255,1,1,0.9833,30.0,0.0,60.0,0.0,Intermitente,False,"Meses observados o demandas positivas insuficientes para conformar entrenamiento y prueba (umbral operativo: 15 meses observados, 4 demandas positivas).",201.04
ITEM_2256,1,1,0.9833,5.0,0.0,60.0,0.0,Intermitente,False,"Meses observados o demandas positivas insuficientes para conformar entrenamiento y prueba (umbral operativo: 15 meses observados, 4 demandas positivas).",200.0
ITEM_2257,5,5,0.9167,4.2,3.7,6.0,0.2098,Intermitente,False,"Meses observados o demandas positivas insuficientes para conformar entrenamiento y prueba (umbral operativo: 15 meses observados, 4 demandas positivas).",651.16
ITEM_2258,1,1,0.9833,1.0,0.0,60.0,0.0,Intermitente,False,"Meses observados o demandas positivas insuficientes para conformar entrenamiento y prueba (umbral operativo: 15 meses observados, 4 demandas positivas).",200.0
ITEM_2259,1,1,0.9833,1.0,0.0,60.0,0.0,Intermitente,False,"Meses observados o demandas positivas insuficientes para conformar entrenamiento y prueba (umbral operativo: 15 meses observados, 4 demandas positivas).",200.0
ITEM_2260,1,1,0.9833,1.0,0.0,60.0,0.0,Intermitente,False,"Meses observados o demandas positivas insuficientes para conformar entrenamiento y prueba (umbral operativo: 15 meses observados, 4 demandas positivas).",199.99
ITEM_2261,1,1,0.9833,1.0,0.0,60.0,0.0,Intermitente,False,"Meses observados o demandas positivas insuficientes para conformar entrenamiento y prueba (umbral operativo: 15 meses observados, 4 demandas positivas).",199.97
ITEM_2262,1,1,0.9833,12.0,0.0,60.0,0.0,Intermitente,False,"Meses observados o demandas positivas insuficientes para conformar entrenamiento y prueba (umbral operativo: 15 meses observados, 4 demandas positivas).",199.2
ITEM_2263,1,1,0.9833,2.0,0.0,60.0,0.0,Intermitente,False,"Meses observados o demandas positivas insuficientes para conformar entrenamiento y prueba (umbral operativo: 15 meses observados, 4 demandas positivas).",198.97
ITEM_2264,1,1,0.9833,30.0,0.0,60.0,0.0,Intermitente,False,"Meses observados o demandas positivas insuficientes para conformar entrenamiento y prueba (umbral operativo: 15 meses observados, 4 demandas positivas).",198.4
ITEM_2265,1,1,0.9833,20.0,0.0,60.0,0.0,Intermitente,False,"Meses observados o demandas positivas insuficientes para conformar entrenamiento y prueba (umbral operativo: 15 meses observados, 4 demandas positivas).",198.4
ITEM_2267,1,1,0.9833,12.0,0.0,60.0,0.0,Intermitente,False,"Meses observados o demandas positivas insuficientes para conformar entrenamiento y prueba (umbral operativo: 15 meses observados, 4 demandas positivas).",198.0
ITEM_2268,1,1,0.9833,2.0,0.0,60.0,0.0,Intermitente,False,"Meses observados o demandas positivas insuficientes para conformar entrenamiento y prueba (umbral operativo: 15 meses observados, 4 demandas positivas).",198.0
ITEM_2269,2,2,0.9667,32.0,1568.0,11.0,1.5312,Lumpy,False,"Meses observados o demandas positivas insuficientes para conformar entrenamiento y prueba (umbral operativo: 15 meses observados, 4 demandas positivas).",305.08
ITEM_2270,3,3,0.95,4.6667,21.3333,12.5,0.9796,Lumpy,False,"Meses observados o demandas positivas insuficientes para conformar entrenamiento y prueba (umbral operativo: 15 meses observados, 4 demandas positivas).",332.9
ITEM_2271,1,1,0.9833,10.0,0.0,60.0,0.0,Intermitente,False,"Meses observados o demandas positivas insuficientes para conformar entrenamiento y prueba (umbral operativo: 15 meses observados, 4 demandas positivas).",197.4
ITEM_2272,1,1,0.9833,2.0,0.0,60.0,0.0,Intermitente,False,"Meses observados o demandas positivas insuficientes para conformar entrenamiento y prueba (umbral operativo: 15 meses observados, 4 demandas positivas).",197.1
ITEM_2273,1,1,0.9833,12.0,0.0,60.0,0.0,Intermitente,False,"Meses observados o demandas positivas insuficientes para conformar entrenamiento y prueba (umbral operativo: 15 meses observados, 4 demandas positivas).",196.93
ITEM_2274,1,1,0.9833,21.0,0.0,60.0,0.0,Intermitente,False,"Meses observados o demandas positivas insuficientes para conformar entrenamiento y prueba (umbral operativo: 15 meses observados, 4 demandas positivas).",196.88
ITEM_2275,1,1,0.9833,12.0,0.0,60.0,0.0,Intermitente,False,"Meses observados o demandas positivas insuficientes para conformar entrenamiento y prueba (umbral operativo: 15 meses observados, 4 demandas positivas).",393.05
ITEM_2276,3,3,0.95,12.3333,240.3333,15.0,1.58,Lumpy,False,"Meses observados o demandas positivas insuficientes para conformar entrenamiento y prueba (umbral operativo: 15 meses observados, 4 demandas positivas).",253.28
ITEM_2277,1,1,0.9833,12.0,0.0,60.0,0.0,Intermitente,False,"Meses observados o demandas positivas insuficientes para conformar entrenamiento y prueba (umbral operativo: 15 meses observados, 4 demandas positivas).",196.79
ITEM_2278,1,1,0.9833,1.0,0.0,60.0,0.0,Intermitente,False,"Meses observados o demandas positivas insuficientes para conformar entrenamiento y prueba (umbral operativo: 15 meses observados, 4 demandas positivas).",196.74
ITEM_2279,1,1,0.9833,6.0,0.0,60.0,0.0,Intermitente,False,"Meses observados o demandas positivas insuficientes para conformar entrenamiento y prueba (umbral operativo: 15 meses observados, 4 demandas positivas).",196.61
ITEM_2280,1,1,0.9833,20.0,0.0,60.0,0.0,Intermitente,False,"Meses observados o demandas positivas insuficientes para conformar entrenamiento y prueba (umbral operativo: 15 meses observados, 4 demandas positivas).",196.6
ITEM_2281,3,3,0.95,2.0,0.0,3.0,0.0,Intermitente,False,"Meses observados o demandas positivas insuficientes para conformar entrenamiento y prueba (umbral operativo: 15 meses observados, 4 demandas positivas).",323.2
ITEM_2282,1,1,0.9833,2.0,0.0,60.0,0.0,Intermitente,False,"Meses observados o demandas positivas insuficientes para conformar entrenamiento y prueba (umbral operativo: 15 meses observados, 4 demandas positivas).",196.18
ITEM_2283,2,2,0.9667,8.0,8.0,2.0,0.125,Intermitente,False,"Meses observados o demandas positivas insuficientes para conformar entrenamiento y prueba (umbral operativo: 15 meses observados, 4 demandas positivas).",313.73
ITEM_2284,3,3,0.95,4.0,12.0,9.5,0.75,Lumpy,False,"Meses observados o demandas positivas insuficientes para conformar entrenamiento y prueba (umbral operativo: 15 meses observados, 4 demandas positivas).",423.0
ITEM_2285,1,1,0.9833,4.0,0.0,60.0,0.0,Intermitente,False,"Meses observados o demandas positivas insuficientes para conformar entrenamiento y prueba (umbral operativo: 15 meses observados, 4 demandas positivas).",195.88
ITEM_2286,2,2,0.9667,1.0,0.0,7.0,0.0,Intermitente,False,"Meses observados o demandas positivas insuficientes para conformar entrenamiento y prueba (umbral operativo: 15 meses observados, 4 demandas positivas).",238.34
ITEM_2287,1,1,0.9833,5.0,0.0,60.0,0.0,Intermitente,False,"Meses observados o demandas positivas insuficientes para conformar entrenamiento y prueba (umbral operativo: 15 meses observados, 4 demandas positivas).",195.26
ITEM_2288,2,2,0.9667,2.5,4.5,2.0,0.72,Lumpy,False,"Meses observados o demandas positivas insuficientes para conformar entrenamiento y prueba (umbral operativo: 15 meses observados, 4 demandas positivas).",379.59
ITEM_2289,5,5,0.9167,46.0,2430.0,5.0,1.1484,Lumpy,False,"Meses observados o demandas positivas insuficientes para conformar entrenamiento y prueba (umbral operativo: 15 meses observados, 4 demandas positivas).",460.4
ITEM_2290,5,5,0.9167,7.4,52.8,4.5,0.9642,Lumpy,False,"Meses observados o demandas positivas insuficientes para conformar entrenamiento y prueba (umbral operativo: 15 meses observados, 4 demandas positivas).",676.8
ITEM_2291,2,2,0.9667,8.0,8.0,9.0,0.125,Intermitente,False,"Meses observados o demandas positivas insuficientes para conformar entrenamiento y prueba (umbral operativo: 15 meses observados, 4 demandas positivas).",276.0
ITEM_2292,2,2,0.9667,11.0,2.0,4.0,0.0165,Intermitente,False,"Meses observados o demandas positivas insuficientes para conformar entrenamiento y prueba (umbral operativo: 15 meses observados, 4 demandas positivas).",277.32
ITEM_2293,1,1,0.9833,3.0,0.0,60.0,0.0,Intermitente,False,"Meses observados o demandas positivas insuficientes para conformar entrenamiento y prueba (umbral operativo: 15 meses observados, 4 demandas positivas).",195.0
ITEM_2295,1,1,0.9833,12.0,0.0,60.0,0.0,Intermitente,False,"Meses observados o demandas positivas insuficientes para conformar entrenamiento y prueba (umbral operativo: 15 meses observados, 4 demandas positivas).",194.88
ITEM_2296,1,1,0.9833,6.0,0.0,60.0,0.0,Intermitente,False,"Meses observados o demandas positivas insuficientes para conformar entrenamiento y prueba (umbral operativo: 15 meses observados, 4 demandas positivas).",194.65
ITEM_2297,1,1,0.9833,24.0,0.0,60.0,0.0,Intermitente,False,"Meses observados o demandas positivas insuficientes para conformar entrenamiento y prueba (umbral operativo: 15 meses observados, 4 demandas positivas).",193.95
ITEM_2298,14,14,0.7667,9.6429,112.8626,5.0769,1.2138,Lumpy,False,"Meses observados o demandas positivas insuficientes para conformar entrenamiento y prueba (umbral operativo: 15 meses observados, 4 demandas positivas).",626.52
ITEM_2299,1,1,0.9833,2.0,0.0,60.0,0.0,Intermitente,False,"Meses observados o demandas positivas insuficientes para conformar entrenamiento y prueba (umbral operativo: 15 meses observados, 4 demandas positivas).",193.74
ITEM_2300,2,2,0.9667,2.0,0.0,2.0,0.0,Intermitente,False,"Meses observados o demandas positivas insuficientes para conformar entrenamiento y prueba (umbral operativo: 15 meses observados, 4 demandas positivas).",387.0
ITEM_2301,1,1,0.9833,1.0,0.0,60.0,0.0,Intermitente,False,"Meses observados o demandas positivas insuficientes para conformar entrenamiento y prueba (umbral operativo: 15 meses observados, 4 demandas positivas).",193.42
ITEM_2302,1,1,0.9833,120.0,0.0,60.0,0.0,Intermitente,False,"Meses observados o demandas positivas insuficientes para conformar entrenamiento y prueba (umbral operativo: 15 meses observados, 4 demandas positivas).",193.32
ITEM_2303,7,7,0.8833,10.2857,8.5714,5.5,0.081,Intermitente,False,"Meses observados o demandas positivas insuficientes para conformar entrenamiento y prueba (umbral operativo: 15 meses observados, 4 demandas positivas).",696.42
ITEM_2304,1,1,0.9833,1.0,0.0,60.0,0.0,Intermitente,False,"Meses observados o demandas positivas insuficientes para conformar entrenamiento y prueba (umbral operativo: 15 meses observados, 4 demandas positivas).",193.0
ITEM_2307,9,9,0.85,1.0,0.0,4.875,0.0,Intermitente,False,"Meses observados o demandas positivas insuficientes para conformar entrenamiento y prueba (umbral operativo: 15 meses observados, 4 demandas positivas).",853.02
ITEM_2308,3,3,0.95,4.3333,8.3333,6.0,0.4438,Intermitente,False,"Meses observados o demandas positivas insuficientes para conformar entrenamiento y prueba (umbral operativo: 15 meses observados, 4 demandas positivas).",330.4
ITEM_2309,1,1,0.9833,8.0,0.0,60.0,0.0,Intermitente,False,"Meses observados o demandas positivas insuficientes para conformar entrenamiento y prueba (umbral operativo: 15 meses observados, 4 demandas positivas).",192.0
ITEM_2311,2,2,0.9667,2.0,0.0,7.0,0.0,Intermitente,False,"Meses observados o demandas positivas insuficientes para conformar entrenamiento y prueba (umbral operativo: 15 meses observados, 4 demandas positivas).",221.12
ITEM_2312,1,1,0.9833,20.0,0.0,60.0,0.0,Intermitente,False,"Meses observados o demandas positivas insuficientes para conformar entrenamiento y prueba (umbral operativo: 15 meses observados, 4 demandas positivas).",191.92
ITEM_2313,1,1,0.9833,1.0,0.0,60.0,0.0,Intermitente,False,"Meses observados o demandas positivas insuficientes para conformar entrenamiento y prueba (umbral operativo: 15 meses observados, 4 demandas positivas).",191.91
ITEM_2314,6,6,0.9,30.6667,1170.6667,6.2,1.2448,Lumpy,False,"Meses observados o demandas positivas insuficientes para conformar entrenamiento y prueba (umbral operativo: 15 meses observados, 4 demandas positivas).",596.09
ITEM_2315,2,2,0.9667,10.0,8.0,27.0,0.08,Intermitente,False,"Meses observados o demandas positivas insuficientes para conformar entrenamiento y prueba (umbral operativo: 15 meses observados, 4 demandas positivas).",238.41
ITEM_2316,3,3,0.95,17.3333,401.3333,2.0,1.3358,Lumpy,False,"Meses observados o demandas positivas insuficientes para conformar entrenamiento y prueba (umbral operativo: 15 meses observados, 4 demandas positivas).",302.82
ITEM_2317,2,2,0.9667,10.0,0.0,19.0,0.0,Intermitente,False,"Meses observados o demandas positivas insuficientes para conformar entrenamiento y prueba (umbral operativo: 15 meses observados, 4 demandas positivas).",379.0
ITEM_2318,11,11,0.8167,1.2727,0.2182,6.3,0.1347,Intermitente,False,"Meses observados o demandas positivas insuficientes para conformar entrenamiento y prueba (umbral operativo: 15 meses observados, 4 demandas positivas).",1362.43
ITEM_2319,1,1,0.9833,6.0,0.0,60.0,0.0,Intermitente,False,"Meses observados o demandas positivas insuficientes para conformar entrenamiento y prueba (umbral operativo: 15 meses observados, 4 demandas positivas).",189.65
ITEM_2320,1,1,0.9833,12.0,0.0,60.0,0.0,Intermitente,False,"Meses observados o demandas positivas insuficientes para conformar entrenamiento y prueba (umbral operativo: 15 meses observados, 4 demandas positivas).",189.12
ITEM_2321,1,1,0.9833,70.0,0.0,60.0,0.0,Intermitente,False,"Meses observados o demandas positivas insuficientes para conformar entrenamiento y prueba (umbral operativo: 15 meses observados, 4 demandas positivas).",189.0
ITEM_2322,1,1,0.9833,4.0,0.0,60.0,0.0,Intermitente,False,"Meses observados o demandas positivas insuficientes para conformar entrenamiento y prueba (umbral operativo: 15 meses observados, 4 demandas positivas).",188.65
ITEM_2323,1,1,0.9833,1.0,0.0,60.0,0.0,Intermitente,False,"Meses observados o demandas positivas insuficientes para conformar entrenamiento y prueba (umbral operativo: 15 meses observados, 4 demandas positivas).",188.59
ITEM_2324,1,1,0.9833,1.0,0.0,60.0,0.0,Intermitente,False,"Meses observados o demandas positivas insuficientes para conformar entrenamiento y prueba (umbral operativo: 15 meses observados, 4 demandas positivas).",188.35
ITEM_2325,1,1,0.9833,1.0,0.0,60.0,0.0,Intermitente,False,"Meses observados o demandas positivas insuficientes para conformar entrenamiento y prueba (umbral operativo: 15 meses observados, 4 demandas positivas).",188.35
ITEM_2326,6,6,0.9,1.5,0.3,5.0,0.1333,Intermitente,False,"Meses observados o demandas positivas insuficientes para conformar entrenamiento y prueba (umbral operativo: 15 meses observados, 4 demandas positivas).",618.2
ITEM_2327,2,2,0.9667,2.0,0.0,3.0,0.0,Intermitente,False,"Meses observados o demandas positivas insuficientes para conformar entrenamiento y prueba (umbral operativo: 15 meses observados, 4 demandas positivas).",375.2
ITEM_2329,2,2,0.9667,1.0,0.0,6.0,0.0,Intermitente,False,"Meses observados o demandas positivas insuficientes para conformar entrenamiento y prueba (umbral operativo: 15 meses observados, 4 demandas positivas).",365.65
ITEM_2330,3,3,0.95,3.3333,6.3333,7.5,0.57,Lumpy,False,"Meses observados o demandas positivas insuficientes para conformar entrenamiento y prueba (umbral operativo: 15 meses observados, 4 demandas positivas).",379.11
ITEM_2331,1,1,0.9833,16.0,0.0,60.0,0.0,Intermitente,False,"Meses observados o demandas positivas insuficientes para conformar entrenamiento y prueba (umbral operativo: 15 meses observados, 4 demandas positivas).",373.12
ITEM_2332,1,1,0.9833,1.0,0.0,60.0,0.0,Intermitente,False,"Meses observados o demandas positivas insuficientes para conformar entrenamiento y prueba (umbral operativo: 15 meses observados, 4 demandas positivas).",186.15
ITEM_2333,1,1,0.9833,1.0,0.0,60.0,0.0,Intermitente,False,"Meses observados o demandas positivas insuficientes para conformar entrenamiento y prueba (umbral operativo: 15 meses observados, 4 demandas positivas).",186.09
ITEM_2335,3,3,0.95,6.6667,8.3333,16.5,0.1875,Intermitente,False,"Meses observados o demandas positivas insuficientes para conformar entrenamiento y prueba (umbral operativo: 15 meses observados, 4 demandas positivas).",385.84
ITEM_2336,1,1,0.9833,1.0,0.0,60.0,0.0,Intermitente,False,"Meses observados o demandas positivas insuficientes para conformar entrenamiento y prueba (umbral operativo: 15 meses observados, 4 demandas positivas).",185.6
ITEM_2337,1,1,0.9833,1.0,0.0,60.0,0.0,Intermitente,False,"Meses observados o demandas positivas insuficientes para conformar entrenamiento y prueba (umbral operativo: 15 meses observados, 4 demandas positivas).",185.0
ITEM_2338,1,1,0.9833,160.0,0.0,60.0,0.0,Intermitente,False,"Meses observados o demandas positivas insuficientes para conformar entrenamiento y prueba (umbral operativo: 15 meses observados, 4 demandas positivas).",184.84
ITEM_2339,1,1,0.9833,2.0,0.0,60.0,0.0,Intermitente,False,"Meses observados o demandas positivas insuficientes para conformar entrenamiento y prueba (umbral operativo: 15 meses observados, 4 demandas positivas).",184.81
ITEM_2340,1,1,0.9833,24.0,0.0,60.0,0.0,Intermitente,False,"Meses observados o demandas positivas insuficientes para conformar entrenamiento y prueba (umbral operativo: 15 meses observados, 4 demandas positivas).",184.8
ITEM_2341,1,1,0.9833,10.0,0.0,60.0,0.0,Intermitente,False,"Meses observados o demandas positivas insuficientes para conformar entrenamiento y prueba (umbral operativo: 15 meses observados, 4 demandas positivas).",184.8
ITEM_2342,4,4,0.9333,5.25,20.9167,5.0,0.7589,Lumpy,False,"Meses observados o demandas positivas insuficientes para conformar entrenamiento y prueba (umbral operativo: 15 meses observados, 4 demandas positivas).",843.59
ITEM_2343,1,1,0.9833,1.0,0.0,60.0,0.0,Intermitente,False,"Meses observados o demandas positivas insuficientes para conformar entrenamiento y prueba (umbral operativo: 15 meses observados, 4 demandas positivas).",184.0
ITEM_2344,1,1,0.9833,2.0,0.0,60.0,0.0,Intermitente,False,"Meses observados o demandas positivas insuficientes para conformar entrenamiento y prueba (umbral operativo: 15 meses observados, 4 demandas positivas).",184.0
ITEM_2345,1,1,0.9833,4.0,0.0,60.0,0.0,Intermitente,False,"Meses observados o demandas positivas insuficientes para conformar entrenamiento y prueba (umbral operativo: 15 meses observados, 4 demandas positivas).",183.67
ITEM_2346,1,1,0.9833,1.0,0.0,60.0,0.0,Intermitente,False,"Meses observados o demandas positivas insuficientes para conformar entrenamiento y prueba (umbral operativo: 15 meses observados, 4 demandas positivas).",183.03
ITEM_2347,1,1,0.9833,4.0,0.0,60.0,0.0,Intermitente,False,"Meses observados o demandas positivas insuficientes para conformar entrenamiento y prueba (umbral operativo: 15 meses observados, 4 demandas positivas).",182.96
ITEM_2348,7,7,0.8833,10.8571,35.4762,5.6667,0.301,Intermitente,False,"Meses observados o demandas positivas insuficientes para conformar entrenamiento y prueba (umbral operativo: 15 meses observados, 4 demandas positivas).",790.08
ITEM_2349,1,1,0.9833,16.0,0.0,60.0,0.0,Intermitente,False,"Meses observados o demandas positivas insuficientes para conformar entrenamiento y prueba (umbral operativo: 15 meses observados, 4 demandas positivas).",182.79
ITEM_2350,1,1,0.9833,32.0,0.0,60.0,0.0,Intermitente,False,"Meses observados o demandas positivas insuficientes para conformar entrenamiento y prueba (umbral operativo: 15 meses observados, 4 demandas positivas).",364.8
ITEM_2351,1,1,0.9833,14.0,0.0,60.0,0.0,Intermitente,False,"Meses observados o demandas positivas insuficientes para conformar entrenamiento y prueba (umbral operativo: 15 meses observados, 4 demandas positivas).",182.38
ITEM_2352,1,1,0.9833,10.0,0.0,60.0,0.0,Intermitente,False,"Meses observados o demandas positivas insuficientes para conformar entrenamiento y prueba (umbral operativo: 15 meses observados, 4 demandas positivas).",182.36
ITEM_2353,1,1,0.9833,1.0,0.0,60.0,0.0,Intermitente,False,"Meses observados o demandas positivas insuficientes para conformar entrenamiento y prueba (umbral operativo: 15 meses observados, 4 demandas positivas).",182.07
ITEM_2354,5,5,0.9167,14.4,203.3,8.75,0.9804,Lumpy,False,"Meses observados o demandas positivas insuficientes para conformar entrenamiento y prueba (umbral operativo: 15 meses observados, 4 demandas positivas).",462.68
ITEM_2355,1,1,0.9833,200.0,0.0,60.0,0.0,Intermitente,False,"Meses observados o demandas positivas insuficientes para conformar entrenamiento y prueba (umbral operativo: 15 meses observados, 4 demandas positivas).",182.0
ITEM_2356,1,1,0.9833,2.0,0.0,60.0,0.0,Intermitente,False,"Meses observados o demandas positivas insuficientes para conformar entrenamiento y prueba (umbral operativo: 15 meses observados, 4 demandas positivas).",182.0
ITEM_2358,1,1,0.9833,1.0,0.0,60.0,0.0,Intermitente,False,"Meses observados o demandas positivas insuficientes para conformar entrenamiento y prueba (umbral operativo: 15 meses observados, 4 demandas positivas).",181.84
ITEM_2359,8,8,0.8667,11.625,75.4107,5.4286,0.558,Lumpy,False,"Meses observados o demandas positivas insuficientes para conformar entrenamiento y prueba (umbral operativo: 15 meses observados, 4 demandas positivas).",497.73
ITEM_2360,2,2,0.9667,4.0,8.0,2.0,0.5,Lumpy,False,"Meses observados o demandas positivas insuficientes para conformar entrenamiento y prueba (umbral operativo: 15 meses observados, 4 demandas positivas).",306.54
ITEM_2361,4,4,0.9333,14.25,218.9167,7.0,1.0781,Lumpy,False,"Meses observados o demandas positivas insuficientes para conformar entrenamiento y prueba (umbral operativo: 15 meses observados, 4 demandas positivas).",313.4
ITEM_2362,1,1,0.9833,36.0,0.0,60.0,0.0,Intermitente,False,"Meses observados o demandas positivas insuficientes para conformar entrenamiento y prueba (umbral operativo: 15 meses observados, 4 demandas positivas).",181.44
ITEM_2363,2,2,0.9667,13.0,98.0,26.0,0.5799,Lumpy,False,"Meses observados o demandas positivas insuficientes para conformar entrenamiento y prueba (umbral operativo: 15 meses observados, 4 demandas positivas).",235.85
ITEM_2364,2,2,0.9667,1.5,0.5,39.0,0.2222,Intermitente,False,"Meses observados o demandas positivas insuficientes para conformar entrenamiento y prueba (umbral operativo: 15 meses observados, 4 demandas positivas).",194.13
ITEM_2365,1,1,0.9833,1.0,0.0,60.0,0.0,Intermitente,False,"Meses observados o demandas positivas insuficientes para conformar entrenamiento y prueba (umbral operativo: 15 meses observados, 4 demandas positivas).",180.72
ITEM_2366,1,1,0.9833,8.0,0.0,60.0,0.0,Intermitente,False,"Meses observados o demandas positivas insuficientes para conformar entrenamiento y prueba (umbral operativo: 15 meses observados, 4 demandas positivas).",180.64
ITEM_2367,1,1,0.9833,24.0,0.0,60.0,0.0,Intermitente,False,"Meses observados o demandas positivas insuficientes para conformar entrenamiento y prueba (umbral operativo: 15 meses observados, 4 demandas positivas).",180.48
ITEM_2368,2,2,0.9667,2.0,0.0,3.0,0.0,Intermitente,False,"Meses observados o demandas positivas insuficientes para conformar entrenamiento y prueba (umbral operativo: 15 meses observados, 4 demandas positivas).",360.64
ITEM_2372,1,1,0.9833,60.0,0.0,60.0,0.0,Intermitente,False,"Meses observados o demandas positivas insuficientes para conformar entrenamiento y prueba (umbral operativo: 15 meses observados, 4 demandas positivas).",180.0
ITEM_2373,1,1,0.9833,5.0,0.0,60.0,0.0,Intermitente,False,"Meses observados o demandas positivas insuficientes para conformar entrenamiento y prueba (umbral operativo: 15 meses observados, 4 demandas positivas).",180.0
ITEM_2374,3,3,0.95,74.6667,1825.3333,10.5,0.3274,Intermitente,False,"Meses observados o demandas positivas insuficientes para conformar entrenamiento y prueba (umbral operativo: 15 meses observados, 4 demandas positivas).",411.2
ITEM_2375,1,1,0.9833,6.0,0.0,60.0,0.0,Intermitente,False,"Meses observados o demandas positivas insuficientes para conformar entrenamiento y prueba (umbral operativo: 15 meses observados, 4 demandas positivas).",180.0
ITEM_2376,1,1,0.9833,8.0,0.0,60.0,0.0,Intermitente,False,"Meses observados o demandas positivas insuficientes para conformar entrenamiento y prueba (umbral operativo: 15 meses observados, 4 demandas positivas).",180.0
ITEM_2377,1,1,0.9833,1.0,0.0,60.0,0.0,Intermitente,False,"Meses observados o demandas positivas insuficientes para conformar entrenamiento y prueba (umbral operativo: 15 meses observados, 4 demandas positivas).",180.0
ITEM_2378,1,1,0.9833,12.0,0.0,60.0,0.0,Intermitente,False,"Meses observados o demandas positivas insuficientes para conformar entrenamiento y prueba (umbral operativo: 15 meses observados, 4 demandas positivas).",180.0
ITEM_2379,1,1,0.9833,1.0,0.0,60.0,0.0,Intermitente,False,"Meses observados o demandas positivas insuficientes para conformar entrenamiento y prueba (umbral operativo: 15 meses observados, 4 demandas positivas).",179.58
ITEM_2380,1,1,0.9833,1.0,0.0,60.0,0.0,Intermitente,False,"Meses observados o demandas positivas insuficientes para conformar entrenamiento y prueba (umbral operativo: 15 meses observados, 4 demandas positivas).",179.58
ITEM_2381,1,1,0.9833,40.0,0.0,60.0,0.0,Intermitente,False,"Meses observados o demandas positivas insuficientes para conformar entrenamiento y prueba (umbral operativo: 15 meses observados, 4 demandas positivas).",179.24
ITEM_2382,2,2,0.9667,3.5,0.5,17.0,0.0408,Intermitente,False,"Meses observados o demandas positivas insuficientes para conformar entrenamiento y prueba (umbral operativo: 15 meses observados, 4 demandas positivas).",761.02
ITEM_2383,2,2,0.9667,10.0,0.0,5.0,0.0,Intermitente,False,"Meses observados o demandas positivas insuficientes para conformar entrenamiento y prueba (umbral operativo: 15 meses observados, 4 demandas positivas).",330.54
ITEM_2384,1,1,0.9833,6.0,0.0,60.0,0.0,Intermitente,False,"Meses observados o demandas positivas insuficientes para conformar entrenamiento y prueba (umbral operativo: 15 meses observados, 4 demandas positivas).",178.5
ITEM_2385,4,4,0.9333,21.25,139.5833,7.0,0.3091,Intermitente,False,"Meses observados o demandas positivas insuficientes para conformar entrenamiento y prueba (umbral operativo: 15 meses observados, 4 demandas positivas).",508.5
ITEM_2386,1,1,0.9833,10.0,0.0,60.0,0.0,Intermitente,False,"Meses observados o demandas positivas insuficientes para conformar entrenamiento y prueba (umbral operativo: 15 meses observados, 4 demandas positivas).",178.12
ITEM_2387,1,1,0.9833,6.0,0.0,60.0,0.0,Intermitente,False,"Meses observados o demandas positivas insuficientes para conformar entrenamiento y prueba (umbral operativo: 15 meses observados, 4 demandas positivas).",178.06
ITEM_2391,11,11,0.8167,100.3636,6525.4545,3.7,0.6478,Lumpy,False,"Meses observados o demandas positivas insuficientes para conformar entrenamiento y prueba (umbral operativo: 15 meses observados, 4 demandas positivas).",731.12
ITEM_2392,5,5,0.9167,10.8,33.2,8.25,0.2846,Intermitente,False,"Meses observados o demandas positivas insuficientes para conformar entrenamiento y prueba (umbral operativo: 15 meses observados, 4 demandas positivas).",460.88
ITEM_2393,1,1,0.9833,1.0,0.0,60.0,0.0,Intermitente,False,"Meses observados o demandas positivas insuficientes para conformar entrenamiento y prueba (umbral operativo: 15 meses observados, 4 demandas positivas).",177.45
ITEM_2394,1,1,0.9833,2.0,0.0,60.0,0.0,Intermitente,False,"Meses observados o demandas positivas insuficientes para conformar entrenamiento y prueba (umbral operativo: 15 meses observados, 4 demandas positivas).",177.08
ITEM_2395,1,1,0.9833,12.0,0.0,60.0,0.0,Intermitente,False,"Meses observados o demandas positivas insuficientes para conformar entrenamiento y prueba (umbral operativo: 15 meses observados, 4 demandas positivas).",177.0
ITEM_2396,1,1,0.9833,9.0,0.0,60.0,0.0,Intermitente,False,"Meses observados o demandas positivas insuficientes para conformar entrenamiento y prueba (umbral operativo: 15 meses observados, 4 demandas positivas).",176.76
ITEM_2397,6,6,0.9,74.0,696.0,5.4,0.1271,Intermitente,False,"Meses observados o demandas positivas insuficientes para conformar entrenamiento y prueba (umbral operativo: 15 meses observados, 4 demandas positivas).",801.37
ITEM_2398,1,1,0.9833,4.0,0.0,60.0,0.0,Intermitente,False,"Meses observados o demandas positivas insuficientes para conformar entrenamiento y prueba (umbral operativo: 15 meses observados, 4 demandas positivas).",176.4
ITEM_2400,1,1,0.9833,50.0,0.0,60.0,0.0,Intermitente,False,"Meses observados o demandas positivas insuficientes para conformar entrenamiento y prueba (umbral operativo: 15 meses observados, 4 demandas positivas).",175.0
ITEM_2401,1,1,0.9833,10.0,0.0,60.0,0.0,Intermitente,False,"Meses observados o demandas positivas insuficientes para conformar entrenamiento y prueba (umbral operativo: 15 meses observados, 4 demandas positivas).",174.74
ITEM_2402,1,1,0.9833,12.0,0.0,60.0,0.0,Intermitente,False,"Meses observados o demandas positivas insuficientes para conformar entrenamiento y prueba (umbral operativo: 15 meses observados, 4 demandas positivas).",174.6
ITEM_2403,4,4,0.9333,25.5,249.0,9.0,0.3829,Intermitente,False,"Meses observados o demandas positivas insuficientes para conformar entrenamiento y prueba (umbral operativo: 15 meses observados, 4 demandas positivas).",355.31
ITEM_2404,1,1,0.9833,1.0,0.0,60.0,0.0,Intermitente,False,"Meses observados o demandas positivas insuficientes para conformar entrenamiento y prueba (umbral operativo: 15 meses observados, 4 demandas positivas).",174.16
ITEM_2405,3,3,0.95,1.0,0.0,3.0,0.0,Intermitente,False,"Meses observados o demandas positivas insuficientes para conformar entrenamiento y prueba (umbral operativo: 15 meses observados, 4 demandas positivas).",414.83
ITEM_2406,1,1,0.9833,10.0,0.0,60.0,0.0,Intermitente,False,"Meses observados o demandas positivas insuficientes para conformar entrenamiento y prueba (umbral operativo: 15 meses observados, 4 demandas positivas).",174.03
ITEM_2407,3,3,0.95,1.0,0.0,4.0,0.0,Intermitente,False,"Meses observados o demandas positivas insuficientes para conformar entrenamiento y prueba (umbral operativo: 15 meses observados, 4 demandas positivas).",517.44
ITEM_2408,1,1,0.9833,2.0,0.0,60.0,0.0,Intermitente,False,"Meses observados o demandas positivas insuficientes para conformar entrenamiento y prueba (umbral operativo: 15 meses observados, 4 demandas positivas).",173.88
ITEM_2409,1,1,0.9833,2.0,0.0,60.0,0.0,Intermitente,False,"Meses observados o demandas positivas insuficientes para conformar entrenamiento y prueba (umbral operativo: 15 meses observados, 4 demandas positivas).",173.64
ITEM_2410,1,1,0.9833,27.0,0.0,60.0,0.0,Intermitente,False,"Meses observados o demandas positivas insuficientes para conformar entrenamiento y prueba (umbral operativo: 15 meses observados, 4 demandas positivas).",223.22
ITEM_2411,7,7,0.8833,8.0,11.6667,4.6667,0.1823,Intermitente,False,"Meses observados o demandas positivas insuficientes para conformar entrenamiento y prueba (umbral operativo: 15 meses observados, 4 demandas positivas).",782.33
ITEM_2412,1,1,0.9833,6.0,0.0,60.0,0.0,Intermitente,False,"Meses observados o demandas positivas insuficientes para conformar entrenamiento y prueba (umbral operativo: 15 meses observados, 4 demandas positivas).",173.4
ITEM_2413,1,1,0.9833,1.0,0.0,60.0,0.0,Intermitente,False,"Meses observados o demandas positivas insuficientes para conformar entrenamiento y prueba (umbral operativo: 15 meses observados, 4 demandas positivas).",173.02
ITEM_2414,1,1,0.9833,3.0,0.0,60.0,0.0,Intermitente,False,"Meses observados o demandas positivas insuficientes para conformar entrenamiento y prueba (umbral operativo: 15 meses observados, 4 demandas positivas).",173.0
ITEM_2415,1,1,0.9833,16.0,0.0,60.0,0.0,Intermitente,False,"Meses observados o demandas positivas insuficientes para conformar entrenamiento y prueba (umbral operativo: 15 meses observados, 4 demandas positivas).",172.96
ITEM_2416,3,3,0.95,34.0,732.0,4.5,0.6332,Lumpy,False,"Meses observados o demandas positivas insuficientes para conformar entrenamiento y prueba (umbral operativo: 15 meses observados, 4 demandas positivas).",305.6
ITEM_2417,2,2,0.9667,86.0,1352.0,2.0,0.1828,Intermitente,False,"Meses observados o demandas positivas insuficientes para conformar entrenamiento y prueba (umbral operativo: 15 meses observados, 4 demandas positivas).",264.45
ITEM_2418,1,1,0.9833,4.0,0.0,60.0,0.0,Intermitente,False,"Meses observados o demandas positivas insuficientes para conformar entrenamiento y prueba (umbral operativo: 15 meses observados, 4 demandas positivas).",172.0
ITEM_2419,1,1,0.9833,6.0,0.0,60.0,0.0,Intermitente,False,"Meses observados o demandas positivas insuficientes para conformar entrenamiento y prueba (umbral operativo: 15 meses observados, 4 demandas positivas).",335.5
ITEM_2420,3,3,0.95,3.3333,5.3333,24.5,0.48,Intermitente,False,"Meses observados o demandas positivas insuficientes para conformar entrenamiento y prueba (umbral operativo: 15 meses observados, 4 demandas positivas).",228.7
ITEM_2421,1,1,0.9833,12.0,0.0,60.0,0.0,Intermitente,False,"Meses observados o demandas positivas insuficientes para conformar entrenamiento y prueba (umbral operativo: 15 meses observados, 4 demandas positivas).",171.6
ITEM_2422,3,3,0.95,3.3333,2.3333,9.0,0.21,Intermitente,False,"Meses observados o demandas positivas insuficientes para conformar entrenamiento y prueba (umbral operativo: 15 meses observados, 4 demandas positivas).",321.59
ITEM_2423,1,1,0.9833,10.0,0.0,60.0,0.0,Intermitente,False,"Meses observados o demandas positivas insuficientes para conformar entrenamiento y prueba (umbral operativo: 15 meses observados, 4 demandas positivas).",171.28
ITEM_2424,1,1,0.9833,10.0,0.0,60.0,0.0,Intermitente,False,"Meses observados o demandas positivas insuficientes para conformar entrenamiento y prueba (umbral operativo: 15 meses observados, 4 demandas positivas).",171.0
ITEM_2425,1,1,0.9833,22.0,0.0,60.0,0.0,Intermitente,False,"Meses observados o demandas positivas insuficientes para conformar entrenamiento y prueba (umbral operativo: 15 meses observados, 4 demandas positivas).",170.4
ITEM_2426,1,1,0.9833,20.0,0.0,60.0,0.0,Intermitente,False,"Meses observados o demandas positivas insuficientes para conformar entrenamiento y prueba (umbral operativo: 15 meses observados, 4 demandas positivas).",170.2
ITEM_2427,1,1,0.9833,115.0,0.0,60.0,0.0,Intermitente,False,"Meses observados o demandas positivas insuficientes para conformar entrenamiento y prueba (umbral operativo: 15 meses observados, 4 demandas positivas).",324.17
ITEM_2429,1,1,0.9833,10.0,0.0,60.0,0.0,Intermitente,False,"Meses observados o demandas positivas insuficientes para conformar entrenamiento y prueba (umbral operativo: 15 meses observados, 4 demandas positivas).",170.0
ITEM_2430,1,1,0.9833,50.0,0.0,60.0,0.0,Intermitente,False,"Meses observados o demandas positivas insuficientes para conformar entrenamiento y prueba (umbral operativo: 15 meses observados, 4 demandas positivas).",170.0
ITEM_2431,1,1,0.9833,5.0,0.0,60.0,0.0,Intermitente,False,"Meses observados o demandas positivas insuficientes para conformar entrenamiento y prueba (umbral operativo: 15 meses observados, 4 demandas positivas).",170.0
ITEM_2432,1,1,0.9833,1.0,0.0,60.0,0.0,Intermitente,False,"Meses observados o demandas positivas insuficientes para conformar entrenamiento y prueba (umbral operativo: 15 meses observados, 4 demandas positivas).",170.0
ITEM_2433,2,2,0.9667,7.5,12.5,3.0,0.2222,Intermitente,False,"Meses observados o demandas positivas insuficientes para conformar entrenamiento y prueba (umbral operativo: 15 meses observados, 4 demandas positivas).",229.66
ITEM_2434,1,1,0.9833,1.0,0.0,60.0,0.0,Intermitente,False,"Meses observados o demandas positivas insuficientes para conformar entrenamiento y prueba (umbral operativo: 15 meses observados, 4 demandas positivas).",169.5
ITEM_2436,1,1,0.9833,8.0,0.0,60.0,0.0,Intermitente,False,"Meses observados o demandas positivas insuficientes para conformar entrenamiento y prueba (umbral operativo: 15 meses observados, 4 demandas positivas).",169.41
ITEM_2437,1,1,0.9833,400.0,0.0,60.0,0.0,Intermitente,False,"Meses observados o demandas positivas insuficientes para conformar entrenamiento y prueba (umbral operativo: 15 meses observados, 4 demandas positivas).",169.36
ITEM_2438,1,1,0.9833,4.0,0.0,60.0,0.0,Intermitente,False,"Meses observados o demandas positivas insuficientes para conformar entrenamiento y prueba (umbral operativo: 15 meses observados, 4 demandas positivas).",168.96
ITEM_2439,1,1,0.9833,100.0,0.0,60.0,0.0,Intermitente,False,"Meses observados o demandas positivas insuficientes para conformar entrenamiento y prueba (umbral operativo: 15 meses observados, 4 demandas positivas).",168.77
ITEM_2440,2,2,0.9667,2.5,0.5,14.0,0.08,Intermitente,False,"Meses observados o demandas positivas insuficientes para conformar entrenamiento y prueba (umbral operativo: 15 meses observados, 4 demandas positivas).",273.75
ITEM_2441,1,1,0.9833,7.0,0.0,60.0,0.0,Intermitente,False,"Meses observados o demandas positivas insuficientes para conformar entrenamiento y prueba (umbral operativo: 15 meses observados, 4 demandas positivas).",168.31
ITEM_2442,5,5,0.9167,24.0,438.0,7.25,0.7604,Lumpy,False,"Meses observados o demandas positivas insuficientes para conformar entrenamiento y prueba (umbral operativo: 15 meses observados, 4 demandas positivas).",324.36
ITEM_2443,8,8,0.8667,10.625,244.2679,5.1429,2.1638,Lumpy,False,"Meses observados o demandas positivas insuficientes para conformar entrenamiento y prueba (umbral operativo: 15 meses observados, 4 demandas positivas).",268.29
ITEM_2444,1,1,0.9833,24.0,0.0,60.0,0.0,Intermitente,False,"Meses observados o demandas positivas insuficientes para conformar entrenamiento y prueba (umbral operativo: 15 meses observados, 4 demandas positivas).",168.0
ITEM_2445,1,1,0.9833,1.0,0.0,60.0,0.0,Intermitente,False,"Meses observados o demandas positivas insuficientes para conformar entrenamiento y prueba (umbral operativo: 15 meses observados, 4 demandas positivas).",168.0
ITEM_2448,2,2,0.9667,5.5,24.5,28.0,0.8099,Lumpy,False,"Meses observados o demandas positivas insuficientes para conformar entrenamiento y prueba (umbral operativo: 15 meses observados, 4 demandas positivas).",280.9
ITEM_2449,1,1,0.9833,4.0,0.0,60.0,0.0,Intermitente,False,"Meses observados o demandas positivas insuficientes para conformar entrenamiento y prueba (umbral operativo: 15 meses observados, 4 demandas positivas).",168.0
ITEM_2450,1,1,0.9833,20.0,0.0,60.0,0.0,Intermitente,False,"Meses observados o demandas positivas insuficientes para conformar entrenamiento y prueba (umbral operativo: 15 meses observados, 4 demandas positivas).",168.0
ITEM_2451,1,1,0.9833,12.0,0.0,60.0,0.0,Intermitente,False,"Meses observados o demandas positivas insuficientes para conformar entrenamiento y prueba (umbral operativo: 15 meses observados, 4 demandas positivas).",167.91
ITEM_2452,1,1,0.9833,1.0,0.0,60.0,0.0,Intermitente,False,"Meses observados o demandas positivas insuficientes para conformar entrenamiento y prueba (umbral operativo: 15 meses observados, 4 demandas positivas).",167.74
ITEM_2454,1,1,0.9833,1.0,0.0,60.0,0.0,Intermitente,False,"Meses observados o demandas positivas insuficientes para conformar entrenamiento y prueba (umbral operativo: 15 meses observados, 4 demandas positivas).",166.73
ITEM_2456,1,1,0.9833,1.0,0.0,60.0,0.0,Intermitente,False,"Meses observados o demandas positivas insuficientes para conformar entrenamiento y prueba (umbral operativo: 15 meses observados, 4 demandas positivas).",166.0
ITEM_2457,1,1,0.9833,6.0,0.0,60.0,0.0,Intermitente,False,"Meses observados o demandas positivas insuficientes para conformar entrenamiento y prueba (umbral operativo: 15 meses observados, 4 demandas positivas).",165.9
ITEM_2458,1,1,0.9833,6.0,0.0,60.0,0.0,Intermitente,False,"Meses observados o demandas positivas insuficientes para conformar entrenamiento y prueba (umbral operativo: 15 meses observados, 4 demandas positivas).",165.76
ITEM_2459,1,1,0.9833,1.0,0.0,60.0,0.0,Intermitente,False,"Meses observados o demandas positivas insuficientes para conformar entrenamiento y prueba (umbral operativo: 15 meses observados, 4 demandas positivas).",165.74
ITEM_2460,1,1,0.9833,24.0,0.0,60.0,0.0,Intermitente,False,"Meses observados o demandas positivas insuficientes para conformar entrenamiento y prueba (umbral operativo: 15 meses observados, 4 demandas positivas).",165.6
ITEM_2462,2,2,0.9667,100.0,0.0,2.0,0.0,Intermitente,False,"Meses observados o demandas positivas insuficientes para conformar entrenamiento y prueba (umbral operativo: 15 meses observados, 4 demandas positivas).",264.0
ITEM_2463,1,1,0.9833,1.0,0.0,60.0,0.0,Intermitente,False,"Meses observados o demandas positivas insuficientes para conformar entrenamiento y prueba (umbral operativo: 15 meses observados, 4 demandas positivas).",165.0
ITEM_2464,1,1,0.9833,15.0,0.0,60.0,0.0,Intermitente,False,"Meses observados o demandas positivas insuficientes para conformar entrenamiento y prueba (umbral operativo: 15 meses observados, 4 demandas positivas).",165.0
ITEM_2465,1,1,0.9833,4.0,0.0,60.0,0.0,Intermitente,False,"Meses observados o demandas positivas insuficientes para conformar entrenamiento y prueba (umbral operativo: 15 meses observados, 4 demandas positivas).",164.72
ITEM_2466,1,1,0.9833,7.0,0.0,60.0,0.0,Intermitente,False,"Meses observados o demandas positivas insuficientes para conformar entrenamiento y prueba (umbral operativo: 15 meses observados, 4 demandas positivas).",164.71
ITEM_2468,1,1,0.9833,40.0,0.0,60.0,0.0,Intermitente,False,"Meses observados o demandas positivas insuficientes para conformar entrenamiento y prueba (umbral operativo: 15 meses observados, 4 demandas positivas).",164.17
ITEM_2469,2,2,0.9667,9.0,18.0,3.0,0.2222,Intermitente,False,"Meses observados o demandas positivas insuficientes para conformar entrenamiento y prueba (umbral operativo: 15 meses observados, 4 demandas positivas).",290.88
ITEM_2470,2,2,0.9667,4.0,8.0,35.0,0.5,Lumpy,False,"Meses observados o demandas positivas insuficientes para conformar entrenamiento y prueba (umbral operativo: 15 meses observados, 4 demandas positivas).",190.9
ITEM_2471,1,1,0.9833,22.0,0.0,60.0,0.0,Intermitente,False,"Meses observados o demandas positivas insuficientes para conformar entrenamiento y prueba (umbral operativo: 15 meses observados, 4 demandas positivas).",162.68
ITEM_2472,2,2,0.9667,80.0,800.0,2.0,0.125,Intermitente,False,"Meses observados o demandas positivas insuficientes para conformar entrenamiento y prueba (umbral operativo: 15 meses observados, 4 demandas positivas).",432.0
ITEM_2473,1,1,0.9833,3.0,0.0,60.0,0.0,Intermitente,False,"Meses observados o demandas positivas insuficientes para conformar entrenamiento y prueba (umbral operativo: 15 meses observados, 4 demandas positivas).",161.55
ITEM_2474,1,1,0.9833,6.0,0.0,60.0,0.0,Intermitente,False,"Meses observados o demandas positivas insuficientes para conformar entrenamiento y prueba (umbral operativo: 15 meses observados, 4 demandas positivas).",161.53
ITEM_2475,1,1,0.9833,3.0,0.0,60.0,0.0,Intermitente,False,"Meses observados o demandas positivas insuficientes para conformar entrenamiento y prueba (umbral operativo: 15 meses observados, 4 demandas positivas).",161.37
ITEM_2476,3,3,0.95,43.3333,33.3333,14.0,0.0178,Intermitente,False,"Meses observados o demandas positivas insuficientes para conformar entrenamiento y prueba (umbral operativo: 15 meses observados, 4 demandas positivas).",453.0
ITEM_2477,1,1,0.9833,1.0,0.0,60.0,0.0,Intermitente,False,"Meses observados o demandas positivas insuficientes para conformar entrenamiento y prueba (umbral operativo: 15 meses observados, 4 demandas positivas).",161.0
ITEM_2478,1,1,0.9833,5.0,0.0,60.0,0.0,Intermitente,False,"Meses observados o demandas positivas insuficientes para conformar entrenamiento y prueba (umbral operativo: 15 meses observados, 4 demandas positivas).",160.43
ITEM_2480,1,1,0.9833,6.0,0.0,60.0,0.0,Intermitente,False,"Meses observados o demandas positivas insuficientes para conformar entrenamiento y prueba (umbral operativo: 15 meses observados, 4 demandas positivas).",160.26
ITEM_2482,2,2,0.9667,96.0,0.0,3.0,0.0,Intermitente,False,"Meses observados o demandas positivas insuficientes para conformar entrenamiento y prueba (umbral operativo: 15 meses observados, 4 demandas positivas).",320.16
ITEM_2483,1,1,0.9833,4.0,0.0,60.0,0.0,Intermitente,False,"Meses observados o demandas positivas insuficientes para conformar entrenamiento y prueba (umbral operativo: 15 meses observados, 4 demandas positivas).",230.0
ITEM_2484,2,2,0.9667,3.5,4.5,3.0,0.3673,Intermitente,False,"Meses observados o demandas positivas insuficientes para conformar entrenamiento y prueba (umbral operativo: 15 meses observados, 4 demandas positivas).",216.0
ITEM_2485,1,1,0.9833,20.0,0.0,60.0,0.0,Intermitente,False,"Meses observados o demandas positivas insuficientes para conformar entrenamiento y prueba (umbral operativo: 15 meses observados, 4 demandas positivas).",160.0
ITEM_2486,3,3,0.95,14.0,28.0,5.0,0.1429,Intermitente,False,"Meses observados o demandas positivas insuficientes para conformar entrenamiento y prueba (umbral operativo: 15 meses observados, 4 demandas positivas).",372.74
ITEM_2487,1,1,0.9833,10.0,0.0,60.0,0.0,Intermitente,False,"Meses observados o demandas positivas insuficientes para conformar entrenamiento y prueba (umbral operativo: 15 meses observados, 4 demandas positivas).",160.0
ITEM_2488,1,1,0.9833,20.0,0.0,60.0,0.0,Intermitente,False,"Meses observados o demandas positivas insuficientes para conformar entrenamiento y prueba (umbral operativo: 15 meses observados, 4 demandas positivas).",160.0
ITEM_2489,1,1,0.9833,2.0,0.0,60.0,0.0,Intermitente,False,"Meses observados o demandas positivas insuficientes para conformar entrenamiento y prueba (umbral operativo: 15 meses observados, 4 demandas positivas).",159.97
ITEM_2490,1,1,0.9833,1.0,0.0,60.0,0.0,Intermitente,False,"Meses observados o demandas positivas insuficientes para conformar entrenamiento y prueba (umbral operativo: 15 meses observados, 4 demandas positivas).",159.94
ITEM_2491,2,2,0.9667,45.0,2450.0,2.0,1.2099,Lumpy,False,"Meses observados o demandas positivas insuficientes para conformar entrenamiento y prueba (umbral operativo: 15 meses observados, 4 demandas positivas).",285.31
ITEM_2492,1,1,0.9833,15.0,0.0,60.0,0.0,Intermitente,False,"Meses observados o demandas positivas insuficientes para conformar entrenamiento y prueba (umbral operativo: 15 meses observados, 4 demandas positivas).",159.75
ITEM_2493,3,3,0.95,1.0,0.0,4.5,0.0,Intermitente,False,"Meses observados o demandas positivas insuficientes para conformar entrenamiento y prueba (umbral operativo: 15 meses observados, 4 demandas positivas).",211.5
ITEM_2494,3,3,0.95,10.0,76.0,14.0,0.76,Lumpy,False,"Meses observados o demandas positivas insuficientes para conformar entrenamiento y prueba (umbral operativo: 15 meses observados, 4 demandas positivas).",373.77
ITEM_2495,6,6,0.9,4.6667,1.4667,7.2,0.0673,Intermitente,False,"Meses observados o demandas positivas insuficientes para conformar entrenamiento y prueba (umbral operativo: 15 meses observados, 4 demandas positivas).",641.14
ITEM_2496,1,1,0.9833,30.0,0.0,60.0,0.0,Intermitente,False,"Meses observados o demandas positivas insuficientes para conformar entrenamiento y prueba (umbral operativo: 15 meses observados, 4 demandas positivas).",158.67
ITEM_2497,1,1,0.9833,48.0,0.0,60.0,0.0,Intermitente,False,"Meses observados o demandas positivas insuficientes para conformar entrenamiento y prueba (umbral operativo: 15 meses observados, 4 demandas positivas).",158.26
ITEM_2498,3,3,0.95,3.3333,5.3333,9.5,0.48,Intermitente,False,"Meses observados o demandas positivas insuficientes para conformar entrenamiento y prueba (umbral operativo: 15 meses observados, 4 demandas positivas).",377.08
ITEM_2500,1,1,0.9833,10.0,0.0,60.0,0.0,Intermitente,False,"Meses observados o demandas positivas insuficientes para conformar entrenamiento y prueba (umbral operativo: 15 meses observados, 4 demandas positivas).",158.0
ITEM_2501,1,1,0.9833,2.0,0.0,60.0,0.0,Intermitente,False,"Meses observados o demandas positivas insuficientes para conformar entrenamiento y prueba (umbral operativo: 15 meses observados, 4 demandas positivas).",157.64
ITEM_2502,1,1,0.9833,24.0,0.0,60.0,0.0,Intermitente,False,"Meses observados o demandas positivas insuficientes para conformar entrenamiento y prueba (umbral operativo: 15 meses observados, 4 demandas positivas).",157.55
ITEM_2503,3,3,0.95,24.3333,234.3333,12.0,0.3958,Intermitente,False,"Meses observados o demandas positivas insuficientes para conformar entrenamiento y prueba (umbral operativo: 15 meses observados, 4 demandas positivas).",400.08
ITEM_2504,1,1,0.9833,10.0,0.0,60.0,0.0,Intermitente,False,"Meses observados o demandas positivas insuficientes para conformar entrenamiento y prueba (umbral operativo: 15 meses observados, 4 demandas positivas).",157.01
ITEM_2505,1,1,0.9833,2.0,0.0,60.0,0.0,Intermitente,False,"Meses observados o demandas positivas insuficientes para conformar entrenamiento y prueba (umbral operativo: 15 meses observados, 4 demandas positivas).",156.92
ITEM_2506,1,1,0.9833,2.0,0.0,60.0,0.0,Intermitente,False,"Meses observados o demandas positivas insuficientes para conformar entrenamiento y prueba (umbral operativo: 15 meses observados, 4 demandas positivas).",156.9
ITEM_2508,1,1,0.9833,2.0,0.0,60.0,0.0,Intermitente,False,"Meses observados o demandas positivas insuficientes para conformar entrenamiento y prueba (umbral operativo: 15 meses observados, 4 demandas positivas).",156.8
ITEM_2509,1,1,0.9833,1.0,0.0,60.0,0.0,Intermitente,False,"Meses observados o demandas positivas insuficientes para conformar entrenamiento y prueba (umbral operativo: 15 meses observados, 4 demandas positivas).",156.73
ITEM_2510,1,1,0.9833,2.0,0.0,60.0,0.0,Intermitente,False,"Meses observados o demandas positivas insuficientes para conformar entrenamiento y prueba (umbral operativo: 15 meses observados, 4 demandas positivas).",156.0
ITEM_2511,8,8,0.8667,27.0,1186.2857,5.8571,1.6273,Lumpy,False,"Meses observados o demandas positivas insuficientes para conformar entrenamiento y prueba (umbral operativo: 15 meses observados, 4 demandas positivas).",555.11
ITEM_2512,2,2,0.9667,4.5,4.5,5.0,0.2222,Intermitente,False,"Meses observados o demandas positivas insuficientes para conformar entrenamiento y prueba (umbral operativo: 15 meses observados, 4 demandas positivas).",239.46
ITEM_2513,2,2,0.9667,2.0,0.0,3.0,0.0,Intermitente,False,"Meses observados o demandas positivas insuficientes para conformar entrenamiento y prueba (umbral operativo: 15 meses observados, 4 demandas positivas).",310.8
ITEM_2514,1,1,0.9833,7.0,0.0,60.0,0.0,Intermitente,False,"Meses observados o demandas positivas insuficientes para conformar entrenamiento y prueba (umbral operativo: 15 meses observados, 4 demandas positivas).",155.19
ITEM_2515,1,1,0.9833,2.0,0.0,60.0,0.0,Intermitente,False,"Meses observados o demandas positivas insuficientes para conformar entrenamiento y prueba (umbral operativo: 15 meses observados, 4 demandas positivas).",155.12
ITEM_2516,5,5,0.9167,64.4,6066.8,9.0,1.4628,Lumpy,False,"Meses observados o demandas positivas insuficientes para conformar entrenamiento y prueba (umbral operativo: 15 meses observados, 4 demandas positivas).",343.91
ITEM_2517,2,2,0.9667,1.0,0.0,53.0,0.0,Intermitente,False,"Meses observados o demandas positivas insuficientes para conformar entrenamiento y prueba (umbral operativo: 15 meses observados, 4 demandas positivas).",300.6
ITEM_2518,2,2,0.9667,75.0,1250.0,22.0,0.2222,Intermitente,False,"Meses observados o demandas positivas insuficientes para conformar entrenamiento y prueba (umbral operativo: 15 meses observados, 4 demandas positivas).",191.0
ITEM_2519,11,11,0.8167,11.0,47.6,4.2,0.3934,Intermitente,False,"Meses observados o demandas positivas insuficientes para conformar entrenamiento y prueba (umbral operativo: 15 meses observados, 4 demandas positivas).",718.82
ITEM_2520,1,1,0.9833,1.0,0.0,60.0,0.0,Intermitente,False,"Meses observados o demandas positivas insuficientes para conformar entrenamiento y prueba (umbral operativo: 15 meses observados, 4 demandas positivas).",154.44
ITEM_2521,12,12,0.8,1.8333,1.0606,3.9091,0.3156,Intermitente,False,"Meses observados o demandas positivas insuficientes para conformar entrenamiento y prueba (umbral operativo: 15 meses observados, 4 demandas positivas).",262.66
ITEM_2522,1,1,0.9833,10.0,0.0,60.0,0.0,Intermitente,False,"Meses observados o demandas positivas insuficientes para conformar entrenamiento y prueba (umbral operativo: 15 meses observados, 4 demandas positivas).",154.0
ITEM_2523,1,1,0.9833,1.0,0.0,60.0,0.0,Intermitente,False,"Meses observados o demandas positivas insuficientes para conformar entrenamiento y prueba (umbral operativo: 15 meses observados, 4 demandas positivas).",154.0
ITEM_2524,1,1,0.9833,240.0,0.0,60.0,0.0,Intermitente,False,"Meses observados o demandas positivas insuficientes para conformar entrenamiento y prueba (umbral operativo: 15 meses observados, 4 demandas positivas).",153.6
ITEM_2525,2,2,0.9667,6.0,0.0,20.0,0.0,Intermitente,False,"Meses observados o demandas positivas insuficientes para conformar entrenamiento y prueba (umbral operativo: 15 meses observados, 4 demandas positivas).",306.0
ITEM_2527,2,2,0.9667,12.0,0.0,29.0,0.0,Intermitente,False,"Meses observados o demandas positivas insuficientes para conformar entrenamiento y prueba (umbral operativo: 15 meses observados, 4 demandas positivas).",212.52
ITEM_2529,35,35,0.4167,49.8857,620.1042,2.0,0.2492,Intermitente,True,,2674.98
ITEM_2530,2,2,0.9667,20.0,0.0,11.0,0.0,Intermitente,False,"Meses observados o demandas positivas insuficientes para conformar entrenamiento y prueba (umbral operativo: 15 meses observados, 4 demandas positivas).",248.0
ITEM_2531,2,2,0.9667,2.5,4.5,8.0,0.72,Lumpy,False,"Meses observados o demandas positivas insuficientes para conformar entrenamiento y prueba (umbral operativo: 15 meses observados, 4 demandas positivas).",178.36
ITEM_2532,1,1,0.9833,2.0,0.0,60.0,0.0,Intermitente,False,"Meses observados o demandas positivas insuficientes para conformar entrenamiento y prueba (umbral operativo: 15 meses observados, 4 demandas positivas).",152.0
ITEM_2533,2,2,0.9667,4.0,8.0,2.0,0.5,Lumpy,False,"Meses observados o demandas positivas insuficientes para conformar entrenamiento y prueba (umbral operativo: 15 meses observados, 4 demandas positivas).",202.24
ITEM_2534,6,6,0.9,12.3333,37.4667,7.2,0.2463,Intermitente,False,"Meses observados o demandas positivas insuficientes para conformar entrenamiento y prueba (umbral operativo: 15 meses observados, 4 demandas positivas).",484.89
ITEM_2535,1,1,0.9833,12.0,0.0,60.0,0.0,Intermitente,False,"Meses observados o demandas positivas insuficientes para conformar entrenamiento y prueba (umbral operativo: 15 meses observados, 4 demandas positivas).",151.2
ITEM_2536,4,4,0.9333,42.0,1788.6667,5.6667,1.014,Lumpy,False,"Meses observados o demandas positivas insuficientes para conformar entrenamiento y prueba (umbral operativo: 15 meses observados, 4 demandas positivas).",317.52
ITEM_2537,3,3,0.95,2.0,0.0,7.0,0.0,Intermitente,False,"Meses observados o demandas positivas insuficientes para conformar entrenamiento y prueba (umbral operativo: 15 meses observados, 4 demandas positivas).",325.57
ITEM_2538,3,3,0.95,2.3333,5.3333,12.5,0.9796,Lumpy,False,"Meses observados o demandas positivas insuficientes para conformar entrenamiento y prueba (umbral operativo: 15 meses observados, 4 demandas positivas).",157.54
ITEM_2539,1,1,0.9833,12.0,0.0,60.0,0.0,Intermitente,False,"Meses observados o demandas positivas insuficientes para conformar entrenamiento y prueba (umbral operativo: 15 meses observados, 4 demandas positivas).",150.34
ITEM_2540,2,2,0.9667,11.0,50.0,3.0,0.4132,Intermitente,False,"Meses observados o demandas positivas insuficientes para conformar entrenamiento y prueba (umbral operativo: 15 meses observados, 4 demandas positivas).",213.81
ITEM_2541,1,1,0.9833,25.0,0.0,60.0,0.0,Intermitente,False,"Meses observados o demandas positivas insuficientes para conformar entrenamiento y prueba (umbral operativo: 15 meses observados, 4 demandas positivas).",150.0
ITEM_2542,1,1,0.9833,1.0,0.0,60.0,0.0,Intermitente,False,"Meses observados o demandas positivas insuficientes para conformar entrenamiento y prueba (umbral operativo: 15 meses observados, 4 demandas positivas).",150.0
ITEM_2543,1,1,0.9833,1.0,0.0,60.0,0.0,Intermitente,False,"Meses observados o demandas positivas insuficientes para conformar entrenamiento y prueba (umbral operativo: 15 meses observados, 4 demandas positivas).",150.0
ITEM_2544,1,1,0.9833,12.0,0.0,60.0,0.0,Intermitente,False,"Meses observados o demandas positivas insuficientes para conformar entrenamiento y prueba (umbral operativo: 15 meses observados, 4 demandas positivas).",150.0
ITEM_2545,1,1,0.9833,12.0,0.0,60.0,0.0,Intermitente,False,"Meses observados o demandas positivas insuficientes para conformar entrenamiento y prueba (umbral operativo: 15 meses observados, 4 demandas positivas).",150.0
ITEM_2546,1,1,0.9833,2.0,0.0,60.0,0.0,Intermitente,False,"Meses observados o demandas positivas insuficientes para conformar entrenamiento y prueba (umbral operativo: 15 meses observados, 4 demandas positivas).",150.0
ITEM_2547,9,9,0.85,16.0,64.0,5.25,0.25,Intermitente,False,"Meses observados o demandas positivas insuficientes para conformar entrenamiento y prueba (umbral operativo: 15 meses observados, 4 demandas positivas).",846.71
ITEM_2548,1,1,0.9833,1.0,0.0,60.0,0.0,Intermitente,False,"Meses observados o demandas positivas insuficientes para conformar entrenamiento y prueba (umbral operativo: 15 meses observados, 4 demandas positivas).",150.0
ITEM_2549,5,5,0.9167,50.0,2100.0,9.0,0.84,Lumpy,False,"Meses observados o demandas positivas insuficientes para conformar entrenamiento y prueba (umbral operativo: 15 meses observados, 4 demandas positivas).",327.9
ITEM_2550,1,1,0.9833,6.0,0.0,60.0,0.0,Intermitente,False,"Meses observados o demandas positivas insuficientes para conformar entrenamiento y prueba (umbral operativo: 15 meses observados, 4 demandas positivas).",150.0
ITEM_2551,1,1,0.9833,20.0,0.0,60.0,0.0,Intermitente,False,"Meses observados o demandas positivas insuficientes para conformar entrenamiento y prueba (umbral operativo: 15 meses observados, 4 demandas positivas).",149.85
ITEM_2552,3,3,0.95,4.3333,6.3333,4.5,0.3373,Intermitente,False,"Meses observados o demandas positivas insuficientes para conformar entrenamiento y prueba (umbral operativo: 15 meses observados, 4 demandas positivas).",226.9
ITEM_2553,1,1,0.9833,1.0,0.0,60.0,0.0,Intermitente,False,"Meses observados o demandas positivas insuficientes para conformar entrenamiento y prueba (umbral operativo: 15 meses observados, 4 demandas positivas).",149.2
ITEM_2554,1,1,0.9833,180.0,0.0,60.0,0.0,Intermitente,False,"Meses observados o demandas positivas insuficientes para conformar entrenamiento y prueba (umbral operativo: 15 meses observados, 4 demandas positivas).",149.08
ITEM_2555,3,3,0.95,1001.3333,996005.3333,2.5,0.9934,Lumpy,False,"Meses observados o demandas positivas insuficientes para conformar entrenamiento y prueba (umbral operativo: 15 meses observados, 4 demandas positivas).",154.53
ITEM_2556,2,2,0.9667,2.0,0.0,10.0,0.0,Intermitente,False,"Meses observados o demandas positivas insuficientes para conformar entrenamiento y prueba (umbral operativo: 15 meses observados, 4 demandas positivas).",256.41
ITEM_2557,1,1,0.9833,3.0,0.0,60.0,0.0,Intermitente,False,"Meses observados o demandas positivas insuficientes para conformar entrenamiento y prueba (umbral operativo: 15 meses observados, 4 demandas positivas).",148.51
ITEM_2558,2,2,0.9667,5.5,40.5,3.0,1.3388,Lumpy,False,"Meses observados o demandas positivas insuficientes para conformar entrenamiento y prueba (umbral operativo: 15 meses observados, 4 demandas positivas).",274.5
ITEM_2559,2,2,0.9667,1.5,0.5,4.0,0.2222,Intermitente,False,"Meses observados o demandas positivas insuficientes para conformar entrenamiento y prueba (umbral operativo: 15 meses observados, 4 demandas positivas).",223.21
ITEM_2560,2,2,0.9667,12.0,0.0,3.0,0.0,Intermitente,False,"Meses observados o demandas positivas insuficientes para conformar entrenamiento y prueba (umbral operativo: 15 meses observados, 4 demandas positivas).",296.16
ITEM_2561,2,2,0.9667,2.0,0.0,3.0,0.0,Intermitente,False,"Meses observados o demandas positivas insuficientes para conformar entrenamiento y prueba (umbral operativo: 15 meses observados, 4 demandas positivas).",192.0
ITEM_2562,2,2,0.9667,105.0,18050.0,5.0,1.6372,Lumpy,False,"Meses observados o demandas positivas insuficientes para conformar entrenamiento y prueba (umbral operativo: 15 meses observados, 4 demandas positivas).",203.84
ITEM_2563,1,1,0.9833,1.0,0.0,60.0,0.0,Intermitente,False,"Meses observados o demandas positivas insuficientes para conformar entrenamiento y prueba (umbral operativo: 15 meses observados, 4 demandas positivas).",147.6
ITEM_2565,3,3,0.95,6.0,0.0,3.0,0.0,Intermitente,False,"Meses observados o demandas positivas insuficientes para conformar entrenamiento y prueba (umbral operativo: 15 meses observados, 4 demandas positivas).",338.4
ITEM_2566,1,1,0.9833,2.0,0.0,60.0,0.0,Intermitente,False,"Meses observados o demandas positivas insuficientes para conformar entrenamiento y prueba (umbral operativo: 15 meses observados, 4 demandas positivas).",147.17
ITEM_2567,2,2,0.9667,1.5,0.5,4.0,0.2222,Intermitente,False,"Meses observados o demandas positivas insuficientes para conformar entrenamiento y prueba (umbral operativo: 15 meses observados, 4 demandas positivas).",221.27
ITEM_2569,1,1,0.9833,160.0,0.0,60.0,0.0,Intermitente,False,"Meses observados o demandas positivas insuficientes para conformar entrenamiento y prueba (umbral operativo: 15 meses observados, 4 demandas positivas).",146.54
ITEM_2570,1,1,0.9833,50.0,0.0,60.0,0.0,Intermitente,False,"Meses observados o demandas positivas insuficientes para conformar entrenamiento y prueba (umbral operativo: 15 meses observados, 4 demandas positivas).",146.3
ITEM_2571,1,1,0.9833,120.0,0.0,60.0,0.0,Intermitente,False,"Meses observados o demandas positivas insuficientes para conformar entrenamiento y prueba (umbral operativo: 15 meses observados, 4 demandas positivas).",146.28
ITEM_2573,3,3,0.95,7.6667,52.3333,11.0,0.8904,Lumpy,False,"Meses observados o demandas positivas insuficientes para conformar entrenamiento y prueba (umbral operativo: 15 meses observados, 4 demandas positivas).",359.96
ITEM_2574,1,1,0.9833,20.0,0.0,60.0,0.0,Intermitente,False,"Meses observados o demandas positivas insuficientes para conformar entrenamiento y prueba (umbral operativo: 15 meses observados, 4 demandas positivas).",145.54
ITEM_2575,12,12,0.8,11.8333,306.1515,3.7273,2.1864,Lumpy,False,"Meses observados o demandas positivas insuficientes para conformar entrenamiento y prueba (umbral operativo: 15 meses observados, 4 demandas positivas).",1425.0
ITEM_2576,1,1,0.9833,20.0,0.0,60.0,0.0,Intermitente,False,"Meses observados o demandas positivas insuficientes para conformar entrenamiento y prueba (umbral operativo: 15 meses observados, 4 demandas positivas).",145.12
ITEM_2577,1,1,0.9833,8.0,0.0,60.0,0.0,Intermitente,False,"Meses observados o demandas positivas insuficientes para conformar entrenamiento y prueba (umbral operativo: 15 meses observados, 4 demandas positivas).",145.12
ITEM_2578,2,2,0.9667,1.5,0.5,17.0,0.2222,Intermitente,False,"Meses observados o demandas positivas insuficientes para conformar entrenamiento y prueba (umbral operativo: 15 meses observados, 4 demandas positivas).",217.47
ITEM_2579,1,1,0.9833,4.0,0.0,60.0,0.0,Intermitente,False,"Meses observados o demandas positivas insuficientes para conformar entrenamiento y prueba (umbral operativo: 15 meses observados, 4 demandas positivas).",144.11
ITEM_2580,2,2,0.9667,4.0,2.0,2.0,0.125,Intermitente,False,"Meses observados o demandas positivas insuficientes para conformar entrenamiento y prueba (umbral operativo: 15 meses observados, 4 demandas positivas).",197.02
ITEM_2581,3,3,0.95,10.3333,6.3333,13.5,0.0593,Intermitente,False,"Meses observados o demandas positivas insuficientes para conformar entrenamiento y prueba (umbral operativo: 15 meses observados, 4 demandas positivas).",428.74
ITEM_2582,2,2,0.9667,3.0,2.0,14.0,0.2222,Intermitente,False,"Meses observados o demandas positivas insuficientes para conformar entrenamiento y prueba (umbral operativo: 15 meses observados, 4 demandas positivas).",210.24
ITEM_2583,1,1,0.9833,8.0,0.0,60.0,0.0,Intermitente,False,"Meses observados o demandas positivas insuficientes para conformar entrenamiento y prueba (umbral operativo: 15 meses observados, 4 demandas positivas).",144.0
ITEM_2584,1,1,0.9833,3.0,0.0,60.0,0.0,Intermitente,False,"Meses observados o demandas positivas insuficientes para conformar entrenamiento y prueba (umbral operativo: 15 meses observados, 4 demandas positivas).",144.0
ITEM_2585,1,1,0.9833,3.0,0.0,60.0,0.0,Intermitente,False,"Meses observados o demandas positivas insuficientes para conformar entrenamiento y prueba (umbral operativo: 15 meses observados, 4 demandas positivas).",144.0
ITEM_2586,1,1,0.9833,300.0,0.0,60.0,0.0,Intermitente,False,"Meses observados o demandas positivas insuficientes para conformar entrenamiento y prueba (umbral operativo: 15 meses observados, 4 demandas positivas).",215.94
ITEM_2588,1,1,0.9833,1.0,0.0,60.0,0.0,Intermitente,False,"Meses observados o demandas positivas insuficientes para conformar entrenamiento y prueba (umbral operativo: 15 meses observados, 4 demandas positivas).",143.34
ITEM_2589,1,1,0.9833,2.0,0.0,60.0,0.0,Intermitente,False,"Meses observados o demandas positivas insuficientes para conformar entrenamiento y prueba (umbral operativo: 15 meses observados, 4 demandas positivas).",285.53
ITEM_2590,1,1,0.9833,2.0,0.0,60.0,0.0,Intermitente,False,"Meses observados o demandas positivas insuficientes para conformar entrenamiento y prueba (umbral operativo: 15 meses observados, 4 demandas positivas).",285.53
ITEM_2591,2,2,0.9667,3.0,2.0,4.0,0.2222,Intermitente,False,"Meses observados o demandas positivas insuficientes para conformar entrenamiento y prueba (umbral operativo: 15 meses observados, 4 demandas positivas).",213.84
ITEM_2592,9,9,0.85,11.4444,28.7778,4.75,0.2197,Intermitente,False,"Meses observados o demandas positivas insuficientes para conformar entrenamiento y prueba (umbral operativo: 15 meses observados, 4 demandas positivas).",779.07
ITEM_2593,6,6,0.9,1.1667,0.1667,7.0,0.1224,Intermitente,False,"Meses observados o demandas positivas insuficientes para conformar entrenamiento y prueba (umbral operativo: 15 meses observados, 4 demandas positivas).",337.92
ITEM_2594,2,2,0.9667,4.0,8.0,9.0,0.5,Lumpy,False,"Meses observados o demandas positivas insuficientes para conformar entrenamiento y prueba (umbral operativo: 15 meses observados, 4 demandas positivas).",207.59
ITEM_2595,2,2,0.9667,13.0,98.0,9.0,0.5799,Lumpy,False,"Meses observados o demandas positivas insuficientes para conformar entrenamiento y prueba (umbral operativo: 15 meses observados, 4 demandas positivas).",286.64
ITEM_2596,1,1,0.9833,2.0,0.0,60.0,0.0,Intermitente,False,"Meses observados o demandas positivas insuficientes para conformar entrenamiento y prueba (umbral operativo: 15 meses observados, 4 demandas positivas).",142.22
ITEM_2597,1,1,0.9833,6.0,0.0,60.0,0.0,Intermitente,False,"Meses observados o demandas positivas insuficientes para conformar entrenamiento y prueba (umbral operativo: 15 meses observados, 4 demandas positivas).",142.06
ITEM_2598,15,15,0.75,1.7333,2.0667,4.8571,0.6879,Lumpy,True,,610.95
ITEM_2599,1,1,0.9833,14.0,0.0,60.0,0.0,Intermitente,False,"Meses observados o demandas positivas insuficientes para conformar entrenamiento y prueba (umbral operativo: 15 meses observados, 4 demandas positivas).",141.82
ITEM_2600,1,1,0.9833,9.0,0.0,60.0,0.0,Intermitente,False,"Meses observados o demandas positivas insuficientes para conformar entrenamiento y prueba (umbral operativo: 15 meses observados, 4 demandas positivas).",141.74
ITEM_2601,4,4,0.9333,2.25,6.25,5.6667,1.2346,Lumpy,False,"Meses observados o demandas positivas insuficientes para conformar entrenamiento y prueba (umbral operativo: 15 meses observados, 4 demandas positivas).",373.25
ITEM_2602,1,1,0.9833,12.0,0.0,60.0,0.0,Intermitente,False,"Meses observados o demandas positivas insuficientes para conformar entrenamiento y prueba (umbral operativo: 15 meses observados, 4 demandas positivas).",141.6
ITEM_2603,1,1,0.9833,6.0,0.0,60.0,0.0,Intermitente,False,"Meses observados o demandas positivas insuficientes para conformar entrenamiento y prueba (umbral operativo: 15 meses observados, 4 demandas positivas).",141.6
ITEM_2604,5,5,0.9167,16.8,305.2,3.25,1.0813,Lumpy,False,"Meses observados o demandas positivas insuficientes para conformar entrenamiento y prueba (umbral operativo: 15 meses observados, 4 demandas positivas).",594.21
ITEM_2605,1,1,0.9833,20.0,0.0,60.0,0.0,Intermitente,False,"Meses observados o demandas positivas insuficientes para conformar entrenamiento y prueba (umbral operativo: 15 meses observados, 4 demandas positivas).",141.4
ITEM_2606,1,1,0.9833,2.0,0.0,60.0,0.0,Intermitente,False,"Meses observados o demandas positivas insuficientes para conformar entrenamiento y prueba (umbral operativo: 15 meses observados, 4 demandas positivas).",141.18
ITEM_2607,1,1,0.9833,24.0,0.0,60.0,0.0,Intermitente,False,"Meses observados o demandas positivas insuficientes para conformar entrenamiento y prueba (umbral operativo: 15 meses observados, 4 demandas positivas).",141.12
ITEM_2608,7,7,0.8833,9.1429,51.8095,5.8333,0.6198,Lumpy,False,"Meses observados o demandas positivas insuficientes para conformar entrenamiento y prueba (umbral operativo: 15 meses observados, 4 demandas positivas).",486.01
ITEM_2609,1,1,0.9833,12.0,0.0,60.0,0.0,Intermitente,False,"Meses observados o demandas positivas insuficientes para conformar entrenamiento y prueba (umbral operativo: 15 meses observados, 4 demandas positivas).",141.0
ITEM_2610,1,1,0.9833,20.0,0.0,60.0,0.0,Intermitente,False,"Meses observados o demandas positivas insuficientes para conformar entrenamiento y prueba (umbral operativo: 15 meses observados, 4 demandas positivas).",140.8
ITEM_2612,4,4,0.9333,16.0,258.6667,10.0,1.0104,Lumpy,False,"Meses observados o demandas positivas insuficientes para conformar entrenamiento y prueba (umbral operativo: 15 meses observados, 4 demandas positivas).",423.39
ITEM_2613,1,1,0.9833,4.0,0.0,60.0,0.0,Intermitente,False,"Meses observados o demandas positivas insuficientes para conformar entrenamiento y prueba (umbral operativo: 15 meses observados, 4 demandas positivas).",140.52
ITEM_2614,5,5,0.9167,42.0,270.0,6.5,0.1531,Intermitente,False,"Meses observados o demandas positivas insuficientes para conformar entrenamiento y prueba (umbral operativo: 15 meses observados, 4 demandas positivas).",533.16
ITEM_2615,3,3,0.95,10.0,148.0,10.0,1.48,Lumpy,False,"Meses observados o demandas positivas insuficientes para conformar entrenamiento y prueba (umbral operativo: 15 meses observados, 4 demandas positivas).",260.9
ITEM_2617,1,1,0.9833,2.0,0.0,60.0,0.0,Intermitente,False,"Meses observados o demandas positivas insuficientes para conformar entrenamiento y prueba (umbral operativo: 15 meses observados, 4 demandas positivas).",139.75
ITEM_2618,1,1,0.9833,10.0,0.0,60.0,0.0,Intermitente,False,"Meses observados o demandas positivas insuficientes para conformar entrenamiento y prueba (umbral operativo: 15 meses observados, 4 demandas positivas).",139.5
ITEM_2619,1,1,0.9833,12.0,0.0,60.0,0.0,Intermitente,False,"Meses observados o demandas positivas insuficientes para conformar entrenamiento y prueba (umbral operativo: 15 meses observados, 4 demandas positivas).",138.9
ITEM_2620,2,2,0.9667,10.0,0.0,15.0,0.0,Intermitente,False,"Meses observados o demandas positivas insuficientes para conformar entrenamiento y prueba (umbral operativo: 15 meses observados, 4 demandas positivas).",228.8
ITEM_2621,4,4,0.9333,43.5,321.0,10.3333,0.1696,Intermitente,False,"Meses observados o demandas positivas insuficientes para conformar entrenamiento y prueba (umbral operativo: 15 meses observados, 4 demandas positivas).",603.89
ITEM_2622,1,1,0.9833,60.0,0.0,60.0,0.0,Intermitente,False,"Meses observados o demandas positivas insuficientes para conformar entrenamiento y prueba (umbral operativo: 15 meses observados, 4 demandas positivas).",138.46
ITEM_2623,1,1,0.9833,48.0,0.0,60.0,0.0,Intermitente,False,"Meses observados o demandas positivas insuficientes para conformar entrenamiento y prueba (umbral operativo: 15 meses observados, 4 demandas positivas).",138.1
ITEM_2624,2,2,0.9667,10.0,0.0,5.0,0.0,Intermitente,False,"Meses observados o demandas positivas insuficientes para conformar entrenamiento y prueba (umbral operativo: 15 meses observados, 4 demandas positivas).",266.07
ITEM_2626,1,1,0.9833,10.0,0.0,60.0,0.0,Intermitente,False,"Meses observados o demandas positivas insuficientes para conformar entrenamiento y prueba (umbral operativo: 15 meses observados, 4 demandas positivas).",137.65
ITEM_2627,1,1,0.9833,48.0,0.0,60.0,0.0,Intermitente,False,"Meses observados o demandas positivas insuficientes para conformar entrenamiento y prueba (umbral operativo: 15 meses observados, 4 demandas positivas).",137.44
ITEM_2628,3,3,0.95,2.0,0.0,3.0,0.0,Intermitente,False,"Meses observados o demandas positivas insuficientes para conformar entrenamiento y prueba (umbral operativo: 15 meses observados, 4 demandas positivas).",321.39
ITEM_2629,1,1,0.9833,6.0,0.0,60.0,0.0,Intermitente,False,"Meses observados o demandas positivas insuficientes para conformar entrenamiento y prueba (umbral operativo: 15 meses observados, 4 demandas positivas).",137.19
ITEM_2630,1,1,0.9833,8.0,0.0,60.0,0.0,Intermitente,False,"Meses observados o demandas positivas insuficientes para conformar entrenamiento y prueba (umbral operativo: 15 meses observados, 4 demandas positivas).",137.05
ITEM_2631,2,2,0.9667,2.5,4.5,53.0,0.72,Lumpy,False,"Meses observados o demandas positivas insuficientes para conformar entrenamiento y prueba (umbral operativo: 15 meses observados, 4 demandas positivas).",230.0
ITEM_2632,1,1,0.9833,3.0,0.0,60.0,0.0,Intermitente,False,"Meses observados o demandas positivas insuficientes para conformar entrenamiento y prueba (umbral operativo: 15 meses observados, 4 demandas positivas).",136.54
ITEM_2633,1,1,0.9833,2.0,0.0,60.0,0.0,Intermitente,False,"Meses observados o demandas positivas insuficientes para conformar entrenamiento y prueba (umbral operativo: 15 meses observados, 4 demandas positivas).",136.38
ITEM_2634,2,2,0.9667,14.0,0.0,3.0,0.0,Intermitente,False,"Meses observados o demandas positivas insuficientes para conformar entrenamiento y prueba (umbral operativo: 15 meses observados, 4 demandas positivas).",272.44
ITEM_2635,1,1,0.9833,4.0,0.0,60.0,0.0,Intermitente,False,"Meses observados o demandas positivas insuficientes para conformar entrenamiento y prueba (umbral operativo: 15 meses observados, 4 demandas positivas).",136.2
ITEM_2636,1,1,0.9833,4.0,0.0,60.0,0.0,Intermitente,False,"Meses observados o demandas positivas insuficientes para conformar entrenamiento y prueba (umbral operativo: 15 meses observados, 4 demandas positivas).",136.08
ITEM_2637,1,1,0.9833,2.0,0.0,60.0,0.0,Intermitente,False,"Meses observados o demandas positivas insuficientes para conformar entrenamiento y prueba (umbral operativo: 15 meses observados, 4 demandas positivas).",136.0
ITEM_2638,1,1,0.9833,500.0,0.0,60.0,0.0,Intermitente,False,"Meses observados o demandas positivas insuficientes para conformar entrenamiento y prueba (umbral operativo: 15 meses observados, 4 demandas positivas).",135.36
ITEM_2639,2,2,0.9667,1.0,0.0,3.0,0.0,Intermitente,False,"Meses observados o demandas positivas insuficientes para conformar entrenamiento y prueba (umbral operativo: 15 meses observados, 4 demandas positivas).",154.32
ITEM_2640,1,1,0.9833,2.0,0.0,60.0,0.0,Intermitente,False,"Meses observados o demandas positivas insuficientes para conformar entrenamiento y prueba (umbral operativo: 15 meses observados, 4 demandas positivas).",135.2
ITEM_2641,4,4,0.9333,1.855,0.7508,10.6667,0.2182,Intermitente,False,"Meses observados o demandas positivas insuficientes para conformar entrenamiento y prueba (umbral operativo: 15 meses observados, 4 demandas positivas).",328.64
ITEM_2642,4,4,0.9333,2.0,0.6667,10.6667,0.1667,Intermitente,False,"Meses observados o demandas positivas insuficientes para conformar entrenamiento y prueba (umbral operativo: 15 meses observados, 4 demandas positivas).",353.7
ITEM_2643,1,1,0.9833,32.0,0.0,60.0,0.0,Intermitente,False,"Meses observados o demandas positivas insuficientes para conformar entrenamiento y prueba (umbral operativo: 15 meses observados, 4 demandas positivas).",134.4
ITEM_2644,1,1,0.9833,1.0,0.0,60.0,0.0,Intermitente,False,"Meses observados o demandas positivas insuficientes para conformar entrenamiento y prueba (umbral operativo: 15 meses observados, 4 demandas positivas).",134.1
ITEM_2645,1,1,0.9833,4.0,0.0,60.0,0.0,Intermitente,False,"Meses observados o demandas positivas insuficientes para conformar entrenamiento y prueba (umbral operativo: 15 meses observados, 4 demandas positivas).",267.95
ITEM_2646,2,2,0.9667,6.5,4.5,2.0,0.1065,Intermitente,False,"Meses observados o demandas positivas insuficientes para conformar entrenamiento y prueba (umbral operativo: 15 meses observados, 4 demandas positivas).",262.01
ITEM_2647,2,2,0.9667,33.0,450.0,25.0,0.4132,Intermitente,False,"Meses observados o demandas positivas insuficientes para conformar entrenamiento y prueba (umbral operativo: 15 meses observados, 4 demandas positivas).",174.3
ITEM_2648,3,3,0.95,4.3333,2.3333,6.5,0.1243,Intermitente,False,"Meses observados o demandas positivas insuficientes para conformar entrenamiento y prueba (umbral operativo: 15 meses observados, 4 demandas positivas).",356.22
ITEM_2649,2,2,0.9667,1.5,0.5,45.0,0.2222,Intermitente,False,"Meses observados o demandas positivas insuficientes para conformar entrenamiento y prueba (umbral operativo: 15 meses observados, 4 demandas positivas).",151.18
ITEM_2651,1,1,0.9833,20.0,0.0,60.0,0.0,Intermitente,False,"Meses observados o demandas positivas insuficientes para conformar entrenamiento y prueba (umbral operativo: 15 meses observados, 4 demandas positivas).",132.99
ITEM_2652,1,1,0.9833,8.0,0.0,60.0,0.0,Intermitente,False,"Meses observados o demandas positivas insuficientes para conformar entrenamiento y prueba (umbral operativo: 15 meses observados, 4 demandas positivas).",132.49
ITEM_2653,2,2,0.9667,15.0,50.0,2.0,0.2222,Intermitente,False,"Meses observados o demandas positivas insuficientes para conformar entrenamiento y prueba (umbral operativo: 15 meses observados, 4 demandas positivas).",204.72
ITEM_2654,2,2,0.9667,1.0,0.0,5.0,0.0,Intermitente,False,"Meses observados o demandas positivas insuficientes para conformar entrenamiento y prueba (umbral operativo: 15 meses observados, 4 demandas positivas).",256.97
ITEM_2656,3,3,0.95,5.6667,6.3333,12.0,0.1972,Intermitente,False,"Meses observados o demandas positivas insuficientes para conformar entrenamiento y prueba (umbral operativo: 15 meses observados, 4 demandas positivas).",249.24
ITEM_2657,5,5,0.9167,1.8,1.7,6.0,0.5247,Lumpy,False,"Meses observados o demandas positivas insuficientes para conformar entrenamiento y prueba (umbral operativo: 15 meses observados, 4 demandas positivas).",200.2
ITEM_2658,9,9,0.85,28.3333,1011.75,2.25,1.2603,Lumpy,False,"Meses observados o demandas positivas insuficientes para conformar entrenamiento y prueba (umbral operativo: 15 meses observados, 4 demandas positivas).",518.35
ITEM_2659,1,1,0.9833,6.0,0.0,60.0,0.0,Intermitente,False,"Meses observados o demandas positivas insuficientes para conformar entrenamiento y prueba (umbral operativo: 15 meses observados, 4 demandas positivas).",131.82
ITEM_2660,1,1,0.9833,150.0,0.0,60.0,0.0,Intermitente,False,"Meses observados o demandas positivas insuficientes para conformar entrenamiento y prueba (umbral operativo: 15 meses observados, 4 demandas positivas).",131.63
ITEM_2661,2,2,0.9667,2.5,0.5,25.0,0.08,Intermitente,False,"Meses observados o demandas positivas insuficientes para conformar entrenamiento y prueba (umbral operativo: 15 meses observados, 4 demandas positivas).",246.74
ITEM_2662,1,1,0.9833,2.0,0.0,60.0,0.0,Intermitente,False,"Meses observados o demandas positivas insuficientes para conformar entrenamiento y prueba (umbral operativo: 15 meses observados, 4 demandas positivas).",131.4
ITEM_2663,1,1,0.9833,320.0,0.0,60.0,0.0,Intermitente,False,"Meses observados o demandas positivas insuficientes para conformar entrenamiento y prueba (umbral operativo: 15 meses observados, 4 demandas positivas).",131.2
ITEM_2664,10,10,0.8333,9.6,56.0444,4.4444,0.6081,Lumpy,False,"Meses observados o demandas positivas insuficientes para conformar entrenamiento y prueba (umbral operativo: 15 meses observados, 4 demandas positivas).",559.67
ITEM_2666,3,3,0.95,7.6667,40.3333,13.0,0.6862,Lumpy,False,"Meses observados o demandas positivas insuficientes para conformar entrenamiento y prueba (umbral operativo: 15 meses observados, 4 demandas positivas).",155.14
ITEM_2667,1,1,0.9833,2.0,0.0,60.0,0.0,Intermitente,False,"Meses observados o demandas positivas insuficientes para conformar entrenamiento y prueba (umbral operativo: 15 meses observados, 4 demandas positivas).",130.17
ITEM_2668,2,2,0.9667,11.0,2.0,26.0,0.0165,Intermitente,False,"Meses observados o demandas positivas insuficientes para conformar entrenamiento y prueba (umbral operativo: 15 meses observados, 4 demandas positivas).",236.47
ITEM_2669,2,2,0.9667,5.5,40.5,2.0,1.3388,Lumpy,False,"Meses observados o demandas positivas insuficientes para conformar entrenamiento y prueba (umbral operativo: 15 meses observados, 4 demandas positivas).",143.66
ITEM_2671,5,5,0.9167,33.0,433.0,6.25,0.3976,Intermitente,False,"Meses observados o demandas positivas insuficientes para conformar entrenamiento y prueba (umbral operativo: 15 meses observados, 4 demandas positivas).",390.4
ITEM_2672,2,2,0.9667,4.5,0.5,5.0,0.0247,Intermitente,False,"Meses observados o demandas positivas insuficientes para conformar entrenamiento y prueba (umbral operativo: 15 meses observados, 4 demandas positivas).",234.0
ITEM_2673,1,1,0.9833,3.0,0.0,60.0,0.0,Intermitente,False,"Meses observados o demandas positivas insuficientes para conformar entrenamiento y prueba (umbral operativo: 15 meses observados, 4 demandas positivas).",129.92
ITEM_2674,1,1,0.9833,80.0,0.0,60.0,0.0,Intermitente,False,"Meses observados o demandas positivas insuficientes para conformar entrenamiento y prueba (umbral operativo: 15 meses observados, 4 demandas positivas).",129.45
ITEM_2675,1,1,0.9833,1.0,0.0,60.0,0.0,Intermitente,False,"Meses observados o demandas positivas insuficientes para conformar entrenamiento y prueba (umbral operativo: 15 meses observados, 4 demandas positivas).",129.41
ITEM_2678,2,2,0.9667,12.0,32.0,5.0,0.2222,Intermitente,False,"Meses observados o demandas positivas insuficientes para conformar entrenamiento y prueba (umbral operativo: 15 meses observados, 4 demandas positivas).",193.68
ITEM_2680,4,4,0.9333,2.0,0.6667,9.3333,0.1667,Intermitente,False,"Meses observados o demandas positivas insuficientes para conformar entrenamiento y prueba (umbral operativo: 15 meses observados, 4 demandas positivas).",364.12
ITEM_2681,1,1,0.9833,5.0,0.0,60.0,0.0,Intermitente,False,"Meses observados o demandas positivas insuficientes para conformar entrenamiento y prueba (umbral operativo: 15 meses observados, 4 demandas positivas).",128.63
ITEM_2682,4,4,0.9333,4.75,7.5833,7.3333,0.3361,Intermitente,False,"Meses observados o demandas positivas insuficientes para conformar entrenamiento y prueba (umbral operativo: 15 meses observados, 4 demandas positivas).",269.58
ITEM_2683,1,1,0.9833,24.0,0.0,60.0,0.0,Intermitente,False,"Meses observados o demandas positivas insuficientes para conformar entrenamiento y prueba (umbral operativo: 15 meses observados, 4 demandas positivas).",128.43
ITEM_2684,4,4,0.9333,1.25,0.25,10.3333,0.16,Intermitente,False,"Meses observados o demandas positivas insuficientes para conformar entrenamiento y prueba (umbral operativo: 15 meses observados, 4 demandas positivas).",368.52
ITEM_2685,1,1,0.9833,2.0,0.0,60.0,0.0,Intermitente,False,"Meses observados o demandas positivas insuficientes para conformar entrenamiento y prueba (umbral operativo: 15 meses observados, 4 demandas positivas).",128.0
ITEM_2687,1,1,0.9833,1.0,0.0,60.0,0.0,Intermitente,False,"Meses observados o demandas positivas insuficientes para conformar entrenamiento y prueba (umbral operativo: 15 meses observados, 4 demandas positivas).",127.65
ITEM_2688,1,1,0.9833,1.0,0.0,60.0,0.0,Intermitente,False,"Meses observados o demandas positivas insuficientes para conformar entrenamiento y prueba (umbral operativo: 15 meses observados, 4 demandas positivas).",127.64
ITEM_2689,1,1,0.9833,24.0,0.0,60.0,0.0,Intermitente,False,"Meses observados o demandas positivas insuficientes para conformar entrenamiento y prueba (umbral operativo: 15 meses observados, 4 demandas positivas).",127.51
ITEM_2690,1,1,0.9833,6.0,0.0,60.0,0.0,Intermitente,False,"Meses observados o demandas positivas insuficientes para conformar entrenamiento y prueba (umbral operativo: 15 meses observados, 4 demandas positivas).",127.44
ITEM_2691,4,4,0.9333,18.75,222.9167,3.3333,0.6341,Lumpy,False,"Meses observados o demandas positivas insuficientes para conformar entrenamiento y prueba (umbral operativo: 15 meses observados, 4 demandas positivas).",238.95
ITEM_2692,2,2,0.9667,20.0,0.0,4.0,0.0,Intermitente,False,"Meses observados o demandas positivas insuficientes para conformar entrenamiento y prueba (umbral operativo: 15 meses observados, 4 demandas positivas).",254.5
ITEM_2693,1,1,0.9833,8.0,0.0,60.0,0.0,Intermitente,False,"Meses observados o demandas positivas insuficientes para conformar entrenamiento y prueba (umbral operativo: 15 meses observados, 4 demandas positivas).",127.2
ITEM_2694,3,3,0.95,14.0,0.0,3.0,0.0,Intermitente,False,"Meses observados o demandas positivas insuficientes para conformar entrenamiento y prueba (umbral operativo: 15 meses observados, 4 demandas positivas).",328.42
ITEM_2695,2,2,0.9667,1.0,0.0,3.0,0.0,Intermitente,False,"Meses observados o demandas positivas insuficientes para conformar entrenamiento y prueba (umbral operativo: 15 meses observados, 4 demandas positivas).",179.8
ITEM_2696,6,6,0.9,39.6667,784.6667,6.4,0.4987,Lumpy,False,"Meses observados o demandas positivas insuficientes para conformar entrenamiento y prueba (umbral operativo: 15 meses observados, 4 demandas positivas).",444.34
ITEM_2697,1,1,0.9833,2.0,0.0,60.0,0.0,Intermitente,False,"Meses observados o demandas positivas insuficientes para conformar entrenamiento y prueba (umbral operativo: 15 meses observados, 4 demandas positivas).",126.28
ITEM_2698,1,1,0.9833,17.0,0.0,60.0,0.0,Intermitente,False,"Meses observados o demandas positivas insuficientes para conformar entrenamiento y prueba (umbral operativo: 15 meses observados, 4 demandas positivas).",126.04
ITEM_2700,1,1,0.9833,4.0,0.0,60.0,0.0,Intermitente,False,"Meses observados o demandas positivas insuficientes para conformar entrenamiento y prueba (umbral operativo: 15 meses observados, 4 demandas positivas).",125.56
ITEM_2702,1,1,0.9833,8.0,0.0,60.0,0.0,Intermitente,False,"Meses observados o demandas positivas insuficientes para conformar entrenamiento y prueba (umbral operativo: 15 meses observados, 4 demandas positivas).",125.05
ITEM_2704,3,3,0.95,37.3333,481.3333,14.5,0.3453,Intermitente,False,"Meses observados o demandas positivas insuficientes para conformar entrenamiento y prueba (umbral operativo: 15 meses observados, 4 demandas positivas).",244.7
ITEM_2705,9,9,0.85,3.1111,8.3611,4.875,0.8638,Lumpy,False,"Meses observados o demandas positivas insuficientes para conformar entrenamiento y prueba (umbral operativo: 15 meses observados, 4 demandas positivas).",697.86
ITEM_2706,1,1,0.9833,63.0,0.0,60.0,0.0,Intermitente,False,"Meses observados o demandas positivas insuficientes para conformar entrenamiento y prueba (umbral operativo: 15 meses observados, 4 demandas positivas).",124.93
ITEM_2707,3,3,0.95,13.0,229.0,4.0,1.355,Lumpy,False,"Meses observados o demandas positivas insuficientes para conformar entrenamiento y prueba (umbral operativo: 15 meses observados, 4 demandas positivas).",145.52
ITEM_2709,1,1,0.9833,10.0,0.0,60.0,0.0,Intermitente,False,"Meses observados o demandas positivas insuficientes para conformar entrenamiento y prueba (umbral operativo: 15 meses observados, 4 demandas positivas).",124.6
ITEM_2710,1,1,0.9833,48.0,0.0,60.0,0.0,Intermitente,False,"Meses observados o demandas positivas insuficientes para conformar entrenamiento y prueba (umbral operativo: 15 meses observados, 4 demandas positivas).",124.32
ITEM_2711,1,1,0.9833,20.0,0.0,60.0,0.0,Intermitente,False,"Meses observados o demandas positivas insuficientes para conformar entrenamiento y prueba (umbral operativo: 15 meses observados, 4 demandas positivas).",124.28
ITEM_2712,1,1,0.9833,24.0,0.0,60.0,0.0,Intermitente,False,"Meses observados o demandas positivas insuficientes para conformar entrenamiento y prueba (umbral operativo: 15 meses observados, 4 demandas positivas).",248.4
ITEM_2713,3,3,0.95,220.0,5200.0,2.0,0.1074,Intermitente,False,"Meses observados o demandas positivas insuficientes para conformar entrenamiento y prueba (umbral operativo: 15 meses observados, 4 demandas positivas).",241.46
ITEM_2714,1,1,0.9833,20.0,0.0,60.0,0.0,Intermitente,False,"Meses observados o demandas positivas insuficientes para conformar entrenamiento y prueba (umbral operativo: 15 meses observados, 4 demandas positivas).",123.8
ITEM_2715,3,3,0.95,72.6667,4521.3333,14.0,0.8562,Lumpy,False,"Meses observados o demandas positivas insuficientes para conformar entrenamiento y prueba (umbral operativo: 15 meses observados, 4 demandas positivas).",196.43
ITEM_2716,1,1,0.9833,1.0,0.0,60.0,0.0,Intermitente,False,"Meses observados o demandas positivas insuficientes para conformar entrenamiento y prueba (umbral operativo: 15 meses observados, 4 demandas positivas).",123.53
ITEM_2717,1,1,0.9833,20.0,0.0,60.0,0.0,Intermitente,False,"Meses observados o demandas positivas insuficientes para conformar entrenamiento y prueba (umbral operativo: 15 meses observados, 4 demandas positivas).",123.2
ITEM_2719,5,5,0.9167,2.0,1.5,6.25,0.375,Intermitente,False,"Meses observados o demandas positivas insuficientes para conformar entrenamiento y prueba (umbral operativo: 15 meses observados, 4 demandas positivas).",343.45
ITEM_2721,2,2,0.9667,66.0,5832.0,16.0,1.3388,Lumpy,False,"Meses observados o demandas positivas insuficientes para conformar entrenamiento y prueba (umbral operativo: 15 meses observados, 4 demandas positivas).",136.08
ITEM_2722,1,1,0.9833,12.0,0.0,60.0,0.0,Intermitente,False,"Meses observados o demandas positivas insuficientes para conformar entrenamiento y prueba (umbral operativo: 15 meses observados, 4 demandas positivas).",122.76
ITEM_2723,3,3,0.95,2.0,0.0,3.0,0.0,Intermitente,False,"Meses observados o demandas positivas insuficientes para conformar entrenamiento y prueba (umbral operativo: 15 meses observados, 4 demandas positivas).",315.36
ITEM_2724,1,1,0.9833,8.0,0.0,60.0,0.0,Intermitente,False,"Meses observados o demandas positivas insuficientes para conformar entrenamiento y prueba (umbral operativo: 15 meses observados, 4 demandas positivas).",122.48
ITEM_2725,4,4,0.9333,7.5,121.0,12.3333,2.1511,Lumpy,False,"Meses observados o demandas positivas insuficientes para conformar entrenamiento y prueba (umbral operativo: 15 meses observados, 4 demandas positivas).",187.85
ITEM_2726,1,1,0.9833,36.0,0.0,60.0,0.0,Intermitente,False,"Meses observados o demandas positivas insuficientes para conformar entrenamiento y prueba (umbral operativo: 15 meses observados, 4 demandas positivas).",122.4
ITEM_2727,2,2,0.9667,15.0,162.0,32.0,0.72,Lumpy,False,"Meses observados o demandas positivas insuficientes para conformar entrenamiento y prueba (umbral operativo: 15 meses observados, 4 demandas positivas).",170.4
ITEM_2728,2,2,0.9667,12.0,0.0,4.0,0.0,Intermitente,False,"Meses observados o demandas positivas insuficientes para conformar entrenamiento y prueba (umbral operativo: 15 meses observados, 4 demandas positivas).",239.12
ITEM_2730,2,2,0.9667,240.0,16200.0,3.0,0.2812,Intermitente,False,"Meses observados o demandas positivas insuficientes para conformar entrenamiento y prueba (umbral operativo: 15 meses observados, 4 demandas positivas).",164.1
ITEM_2731,2,2,0.9667,7.5,12.5,7.0,0.2222,Intermitente,False,"Meses observados o demandas positivas insuficientes para conformar entrenamiento y prueba (umbral operativo: 15 meses observados, 4 demandas positivas).",183.06
ITEM_2732,1,1,0.9833,2.0,0.0,60.0,0.0,Intermitente,False,"Meses observados o demandas positivas insuficientes para conformar entrenamiento y prueba (umbral operativo: 15 meses observados, 4 demandas positivas).",243.64
ITEM_2733,1,1,0.9833,900.0,0.0,60.0,0.0,Intermitente,False,"Meses observados o demandas positivas insuficientes para conformar entrenamiento y prueba (umbral operativo: 15 meses observados, 4 demandas positivas).",121.5
ITEM_2734,1,1,0.9833,900.0,0.0,60.0,0.0,Intermitente,False,"Meses observados o demandas positivas insuficientes para conformar entrenamiento y prueba (umbral operativo: 15 meses observados, 4 demandas positivas).",121.5
ITEM_2735,2,2,0.9667,1.0,0.0,28.0,0.0,Intermitente,False,"Meses observados o demandas positivas insuficientes para conformar entrenamiento y prueba (umbral operativo: 15 meses observados, 4 demandas positivas).",216.45
ITEM_2736,17,17,0.7167,17.8235,575.6544,3.125,1.8121,Lumpy,True,,766.54
ITEM_2737,1,1,0.9833,1.0,0.0,60.0,0.0,Intermitente,False,"Meses observados o demandas positivas insuficientes para conformar entrenamiento y prueba (umbral operativo: 15 meses observados, 4 demandas positivas).",121.25
ITEM_2738,1,1,0.9833,12.0,0.0,60.0,0.0,Intermitente,False,"Meses observados o demandas positivas insuficientes para conformar entrenamiento y prueba (umbral operativo: 15 meses observados, 4 demandas positivas).",121.2
ITEM_2740,1,1,0.9833,6.0,0.0,60.0,0.0,Intermitente,False,"Meses observados o demandas positivas insuficientes para conformar entrenamiento y prueba (umbral operativo: 15 meses observados, 4 demandas positivas).",120.96
ITEM_2742,1,1,0.9833,4.0,0.0,60.0,0.0,Intermitente,False,"Meses observados o demandas positivas insuficientes para conformar entrenamiento y prueba (umbral operativo: 15 meses observados, 4 demandas positivas).",120.64
ITEM_2743,2,2,0.9667,4.0,0.0,7.0,0.0,Intermitente,False,"Meses observados o demandas positivas insuficientes para conformar entrenamiento y prueba (umbral operativo: 15 meses observados, 4 demandas positivas).",142.93
ITEM_2744,2,2,0.9667,7.0,50.0,3.0,1.0204,Lumpy,False,"Meses observados o demandas positivas insuficientes para conformar entrenamiento y prueba (umbral operativo: 15 meses observados, 4 demandas positivas).",139.57
ITEM_2745,20,20,0.6667,17.0,158.0,2.7368,0.5467,Lumpy,True,,1623.86
ITEM_2746,3,3,0.95,4.6667,22.3333,5.5,1.0255,Lumpy,False,"Meses observados o demandas positivas insuficientes para conformar entrenamiento y prueba (umbral operativo: 15 meses observados, 4 demandas positivas).",201.19
ITEM_2748,2,2,0.9667,4.0,0.0,29.0,0.0,Intermitente,False,"Meses observados o demandas positivas insuficientes para conformar entrenamiento y prueba (umbral operativo: 15 meses observados, 4 demandas positivas).",188.0
ITEM_2749,3,3,0.95,49.3333,121.3333,8.0,0.0499,Intermitente,False,"Meses observados o demandas positivas insuficientes para conformar entrenamiento y prueba (umbral operativo: 15 meses observados, 4 demandas positivas).",280.5
ITEM_2750,9,9,0.85,60.0,0.0,4.125,0.0,Intermitente,False,"Meses observados o demandas positivas insuficientes para conformar entrenamiento y prueba (umbral operativo: 15 meses observados, 4 demandas positivas).",1005.3
ITEM_2751,4,4,0.9333,13.25,34.25,11.6667,0.1951,Intermitente,False,"Meses observados o demandas positivas insuficientes para conformar entrenamiento y prueba (umbral operativo: 15 meses observados, 4 demandas positivas).",283.24
ITEM_2752,2,2,0.9667,12.5,12.5,23.0,0.08,Intermitente,False,"Meses observados o demandas positivas insuficientes para conformar entrenamiento y prueba (umbral operativo: 15 meses observados, 4 demandas positivas).",153.0
ITEM_2753,1,1,0.9833,15.0,0.0,60.0,0.0,Intermitente,False,"Meses observados o demandas positivas insuficientes para conformar entrenamiento y prueba (umbral operativo: 15 meses observados, 4 demandas positivas).",120.0
ITEM_2754,1,1,0.9833,10.0,0.0,60.0,0.0,Intermitente,False,"Meses observados o demandas positivas insuficientes para conformar entrenamiento y prueba (umbral operativo: 15 meses observados, 4 demandas positivas).",120.0
ITEM_2755,1,1,0.9833,15.0,0.0,60.0,0.0,Intermitente,False,"Meses observados o demandas positivas insuficientes para conformar entrenamiento y prueba (umbral operativo: 15 meses observados, 4 demandas positivas).",120.0
ITEM_2756,1,1,0.9833,1.0,0.0,60.0,0.0,Intermitente,False,"Meses observados o demandas positivas insuficientes para conformar entrenamiento y prueba (umbral operativo: 15 meses observados, 4 demandas positivas).",120.0
ITEM_2757,1,1,0.9833,20.0,0.0,60.0,0.0,Intermitente,False,"Meses observados o demandas positivas insuficientes para conformar entrenamiento y prueba (umbral operativo: 15 meses observados, 4 demandas positivas).",120.0
ITEM_2758,3,3,0.95,381.3333,153365.3333,9.0,1.0547,Lumpy,False,"Meses observados o demandas positivas insuficientes para conformar entrenamiento y prueba (umbral operativo: 15 meses observados, 4 demandas positivas).",190.8
ITEM_2760,2,2,0.9667,2.5,0.5,20.0,0.08,Intermitente,False,"Meses observados o demandas positivas insuficientes para conformar entrenamiento y prueba (umbral operativo: 15 meses observados, 4 demandas positivas).",203.7
ITEM_2761,1,1,0.9833,2.0,0.0,60.0,0.0,Intermitente,False,"Meses observados o demandas positivas insuficientes para conformar entrenamiento y prueba (umbral operativo: 15 meses observados, 4 demandas positivas).",119.6
ITEM_2762,1,1,0.9833,3.0,0.0,60.0,0.0,Intermitente,False,"Meses observados o demandas positivas insuficientes para conformar entrenamiento y prueba (umbral operativo: 15 meses observados, 4 demandas positivas).",119.6
ITEM_2763,1,1,0.9833,2.0,0.0,60.0,0.0,Intermitente,False,"Meses observados o demandas positivas insuficientes para conformar entrenamiento y prueba (umbral operativo: 15 meses observados, 4 demandas positivas).",119.33
ITEM_2764,1,1,0.9833,10.0,0.0,60.0,0.0,Intermitente,False,"Meses observados o demandas positivas insuficientes para conformar entrenamiento y prueba (umbral operativo: 15 meses observados, 4 demandas positivas).",119.26
ITEM_2766,1,1,0.9833,16.0,0.0,60.0,0.0,Intermitente,False,"Meses observados o demandas positivas insuficientes para conformar entrenamiento y prueba (umbral operativo: 15 meses observados, 4 demandas positivas).",148.91
ITEM_2767,1,1,0.9833,200.0,0.0,60.0,0.0,Intermitente,False,"Meses observados o demandas positivas insuficientes para conformar entrenamiento y prueba (umbral operativo: 15 meses observados, 4 demandas positivas).",118.4
ITEM_2768,1,1,0.9833,1500.0,0.0,60.0,0.0,Intermitente,False,"Meses observados o demandas positivas insuficientes para conformar entrenamiento y prueba (umbral operativo: 15 meses observados, 4 demandas positivas).",118.2
ITEM_2769,1,1,0.9833,40.0,0.0,60.0,0.0,Intermitente,False,"Meses observados o demandas positivas insuficientes para conformar entrenamiento y prueba (umbral operativo: 15 meses observados, 4 demandas positivas).",118.08
ITEM_2770,1,1,0.9833,2.0,0.0,60.0,0.0,Intermitente,False,"Meses observados o demandas positivas insuficientes para conformar entrenamiento y prueba (umbral operativo: 15 meses observados, 4 demandas positivas).",118.0
ITEM_2771,3,3,0.95,50.0,3700.0,3.0,1.48,Lumpy,False,"Meses observados o demandas positivas insuficientes para conformar entrenamiento y prueba (umbral operativo: 15 meses observados, 4 demandas positivas).",123.76
ITEM_2772,1,1,0.9833,2.0,0.0,60.0,0.0,Intermitente,False,"Meses observados o demandas positivas insuficientes para conformar entrenamiento y prueba (umbral operativo: 15 meses observados, 4 demandas positivas).",117.64
ITEM_2773,1,1,0.9833,28.0,0.0,60.0,0.0,Intermitente,False,"Meses observados o demandas positivas insuficientes para conformar entrenamiento y prueba (umbral operativo: 15 meses observados, 4 demandas positivas).",117.61
ITEM_2774,3,3,0.95,2.6667,0.3333,10.0,0.0469,Intermitente,False,"Meses observados o demandas positivas insuficientes para conformar entrenamiento y prueba (umbral operativo: 15 meses observados, 4 demandas positivas).",292.6
ITEM_2775,1,1,0.9833,1.0,0.0,60.0,0.0,Intermitente,False,"Meses observados o demandas positivas insuficientes para conformar entrenamiento y prueba (umbral operativo: 15 meses observados, 4 demandas positivas).",117.6
ITEM_2776,1,1,0.9833,1.0,0.0,60.0,0.0,Intermitente,False,"Meses observados o demandas positivas insuficientes para conformar entrenamiento y prueba (umbral operativo: 15 meses observados, 4 demandas positivas).",117.49
ITEM_2777,2,2,0.9667,42.0,648.0,12.0,0.3673,Intermitente,False,"Meses observados o demandas positivas insuficientes para conformar entrenamiento y prueba (umbral operativo: 15 meses observados, 4 demandas positivas).",187.04
ITEM_2778,1,1,0.9833,6.0,0.0,60.0,0.0,Intermitente,False,"Meses observados o demandas positivas insuficientes para conformar entrenamiento y prueba (umbral operativo: 15 meses observados, 4 demandas positivas).",117.42
ITEM_2779,1,1,0.9833,1.0,0.0,60.0,0.0,Intermitente,False,"Meses observados o demandas positivas insuficientes para conformar entrenamiento y prueba (umbral operativo: 15 meses observados, 4 demandas positivas).",117.41
ITEM_2780,1,1,0.9833,2.0,0.0,60.0,0.0,Intermitente,False,"Meses observados o demandas positivas insuficientes para conformar entrenamiento y prueba (umbral operativo: 15 meses observados, 4 demandas positivas).",117.33
ITEM_2781,2,2,0.9667,30.0,72.0,3.0,0.08,Intermitente,False,"Meses observados o demandas positivas insuficientes para conformar entrenamiento y prueba (umbral operativo: 15 meses observados, 4 demandas positivas).",177.44
ITEM_2782,5,5,0.9167,140.2,6705.2,8.75,0.3411,Intermitente,False,"Meses observados o demandas positivas insuficientes para conformar entrenamiento y prueba (umbral operativo: 15 meses observados, 4 demandas positivas).",581.22
ITEM_2784,1,1,0.9833,6.0,0.0,60.0,0.0,Intermitente,False,"Meses observados o demandas positivas insuficientes para conformar entrenamiento y prueba (umbral operativo: 15 meses observados, 4 demandas positivas).",116.72
ITEM_2785,1,1,0.9833,35.0,0.0,60.0,0.0,Intermitente,False,"Meses observados o demandas positivas insuficientes para conformar entrenamiento y prueba (umbral operativo: 15 meses observados, 4 demandas positivas).",116.55
ITEM_2786,1,1,0.9833,1.0,0.0,60.0,0.0,Intermitente,False,"Meses observados o demandas positivas insuficientes para conformar entrenamiento y prueba (umbral operativo: 15 meses observados, 4 demandas positivas).",116.52
ITEM_2787,2,2,0.9667,4.0,8.0,3.0,0.5,Lumpy,False,"Meses observados o demandas positivas insuficientes para conformar entrenamiento y prueba (umbral operativo: 15 meses observados, 4 demandas positivas).",287.11
ITEM_2788,1,1,0.9833,3.0,0.0,60.0,0.0,Intermitente,False,"Meses observados o demandas positivas insuficientes para conformar entrenamiento y prueba (umbral operativo: 15 meses observados, 4 demandas positivas).",115.92
ITEM_2790,1,1,0.9833,6.0,0.0,60.0,0.0,Intermitente,False,"Meses observados o demandas positivas insuficientes para conformar entrenamiento y prueba (umbral operativo: 15 meses observados, 4 demandas positivas).",115.5
ITEM_2792,2,2,0.9667,8.0,0.0,3.0,0.0,Intermitente,False,"Meses observados o demandas positivas insuficientes para conformar entrenamiento y prueba (umbral operativo: 15 meses observados, 4 demandas positivas).",227.84
ITEM_2793,1,1,0.9833,1.0,0.0,60.0,0.0,Intermitente,False,"Meses observados o demandas positivas insuficientes para conformar entrenamiento y prueba (umbral operativo: 15 meses observados, 4 demandas positivas).",115.03
ITEM_2794,15,15,0.75,3.2667,0.9238,5.0714,0.0866,Intermitente,True,,707.58
ITEM_2795,1,1,0.9833,20.0,0.0,60.0,0.0,Intermitente,False,"Meses observados o demandas positivas insuficientes para conformar entrenamiento y prueba (umbral operativo: 15 meses observados, 4 demandas positivas).",208.43
ITEM_2796,1,1,0.9833,20.0,0.0,60.0,0.0,Intermitente,False,"Meses observados o demandas positivas insuficientes para conformar entrenamiento y prueba (umbral operativo: 15 meses observados, 4 demandas positivas).",114.6
ITEM_2797,1,1,0.9833,4.0,0.0,60.0,0.0,Intermitente,False,"Meses observados o demandas positivas insuficientes para conformar entrenamiento y prueba (umbral operativo: 15 meses observados, 4 demandas positivas).",114.59
ITEM_2798,4,4,0.9333,97.5,1158.3333,8.0,0.1218,Intermitente,False,"Meses observados o demandas positivas insuficientes para conformar entrenamiento y prueba (umbral operativo: 15 meses observados, 4 demandas positivas).",346.5
ITEM_2799,1,1,0.9833,1.0,0.0,60.0,0.0,Intermitente,False,"Meses observados o demandas positivas insuficientes para conformar entrenamiento y prueba (umbral operativo: 15 meses observados, 4 demandas positivas).",114.23
ITEM_2800,2,2,0.9667,1.0,0.0,16.0,0.0,Intermitente,False,"Meses observados o demandas positivas insuficientes para conformar entrenamiento y prueba (umbral operativo: 15 meses observados, 4 demandas positivas).",152.45
ITEM_2801,1,1,0.9833,30.0,0.0,60.0,0.0,Intermitente,False,"Meses observados o demandas positivas insuficientes para conformar entrenamiento y prueba (umbral operativo: 15 meses observados, 4 demandas positivas).",114.0
ITEM_2802,5,5,0.9167,28.0,20.0,9.25,0.0255,Intermitente,False,"Meses observados o demandas positivas insuficientes para conformar entrenamiento y prueba (umbral operativo: 15 meses observados, 4 demandas positivas).",308.0
ITEM_2803,1,1,0.9833,12.0,0.0,60.0,0.0,Intermitente,False,"Meses observados o demandas positivas insuficientes para conformar entrenamiento y prueba (umbral operativo: 15 meses observados, 4 demandas positivas).",113.86
ITEM_2804,3,3,0.95,7.3333,1.3333,11.0,0.0248,Intermitente,False,"Meses observados o demandas positivas insuficientes para conformar entrenamiento y prueba (umbral operativo: 15 meses observados, 4 demandas positivas).",284.88
ITEM_2805,2,2,0.9667,5.0,0.0,27.0,0.0,Intermitente,False,"Meses observados o demandas positivas insuficientes para conformar entrenamiento y prueba (umbral operativo: 15 meses observados, 4 demandas positivas).",183.01
ITEM_2806,1,1,0.9833,2.0,0.0,60.0,0.0,Intermitente,False,"Meses observados o demandas positivas insuficientes para conformar entrenamiento y prueba (umbral operativo: 15 meses observados, 4 demandas positivas).",113.08
ITEM_2807,2,2,0.9667,2.0,0.0,3.0,0.0,Intermitente,False,"Meses observados o demandas positivas insuficientes para conformar entrenamiento y prueba (umbral operativo: 15 meses observados, 4 demandas positivas).",226.0
ITEM_2808,1,1,0.9833,10.0,0.0,60.0,0.0,Intermitente,False,"Meses observados o demandas positivas insuficientes para conformar entrenamiento y prueba (umbral operativo: 15 meses observados, 4 demandas positivas).",112.97
ITEM_2809,1,1,0.9833,1.0,0.0,60.0,0.0,Intermitente,False,"Meses observados o demandas positivas insuficientes para conformar entrenamiento y prueba (umbral operativo: 15 meses observados, 4 demandas positivas).",112.83
ITEM_2810,2,2,0.9667,1.0,0.0,12.0,0.0,Intermitente,False,"Meses observados o demandas positivas insuficientes para conformar entrenamiento y prueba (umbral operativo: 15 meses observados, 4 demandas positivas).",164.04
ITEM_2811,1,1,0.9833,6.0,0.0,60.0,0.0,Intermitente,False,"Meses observados o demandas positivas insuficientes para conformar entrenamiento y prueba (umbral operativo: 15 meses observados, 4 demandas positivas).",112.53
ITEM_2812,2,2,0.9667,35.0,450.0,5.0,0.3673,Intermitente,False,"Meses observados o demandas positivas insuficientes para conformar entrenamiento y prueba (umbral operativo: 15 meses observados, 4 demandas positivas).",129.5
ITEM_2815,4,4,0.9333,10.0,8.0,10.6667,0.08,Intermitente,False,"Meses observados o demandas positivas insuficientes para conformar entrenamiento y prueba (umbral operativo: 15 meses observados, 4 demandas positivas).",340.88
ITEM_2817,1,1,0.9833,14.0,0.0,60.0,0.0,Intermitente,False,"Meses observados o demandas positivas insuficientes para conformar entrenamiento y prueba (umbral operativo: 15 meses observados, 4 demandas positivas).",112.0
ITEM_2818,1,1,0.9833,14.0,0.0,60.0,0.0,Intermitente,False,"Meses observados o demandas positivas insuficientes para conformar entrenamiento y prueba (umbral operativo: 15 meses observados, 4 demandas positivas).",112.0
ITEM_2819,7,7,0.8833,16.2857,81.5714,6.3333,0.3076,Intermitente,False,"Meses observados o demandas positivas insuficientes para conformar entrenamiento y prueba (umbral operativo: 15 meses observados, 4 demandas positivas).",431.78
ITEM_2820,1,1,0.9833,10.0,0.0,60.0,0.0,Intermitente,False,"Meses observados o demandas positivas insuficientes para conformar entrenamiento y prueba (umbral operativo: 15 meses observados, 4 demandas positivas).",186.37
ITEM_2821,2,2,0.9667,4.0,0.0,13.0,0.0,Intermitente,False,"Meses observados o demandas positivas insuficientes para conformar entrenamiento y prueba (umbral operativo: 15 meses observados, 4 demandas positivas).",217.96
ITEM_2822,2,2,0.9667,2.5,4.5,3.0,0.72,Lumpy,False,"Meses observados o demandas positivas insuficientes para conformar entrenamiento y prueba (umbral operativo: 15 meses observados, 4 demandas positivas).",153.68
ITEM_2823,1,1,0.9833,6.0,0.0,60.0,0.0,Intermitente,False,"Meses observados o demandas positivas insuficientes para conformar entrenamiento y prueba (umbral operativo: 15 meses observados, 4 demandas positivas).",111.29
ITEM_2824,2,2,0.9667,13.0,2.0,30.0,0.0118,Intermitente,False,"Meses observados o demandas positivas insuficientes para conformar entrenamiento y prueba (umbral operativo: 15 meses observados, 4 demandas positivas).",209.35
ITEM_2825,1,1,0.9833,8.0,0.0,60.0,0.0,Intermitente,False,"Meses observados o demandas positivas insuficientes para conformar entrenamiento y prueba (umbral operativo: 15 meses observados, 4 demandas positivas).",111.12
ITEM_2826,1,1,0.9833,4.0,0.0,60.0,0.0,Intermitente,False,"Meses observados o demandas positivas insuficientes para conformar entrenamiento y prueba (umbral operativo: 15 meses observados, 4 demandas positivas).",222.12
ITEM_2827,27,27,0.55,25.7407,223.7379,2.3077,0.3377,Intermitente,True,,1131.12
ITEM_2829,1,1,0.9833,3.0,0.0,60.0,0.0,Intermitente,False,"Meses observados o demandas positivas insuficientes para conformar entrenamiento y prueba (umbral operativo: 15 meses observados, 4 demandas positivas).",111.0
ITEM_2830,1,1,0.9833,1.0,0.0,60.0,0.0,Intermitente,False,"Meses observados o demandas positivas insuficientes para conformar entrenamiento y prueba (umbral operativo: 15 meses observados, 4 demandas positivas).",110.76
ITEM_2831,2,2,0.9667,5.0,2.0,5.0,0.08,Intermitente,False,"Meses observados o demandas positivas insuficientes para conformar entrenamiento y prueba (umbral operativo: 15 meses observados, 4 demandas positivas).",171.17
ITEM_2832,1,1,0.9833,4.0,0.0,60.0,0.0,Intermitente,False,"Meses observados o demandas positivas insuficientes para conformar entrenamiento y prueba (umbral operativo: 15 meses observados, 4 demandas positivas).",219.48
ITEM_2833,1,1,0.9833,12.0,0.0,60.0,0.0,Intermitente,False,"Meses observados o demandas positivas insuficientes para conformar entrenamiento y prueba (umbral operativo: 15 meses observados, 4 demandas positivas).",110.48
ITEM_2834,1,1,0.9833,4.0,0.0,60.0,0.0,Intermitente,False,"Meses observados o demandas positivas insuficientes para conformar entrenamiento y prueba (umbral operativo: 15 meses observados, 4 demandas positivas).",110.42
ITEM_2835,11,11,0.8167,1.7273,1.6182,4.3,0.5424,Lumpy,False,"Meses observados o demandas positivas insuficientes para conformar entrenamiento y prueba (umbral operativo: 15 meses observados, 4 demandas positivas).",341.84
ITEM_2837,1,1,0.9833,24.0,0.0,60.0,0.0,Intermitente,False,"Meses observados o demandas positivas insuficientes para conformar entrenamiento y prueba (umbral operativo: 15 meses observados, 4 demandas positivas).",110.34
ITEM_2838,1,1,0.9833,32.0,0.0,60.0,0.0,Intermitente,False,"Meses observados o demandas positivas insuficientes para conformar entrenamiento y prueba (umbral operativo: 15 meses observados, 4 demandas positivas).",220.48
ITEM_2840,1,1,0.9833,25.0,0.0,60.0,0.0,Intermitente,False,"Meses observados o demandas positivas insuficientes para conformar entrenamiento y prueba (umbral operativo: 15 meses observados, 4 demandas positivas).",110.09
ITEM_2841,2,2,0.9667,1.0,0.0,12.0,0.0,Intermitente,False,"Meses observados o demandas positivas insuficientes para conformar entrenamiento y prueba (umbral operativo: 15 meses observados, 4 demandas positivas).",188.54
ITEM_2843,1,1,0.9833,2.0,0.0,60.0,0.0,Intermitente,False,"Meses observados o demandas positivas insuficientes para conformar entrenamiento y prueba (umbral operativo: 15 meses observados, 4 demandas positivas).",110.0
ITEM_2844,1,1,0.9833,24.0,0.0,60.0,0.0,Intermitente,False,"Meses observados o demandas positivas insuficientes para conformar entrenamiento y prueba (umbral operativo: 15 meses observados, 4 demandas positivas).",109.87
ITEM_2845,41,41,0.3167,68.878,2783.2098,2.4,0.5867,Lumpy,True,,4640.17
ITEM_2846,1,1,0.9833,1.0,0.0,60.0,0.0,Intermitente,False,"Meses observados o demandas positivas insuficientes para conformar entrenamiento y prueba (umbral operativo: 15 meses observados, 4 demandas positivas).",109.56
ITEM_2847,3,3,0.95,5.0,0.0,7.5,0.0,Intermitente,False,"Meses observados o demandas positivas insuficientes para conformar entrenamiento y prueba (umbral operativo: 15 meses observados, 4 demandas positivas).",271.0
ITEM_2848,1,1,0.9833,1.0,0.0,60.0,0.0,Intermitente,False,"Meses observados o demandas positivas insuficientes para conformar entrenamiento y prueba (umbral operativo: 15 meses observados, 4 demandas positivas).",109.49
ITEM_2849,3,3,0.95,23.3333,1009.3333,11.0,1.8539,Lumpy,False,"Meses observados o demandas positivas insuficientes para conformar entrenamiento y prueba (umbral operativo: 15 meses observados, 4 demandas positivas).",283.16
ITEM_2850,1,1,0.9833,12.0,0.0,60.0,0.0,Intermitente,False,"Meses observados o demandas positivas insuficientes para conformar entrenamiento y prueba (umbral operativo: 15 meses observados, 4 demandas positivas).",109.18
ITEM_2851,2,2,0.9667,2.0,0.0,3.0,0.0,Intermitente,False,"Meses observados o demandas positivas insuficientes para conformar entrenamiento y prueba (umbral operativo: 15 meses observados, 4 demandas positivas).",218.2
ITEM_2852,4,4,0.9333,18.75,222.9167,3.3333,0.6341,Lumpy,False,"Meses observados o demandas positivas insuficientes para conformar entrenamiento y prueba (umbral operativo: 15 meses observados, 4 demandas positivas).",199.77
ITEM_2853,2,2,0.9667,6.5,60.5,23.0,1.432,Lumpy,False,"Meses observados o demandas positivas insuficientes para conformar entrenamiento y prueba (umbral operativo: 15 meses observados, 4 demandas positivas).",140.21
ITEM_2854,1,1,0.9833,4.0,0.0,60.0,0.0,Intermitente,False,"Meses observados o demandas positivas insuficientes para conformar entrenamiento y prueba (umbral operativo: 15 meses observados, 4 demandas positivas).",108.86
ITEM_2855,15,15,0.75,12.6667,23.9524,3.4286,0.1493,Intermitente,True,,752.98
ITEM_2856,1,1,0.9833,2.0,0.0,60.0,0.0,Intermitente,False,"Meses observados o demandas positivas insuficientes para conformar entrenamiento y prueba (umbral operativo: 15 meses observados, 4 demandas positivas).",108.61
ITEM_2857,1,1,0.9833,2.0,0.0,60.0,0.0,Intermitente,False,"Meses observados o demandas positivas insuficientes para conformar entrenamiento y prueba (umbral operativo: 15 meses observados, 4 demandas positivas).",108.55
ITEM_2858,1,1,0.9833,20.0,0.0,60.0,0.0,Intermitente,False,"Meses observados o demandas positivas insuficientes para conformar entrenamiento y prueba (umbral operativo: 15 meses observados, 4 demandas positivas).",108.54
ITEM_2859,1,1,0.9833,6.0,0.0,60.0,0.0,Intermitente,False,"Meses observados o demandas positivas insuficientes para conformar entrenamiento y prueba (umbral operativo: 15 meses observados, 4 demandas positivas).",108.49
ITEM_2860,1,1,0.9833,1.0,0.0,60.0,0.0,Intermitente,False,"Meses observados o demandas positivas insuficientes para conformar entrenamiento y prueba (umbral operativo: 15 meses observados, 4 demandas positivas).",108.31
ITEM_2861,1,1,0.9833,2.0,0.0,60.0,0.0,Intermitente,False,"Meses observados o demandas positivas insuficientes para conformar entrenamiento y prueba (umbral operativo: 15 meses observados, 4 demandas positivas).",108.24
ITEM_2862,1,1,0.9833,30.0,0.0,60.0,0.0,Intermitente,False,"Meses observados o demandas positivas insuficientes para conformar entrenamiento y prueba (umbral operativo: 15 meses observados, 4 demandas positivas).",108.23
ITEM_2863,2,2,0.9667,75.0,450.0,19.0,0.08,Intermitente,False,"Meses observados o demandas positivas insuficientes para conformar entrenamiento y prueba (umbral operativo: 15 meses observados, 4 demandas positivas).",291.54
ITEM_2864,1,1,0.9833,12.0,0.0,60.0,0.0,Intermitente,False,"Meses observados o demandas positivas insuficientes para conformar entrenamiento y prueba (umbral operativo: 15 meses observados, 4 demandas positivas).",216.07
ITEM_2865,1,1,0.9833,6.0,0.0,60.0,0.0,Intermitente,False,"Meses observados o demandas positivas insuficientes para conformar entrenamiento y prueba (umbral operativo: 15 meses observados, 4 demandas positivas).",108.0
ITEM_2866,4,4,0.9333,5.25,72.25,6.0,2.6213,Lumpy,False,"Meses observados o demandas positivas insuficientes para conformar entrenamiento y prueba (umbral operativo: 15 meses observados, 4 demandas positivas).",177.69
ITEM_2867,4,4,0.9333,1102.5,3746025.0,6.6667,3.0819,Lumpy,False,"Meses observados o demandas positivas insuficientes para conformar entrenamiento y prueba (umbral operativo: 15 meses observados, 4 demandas positivas).",131.7
ITEM_2868,1,1,0.9833,2.0,0.0,60.0,0.0,Intermitente,False,"Meses observados o demandas positivas insuficientes para conformar entrenamiento y prueba (umbral operativo: 15 meses observados, 4 demandas positivas).",107.79
ITEM_2869,1,1,0.9833,2.0,0.0,60.0,0.0,Intermitente,False,"Meses observados o demandas positivas insuficientes para conformar entrenamiento y prueba (umbral operativo: 15 meses observados, 4 demandas positivas).",107.73
ITEM_2870,2,2,0.9667,3.5,0.5,32.0,0.0408,Intermitente,False,"Meses observados o demandas positivas insuficientes para conformar entrenamiento y prueba (umbral operativo: 15 meses observados, 4 demandas positivas).",173.7
ITEM_2871,1,1,0.9833,2.0,0.0,60.0,0.0,Intermitente,False,"Meses observados o demandas positivas insuficientes para conformar entrenamiento y prueba (umbral operativo: 15 meses observados, 4 demandas positivas).",215.37
ITEM_2872,3,3,0.95,18.0,108.0,15.0,0.3333,Intermitente,False,"Meses observados o demandas positivas insuficientes para conformar entrenamiento y prueba (umbral operativo: 15 meses observados, 4 demandas positivas).",256.56
ITEM_2873,1,1,0.9833,12.0,0.0,60.0,0.0,Intermitente,False,"Meses observados o demandas positivas insuficientes para conformar entrenamiento y prueba (umbral operativo: 15 meses observados, 4 demandas positivas).",107.16
ITEM_2874,2,2,0.9667,3.0,2.0,18.0,0.2222,Intermitente,False,"Meses observados o demandas positivas insuficientes para conformar entrenamiento y prueba (umbral operativo: 15 meses observados, 4 demandas positivas).",170.22
ITEM_2875,2,2,0.9667,7.5,84.5,17.0,1.5022,Lumpy,False,"Meses observados o demandas positivas insuficientes para conformar entrenamiento y prueba (umbral operativo: 15 meses observados, 4 demandas positivas).",156.38
ITEM_2876,1,1,0.9833,2.0,0.0,60.0,0.0,Intermitente,False,"Meses observados o demandas positivas insuficientes para conformar entrenamiento y prueba (umbral operativo: 15 meses observados, 4 demandas positivas).",107.03
ITEM_2877,7,7,0.8833,16.5714,105.2857,6.3333,0.3834,Intermitente,False,"Meses observados o demandas positivas insuficientes para conformar entrenamiento y prueba (umbral operativo: 15 meses observados, 4 demandas positivas).",367.61
ITEM_2878,1,1,0.9833,20.0,0.0,60.0,0.0,Intermitente,False,"Meses observados o demandas positivas insuficientes para conformar entrenamiento y prueba (umbral operativo: 15 meses observados, 4 demandas positivas).",106.2
ITEM_2879,1,1,0.9833,2.0,0.0,60.0,0.0,Intermitente,False,"Meses observados o demandas positivas insuficientes para conformar entrenamiento y prueba (umbral operativo: 15 meses observados, 4 demandas positivas).",106.17
ITEM_2880,2,2,0.9667,4.0,8.0,19.0,0.5,Lumpy,False,"Meses observados o demandas positivas insuficientes para conformar entrenamiento y prueba (umbral operativo: 15 meses observados, 4 demandas positivas).",156.4
ITEM_2881,1,1,0.9833,1.0,0.0,60.0,0.0,Intermitente,False,"Meses observados o demandas positivas insuficientes para conformar entrenamiento y prueba (umbral operativo: 15 meses observados, 4 demandas positivas).",105.88
ITEM_2883,1,1,0.9833,60.0,0.0,60.0,0.0,Intermitente,False,"Meses observados o demandas positivas insuficientes para conformar entrenamiento y prueba (umbral operativo: 15 meses observados, 4 demandas positivas).",105.58
ITEM_2884,1,1,0.9833,8.0,0.0,60.0,0.0,Intermitente,False,"Meses observados o demandas positivas insuficientes para conformar entrenamiento y prueba (umbral operativo: 15 meses observados, 4 demandas positivas).",105.41
ITEM_2885,2,2,0.9667,8.0,0.0,3.0,0.0,Intermitente,False,"Meses observados o demandas positivas insuficientes para conformar entrenamiento y prueba (umbral operativo: 15 meses observados, 4 demandas positivas).",210.06
ITEM_2886,2,2,0.9667,5.5,0.5,3.0,0.0165,Intermitente,False,"Meses observados o demandas positivas insuficientes para conformar entrenamiento y prueba (umbral operativo: 15 meses observados, 4 demandas positivas).",114.0
ITEM_2887,1,1,0.9833,2.0,0.0,60.0,0.0,Intermitente,False,"Meses observados o demandas positivas insuficientes para conformar entrenamiento y prueba (umbral operativo: 15 meses observados, 4 demandas positivas).",105.0
ITEM_2888,3,3,0.95,2006.6667,6960133.3333,2.5,1.7285,Lumpy,False,"Meses observados o demandas positivas insuficientes para conformar entrenamiento y prueba (umbral operativo: 15 meses observados, 4 demandas positivas).",206.35
ITEM_2889,1,1,0.9833,8.0,0.0,60.0,0.0,Intermitente,False,"Meses observados o demandas positivas insuficientes para conformar entrenamiento y prueba (umbral operativo: 15 meses observados, 4 demandas positivas).",104.93
ITEM_2890,2,2,0.9667,10.0,8.0,10.0,0.08,Intermitente,False,"Meses observados o demandas positivas insuficientes para conformar entrenamiento y prueba (umbral operativo: 15 meses observados, 4 demandas positivas).",174.4
ITEM_2891,1,1,0.9833,2.0,0.0,60.0,0.0,Intermitente,False,"Meses observados o demandas positivas insuficientes para conformar entrenamiento y prueba (umbral operativo: 15 meses observados, 4 demandas positivas).",104.52
ITEM_2892,1,1,0.9833,9.0,0.0,60.0,0.0,Intermitente,False,"Meses observados o demandas positivas insuficientes para conformar entrenamiento y prueba (umbral operativo: 15 meses observados, 4 demandas positivas).",104.52
ITEM_2893,5,5,0.9167,1040.0,1273000.0,5.5,1.177,Lumpy,False,"Meses observados o demandas positivas insuficientes para conformar entrenamiento y prueba (umbral operativo: 15 meses observados, 4 demandas positivas).",233.87
ITEM_2894,1,1,0.9833,8.0,0.0,60.0,0.0,Intermitente,False,"Meses observados o demandas positivas insuficientes para conformar entrenamiento y prueba (umbral operativo: 15 meses observados, 4 demandas positivas).",104.43
ITEM_2895,1,1,0.9833,4.0,0.0,60.0,0.0,Intermitente,False,"Meses observados o demandas positivas insuficientes para conformar entrenamiento y prueba (umbral operativo: 15 meses observados, 4 demandas positivas).",104.17
ITEM_2896,2,2,0.9667,2.0,0.0,3.0,0.0,Intermitente,False,"Meses observados o demandas positivas insuficientes para conformar entrenamiento y prueba (umbral operativo: 15 meses observados, 4 demandas positivas).",208.2
ITEM_2897,3,3,0.95,11.3333,65.3333,14.5,0.5087,Lumpy,False,"Meses observados o demandas positivas insuficientes para conformar entrenamiento y prueba (umbral operativo: 15 meses observados, 4 demandas positivas).",182.86
ITEM_2898,2,2,0.9667,2.5,4.5,8.0,0.72,Lumpy,False,"Meses observados o demandas positivas insuficientes para conformar entrenamiento y prueba (umbral operativo: 15 meses observados, 4 demandas positivas).",188.17
ITEM_2899,17,17,0.7167,14.0588,274.1838,3.125,1.3872,Lumpy,True,,996.19
ITEM_2900,1,1,0.9833,6.0,0.0,60.0,0.0,Intermitente,False,"Meses observados o demandas positivas insuficientes para conformar entrenamiento y prueba (umbral operativo: 15 meses observados, 4 demandas positivas).",103.32
ITEM_2901,1,1,0.9833,20.0,0.0,60.0,0.0,Intermitente,False,"Meses observados o demandas positivas insuficientes para conformar entrenamiento y prueba (umbral operativo: 15 meses observados, 4 demandas positivas).",103.25
ITEM_2902,3,3,0.95,15.6667,124.3333,23.0,0.5066,Lumpy,False,"Meses observados o demandas positivas insuficientes para conformar entrenamiento y prueba (umbral operativo: 15 meses observados, 4 demandas positivas).",209.46
ITEM_2903,1,1,0.9833,2.0,0.0,60.0,0.0,Intermitente,False,"Meses observados o demandas positivas insuficientes para conformar entrenamiento y prueba (umbral operativo: 15 meses observados, 4 demandas positivas).",103.2
ITEM_2904,1,1,0.9833,4.0,0.0,60.0,0.0,Intermitente,False,"Meses observados o demandas positivas insuficientes para conformar entrenamiento y prueba (umbral operativo: 15 meses observados, 4 demandas positivas).",205.57
ITEM_2905,1,1,0.9833,6.0,0.0,60.0,0.0,Intermitente,False,"Meses observados o demandas positivas insuficientes para conformar entrenamiento y prueba (umbral operativo: 15 meses observados, 4 demandas positivas).",103.08
ITEM_2906,6,6,0.9,2.3333,3.8667,4.8,0.7102,Lumpy,False,"Meses observados o demandas positivas insuficientes para conformar entrenamiento y prueba (umbral operativo: 15 meses observados, 4 demandas positivas).",217.32
ITEM_2907,5,5,0.9167,11.8,456.7,8.25,3.2799,Lumpy,False,"Meses observados o demandas positivas insuficientes para conformar entrenamiento y prueba (umbral operativo: 15 meses observados, 4 demandas positivas).",308.6
ITEM_2908,1,1,0.9833,4.0,0.0,60.0,0.0,Intermitente,False,"Meses observados o demandas positivas insuficientes para conformar entrenamiento y prueba (umbral operativo: 15 meses observados, 4 demandas positivas).",102.6
ITEM_2911,2,2,0.9667,34.0,1352.0,3.0,1.1696,Lumpy,False,"Meses observados o demandas positivas insuficientes para conformar entrenamiento y prueba (umbral operativo: 15 meses observados, 4 demandas positivas).",122.07
ITEM_2912,1,1,0.9833,3.0,0.0,60.0,0.0,Intermitente,False,"Meses observados o demandas positivas insuficientes para conformar entrenamiento y prueba (umbral operativo: 15 meses observados, 4 demandas positivas).",102.06
ITEM_2914,1,1,0.9833,3.0,0.0,60.0,0.0,Intermitente,False,"Meses observados o demandas positivas insuficientes para conformar entrenamiento y prueba (umbral operativo: 15 meses observados, 4 demandas positivas).",102.06
ITEM_2915,1,1,0.9833,1.0,0.0,60.0,0.0,Intermitente,False,"Meses observados o demandas positivas insuficientes para conformar entrenamiento y prueba (umbral operativo: 15 meses observados, 4 demandas positivas).",101.98
ITEM_2916,1,1,0.9833,2.0,0.0,60.0,0.0,Intermitente,False,"Meses observados o demandas positivas insuficientes para conformar entrenamiento y prueba (umbral operativo: 15 meses observados, 4 demandas positivas).",101.97
ITEM_2918,1,1,0.9833,3.0,0.0,60.0,0.0,Intermitente,False,"Meses observados o demandas positivas insuficientes para conformar entrenamiento y prueba (umbral operativo: 15 meses observados, 4 demandas positivas).",101.58
ITEM_2919,1,1,0.9833,2.0,0.0,60.0,0.0,Intermitente,False,"Meses observados o demandas positivas insuficientes para conformar entrenamiento y prueba (umbral operativo: 15 meses observados, 4 demandas positivas).",101.18
ITEM_2920,3,3,0.95,1.0,0.0,12.5,0.0,Intermitente,False,"Meses observados o demandas positivas insuficientes para conformar entrenamiento y prueba (umbral operativo: 15 meses observados, 4 demandas positivas).",235.28
ITEM_2921,1,1,0.9833,5.0,0.0,60.0,0.0,Intermitente,False,"Meses observados o demandas positivas insuficientes para conformar entrenamiento y prueba (umbral operativo: 15 meses observados, 4 demandas positivas).",100.8
ITEM_2922,1,1,0.9833,3.0,0.0,60.0,0.0,Intermitente,False,"Meses observados o demandas positivas insuficientes para conformar entrenamiento y prueba (umbral operativo: 15 meses observados, 4 demandas positivas).",100.5
ITEM_2923,1,1,0.9833,16.0,0.0,60.0,0.0,Intermitente,False,"Meses observados o demandas positivas insuficientes para conformar entrenamiento y prueba (umbral operativo: 15 meses observados, 4 demandas positivas).",100.35
ITEM_2924,8,8,0.8667,35.25,2818.2143,3.8571,2.2681,Lumpy,False,"Meses observados o demandas positivas insuficientes para conformar entrenamiento y prueba (umbral operativo: 15 meses observados, 4 demandas positivas).",339.48
ITEM_2925,1,1,0.9833,6.0,0.0,60.0,0.0,Intermitente,False,"Meses observados o demandas positivas insuficientes para conformar entrenamiento y prueba (umbral operativo: 15 meses observados, 4 demandas positivas).",300.03
ITEM_2926,2,2,0.9667,16.0,32.0,16.0,0.125,Intermitente,False,"Meses observados o demandas positivas insuficientes para conformar entrenamiento y prueba (umbral operativo: 15 meses observados, 4 demandas positivas).",191.51
ITEM_2927,1,1,0.9833,2.0,0.0,60.0,0.0,Intermitente,False,"Meses observados o demandas positivas insuficientes para conformar entrenamiento y prueba (umbral operativo: 15 meses observados, 4 demandas positivas).",100.0
ITEM_2928,3,3,0.95,1.6667,1.3333,12.0,0.48,Intermitente,False,"Meses observados o demandas positivas insuficientes para conformar entrenamiento y prueba (umbral operativo: 15 meses observados, 4 demandas positivas).",268.42
ITEM_2929,9,9,0.85,38.4444,7617.5278,3.625,5.154,Lumpy,False,"Meses observados o demandas positivas insuficientes para conformar entrenamiento y prueba (umbral operativo: 15 meses observados, 4 demandas positivas).",419.45
ITEM_2930,2,2,0.9667,25.0,450.0,6.0,0.72,Lumpy,False,"Meses observados o demandas positivas insuficientes para conformar entrenamiento y prueba (umbral operativo: 15 meses observados, 4 demandas positivas).",149.25
ITEM_2931,1,1,0.9833,1.0,0.0,60.0,0.0,Intermitente,False,"Meses observados o demandas positivas insuficientes para conformar entrenamiento y prueba (umbral operativo: 15 meses observados, 4 demandas positivas).",99.63
ITEM_2932,24,24,0.6,25.375,470.5054,3.3043,0.7307,Lumpy,True,,765.23
ITEM_2933,3,3,0.95,12.0,0.0,11.0,0.0,Intermitente,False,"Meses observados o demandas positivas insuficientes para conformar entrenamiento y prueba (umbral operativo: 15 meses observados, 4 demandas positivas).",269.76
ITEM_2934,2,2,0.9667,22.0,0.0,3.0,0.0,Intermitente,False,"Meses observados o demandas positivas insuficientes para conformar entrenamiento y prueba (umbral operativo: 15 meses observados, 4 demandas positivas).",198.44
ITEM_2935,1,1,0.9833,2.0,0.0,60.0,0.0,Intermitente,False,"Meses observados o demandas positivas insuficientes para conformar entrenamiento y prueba (umbral operativo: 15 meses observados, 4 demandas positivas).",99.2
ITEM_2936,1,1,0.9833,8.0,0.0,60.0,0.0,Intermitente,False,"Meses observados o demandas positivas insuficientes para conformar entrenamiento y prueba (umbral operativo: 15 meses observados, 4 demandas positivas).",99.06
ITEM_2938,3,3,0.95,8.0,12.0,7.5,0.1875,Intermitente,False,"Meses observados o demandas positivas insuficientes para conformar entrenamiento y prueba (umbral operativo: 15 meses observados, 4 demandas positivas).",192.89
ITEM_2939,4,4,0.9333,7.5,9.0,8.3333,0.16,Intermitente,False,"Meses observados o demandas positivas insuficientes para conformar entrenamiento y prueba (umbral operativo: 15 meses observados, 4 demandas positivas).",216.0
ITEM_2941,1,1,0.9833,24.0,0.0,60.0,0.0,Intermitente,False,"Meses observados o demandas positivas insuficientes para conformar entrenamiento y prueba (umbral operativo: 15 meses observados, 4 demandas positivas).",98.88
ITEM_2942,1,1,0.9833,1.0,0.0,60.0,0.0,Intermitente,False,"Meses observados o demandas positivas insuficientes para conformar entrenamiento y prueba (umbral operativo: 15 meses observados, 4 demandas positivas).",98.84
ITEM_2943,3,3,0.95,1.0,0.0,10.5,0.0,Intermitente,False,"Meses observados o demandas positivas insuficientes para conformar entrenamiento y prueba (umbral operativo: 15 meses observados, 4 demandas positivas).",275.03
ITEM_2944,1,1,0.9833,36.0,0.0,60.0,0.0,Intermitente,False,"Meses observados o demandas positivas insuficientes para conformar entrenamiento y prueba (umbral operativo: 15 meses observados, 4 demandas positivas).",197.37
ITEM_2945,1,1,0.9833,1.0,0.0,60.0,0.0,Intermitente,False,"Meses observados o demandas positivas insuficientes para conformar entrenamiento y prueba (umbral operativo: 15 meses observados, 4 demandas positivas).",98.67
ITEM_2946,1,1,0.9833,6.0,0.0,60.0,0.0,Intermitente,False,"Meses observados o demandas positivas insuficientes para conformar entrenamiento y prueba (umbral operativo: 15 meses observados, 4 demandas positivas).",185.92
ITEM_2947,1,1,0.9833,2.0,0.0,60.0,0.0,Intermitente,False,"Meses observados o demandas positivas insuficientes para conformar entrenamiento y prueba (umbral operativo: 15 meses observados, 4 demandas positivas).",98.0
ITEM_2948,6,6,0.9,7.8333,7.3667,7.6,0.1201,Intermitente,False,"Meses observados o demandas positivas insuficientes para conformar entrenamiento y prueba (umbral operativo: 15 meses observados, 4 demandas positivas).",371.4
ITEM_2949,4,4,0.9333,11.5,1.0,10.6667,0.0076,Intermitente,False,"Meses observados o demandas positivas insuficientes para conformar entrenamiento y prueba (umbral operativo: 15 meses observados, 4 demandas positivas).",237.97
ITEM_2950,1,1,0.9833,1.0,0.0,60.0,0.0,Intermitente,False,"Meses observados o demandas positivas insuficientes para conformar entrenamiento y prueba (umbral operativo: 15 meses observados, 4 demandas positivas).",97.6
ITEM_2952,1,1,0.9833,1.0,0.0,60.0,0.0,Intermitente,False,"Meses observados o demandas positivas insuficientes para conformar entrenamiento y prueba (umbral operativo: 15 meses observados, 4 demandas positivas).",97.42
ITEM_2953,1,1,0.9833,120.0,0.0,60.0,0.0,Intermitente,False,"Meses observados o demandas positivas insuficientes para conformar entrenamiento y prueba (umbral operativo: 15 meses observados, 4 demandas positivas).",97.32
ITEM_2954,1,1,0.9833,25.0,0.0,60.0,0.0,Intermitente,False,"Meses observados o demandas positivas insuficientes para conformar entrenamiento y prueba (umbral operativo: 15 meses observados, 4 demandas positivas).",97.0
ITEM_2955,4,4,0.9333,6.75,90.9167,11.3333,1.9954,Lumpy,False,"Meses observados o demandas positivas insuficientes para conformar entrenamiento y prueba (umbral operativo: 15 meses observados, 4 demandas positivas).",119.07
ITEM_2956,1,1,0.9833,2.0,0.0,60.0,0.0,Intermitente,False,"Meses observados o demandas positivas insuficientes para conformar entrenamiento y prueba (umbral operativo: 15 meses observados, 4 demandas positivas).",96.48
ITEM_2957,3,3,0.95,4.6667,21.3333,6.5,0.9796,Lumpy,False,"Meses observados o demandas positivas insuficientes para conformar entrenamiento y prueba (umbral operativo: 15 meses observados, 4 demandas positivas).",154.43
ITEM_2958,2,2,0.9667,3.0,2.0,7.0,0.2222,Intermitente,False,"Meses observados o demandas positivas insuficientes para conformar entrenamiento y prueba (umbral operativo: 15 meses observados, 4 demandas positivas).",116.12
ITEM_2959,1,1,0.9833,3.0,0.0,60.0,0.0,Intermitente,False,"Meses observados o demandas positivas insuficientes para conformar entrenamiento y prueba (umbral operativo: 15 meses observados, 4 demandas positivas).",96.0
ITEM_2960,1,1,0.9833,20.0,0.0,60.0,0.0,Intermitente,False,"Meses observados o demandas positivas insuficientes para conformar entrenamiento y prueba (umbral operativo: 15 meses observados, 4 demandas positivas).",96.0
ITEM_2961,1,1,0.9833,20.0,0.0,60.0,0.0,Intermitente,False,"Meses observados o demandas positivas insuficientes para conformar entrenamiento y prueba (umbral operativo: 15 meses observados, 4 demandas positivas).",96.0
ITEM_2963,1,1,0.9833,2.0,0.0,60.0,0.0,Intermitente,False,"Meses observados o demandas positivas insuficientes para conformar entrenamiento y prueba (umbral operativo: 15 meses observados, 4 demandas positivas).",96.0
ITEM_2964,1,1,0.9833,300.0,0.0,60.0,0.0,Intermitente,False,"Meses observados o demandas positivas insuficientes para conformar entrenamiento y prueba (umbral operativo: 15 meses observados, 4 demandas positivas).",95.88
ITEM_2965,1,1,0.9833,2.0,0.0,60.0,0.0,Intermitente,False,"Meses observados o demandas positivas insuficientes para conformar entrenamiento y prueba (umbral operativo: 15 meses observados, 4 demandas positivas).",95.58
ITEM_2966,1,1,0.9833,1.0,0.0,60.0,0.0,Intermitente,False,"Meses observados o demandas positivas insuficientes para conformar entrenamiento y prueba (umbral operativo: 15 meses observados, 4 demandas positivas).",95.29
ITEM_2967,1,1,0.9833,500.0,0.0,60.0,0.0,Intermitente,False,"Meses observados o demandas positivas insuficientes para conformar entrenamiento y prueba (umbral operativo: 15 meses observados, 4 demandas positivas).",95.22
ITEM_2968,2,2,0.9667,110.0,7200.0,4.0,0.595,Lumpy,False,"Meses observados o demandas positivas insuficientes para conformar entrenamiento y prueba (umbral operativo: 15 meses observados, 4 demandas positivas).",123.33
ITEM_2969,3,3,0.95,10.0,12.0,10.5,0.12,Intermitente,False,"Meses observados o demandas positivas insuficientes para conformar entrenamiento y prueba (umbral operativo: 15 meses observados, 4 demandas positivas).",216.66
ITEM_2970,11,11,0.8167,17.7273,150.2182,4.1,0.478,Intermitente,False,"Meses observados o demandas positivas insuficientes para conformar entrenamiento y prueba (umbral operativo: 15 meses observados, 4 demandas positivas).",315.43
ITEM_2971,1,1,0.9833,38.0,0.0,60.0,0.0,Intermitente,False,"Meses observados o demandas positivas insuficientes para conformar entrenamiento y prueba (umbral operativo: 15 meses observados, 4 demandas positivas).",95.0
ITEM_2972,1,1,0.9833,1.0,0.0,60.0,0.0,Intermitente,False,"Meses observados o demandas positivas insuficientes para conformar entrenamiento y prueba (umbral operativo: 15 meses observados, 4 demandas positivas).",95.0
ITEM_2973,1,1,0.9833,10.0,0.0,60.0,0.0,Intermitente,False,"Meses observados o demandas positivas insuficientes para conformar entrenamiento y prueba (umbral operativo: 15 meses observados, 4 demandas positivas).",94.95
ITEM_2974,1,1,0.9833,25.0,0.0,60.0,0.0,Intermitente,False,"Meses observados o demandas positivas insuficientes para conformar entrenamiento y prueba (umbral operativo: 15 meses observados, 4 demandas positivas).",94.86
ITEM_2975,1,1,0.9833,6.0,0.0,60.0,0.0,Intermitente,False,"Meses observados o demandas positivas insuficientes para conformar entrenamiento y prueba (umbral operativo: 15 meses observados, 4 demandas positivas).",94.86
ITEM_2976,3,3,0.95,12.0,0.0,3.0,0.0,Intermitente,False,"Meses observados o demandas positivas insuficientes para conformar entrenamiento y prueba (umbral operativo: 15 meses observados, 4 demandas positivas).",160.43
ITEM_2977,8,8,0.8667,2.25,2.2143,5.7143,0.4374,Intermitente,False,"Meses observados o demandas positivas insuficientes para conformar entrenamiento y prueba (umbral operativo: 15 meses observados, 4 demandas positivas).",277.37
ITEM_2978,1,1,0.9833,60.0,0.0,60.0,0.0,Intermitente,False,"Meses observados o demandas positivas insuficientes para conformar entrenamiento y prueba (umbral operativo: 15 meses observados, 4 demandas positivas).",94.44
ITEM_2979,4,4,0.9333,1.25,0.25,11.6667,0.16,Intermitente,False,"Meses observados o demandas positivas insuficientes para conformar entrenamiento y prueba (umbral operativo: 15 meses observados, 4 demandas positivas).",419.59
ITEM_2981,1,1,0.9833,8.0,0.0,60.0,0.0,Intermitente,False,"Meses observados o demandas positivas insuficientes para conformar entrenamiento y prueba (umbral operativo: 15 meses observados, 4 demandas positivas).",94.25
ITEM_2982,1,1,0.9833,4.0,0.0,60.0,0.0,Intermitente,False,"Meses observados o demandas positivas insuficientes para conformar entrenamiento y prueba (umbral operativo: 15 meses observados, 4 demandas positivas).",94.01
ITEM_2983,2,2,0.9667,50.0,0.0,22.0,0.0,Intermitente,False,"Meses observados o demandas positivas insuficientes para conformar entrenamiento y prueba (umbral operativo: 15 meses observados, 4 demandas positivas).",184.0
ITEM_2984,1,1,0.9833,50.0,0.0,60.0,0.0,Intermitente,False,"Meses observados o demandas positivas insuficientes para conformar entrenamiento y prueba (umbral operativo: 15 meses observados, 4 demandas positivas).",94.0
ITEM_2985,5,5,0.9167,27.8,459.2,4.25,0.5942,Lumpy,False,"Meses observados o demandas positivas insuficientes para conformar entrenamiento y prueba (umbral operativo: 15 meses observados, 4 demandas positivas).",290.3
ITEM_2986,1,1,0.9833,1.0,0.0,60.0,0.0,Intermitente,False,"Meses observados o demandas positivas insuficientes para conformar entrenamiento y prueba (umbral operativo: 15 meses observados, 4 demandas positivas).",93.65
ITEM_2987,6,6,0.9,70.0,720.0,4.6,0.1469,Intermitente,False,"Meses observados o demandas positivas insuficientes para conformar entrenamiento y prueba (umbral operativo: 15 meses observados, 4 demandas positivas).",354.63
ITEM_2988,1,1,0.9833,130.0,0.0,60.0,0.0,Intermitente,False,"Meses observados o demandas positivas insuficientes para conformar entrenamiento y prueba (umbral operativo: 15 meses observados, 4 demandas positivas).",93.6
ITEM_2989,1,1,0.9833,4.0,0.0,60.0,0.0,Intermitente,False,"Meses observados o demandas positivas insuficientes para conformar entrenamiento y prueba (umbral operativo: 15 meses observados, 4 demandas positivas).",93.59
ITEM_2990,1,1,0.9833,4.0,0.0,60.0,0.0,Intermitente,False,"Meses observados o demandas positivas insuficientes para conformar entrenamiento y prueba (umbral operativo: 15 meses observados, 4 demandas positivas).",93.59
ITEM_2991,1,1,0.9833,1.0,0.0,60.0,0.0,Intermitente,False,"Meses observados o demandas positivas insuficientes para conformar entrenamiento y prueba (umbral operativo: 15 meses observados, 4 demandas positivas).",93.56
ITEM_2992,1,1,0.9833,1.0,0.0,60.0,0.0,Intermitente,False,"Meses observados o demandas positivas insuficientes para conformar entrenamiento y prueba (umbral operativo: 15 meses observados, 4 demandas positivas).",93.5
ITEM_2993,2,2,0.9667,6.0,8.0,5.0,0.2222,Intermitente,False,"Meses observados o demandas positivas insuficientes para conformar entrenamiento y prueba (umbral operativo: 15 meses observados, 4 demandas positivas).",148.28
ITEM_2994,1,1,0.9833,2.0,0.0,60.0,0.0,Intermitente,False,"Meses observados o demandas positivas insuficientes para conformar entrenamiento y prueba (umbral operativo: 15 meses observados, 4 demandas positivas).",93.3
ITEM_2995,1,1,0.9833,12.0,0.0,60.0,0.0,Intermitente,False,"Meses observados o demandas positivas insuficientes para conformar entrenamiento y prueba (umbral operativo: 15 meses observados, 4 demandas positivas).",93.05
ITEM_2996,1,1,0.9833,3.0,0.0,60.0,0.0,Intermitente,False,"Meses observados o demandas positivas insuficientes para conformar entrenamiento y prueba (umbral operativo: 15 meses observados, 4 demandas positivas).",93.0
ITEM_2997,1,1,0.9833,6.0,0.0,60.0,0.0,Intermitente,False,"Meses observados o demandas positivas insuficientes para conformar entrenamiento y prueba (umbral operativo: 15 meses observados, 4 demandas positivas).",92.49
ITEM_2998,1,1,0.9833,20.0,0.0,60.0,0.0,Intermitente,False,"Meses observados o demandas positivas insuficientes para conformar entrenamiento y prueba (umbral operativo: 15 meses observados, 4 demandas positivas).",92.45
ITEM_3000,1,1,0.9833,8.0,0.0,60.0,0.0,Intermitente,False,"Meses observados o demandas positivas insuficientes para conformar entrenamiento y prueba (umbral operativo: 15 meses observados, 4 demandas positivas).",184.13
ITEM_3001,1,1,0.9833,1.0,0.0,60.0,0.0,Intermitente,False,"Meses observados o demandas positivas insuficientes para conformar entrenamiento y prueba (umbral operativo: 15 meses observados, 4 demandas positivas).",92.0
ITEM_3002,4,4,0.9333,1.25,0.25,7.3333,0.16,Intermitente,False,"Meses observados o demandas positivas insuficientes para conformar entrenamiento y prueba (umbral operativo: 15 meses observados, 4 demandas positivas).",180.46
ITEM_3003,1,1,0.9833,12.0,0.0,60.0,0.0,Intermitente,False,"Meses observados o demandas positivas insuficientes para conformar entrenamiento y prueba (umbral operativo: 15 meses observados, 4 demandas positivas).",91.8
ITEM_3004,1,1,0.9833,60.0,0.0,60.0,0.0,Intermitente,False,"Meses observados o demandas positivas insuficientes para conformar entrenamiento y prueba (umbral operativo: 15 meses observados, 4 demandas positivas).",91.8
ITEM_3005,1,1,0.9833,2.0,0.0,60.0,0.0,Intermitente,False,"Meses observados o demandas positivas insuficientes para conformar entrenamiento y prueba (umbral operativo: 15 meses observados, 4 demandas positivas).",91.76
ITEM_3006,3,3,0.95,24.0,0.0,3.0,0.0,Intermitente,False,"Meses observados o demandas positivas insuficientes para conformar entrenamiento y prueba (umbral operativo: 15 meses observados, 4 demandas positivas).",235.67
ITEM_3007,1,1,0.9833,4.0,0.0,60.0,0.0,Intermitente,False,"Meses observados o demandas positivas insuficientes para conformar entrenamiento y prueba (umbral operativo: 15 meses observados, 4 demandas positivas).",91.41
ITEM_3008,1,1,0.9833,8.0,0.0,60.0,0.0,Intermitente,False,"Meses observados o demandas positivas insuficientes para conformar entrenamiento y prueba (umbral operativo: 15 meses observados, 4 demandas positivas).",91.36
ITEM_3009,2,2,0.9667,3.0,2.0,5.0,0.2222,Intermitente,False,"Meses observados o demandas positivas insuficientes para conformar entrenamiento y prueba (umbral operativo: 15 meses observados, 4 demandas positivas).",136.98
ITEM_3010,6,6,0.9,1.1667,0.1667,7.6,0.1224,Intermitente,False,"Meses observados o demandas positivas insuficientes para conformar entrenamiento y prueba (umbral operativo: 15 meses observados, 4 demandas positivas).",612.7
ITEM_3011,1,1,0.9833,4.0,0.0,60.0,0.0,Intermitente,False,"Meses observados o demandas positivas insuficientes para conformar entrenamiento y prueba (umbral operativo: 15 meses observados, 4 demandas positivas).",91.18
ITEM_3012,1,1,0.9833,4.0,0.0,60.0,0.0,Intermitente,False,"Meses observados o demandas positivas insuficientes para conformar entrenamiento y prueba (umbral operativo: 15 meses observados, 4 demandas positivas).",91.07
ITEM_3013,4,4,0.9333,5.0,12.0,10.3333,0.48,Intermitente,False,"Meses observados o demandas positivas insuficientes para conformar entrenamiento y prueba (umbral operativo: 15 meses observados, 4 demandas positivas).",214.36
ITEM_3014,4,4,0.9333,5.5,19.6667,10.3333,0.6501,Lumpy,False,"Meses observados o demandas positivas insuficientes para conformar entrenamiento y prueba (umbral operativo: 15 meses observados, 4 demandas positivas).",232.55
ITEM_3015,1,1,0.9833,12.0,0.0,60.0,0.0,Intermitente,False,"Meses observados o demandas positivas insuficientes para conformar entrenamiento y prueba (umbral operativo: 15 meses observados, 4 demandas positivas).",90.99
ITEM_3016,1,1,0.9833,1.0,0.0,60.0,0.0,Intermitente,False,"Meses observados o demandas positivas insuficientes para conformar entrenamiento y prueba (umbral operativo: 15 meses observados, 4 demandas positivas).",90.97
ITEM_3017,1,1,0.9833,12.0,0.0,60.0,0.0,Intermitente,False,"Meses observados o demandas positivas insuficientes para conformar entrenamiento y prueba (umbral operativo: 15 meses observados, 4 demandas positivas).",90.9
ITEM_3018,3,3,0.95,3.3333,1.3333,5.5,0.12,Intermitente,False,"Meses observados o demandas positivas insuficientes para conformar entrenamiento y prueba (umbral operativo: 15 meses observados, 4 demandas positivas).",354.42
ITEM_3019,1,1,0.9833,6.0,0.0,60.0,0.0,Intermitente,False,"Meses observados o demandas positivas insuficientes para conformar entrenamiento y prueba (umbral operativo: 15 meses observados, 4 demandas positivas).",180.93
ITEM_3020,1,1,0.9833,1.0,0.0,60.0,0.0,Intermitente,False,"Meses observados o demandas positivas insuficientes para conformar entrenamiento y prueba (umbral operativo: 15 meses observados, 4 demandas positivas).",90.25
ITEM_3021,1,1,0.9833,3.0,0.0,60.0,0.0,Intermitente,False,"Meses observados o demandas positivas insuficientes para conformar entrenamiento y prueba (umbral operativo: 15 meses observados, 4 demandas positivas).",90.06
ITEM_3022,1,1,0.9833,5.0,0.0,60.0,0.0,Intermitente,False,"Meses observados o demandas positivas insuficientes para conformar entrenamiento y prueba (umbral operativo: 15 meses observados, 4 demandas positivas).",90.0
ITEM_3023,1,1,0.9833,10.0,0.0,60.0,0.0,Intermitente,False,"Meses observados o demandas positivas insuficientes para conformar entrenamiento y prueba (umbral operativo: 15 meses observados, 4 demandas positivas).",90.0
ITEM_3024,3,3,0.95,91.3333,4025.3333,9.5,0.4826,Intermitente,False,"Meses observados o demandas positivas insuficientes para conformar entrenamiento y prueba (umbral operativo: 15 meses observados, 4 demandas positivas).",264.09
ITEM_3025,1,1,0.9833,50.0,0.0,60.0,0.0,Intermitente,False,"Meses observados o demandas positivas insuficientes para conformar entrenamiento y prueba (umbral operativo: 15 meses observados, 4 demandas positivas).",90.0
ITEM_3026,3,3,0.95,36.6667,233.3333,8.5,0.1736,Intermitente,False,"Meses observados o demandas positivas insuficientes para conformar entrenamiento y prueba (umbral operativo: 15 meses observados, 4 demandas positivas).",200.0
ITEM_3029,2,2,0.9667,5.0,0.0,12.0,0.0,Intermitente,False,"Meses observados o demandas positivas insuficientes para conformar entrenamiento y prueba (umbral operativo: 15 meses observados, 4 demandas positivas).",175.85
ITEM_3030,14,14,0.7667,11.2143,83.7198,3.6154,0.6657,Lumpy,False,"Meses observados o demandas positivas insuficientes para conformar entrenamiento y prueba (umbral operativo: 15 meses observados, 4 demandas positivas).",363.08
ITEM_3031,1,1,0.9833,1.0,0.0,60.0,0.0,Intermitente,False,"Meses observados o demandas positivas insuficientes para conformar entrenamiento y prueba (umbral operativo: 15 meses observados, 4 demandas positivas).",90.0
ITEM_3032,1,1,0.9833,20.0,0.0,60.0,0.0,Intermitente,False,"Meses observados o demandas positivas insuficientes para conformar entrenamiento y prueba (umbral operativo: 15 meses observados, 4 demandas positivas).",90.0
ITEM_3033,3,3,0.95,42.3333,444.3333,3.5,0.2479,Intermitente,False,"Meses observados o demandas positivas insuficientes para conformar entrenamiento y prueba (umbral operativo: 15 meses observados, 4 demandas positivas).",116.04
ITEM_3035,1,1,0.9833,3.0,0.0,60.0,0.0,Intermitente,False,"Meses observados o demandas positivas insuficientes para conformar entrenamiento y prueba (umbral operativo: 15 meses observados, 4 demandas positivas).",134.01
ITEM_3036,1,1,0.9833,2.0,0.0,60.0,0.0,Intermitente,False,"Meses observados o demandas positivas insuficientes para conformar entrenamiento y prueba (umbral operativo: 15 meses observados, 4 demandas positivas).",89.24
ITEM_3037,1,1,0.9833,2.0,0.0,60.0,0.0,Intermitente,False,"Meses observados o demandas positivas insuficientes para conformar entrenamiento y prueba (umbral operativo: 15 meses observados, 4 demandas positivas).",89.24
ITEM_3038,1,1,0.9833,2.0,0.0,60.0,0.0,Intermitente,False,"Meses observados o demandas positivas insuficientes para conformar entrenamiento y prueba (umbral operativo: 15 meses observados, 4 demandas positivas).",89.24
ITEM_3039,1,1,0.9833,2.0,0.0,60.0,0.0,Intermitente,False,"Meses observados o demandas positivas insuficientes para conformar entrenamiento y prueba (umbral operativo: 15 meses observados, 4 demandas positivas).",89.18
ITEM_3040,1,1,0.9833,4.0,0.0,60.0,0.0,Intermitente,False,"Meses observados o demandas positivas insuficientes para conformar entrenamiento y prueba (umbral operativo: 15 meses observados, 4 demandas positivas).",89.04
ITEM_3041,1,1,0.9833,2.0,0.0,60.0,0.0,Intermitente,False,"Meses observados o demandas positivas insuficientes para conformar entrenamiento y prueba (umbral operativo: 15 meses observados, 4 demandas positivas).",178.06
ITEM_3042,1,1,0.9833,8.0,0.0,60.0,0.0,Intermitente,False,"Meses observados o demandas positivas insuficientes para conformar entrenamiento y prueba (umbral operativo: 15 meses observados, 4 demandas positivas).",142.37
ITEM_3043,3,3,0.95,1.6667,0.3333,5.5,0.12,Intermitente,False,"Meses observados o demandas positivas insuficientes para conformar entrenamiento y prueba (umbral operativo: 15 meses observados, 4 demandas positivas).",176.42
ITEM_3044,5,5,0.9167,3.2,1.2,8.75,0.1172,Intermitente,False,"Meses observados o demandas positivas insuficientes para conformar entrenamiento y prueba (umbral operativo: 15 meses observados, 4 demandas positivas).",333.07
ITEM_3045,1,1,0.9833,1.0,0.0,60.0,0.0,Intermitente,False,"Meses observados o demandas positivas insuficientes para conformar entrenamiento y prueba (umbral operativo: 15 meses observados, 4 demandas positivas).",88.48
ITEM_3046,1,1,0.9833,20.0,0.0,60.0,0.0,Intermitente,False,"Meses observados o demandas positivas insuficientes para conformar entrenamiento y prueba (umbral operativo: 15 meses observados, 4 demandas positivas).",88.23
ITEM_3047,3,3,0.95,1.6667,1.3333,12.0,0.48,Intermitente,False,"Meses observados o demandas positivas insuficientes para conformar entrenamiento y prueba (umbral operativo: 15 meses observados, 4 demandas positivas).",235.12
ITEM_3048,1,1,0.9833,11.0,0.0,60.0,0.0,Intermitente,False,"Meses observados o demandas positivas insuficientes para conformar entrenamiento y prueba (umbral operativo: 15 meses observados, 4 demandas positivas).",88.0
ITEM_3049,1,1,0.9833,1.0,0.0,60.0,0.0,Intermitente,False,"Meses observados o demandas positivas insuficientes para conformar entrenamiento y prueba (umbral operativo: 15 meses observados, 4 demandas positivas).",88.0
ITEM_3050,2,2,0.9667,21.0,162.0,11.0,0.3673,Intermitente,False,"Meses observados o demandas positivas insuficientes para conformar entrenamiento y prueba (umbral operativo: 15 meses observados, 4 demandas positivas).",193.0
ITEM_3051,1,1,0.9833,4.0,0.0,60.0,0.0,Intermitente,False,"Meses observados o demandas positivas insuficientes para conformar entrenamiento y prueba (umbral operativo: 15 meses observados, 4 demandas positivas).",88.0
ITEM_3052,1,1,0.9833,120.0,0.0,60.0,0.0,Intermitente,False,"Meses observados o demandas positivas insuficientes para conformar entrenamiento y prueba (umbral operativo: 15 meses observados, 4 demandas positivas).",87.87
ITEM_3053,20,20,0.6667,9.55,44.6816,2.7895,0.4899,Intermitente,True,,1275.09
ITEM_3054,2,2,0.9667,200.0,45000.0,15.0,1.125,Lumpy,False,"Meses observados o demandas positivas insuficientes para conformar entrenamiento y prueba (umbral operativo: 15 meses observados, 4 demandas positivas).",99.05
ITEM_3056,1,1,0.9833,2.0,0.0,60.0,0.0,Intermitente,False,"Meses observados o demandas positivas insuficientes para conformar entrenamiento y prueba (umbral operativo: 15 meses observados, 4 demandas positivas).",87.08
ITEM_3057,1,1,0.9833,2.0,0.0,60.0,0.0,Intermitente,False,"Meses observados o demandas positivas insuficientes para conformar entrenamiento y prueba (umbral operativo: 15 meses observados, 4 demandas positivas).",87.06
ITEM_3058,1,1,0.9833,3.0,0.0,60.0,0.0,Intermitente,False,"Meses observados o demandas positivas insuficientes para conformar entrenamiento y prueba (umbral operativo: 15 meses observados, 4 demandas positivas).",87.0
ITEM_3059,5,5,0.9167,4.2,14.2,7.5,0.805,Lumpy,False,"Meses observados o demandas positivas insuficientes para conformar entrenamiento y prueba (umbral operativo: 15 meses observados, 4 demandas positivas).",206.5
ITEM_3060,1,1,0.9833,28.0,0.0,60.0,0.0,Intermitente,False,"Meses observados o demandas positivas insuficientes para conformar entrenamiento y prueba (umbral operativo: 15 meses observados, 4 demandas positivas).",86.8
ITEM_3061,4,4,0.9333,1.75,2.25,10.6667,0.7347,Lumpy,False,"Meses observados o demandas positivas insuficientes para conformar entrenamiento y prueba (umbral operativo: 15 meses observados, 4 demandas positivas).",124.32
ITEM_3062,1,1,0.9833,5.0,0.0,60.0,0.0,Intermitente,False,"Meses observados o demandas positivas insuficientes para conformar entrenamiento y prueba (umbral operativo: 15 meses observados, 4 demandas positivas).",132.84
ITEM_3064,1,1,0.9833,1.0,0.0,60.0,0.0,Intermitente,False,"Meses observados o demandas positivas insuficientes para conformar entrenamiento y prueba (umbral operativo: 15 meses observados, 4 demandas positivas).",86.02
ITEM_3065,6,6,0.9,1.3333,0.2667,4.8,0.15,Intermitente,False,"Meses observados o demandas positivas insuficientes para conformar entrenamiento y prueba (umbral operativo: 15 meses observados, 4 demandas positivas).",186.84
ITEM_3067,1,1,0.9833,40.0,0.0,60.0,0.0,Intermitente,False,"Meses observados o demandas positivas insuficientes para conformar entrenamiento y prueba (umbral operativo: 15 meses observados, 4 demandas positivas).",85.68
ITEM_3068,1,1,0.9833,40.0,0.0,60.0,0.0,Intermitente,False,"Meses observados o demandas positivas insuficientes para conformar entrenamiento y prueba (umbral operativo: 15 meses observados, 4 demandas positivas).",85.68
ITEM_3069,1,1,0.9833,6.0,0.0,60.0,0.0,Intermitente,False,"Meses observados o demandas positivas insuficientes para conformar entrenamiento y prueba (umbral operativo: 15 meses observados, 4 demandas positivas).",85.5
ITEM_3071,1,1,0.9833,4.0,0.0,60.0,0.0,Intermitente,False,"Meses observados o demandas positivas insuficientes para conformar entrenamiento y prueba (umbral operativo: 15 meses observados, 4 demandas positivas).",85.4
ITEM_3072,1,1,0.9833,3.0,0.0,60.0,0.0,Intermitente,False,"Meses observados o demandas positivas insuficientes para conformar entrenamiento y prueba (umbral operativo: 15 meses observados, 4 demandas positivas).",85.05
ITEM_3073,1,1,0.9833,1.0,0.0,60.0,0.0,Intermitente,False,"Meses observados o demandas positivas insuficientes para conformar entrenamiento y prueba (umbral operativo: 15 meses observados, 4 demandas positivas).",85.0
ITEM_3074,2,2,0.9667,2.5,4.5,2.0,0.72,Lumpy,False,"Meses observados o demandas positivas insuficientes para conformar entrenamiento y prueba (umbral operativo: 15 meses observados, 4 demandas positivas).",153.0
ITEM_3075,2,2,0.9667,7.5,24.5,6.0,0.4356,Intermitente,False,"Meses observados o demandas positivas insuficientes para conformar entrenamiento y prueba (umbral operativo: 15 meses observados, 4 demandas positivas).",102.5
ITEM_3076,1,1,0.9833,1.0,0.0,60.0,0.0,Intermitente,False,"Meses observados o demandas positivas insuficientes para conformar entrenamiento y prueba (umbral operativo: 15 meses observados, 4 demandas positivas).",84.59
ITEM_3077,1,1,0.9833,8.0,0.0,60.0,0.0,Intermitente,False,"Meses observados o demandas positivas insuficientes para conformar entrenamiento y prueba (umbral operativo: 15 meses observados, 4 demandas positivas).",84.48
ITEM_3078,2,2,0.9667,12.0,0.0,29.0,0.0,Intermitente,False,"Meses observados o demandas positivas insuficientes para conformar entrenamiento y prueba (umbral operativo: 15 meses observados, 4 demandas positivas).",156.35
ITEM_3079,4,4,0.9333,96.75,6075.5833,10.0,0.6491,Lumpy,False,"Meses observados o demandas positivas insuficientes para conformar entrenamiento y prueba (umbral operativo: 15 meses observados, 4 demandas positivas).",246.97
ITEM_3080,2,2,0.9667,62.0,2888.0,27.0,0.7513,Lumpy,False,"Meses observados o demandas positivas insuficientes para conformar entrenamiento y prueba (umbral operativo: 15 meses observados, 4 demandas positivas).",140.06
ITEM_3081,2,2,0.9667,12.0,0.0,17.0,0.0,Intermitente,False,"Meses observados o demandas positivas insuficientes para conformar entrenamiento y prueba (umbral operativo: 15 meses observados, 4 demandas positivas).",117.65
ITEM_3082,1,1,0.9833,2.0,0.0,60.0,0.0,Intermitente,False,"Meses observados o demandas positivas insuficientes para conformar entrenamiento y prueba (umbral operativo: 15 meses observados, 4 demandas positivas).",84.0
ITEM_3083,1,1,0.9833,1.0,0.0,60.0,0.0,Intermitente,False,"Meses observados o demandas positivas insuficientes para conformar entrenamiento y prueba (umbral operativo: 15 meses observados, 4 demandas positivas).",84.0
ITEM_3084,1,1,0.9833,60.0,0.0,60.0,0.0,Intermitente,False,"Meses observados o demandas positivas insuficientes para conformar entrenamiento y prueba (umbral operativo: 15 meses observados, 4 demandas positivas).",83.88
ITEM_3087,1,1,0.9833,12.0,0.0,60.0,0.0,Intermitente,False,"Meses observados o demandas positivas insuficientes para conformar entrenamiento y prueba (umbral operativo: 15 meses observados, 4 demandas positivas).",83.28
ITEM_3088,1,1,0.9833,6.0,0.0,60.0,0.0,Intermitente,False,"Meses observados o demandas positivas insuficientes para conformar entrenamiento y prueba (umbral operativo: 15 meses observados, 4 demandas positivas).",83.28
ITEM_3089,1,1,0.9833,6.0,0.0,60.0,0.0,Intermitente,False,"Meses observados o demandas positivas insuficientes para conformar entrenamiento y prueba (umbral operativo: 15 meses observados, 4 demandas positivas).",82.92
ITEM_3090,1,1,0.9833,2.0,0.0,60.0,0.0,Intermitente,False,"Meses observados o demandas positivas insuficientes para conformar entrenamiento y prueba (umbral operativo: 15 meses observados, 4 demandas positivas).",82.8
ITEM_3092,1,1,0.9833,1.0,0.0,60.0,0.0,Intermitente,False,"Meses observados o demandas positivas insuficientes para conformar entrenamiento y prueba (umbral operativo: 15 meses observados, 4 demandas positivas).",82.35
ITEM_3094,1,1,0.9833,4.0,0.0,60.0,0.0,Intermitente,False,"Meses observados o demandas positivas insuficientes para conformar entrenamiento y prueba (umbral operativo: 15 meses observados, 4 demandas positivas).",82.13
ITEM_3095,2,2,0.9667,1.0,0.0,22.0,0.0,Intermitente,False,"Meses observados o demandas positivas insuficientes para conformar entrenamiento y prueba (umbral operativo: 15 meses observados, 4 demandas positivas).",110.0
ITEM_3096,1,1,0.9833,1.0,0.0,60.0,0.0,Intermitente,False,"Meses observados o demandas positivas insuficientes para conformar entrenamiento y prueba (umbral operativo: 15 meses observados, 4 demandas positivas).",82.0
ITEM_3097,2,2,0.9667,13.0,98.0,16.0,0.5799,Lumpy,False,"Meses observados o demandas positivas insuficientes para conformar entrenamiento y prueba (umbral operativo: 15 meses observados, 4 demandas positivas).",109.3
ITEM_3098,4,4,0.9333,1.25,0.25,5.0,0.16,Intermitente,False,"Meses observados o demandas positivas insuficientes para conformar entrenamiento y prueba (umbral operativo: 15 meses observados, 4 demandas positivas).",137.11
ITEM_3099,1,1,0.9833,11.0,0.0,60.0,0.0,Intermitente,False,"Meses observados o demandas positivas insuficientes para conformar entrenamiento y prueba (umbral operativo: 15 meses observados, 4 demandas positivas).",81.84
ITEM_3100,1,1,0.9833,20.0,0.0,60.0,0.0,Intermitente,False,"Meses observados o demandas positivas insuficientes para conformar entrenamiento y prueba (umbral operativo: 15 meses observados, 4 demandas positivas).",81.65
ITEM_3101,1,1,0.9833,12.0,0.0,60.0,0.0,Intermitente,False,"Meses observados o demandas positivas insuficientes para conformar entrenamiento y prueba (umbral operativo: 15 meses observados, 4 demandas positivas).",81.6
ITEM_3102,1,1,0.9833,24.0,0.0,60.0,0.0,Intermitente,False,"Meses observados o demandas positivas insuficientes para conformar entrenamiento y prueba (umbral operativo: 15 meses observados, 4 demandas positivas).",81.6
ITEM_3103,1,1,0.9833,1.0,0.0,60.0,0.0,Intermitente,False,"Meses observados o demandas positivas insuficientes para conformar entrenamiento y prueba (umbral operativo: 15 meses observados, 4 demandas positivas).",81.6
ITEM_3104,1,1,0.9833,80.0,0.0,60.0,0.0,Intermitente,False,"Meses observados o demandas positivas insuficientes para conformar entrenamiento y prueba (umbral operativo: 15 meses observados, 4 demandas positivas).",163.2
ITEM_3105,4,4,0.9333,15.0,102.6667,10.0,0.4563,Intermitente,False,"Meses observados o demandas positivas insuficientes para conformar entrenamiento y prueba (umbral operativo: 15 meses observados, 4 demandas positivas).",215.52
ITEM_3106,1,1,0.9833,1.0,0.0,60.0,0.0,Intermitente,False,"Meses observados o demandas positivas insuficientes para conformar entrenamiento y prueba (umbral operativo: 15 meses observados, 4 demandas positivas).",81.58
ITEM_3107,1,1,0.9833,1.0,0.0,60.0,0.0,Intermitente,False,"Meses observados o demandas positivas insuficientes para conformar entrenamiento y prueba (umbral operativo: 15 meses observados, 4 demandas positivas).",81.3
ITEM_3108,2,2,0.9667,7.0,8.0,18.0,0.1633,Intermitente,False,"Meses observados o demandas positivas insuficientes para conformar entrenamiento y prueba (umbral operativo: 15 meses observados, 4 demandas positivas).",138.98
ITEM_3109,1,1,0.9833,1.0,0.0,60.0,0.0,Intermitente,False,"Meses observados o demandas positivas insuficientes para conformar entrenamiento y prueba (umbral operativo: 15 meses observados, 4 demandas positivas).",81.06
ITEM_3110,1,1,0.9833,6.0,0.0,60.0,0.0,Intermitente,False,"Meses observados o demandas positivas insuficientes para conformar entrenamiento y prueba (umbral operativo: 15 meses observados, 4 demandas positivas).",81.0
ITEM_3111,1,1,0.9833,40.0,0.0,60.0,0.0,Intermitente,False,"Meses observados o demandas positivas insuficientes para conformar entrenamiento y prueba (umbral operativo: 15 meses observados, 4 demandas positivas).",81.0
ITEM_3112,1,1,0.9833,8.0,0.0,60.0,0.0,Intermitente,False,"Meses observados o demandas positivas insuficientes para conformar entrenamiento y prueba (umbral operativo: 15 meses observados, 4 demandas positivas).",80.98
ITEM_3114,1,1,0.9833,3.0,0.0,60.0,0.0,Intermitente,False,"Meses observados o demandas positivas insuficientes para conformar entrenamiento y prueba (umbral operativo: 15 meses observados, 4 demandas positivas).",80.6
ITEM_3115,2,2,0.9667,2.0,0.0,3.0,0.0,Intermitente,False,"Meses observados o demandas positivas insuficientes para conformar entrenamiento y prueba (umbral operativo: 15 meses observados, 4 demandas positivas).",161.04
ITEM_3116,2,2,0.9667,2.0,0.0,3.0,0.0,Intermitente,False,"Meses observados o demandas positivas insuficientes para conformar entrenamiento y prueba (umbral operativo: 15 meses observados, 4 demandas positivas).",161.04
ITEM_3118,7,7,0.8833,407.1429,22857.1429,3.6667,0.1379,Intermitente,False,"Meses observados o demandas positivas insuficientes para conformar entrenamiento y prueba (umbral operativo: 15 meses observados, 4 demandas positivas).",1088.21
ITEM_3119,1,1,0.9833,4.0,0.0,60.0,0.0,Intermitente,False,"Meses observados o demandas positivas insuficientes para conformar entrenamiento y prueba (umbral operativo: 15 meses observados, 4 demandas positivas).",80.23
ITEM_3120,1,1,0.9833,4.0,0.0,60.0,0.0,Intermitente,False,"Meses observados o demandas positivas insuficientes para conformar entrenamiento y prueba (umbral operativo: 15 meses observados, 4 demandas positivas).",80.0
ITEM_3121,1,1,0.9833,10.0,0.0,60.0,0.0,Intermitente,False,"Meses observados o demandas positivas insuficientes para conformar entrenamiento y prueba (umbral operativo: 15 meses observados, 4 demandas positivas).",80.0
ITEM_3122,1,1,0.9833,20.0,0.0,60.0,0.0,Intermitente,False,"Meses observados o demandas positivas insuficientes para conformar entrenamiento y prueba (umbral operativo: 15 meses observados, 4 demandas positivas).",80.0
ITEM_3124,1,1,0.9833,1.0,0.0,60.0,0.0,Intermitente,False,"Meses observados o demandas positivas insuficientes para conformar entrenamiento y prueba (umbral operativo: 15 meses observados, 4 demandas positivas).",80.0
ITEM_3125,15,15,0.75,8.1333,26.1238,3.2857,0.3949,Intermitente,True,,482.56
ITEM_3126,19,19,0.6833,22.7368,234.8713,2.8889,0.4543,Intermitente,True,,851.37
ITEM_3127,1,1,0.9833,1.0,0.0,60.0,0.0,Intermitente,False,"Meses observados o demandas positivas insuficientes para conformar entrenamiento y prueba (umbral operativo: 15 meses observados, 4 demandas positivas).",80.0
ITEM_3128,1,1,0.9833,1.0,0.0,60.0,0.0,Intermitente,False,"Meses observados o demandas positivas insuficientes para conformar entrenamiento y prueba (umbral operativo: 15 meses observados, 4 demandas positivas).",80.0
ITEM_3129,9,9,0.85,11.2222,353.4444,3.5,2.8065,Lumpy,False,"Meses observados o demandas positivas insuficientes para conformar entrenamiento y prueba (umbral operativo: 15 meses observados, 4 demandas positivas).",257.45
ITEM_3130,1,1,0.9833,4.0,0.0,60.0,0.0,Intermitente,False,"Meses observados o demandas positivas insuficientes para conformar entrenamiento y prueba (umbral operativo: 15 meses observados, 4 demandas positivas).",79.73
ITEM_3131,1,1,0.9833,4.0,0.0,60.0,0.0,Intermitente,False,"Meses observados o demandas positivas insuficientes para conformar entrenamiento y prueba (umbral operativo: 15 meses observados, 4 demandas positivas).",79.73
ITEM_3132,1,1,0.9833,2.0,0.0,60.0,0.0,Intermitente,False,"Meses observados o demandas positivas insuficientes para conformar entrenamiento y prueba (umbral operativo: 15 meses observados, 4 demandas positivas).",79.73
ITEM_3133,1,1,0.9833,18.0,0.0,60.0,0.0,Intermitente,False,"Meses observados o demandas positivas insuficientes para conformar entrenamiento y prueba (umbral operativo: 15 meses observados, 4 demandas positivas).",79.56
ITEM_3134,2,2,0.9667,4.5,4.5,16.0,0.2222,Intermitente,False,"Meses observados o demandas positivas insuficientes para conformar entrenamiento y prueba (umbral operativo: 15 meses observados, 4 demandas positivas).",102.84
ITEM_3135,2,2,0.9667,3.5,12.5,15.0,1.0204,Lumpy,False,"Meses observados o demandas positivas insuficientes para conformar entrenamiento y prueba (umbral operativo: 15 meses observados, 4 demandas positivas).",110.47
ITEM_3136,2,2,0.9667,64.5,6160.5,3.0,1.4808,Lumpy,False,"Meses observados o demandas positivas insuficientes para conformar entrenamiento y prueba (umbral operativo: 15 meses observados, 4 demandas positivas).",160.43
ITEM_3137,1,1,0.9833,10.0,0.0,60.0,0.0,Intermitente,False,"Meses observados o demandas positivas insuficientes para conformar entrenamiento y prueba (umbral operativo: 15 meses observados, 4 demandas positivas).",78.91
ITEM_3138,1,1,0.9833,1.0,0.0,60.0,0.0,Intermitente,False,"Meses observados o demandas positivas insuficientes para conformar entrenamiento y prueba (umbral operativo: 15 meses observados, 4 demandas positivas).",78.9
ITEM_3139,1,1,0.9833,8.0,0.0,60.0,0.0,Intermitente,False,"Meses observados o demandas positivas insuficientes para conformar entrenamiento y prueba (umbral operativo: 15 meses observados, 4 demandas positivas).",157.68
ITEM_3140,1,1,0.9833,120.0,0.0,60.0,0.0,Intermitente,False,"Meses observados o demandas positivas insuficientes para conformar entrenamiento y prueba (umbral operativo: 15 meses observados, 4 demandas positivas).",78.82
ITEM_3141,1,1,0.9833,2.0,0.0,60.0,0.0,Intermitente,False,"Meses observados o demandas positivas insuficientes para conformar entrenamiento y prueba (umbral operativo: 15 meses observados, 4 demandas positivas).",78.68
ITEM_3142,1,1,0.9833,1.0,0.0,60.0,0.0,Intermitente,False,"Meses observados o demandas positivas insuficientes para conformar entrenamiento y prueba (umbral operativo: 15 meses observados, 4 demandas positivas).",78.45
ITEM_3143,2,2,0.9667,5.0,18.0,2.0,0.72,Lumpy,False,"Meses observados o demandas positivas insuficientes para conformar entrenamiento y prueba (umbral operativo: 15 meses observados, 4 demandas positivas).",95.28
ITEM_3144,1,1,0.9833,2.0,0.0,60.0,0.0,Intermitente,False,"Meses observados o demandas positivas insuficientes para conformar entrenamiento y prueba (umbral operativo: 15 meses observados, 4 demandas positivas).",78.08
ITEM_3145,3,3,0.95,10.3333,32.3333,14.5,0.3028,Intermitente,False,"Meses observados o demandas positivas insuficientes para conformar entrenamiento y prueba (umbral operativo: 15 meses observados, 4 demandas positivas).",130.05
ITEM_3146,1,1,0.9833,200.0,0.0,60.0,0.0,Intermitente,False,"Meses observados o demandas positivas insuficientes para conformar entrenamiento y prueba (umbral operativo: 15 meses observados, 4 demandas positivas).",78.0
ITEM_3147,19,19,0.6833,21.2632,141.538,4.1111,0.3131,Intermitente,True,,746.53
ITEM_3148,1,1,0.9833,9.0,0.0,60.0,0.0,Intermitente,False,"Meses observados o demandas positivas insuficientes para conformar entrenamiento y prueba (umbral operativo: 15 meses observados, 4 demandas positivas).",77.69
ITEM_3149,1,1,0.9833,18.0,0.0,60.0,0.0,Intermitente,False,"Meses observados o demandas positivas insuficientes para conformar entrenamiento y prueba (umbral operativo: 15 meses observados, 4 demandas positivas).",77.62
ITEM_3150,1,1,0.9833,9.0,0.0,60.0,0.0,Intermitente,False,"Meses observados o demandas positivas insuficientes para conformar entrenamiento y prueba (umbral operativo: 15 meses observados, 4 demandas positivas).",77.58
ITEM_3151,2,2,0.9667,50.0,200.0,20.0,0.08,Intermitente,False,"Meses observados o demandas positivas insuficientes para conformar entrenamiento y prueba (umbral operativo: 15 meses observados, 4 demandas positivas).",131.35
ITEM_3152,1,1,0.9833,15.0,0.0,60.0,0.0,Intermitente,False,"Meses observados o demandas positivas insuficientes para conformar entrenamiento y prueba (umbral operativo: 15 meses observados, 4 demandas positivas).",77.01
ITEM_3153,1,1,0.9833,6.0,0.0,60.0,0.0,Intermitente,False,"Meses observados o demandas positivas insuficientes para conformar entrenamiento y prueba (umbral operativo: 15 meses observados, 4 demandas positivas).",77.01
ITEM_3154,2,2,0.9667,10.5,0.5,18.0,0.0045,Intermitente,False,"Meses observados o demandas positivas insuficientes para conformar entrenamiento y prueba (umbral operativo: 15 meses observados, 4 demandas positivas).",150.15
ITEM_3155,5,5,0.9167,2.0,1.0,9.0,0.25,Intermitente,False,"Meses observados o demandas positivas insuficientes para conformar entrenamiento y prueba (umbral operativo: 15 meses observados, 4 demandas positivas).",314.0
ITEM_3156,10,10,0.8333,11.9,87.6556,4.3333,0.619,Lumpy,False,"Meses observados o demandas positivas insuficientes para conformar entrenamiento y prueba (umbral operativo: 15 meses observados, 4 demandas positivas).",202.51
ITEM_3157,1,1,0.9833,2.0,0.0,60.0,0.0,Intermitente,False,"Meses observados o demandas positivas insuficientes para conformar entrenamiento y prueba (umbral operativo: 15 meses observados, 4 demandas positivas).",76.8
ITEM_3158,1,1,0.9833,20.0,0.0,60.0,0.0,Intermitente,False,"Meses observados o demandas positivas insuficientes para conformar entrenamiento y prueba (umbral operativo: 15 meses observados, 4 demandas positivas).",76.6
ITEM_3160,2,2,0.9667,15.0,18.0,8.0,0.08,Intermitente,False,"Meses observados o demandas positivas insuficientes para conformar entrenamiento y prueba (umbral operativo: 15 meses observados, 4 demandas positivas).",129.38
ITEM_3162,1,1,0.9833,8.0,0.0,60.0,0.0,Intermitente,False,"Meses observados o demandas positivas insuficientes para conformar entrenamiento y prueba (umbral operativo: 15 meses observados, 4 demandas positivas).",76.38
ITEM_3163,1,1,0.9833,8.0,0.0,60.0,0.0,Intermitente,False,"Meses observados o demandas positivas insuficientes para conformar entrenamiento y prueba (umbral operativo: 15 meses observados, 4 demandas positivas).",76.21
ITEM_3164,2,2,0.9667,19.0,2.0,7.0,0.0055,Intermitente,False,"Meses observados o demandas positivas insuficientes para conformar entrenamiento y prueba (umbral operativo: 15 meses observados, 4 demandas positivas).",92.26
ITEM_3166,1,1,0.9833,4.0,0.0,60.0,0.0,Intermitente,False,"Meses observados o demandas positivas insuficientes para conformar entrenamiento y prueba (umbral operativo: 15 meses observados, 4 demandas positivas).",76.0
ITEM_3167,4,4,0.9333,12.75,36.9167,8.6667,0.2271,Intermitente,False,"Meses observados o demandas positivas insuficientes para conformar entrenamiento y prueba (umbral operativo: 15 meses observados, 4 demandas positivas).",154.37
ITEM_3168,30,30,0.5,18.8667,164.7402,2.1724,0.4628,Intermitente,True,,1186.8
ITEM_3169,2,2,0.9667,9.0,18.0,14.0,0.2222,Intermitente,False,"Meses observados o demandas positivas insuficientes para conformar entrenamiento y prueba (umbral operativo: 15 meses observados, 4 demandas positivas).",101.63
ITEM_3170,1,1,0.9833,5.0,0.0,60.0,0.0,Intermitente,False,"Meses observados o demandas positivas insuficientes para conformar entrenamiento y prueba (umbral operativo: 15 meses observados, 4 demandas positivas).",75.84
ITEM_3171,5,5,0.9167,6.6,13.3,6.75,0.3053,Intermitente,False,"Meses observados o demandas positivas insuficientes para conformar entrenamiento y prueba (umbral operativo: 15 meses observados, 4 demandas positivas).",255.68
ITEM_3172,1,1,0.9833,1.0,0.0,60.0,0.0,Intermitente,False,"Meses observados o demandas positivas insuficientes para conformar entrenamiento y prueba (umbral operativo: 15 meses observados, 4 demandas positivas).",75.6
ITEM_3173,1,1,0.9833,12.0,0.0,60.0,0.0,Intermitente,False,"Meses observados o demandas positivas insuficientes para conformar entrenamiento y prueba (umbral operativo: 15 meses observados, 4 demandas positivas).",75.53
ITEM_3174,7,7,0.8833,114.2857,7261.9048,6.0,0.556,Lumpy,False,"Meses observados o demandas positivas insuficientes para conformar entrenamiento y prueba (umbral operativo: 15 meses observados, 4 demandas positivas).",222.44
ITEM_3175,2,2,0.9667,12.0,0.0,10.0,0.0,Intermitente,False,"Meses observados o demandas positivas insuficientes para conformar entrenamiento y prueba (umbral operativo: 15 meses observados, 4 demandas positivas).",145.44
ITEM_3176,3,3,0.95,12.0,0.0,3.0,0.0,Intermitente,False,"Meses observados o demandas positivas insuficientes para conformar entrenamiento y prueba (umbral operativo: 15 meses observados, 4 demandas positivas).",183.9
ITEM_3177,5,5,0.9167,5.8,3.2,7.0,0.0951,Intermitente,False,"Meses observados o demandas positivas insuficientes para conformar entrenamiento y prueba (umbral operativo: 15 meses observados, 4 demandas positivas).",216.45
ITEM_3178,1,1,0.9833,74.0,0.0,60.0,0.0,Intermitente,False,"Meses observados o demandas positivas insuficientes para conformar entrenamiento y prueba (umbral operativo: 15 meses observados, 4 demandas positivas).",111.0
ITEM_3179,6,6,0.9,5.5,6.3,6.0,0.2083,Intermitente,False,"Meses observados o demandas positivas insuficientes para conformar entrenamiento y prueba (umbral operativo: 15 meses observados, 4 demandas positivas).",204.7
ITEM_3180,1,1,0.9833,1.0,0.0,60.0,0.0,Intermitente,False,"Meses observados o demandas positivas insuficientes para conformar entrenamiento y prueba (umbral operativo: 15 meses observados, 4 demandas positivas).",75.0
ITEM_3181,1,1,0.9833,80.0,0.0,60.0,0.0,Intermitente,False,"Meses observados o demandas positivas insuficientes para conformar entrenamiento y prueba (umbral operativo: 15 meses observados, 4 demandas positivas).",75.0
ITEM_3183,3,3,0.95,3.6667,0.3333,12.0,0.0248,Intermitente,False,"Meses observados o demandas positivas insuficientes para conformar entrenamiento y prueba (umbral operativo: 15 meses observados, 4 demandas positivas).",196.33
ITEM_3184,4,4,0.9333,12.0,0.0,9.3333,0.0,Intermitente,False,"Meses observados o demandas positivas insuficientes para conformar entrenamiento y prueba (umbral operativo: 15 meses observados, 4 demandas positivas).",255.96
ITEM_3185,2,2,0.9667,17.5,112.5,2.0,0.3673,Intermitente,False,"Meses observados o demandas positivas insuficientes para conformar entrenamiento y prueba (umbral operativo: 15 meses observados, 4 demandas positivas).",178.66
ITEM_3186,2,2,0.9667,18.0,72.0,6.0,0.2222,Intermitente,False,"Meses observados o demandas positivas insuficientes para conformar entrenamiento y prueba (umbral operativo: 15 meses observados, 4 demandas positivas).",121.2
ITEM_3187,1,1,0.9833,24.0,0.0,60.0,0.0,Intermitente,False,"Meses observados o demandas positivas insuficientes para conformar entrenamiento y prueba (umbral operativo: 15 meses observados, 4 demandas positivas).",74.4
ITEM_3188,1,1,0.9833,15.0,0.0,60.0,0.0,Intermitente,False,"Meses observados o demandas positivas insuficientes para conformar entrenamiento y prueba (umbral operativo: 15 meses observados, 4 demandas positivas).",74.24
ITEM_3189,1,1,0.9833,12.0,0.0,60.0,0.0,Intermitente,False,"Meses observados o demandas positivas insuficientes para conformar entrenamiento y prueba (umbral operativo: 15 meses observados, 4 demandas positivas).",74.19
ITEM_3192,1,1,0.9833,1.0,0.0,60.0,0.0,Intermitente,False,"Meses observados o demandas positivas insuficientes para conformar entrenamiento y prueba (umbral operativo: 15 meses observados, 4 demandas positivas).",73.91
ITEM_3193,1,1,0.9833,1.0,0.0,60.0,0.0,Intermitente,False,"Meses observados o demandas positivas insuficientes para conformar entrenamiento y prueba (umbral operativo: 15 meses observados, 4 demandas positivas).",73.71
ITEM_3194,1,1,0.9833,40.0,0.0,60.0,0.0,Intermitente,False,"Meses observados o demandas positivas insuficientes para conformar entrenamiento y prueba (umbral operativo: 15 meses observados, 4 demandas positivas).",73.6
ITEM_3195,1,1,0.9833,8.0,0.0,60.0,0.0,Intermitente,False,"Meses observados o demandas positivas insuficientes para conformar entrenamiento y prueba (umbral operativo: 15 meses observados, 4 demandas positivas).",73.6
ITEM_3196,1,1,0.9833,2.0,0.0,60.0,0.0,Intermitente,False,"Meses observados o demandas positivas insuficientes para conformar entrenamiento y prueba (umbral operativo: 15 meses observados, 4 demandas positivas).",73.6
ITEM_3197,1,1,0.9833,2.0,0.0,60.0,0.0,Intermitente,False,"Meses observados o demandas positivas insuficientes para conformar entrenamiento y prueba (umbral operativo: 15 meses observados, 4 demandas positivas).",73.6
ITEM_3198,1,1,0.9833,60.0,0.0,60.0,0.0,Intermitente,False,"Meses observados o demandas positivas insuficientes para conformar entrenamiento y prueba (umbral operativo: 15 meses observados, 4 demandas positivas).",138.15
ITEM_3199,6,6,0.9,1.5,0.7,6.8,0.3111,Intermitente,False,"Meses observados o demandas positivas insuficientes para conformar entrenamiento y prueba (umbral operativo: 15 meses observados, 4 demandas positivas).",221.54
ITEM_3200,1,1,0.9833,4.0,0.0,60.0,0.0,Intermitente,False,"Meses observados o demandas positivas insuficientes para conformar entrenamiento y prueba (umbral operativo: 15 meses observados, 4 demandas positivas).",73.47
ITEM_3201,15,15,0.75,19.4,84.6857,3.2143,0.225,Intermitente,True,,255.43
ITEM_3202,3,3,0.95,3.3333,4.3333,4.5,0.39,Intermitente,False,"Meses observados o demandas positivas insuficientes para conformar entrenamiento y prueba (umbral operativo: 15 meses observados, 4 demandas positivas).",146.79
ITEM_3203,2,2,0.9667,3.0,8.0,27.0,0.8889,Lumpy,False,"Meses observados o demandas positivas insuficientes para conformar entrenamiento y prueba (umbral operativo: 15 meses observados, 4 demandas positivas).",84.94
ITEM_3204,1,1,0.9833,3.0,0.0,60.0,0.0,Intermitente,False,"Meses observados o demandas positivas insuficientes para conformar entrenamiento y prueba (umbral operativo: 15 meses observados, 4 demandas positivas).",72.9
ITEM_3205,1,1,0.9833,2.0,0.0,60.0,0.0,Intermitente,False,"Meses observados o demandas positivas insuficientes para conformar entrenamiento y prueba (umbral operativo: 15 meses observados, 4 demandas positivas).",72.56
ITEM_3206,2,2,0.9667,6.5,24.5,19.0,0.5799,Lumpy,False,"Meses observados o demandas positivas insuficientes para conformar entrenamiento y prueba (umbral operativo: 15 meses observados, 4 demandas positivas).",102.89
ITEM_3207,1,1,0.9833,1.0,0.0,60.0,0.0,Intermitente,False,"Meses observados o demandas positivas insuficientes para conformar entrenamiento y prueba (umbral operativo: 15 meses observados, 4 demandas positivas).",72.48
ITEM_3208,1,1,0.9833,4.0,0.0,60.0,0.0,Intermitente,False,"Meses observados o demandas positivas insuficientes para conformar entrenamiento y prueba (umbral operativo: 15 meses observados, 4 demandas positivas).",72.45
ITEM_3209,2,2,0.9667,7.0,2.0,9.0,0.0408,Intermitente,False,"Meses observados o demandas positivas insuficientes para conformar entrenamiento y prueba (umbral operativo: 15 meses observados, 4 demandas positivas).",110.69
ITEM_3210,1,1,0.9833,24.0,0.0,60.0,0.0,Intermitente,False,"Meses observados o demandas positivas insuficientes para conformar entrenamiento y prueba (umbral operativo: 15 meses observados, 4 demandas positivas).",144.14
ITEM_3211,2,2,0.9667,24.0,0.0,7.0,0.0,Intermitente,False,"Meses observados o demandas positivas insuficientes para conformar entrenamiento y prueba (umbral operativo: 15 meses observados, 4 demandas positivas).",91.2
ITEM_3212,2,2,0.9667,24.0,0.0,7.0,0.0,Intermitente,False,"Meses observados o demandas positivas insuficientes para conformar entrenamiento y prueba (umbral operativo: 15 meses observados, 4 demandas positivas).",91.2
ITEM_3213,1,1,0.9833,24.0,0.0,60.0,0.0,Intermitente,False,"Meses observados o demandas positivas insuficientes para conformar entrenamiento y prueba (umbral operativo: 15 meses observados, 4 demandas positivas).",72.0
ITEM_3214,1,1,0.9833,24.0,0.0,60.0,0.0,Intermitente,False,"Meses observados o demandas positivas insuficientes para conformar entrenamiento y prueba (umbral operativo: 15 meses observados, 4 demandas positivas).",72.0
ITEM_3215,2,2,0.9667,1.0,0.0,12.0,0.0,Intermitente,False,"Meses observados o demandas positivas insuficientes para conformar entrenamiento y prueba (umbral operativo: 15 meses observados, 4 demandas positivas).",128.0
ITEM_3217,3,3,0.95,48.3333,2058.3333,16.0,0.8811,Lumpy,False,"Meses observados o demandas positivas insuficientes para conformar entrenamiento y prueba (umbral operativo: 15 meses observados, 4 demandas positivas).",123.7
ITEM_3218,3,3,0.95,7.0,19.0,9.0,0.3878,Intermitente,False,"Meses observados o demandas positivas insuficientes para conformar entrenamiento y prueba (umbral operativo: 15 meses observados, 4 demandas positivas).",148.75
ITEM_3219,4,4,0.9333,10.75,48.25,10.0,0.4175,Intermitente,False,"Meses observados o demandas positivas insuficientes para conformar entrenamiento y prueba (umbral operativo: 15 meses observados, 4 demandas positivas).",148.51
ITEM_3220,26,26,0.5667,12.7308,106.6846,2.36,0.6583,Lumpy,True,,1049.8
ITEM_3221,3,3,0.95,12.6667,41.3333,12.0,0.2576,Intermitente,False,"Meses observados o demandas positivas insuficientes para conformar entrenamiento y prueba (umbral operativo: 15 meses observados, 4 demandas positivas).",143.6
ITEM_3222,4,4,0.9333,1.25,0.25,5.3333,0.16,Intermitente,False,"Meses observados o demandas positivas insuficientes para conformar entrenamiento y prueba (umbral operativo: 15 meses observados, 4 demandas positivas).",196.81
ITEM_3223,1,1,0.9833,2.0,0.0,60.0,0.0,Intermitente,False,"Meses observados o demandas positivas insuficientes para conformar entrenamiento y prueba (umbral operativo: 15 meses observados, 4 demandas positivas).",71.78
ITEM_3224,2,2,0.9667,2.0,0.0,3.0,0.0,Intermitente,False,"Meses observados o demandas positivas insuficientes para conformar entrenamiento y prueba (umbral operativo: 15 meses observados, 4 demandas positivas).",143.48
ITEM_3225,2,2,0.9667,2.0,0.0,3.0,0.0,Intermitente,False,"Meses observados o demandas positivas insuficientes para conformar entrenamiento y prueba (umbral operativo: 15 meses observados, 4 demandas positivas).",143.36
ITEM_3227,1,1,0.9833,2.0,0.0,60.0,0.0,Intermitente,False,"Meses observados o demandas positivas insuficientes para conformar entrenamiento y prueba (umbral operativo: 15 meses observados, 4 demandas positivas).",71.43
ITEM_3228,1,1,0.9833,11.0,0.0,60.0,0.0,Intermitente,False,"Meses observados o demandas positivas insuficientes para conformar entrenamiento y prueba (umbral operativo: 15 meses observados, 4 demandas positivas).",107.0
ITEM_3229,1,1,0.9833,3.0,0.0,60.0,0.0,Intermitente,False,"Meses observados o demandas positivas insuficientes para conformar entrenamiento y prueba (umbral operativo: 15 meses observados, 4 demandas positivas).",71.38
ITEM_3230,1,1,0.9833,4.0,0.0,60.0,0.0,Intermitente,False,"Meses observados o demandas positivas insuficientes para conformar entrenamiento y prueba (umbral operativo: 15 meses observados, 4 demandas positivas).",71.25
ITEM_3231,1,1,0.9833,1.0,0.0,60.0,0.0,Intermitente,False,"Meses observados o demandas positivas insuficientes para conformar entrenamiento y prueba (umbral operativo: 15 meses observados, 4 demandas positivas).",71.05
ITEM_3232,1,1,0.9833,1.0,0.0,60.0,0.0,Intermitente,False,"Meses observados o demandas positivas insuficientes para conformar entrenamiento y prueba (umbral operativo: 15 meses observados, 4 demandas positivas).",71.05
ITEM_3234,1,1,0.9833,40.0,0.0,60.0,0.0,Intermitente,False,"Meses observados o demandas positivas insuficientes para conformar entrenamiento y prueba (umbral operativo: 15 meses observados, 4 demandas positivas).",70.88
ITEM_3235,5,5,0.9167,380.2,166860.2,6.25,1.1543,Lumpy,False,"Meses observados o demandas positivas insuficientes para conformar entrenamiento y prueba (umbral operativo: 15 meses observados, 4 demandas positivas).",115.65
ITEM_3236,1,1,0.9833,30.0,0.0,60.0,0.0,Intermitente,False,"Meses observados o demandas positivas insuficientes para conformar entrenamiento y prueba (umbral operativo: 15 meses observados, 4 demandas positivas).",70.8
ITEM_3238,1,1,0.9833,1500.0,0.0,60.0,0.0,Intermitente,False,"Meses observados o demandas positivas insuficientes para conformar entrenamiento y prueba (umbral operativo: 15 meses observados, 4 demandas positivas).",70.5
ITEM_3240,1,1,0.9833,4.0,0.0,60.0,0.0,Intermitente,False,"Meses observados o demandas positivas insuficientes para conformar entrenamiento y prueba (umbral operativo: 15 meses observados, 4 demandas positivas).",70.29
ITEM_3241,1,1,0.9833,10.0,0.0,60.0,0.0,Intermitente,False,"Meses observados o demandas positivas insuficientes para conformar entrenamiento y prueba (umbral operativo: 15 meses observados, 4 demandas positivas).",70.2
ITEM_3242,2,2,0.9667,9.5,60.5,3.0,0.6704,Lumpy,False,"Meses observados o demandas positivas insuficientes para conformar entrenamiento y prueba (umbral operativo: 15 meses observados, 4 demandas positivas).",85.32
ITEM_3243,1,1,0.9833,3.0,0.0,60.0,0.0,Intermitente,False,"Meses observados o demandas positivas insuficientes para conformar entrenamiento y prueba (umbral operativo: 15 meses observados, 4 demandas positivas).",105.0
ITEM_3244,1,1,0.9833,10.0,0.0,60.0,0.0,Intermitente,False,"Meses observados o demandas positivas insuficientes para conformar entrenamiento y prueba (umbral operativo: 15 meses observados, 4 demandas positivas).",70.0
ITEM_3245,1,1,0.9833,10.0,0.0,60.0,0.0,Intermitente,False,"Meses observados o demandas positivas insuficientes para conformar entrenamiento y prueba (umbral operativo: 15 meses observados, 4 demandas positivas).",70.0
ITEM_3246,1,1,0.9833,20.0,0.0,60.0,0.0,Intermitente,False,"Meses observados o demandas positivas insuficientes para conformar entrenamiento y prueba (umbral operativo: 15 meses observados, 4 demandas positivas).",70.0
ITEM_3247,18,18,0.7,12.7222,63.3889,2.9412,0.3916,Intermitente,True,,414.61
ITEM_3248,1,1,0.9833,24.0,0.0,60.0,0.0,Intermitente,False,"Meses observados o demandas positivas insuficientes para conformar entrenamiento y prueba (umbral operativo: 15 meses observados, 4 demandas positivas).",69.6
ITEM_3249,2,2,0.9667,10.0,0.0,9.0,0.0,Intermitente,False,"Meses observados o demandas positivas insuficientes para conformar entrenamiento y prueba (umbral operativo: 15 meses observados, 4 demandas positivas).",119.5
ITEM_3250,1,1,0.9833,20.0,0.0,60.0,0.0,Intermitente,False,"Meses observados o demandas positivas insuficientes para conformar entrenamiento y prueba (umbral operativo: 15 meses observados, 4 demandas positivas).",69.44
ITEM_3252,1,1,0.9833,4.0,0.0,60.0,0.0,Intermitente,False,"Meses observados o demandas positivas insuficientes para conformar entrenamiento y prueba (umbral operativo: 15 meses observados, 4 demandas positivas).",69.19
ITEM_3253,1,1,0.9833,8.0,0.0,60.0,0.0,Intermitente,False,"Meses observados o demandas positivas insuficientes para conformar entrenamiento y prueba (umbral operativo: 15 meses observados, 4 demandas positivas).",69.06
ITEM_3254,1,1,0.9833,1.0,0.0,60.0,0.0,Intermitente,False,"Meses observados o demandas positivas insuficientes para conformar entrenamiento y prueba (umbral operativo: 15 meses observados, 4 demandas positivas).",69.0
ITEM_3255,1,1,0.9833,150.0,0.0,60.0,0.0,Intermitente,False,"Meses observados o demandas positivas insuficientes para conformar entrenamiento y prueba (umbral operativo: 15 meses observados, 4 demandas positivas).",69.0
ITEM_3256,1,1,0.9833,2.0,0.0,60.0,0.0,Intermitente,False,"Meses observados o demandas positivas insuficientes para conformar entrenamiento y prueba (umbral operativo: 15 meses observados, 4 demandas positivas).",68.9
ITEM_3259,1,1,0.9833,1.0,0.0,60.0,0.0,Intermitente,False,"Meses observados o demandas positivas insuficientes para conformar entrenamiento y prueba (umbral operativo: 15 meses observados, 4 demandas positivas).",68.79
ITEM_3260,1,1,0.9833,34.0,0.0,60.0,0.0,Intermitente,False,"Meses observados o demandas positivas insuficientes para conformar entrenamiento y prueba (umbral operativo: 15 meses observados, 4 demandas positivas).",130.41
ITEM_3261,3,3,0.95,4.0,0.0,3.0,0.0,Intermitente,False,"Meses observados o demandas positivas insuficientes para conformar entrenamiento y prueba (umbral operativo: 15 meses observados, 4 demandas positivas).",153.16
ITEM_3262,3,3,0.95,12.0,0.0,3.0,0.0,Intermitente,False,"Meses observados o demandas positivas insuficientes para conformar entrenamiento y prueba (umbral operativo: 15 meses observados, 4 demandas positivas).",165.72
ITEM_3263,2,2,0.9667,1.0,0.0,5.0,0.0,Intermitente,False,"Meses observados o demandas positivas insuficientes para conformar entrenamiento y prueba (umbral operativo: 15 meses observados, 4 demandas positivas).",126.92
ITEM_3264,1,1,0.9833,1.0,0.0,60.0,0.0,Intermitente,False,"Meses observados o demandas positivas insuficientes para conformar entrenamiento y prueba (umbral operativo: 15 meses observados, 4 demandas positivas).",68.3
ITEM_3265,1,1,0.9833,5.0,0.0,60.0,0.0,Intermitente,False,"Meses observados o demandas positivas insuficientes para conformar entrenamiento y prueba (umbral operativo: 15 meses observados, 4 demandas positivas).",68.27
ITEM_3266,10,10,0.8333,22.2,240.1778,6.6667,0.4873,Intermitente,False,"Meses observados o demandas positivas insuficientes para conformar entrenamiento y prueba (umbral operativo: 15 meses observados, 4 demandas positivas).",271.25
ITEM_3267,1,1,0.9833,4.0,0.0,60.0,0.0,Intermitente,False,"Meses observados o demandas positivas insuficientes para conformar entrenamiento y prueba (umbral operativo: 15 meses observados, 4 demandas positivas).",68.0
ITEM_3268,2,2,0.9667,2.5,4.5,16.0,0.72,Lumpy,False,"Meses observados o demandas positivas insuficientes para conformar entrenamiento y prueba (umbral operativo: 15 meses observados, 4 demandas positivas).",88.0
ITEM_3269,2,2,0.9667,8.5,4.5,3.0,0.0623,Intermitente,False,"Meses observados o demandas positivas insuficientes para conformar entrenamiento y prueba (umbral operativo: 15 meses observados, 4 demandas positivas).",118.5
ITEM_3270,3,3,0.95,2.0,0.0,3.0,0.0,Intermitente,False,"Meses observados o demandas positivas insuficientes para conformar entrenamiento y prueba (umbral operativo: 15 meses observados, 4 demandas positivas).",149.29
ITEM_3271,2,2,0.9667,15.0,50.0,3.0,0.2222,Intermitente,False,"Meses observados o demandas positivas insuficientes para conformar entrenamiento y prueba (umbral operativo: 15 meses observados, 4 demandas positivas).",101.6
ITEM_3272,1,1,0.9833,4.0,0.0,60.0,0.0,Intermitente,False,"Meses observados o demandas positivas insuficientes para conformar entrenamiento y prueba (umbral operativo: 15 meses observados, 4 demandas positivas).",67.58
ITEM_3273,7,7,0.8833,10.2857,15.5714,6.3333,0.1472,Intermitente,False,"Meses observados o demandas positivas insuficientes para conformar entrenamiento y prueba (umbral operativo: 15 meses observados, 4 demandas positivas).",392.38
ITEM_3274,1,1,0.9833,2.0,0.0,60.0,0.0,Intermitente,False,"Meses observados o demandas positivas insuficientes para conformar entrenamiento y prueba (umbral operativo: 15 meses observados, 4 demandas positivas).",67.3
ITEM_3275,1,1,0.9833,4.0,0.0,60.0,0.0,Intermitente,False,"Meses observados o demandas positivas insuficientes para conformar entrenamiento y prueba (umbral operativo: 15 meses observados, 4 demandas positivas).",67.3
ITEM_3276,7,7,0.8833,3.7143,0.9048,6.3333,0.0656,Intermitente,False,"Meses observados o demandas positivas insuficientes para conformar entrenamiento y prueba (umbral operativo: 15 meses observados, 4 demandas positivas).",271.62
ITEM_3277,2,2,0.9667,3.0,0.0,12.0,0.0,Intermitente,False,"Meses observados o demandas positivas insuficientes para conformar entrenamiento y prueba (umbral operativo: 15 meses observados, 4 demandas positivas).",118.82
ITEM_3278,1,1,0.9833,48.0,0.0,60.0,0.0,Intermitente,False,"Meses observados o demandas positivas insuficientes para conformar entrenamiento y prueba (umbral operativo: 15 meses observados, 4 demandas positivas).",67.2
ITEM_3279,2,2,0.9667,9.0,18.0,29.0,0.2222,Intermitente,False,"Meses observados o demandas positivas insuficientes para conformar entrenamiento y prueba (umbral operativo: 15 meses observados, 4 demandas positivas).",111.66
ITEM_3280,1,1,0.9833,1.0,0.0,60.0,0.0,Intermitente,False,"Meses observados o demandas positivas insuficientes para conformar entrenamiento y prueba (umbral operativo: 15 meses observados, 4 demandas positivas).",66.85
ITEM_3281,1,1,0.9833,200.0,0.0,60.0,0.0,Intermitente,False,"Meses observados o demandas positivas insuficientes para conformar entrenamiento y prueba (umbral operativo: 15 meses observados, 4 demandas positivas).",66.84
ITEM_3282,1,1,0.9833,2.0,0.0,60.0,0.0,Intermitente,False,"Meses observados o demandas positivas insuficientes para conformar entrenamiento y prueba (umbral operativo: 15 meses observados, 4 demandas positivas).",66.75
ITEM_3283,1,1,0.9833,2.0,0.0,60.0,0.0,Intermitente,False,"Meses observados o demandas positivas insuficientes para conformar entrenamiento y prueba (umbral operativo: 15 meses observados, 4 demandas positivas).",66.53
ITEM_3285,11,11,0.8167,218.1818,15636.3636,4.3,0.3285,Intermitente,False,"Meses observados o demandas positivas insuficientes para conformar entrenamiento y prueba (umbral operativo: 15 meses observados, 4 demandas positivas).",371.25
ITEM_3286,2,2,0.9667,1.5,0.5,8.0,0.2222,Intermitente,False,"Meses observados o demandas positivas insuficientes para conformar entrenamiento y prueba (umbral operativo: 15 meses observados, 4 demandas positivas).",106.14
ITEM_3287,1,1,0.9833,2.0,0.0,60.0,0.0,Intermitente,False,"Meses observados o demandas positivas insuficientes para conformar entrenamiento y prueba (umbral operativo: 15 meses observados, 4 demandas positivas).",66.2
ITEM_3289,9,9,0.85,1.3333,0.25,4.375,0.1406,Intermitente,False,"Meses observados o demandas positivas insuficientes para conformar entrenamiento y prueba (umbral operativo: 15 meses observados, 4 demandas positivas).",257.75
ITEM_3290,1,1,0.9833,12.0,0.0,60.0,0.0,Intermitente,False,"Meses observados o demandas positivas insuficientes para conformar entrenamiento y prueba (umbral operativo: 15 meses observados, 4 demandas positivas).",66.0
ITEM_3291,5,5,0.9167,20.2,826.2,5.0,2.0248,Lumpy,False,"Meses observados o demandas positivas insuficientes para conformar entrenamiento y prueba (umbral operativo: 15 meses observados, 4 demandas positivas).",255.7
ITEM_3292,1,1,0.9833,1.0,0.0,60.0,0.0,Intermitente,False,"Meses observados o demandas positivas insuficientes para conformar entrenamiento y prueba (umbral operativo: 15 meses observados, 4 demandas positivas).",65.76
ITEM_3293,2,2,0.9667,7.0,50.0,18.0,1.0204,Lumpy,False,"Meses observados o demandas positivas insuficientes para conformar entrenamiento y prueba (umbral operativo: 15 meses observados, 4 demandas positivas).",78.54
ITEM_3294,1,1,0.9833,1.0,0.0,60.0,0.0,Intermitente,False,"Meses observados o demandas positivas insuficientes para conformar entrenamiento y prueba (umbral operativo: 15 meses observados, 4 demandas positivas).",65.58
ITEM_3296,2,2,0.9667,162.0,38088.0,19.0,1.4513,Lumpy,False,"Meses observados o demandas positivas insuficientes para conformar entrenamiento y prueba (umbral operativo: 15 meses observados, 4 demandas positivas).",82.2
ITEM_3297,27,27,0.55,18.2593,221.9687,2.3077,0.6658,Lumpy,True,,795.76
ITEM_3300,8,8,0.8667,4.375,12.2679,4.8571,0.6409,Lumpy,False,"Meses observados o demandas positivas insuficientes para conformar entrenamiento y prueba (umbral operativo: 15 meses observados, 4 demandas positivas).",291.59
ITEM_3302,1,1,0.9833,1.0,0.0,60.0,0.0,Intermitente,False,"Meses observados o demandas positivas insuficientes para conformar entrenamiento y prueba (umbral operativo: 15 meses observados, 4 demandas positivas).",65.0
ITEM_3303,1,1,0.9833,4.0,0.0,60.0,0.0,Intermitente,False,"Meses observados o demandas positivas insuficientes para conformar entrenamiento y prueba (umbral operativo: 15 meses observados, 4 demandas positivas).",64.95
ITEM_3305,1,1,0.9833,2.0,0.0,60.0,0.0,Intermitente,False,"Meses observados o demandas positivas insuficientes para conformar entrenamiento y prueba (umbral operativo: 15 meses observados, 4 demandas positivas).",129.73
ITEM_3306,1,1,0.9833,2.0,0.0,60.0,0.0,Intermitente,False,"Meses observados o demandas positivas insuficientes para conformar entrenamiento y prueba (umbral operativo: 15 meses observados, 4 demandas positivas).",64.6
ITEM_3307,1,1,0.9833,12.0,0.0,60.0,0.0,Intermitente,False,"Meses observados o demandas positivas insuficientes para conformar entrenamiento y prueba (umbral operativo: 15 meses observados, 4 demandas positivas).",64.42
ITEM_3308,1,1,0.9833,536.0,0.0,60.0,0.0,Intermitente,False,"Meses observados o demandas positivas insuficientes para conformar entrenamiento y prueba (umbral operativo: 15 meses observados, 4 demandas positivas).",64.32
ITEM_3309,1,1,0.9833,4.0,0.0,60.0,0.0,Intermitente,False,"Meses observados o demandas positivas insuficientes para conformar entrenamiento y prueba (umbral operativo: 15 meses observados, 4 demandas positivas).",64.31
ITEM_3310,1,1,0.9833,4.0,0.0,60.0,0.0,Intermitente,False,"Meses observados o demandas positivas insuficientes para conformar entrenamiento y prueba (umbral operativo: 15 meses observados, 4 demandas positivas).",64.31
ITEM_3311,1,1,0.9833,4.0,0.0,60.0,0.0,Intermitente,False,"Meses observados o demandas positivas insuficientes para conformar entrenamiento y prueba (umbral operativo: 15 meses observados, 4 demandas positivas).",64.31
ITEM_3313,1,1,0.9833,24.0,0.0,60.0,0.0,Intermitente,False,"Meses observados o demandas positivas insuficientes para conformar entrenamiento y prueba (umbral operativo: 15 meses observados, 4 demandas positivas).",128.43
ITEM_3314,1,1,0.9833,24.0,0.0,60.0,0.0,Intermitente,False,"Meses observados o demandas positivas insuficientes para conformar entrenamiento y prueba (umbral operativo: 15 meses observados, 4 demandas positivas).",128.43
ITEM_3315,1,1,0.9833,24.0,0.0,60.0,0.0,Intermitente,False,"Meses observados o demandas positivas insuficientes para conformar entrenamiento y prueba (umbral operativo: 15 meses observados, 4 demandas positivas).",128.43
ITEM_3316,1,1,0.9833,24.0,0.0,60.0,0.0,Intermitente,False,"Meses observados o demandas positivas insuficientes para conformar entrenamiento y prueba (umbral operativo: 15 meses observados, 4 demandas positivas).",128.43
ITEM_3317,1,1,0.9833,30.0,0.0,60.0,0.0,Intermitente,False,"Meses observados o demandas positivas insuficientes para conformar entrenamiento y prueba (umbral operativo: 15 meses observados, 4 demandas positivas).",64.2
ITEM_3318,1,1,0.9833,11.0,0.0,60.0,0.0,Intermitente,False,"Meses observados o demandas positivas insuficientes para conformar entrenamiento y prueba (umbral operativo: 15 meses observados, 4 demandas positivas).",64.14
ITEM_3319,1,1,0.9833,7.0,0.0,60.0,0.0,Intermitente,False,"Meses observados o demandas positivas insuficientes para conformar entrenamiento y prueba (umbral operativo: 15 meses observados, 4 demandas positivas).",116.59
ITEM_3320,3,3,0.95,40.6667,1.3333,4.0,0.0008,Intermitente,False,"Meses observados o demandas positivas insuficientes para conformar entrenamiento y prueba (umbral operativo: 15 meses observados, 4 demandas positivas).",172.9
ITEM_3321,1,1,0.9833,16.0,0.0,60.0,0.0,Intermitente,False,"Meses observados o demandas positivas insuficientes para conformar entrenamiento y prueba (umbral operativo: 15 meses observados, 4 demandas positivas).",64.0
ITEM_3322,1,1,0.9833,16.0,0.0,60.0,0.0,Intermitente,False,"Meses observados o demandas positivas insuficientes para conformar entrenamiento y prueba (umbral operativo: 15 meses observados, 4 demandas positivas).",64.0
ITEM_3323,2,2,0.9667,2.0,0.0,29.0,0.0,Intermitente,False,"Meses observados o demandas positivas insuficientes para conformar entrenamiento y prueba (umbral operativo: 15 meses observados, 4 demandas positivas).",123.0
ITEM_3324,1,1,0.9833,2.0,0.0,60.0,0.0,Intermitente,False,"Meses observados o demandas positivas insuficientes para conformar entrenamiento y prueba (umbral operativo: 15 meses observados, 4 demandas positivas).",64.0
ITEM_3326,1,1,0.9833,6.0,0.0,60.0,0.0,Intermitente,False,"Meses observados o demandas positivas insuficientes para conformar entrenamiento y prueba (umbral operativo: 15 meses observados, 4 demandas positivas).",63.96
ITEM_3327,1,1,0.9833,4.0,0.0,60.0,0.0,Intermitente,False,"Meses observados o demandas positivas insuficientes para conformar entrenamiento y prueba (umbral operativo: 15 meses observados, 4 demandas positivas).",63.86
ITEM_3328,1,1,0.9833,4.0,0.0,60.0,0.0,Intermitente,False,"Meses observados o demandas positivas insuficientes para conformar entrenamiento y prueba (umbral operativo: 15 meses observados, 4 demandas positivas).",63.86
ITEM_3329,1,1,0.9833,3.0,0.0,60.0,0.0,Intermitente,False,"Meses observados o demandas positivas insuficientes para conformar entrenamiento y prueba (umbral operativo: 15 meses observados, 4 demandas positivas).",63.84
ITEM_3330,1,1,0.9833,1.0,0.0,60.0,0.0,Intermitente,False,"Meses observados o demandas positivas insuficientes para conformar entrenamiento y prueba (umbral operativo: 15 meses observados, 4 demandas positivas).",63.75
ITEM_3331,1,1,0.9833,12.0,0.0,60.0,0.0,Intermitente,False,"Meses observados o demandas positivas insuficientes para conformar entrenamiento y prueba (umbral operativo: 15 meses observados, 4 demandas positivas).",63.48
ITEM_3332,1,1,0.9833,1.0,0.0,60.0,0.0,Intermitente,False,"Meses observados o demandas positivas insuficientes para conformar entrenamiento y prueba (umbral operativo: 15 meses observados, 4 demandas positivas).",63.41
ITEM_3333,1,1,0.9833,4.0,0.0,60.0,0.0,Intermitente,False,"Meses observados o demandas positivas insuficientes para conformar entrenamiento y prueba (umbral operativo: 15 meses observados, 4 demandas positivas).",125.48
ITEM_3334,1,1,0.9833,12.0,0.0,60.0,0.0,Intermitente,False,"Meses observados o demandas positivas insuficientes para conformar entrenamiento y prueba (umbral operativo: 15 meses observados, 4 demandas positivas).",63.04
ITEM_3335,13,13,0.7833,3.6923,6.5641,5.9167,0.4815,Intermitente,False,"Meses observados o demandas positivas insuficientes para conformar entrenamiento y prueba (umbral operativo: 15 meses observados, 4 demandas positivas).",592.29
ITEM_3336,1,1,0.9833,12.0,0.0,60.0,0.0,Intermitente,False,"Meses observados o demandas positivas insuficientes para conformar entrenamiento y prueba (umbral operativo: 15 meses observados, 4 demandas positivas).",63.0
ITEM_3337,1,1,0.9833,4.0,0.0,60.0,0.0,Intermitente,False,"Meses observados o demandas positivas insuficientes para conformar entrenamiento y prueba (umbral operativo: 15 meses observados, 4 demandas positivas).",62.91
ITEM_3338,1,1,0.9833,30.0,0.0,60.0,0.0,Intermitente,False,"Meses observados o demandas positivas insuficientes para conformar entrenamiento y prueba (umbral operativo: 15 meses observados, 4 demandas positivas).",62.85
ITEM_3339,23,23,0.6167,11.2174,66.9051,2.5909,0.5317,Lumpy,True,,713.2
ITEM_3340,1,1,0.9833,12.0,0.0,60.0,0.0,Intermitente,False,"Meses observados o demandas positivas insuficientes para conformar entrenamiento y prueba (umbral operativo: 15 meses observados, 4 demandas positivas).",62.76
ITEM_3341,2,2,0.9667,5.0,0.0,14.0,0.0,Intermitente,False,"Meses observados o demandas positivas insuficientes para conformar entrenamiento y prueba (umbral operativo: 15 meses observados, 4 demandas positivas).",90.5
ITEM_3342,3,3,0.95,20.0,148.0,10.5,0.37,Intermitente,False,"Meses observados o demandas positivas insuficientes para conformar entrenamiento y prueba (umbral operativo: 15 meses observados, 4 demandas positivas).",160.96
ITEM_3343,1,1,0.9833,1.0,0.0,60.0,0.0,Intermitente,False,"Meses observados o demandas positivas insuficientes para conformar entrenamiento y prueba (umbral operativo: 15 meses observados, 4 demandas positivas).",62.72
ITEM_3344,11,11,0.8167,273.0,46079.0,4.2,0.6183,Lumpy,False,"Meses observados o demandas positivas insuficientes para conformar entrenamiento y prueba (umbral operativo: 15 meses observados, 4 demandas positivas).",147.87
ITEM_3345,4,4,0.9333,3.0,0.6667,6.0,0.0741,Intermitente,False,"Meses observados o demandas positivas insuficientes para conformar entrenamiento y prueba (umbral operativo: 15 meses observados, 4 demandas positivas).",165.07
ITEM_3346,2,2,0.9667,5.0,2.0,5.0,0.08,Intermitente,False,"Meses observados o demandas positivas insuficientes para conformar entrenamiento y prueba (umbral operativo: 15 meses observados, 4 demandas positivas).",69.33
ITEM_3347,1,1,0.9833,12.0,0.0,60.0,0.0,Intermitente,False,"Meses observados o demandas positivas insuficientes para conformar entrenamiento y prueba (umbral operativo: 15 meses observados, 4 demandas positivas).",62.4
ITEM_3348,2,2,0.9667,8.0,0.0,2.0,0.0,Intermitente,False,"Meses observados o demandas positivas insuficientes para conformar entrenamiento y prueba (umbral operativo: 15 meses observados, 4 demandas positivas).",124.6
ITEM_3349,1,1,0.9833,2.0,0.0,60.0,0.0,Intermitente,False,"Meses observados o demandas positivas insuficientes para conformar entrenamiento y prueba (umbral operativo: 15 meses observados, 4 demandas positivas).",62.3
ITEM_3350,4,4,0.9333,6.0,87.3333,6.0,2.4259,Lumpy,False,"Meses observados o demandas positivas insuficientes para conformar entrenamiento y prueba (umbral operativo: 15 meses observados, 4 demandas positivas).",131.5
ITEM_3351,1,1,0.9833,30.0,0.0,60.0,0.0,Intermitente,False,"Meses observados o demandas positivas insuficientes para conformar entrenamiento y prueba (umbral operativo: 15 meses observados, 4 demandas positivas).",62.09
ITEM_3352,1,1,0.9833,2.0,0.0,60.0,0.0,Intermitente,False,"Meses observados o demandas positivas insuficientes para conformar entrenamiento y prueba (umbral operativo: 15 meses observados, 4 demandas positivas).",62.0
ITEM_3353,1,1,0.9833,10.0,0.0,60.0,0.0,Intermitente,False,"Meses observados o demandas positivas insuficientes para conformar entrenamiento y prueba (umbral operativo: 15 meses observados, 4 demandas positivas).",62.0
ITEM_3354,1,1,0.9833,40.0,0.0,60.0,0.0,Intermitente,False,"Meses observados o demandas positivas insuficientes para conformar entrenamiento y prueba (umbral operativo: 15 meses observados, 4 demandas positivas).",62.0
ITEM_3356,3,3,0.95,44.6667,2345.3333,13.5,1.1755,Lumpy,False,"Meses observados o demandas positivas insuficientes para conformar entrenamiento y prueba (umbral operativo: 15 meses observados, 4 demandas positivas).",91.62
ITEM_3358,8,8,0.8667,8.25,37.0714,5.5714,0.5447,Lumpy,False,"Meses observados o demandas positivas insuficientes para conformar entrenamiento y prueba (umbral operativo: 15 meses observados, 4 demandas positivas).",162.02
ITEM_3360,1,1,0.9833,6.0,0.0,60.0,0.0,Intermitente,False,"Meses observados o demandas positivas insuficientes para conformar entrenamiento y prueba (umbral operativo: 15 meses observados, 4 demandas positivas).",61.44
ITEM_3361,1,1,0.9833,20.0,0.0,60.0,0.0,Intermitente,False,"Meses observados o demandas positivas insuficientes para conformar entrenamiento y prueba (umbral operativo: 15 meses observados, 4 demandas positivas).",61.35
ITEM_3362,2,2,0.9667,2.0,0.0,3.0,0.0,Intermitente,False,"Meses observados o demandas positivas insuficientes para conformar entrenamiento y prueba (umbral operativo: 15 meses observados, 4 demandas positivas).",122.68
ITEM_3363,1,1,0.9833,20.0,0.0,60.0,0.0,Intermitente,False,"Meses observados o demandas positivas insuficientes para conformar entrenamiento y prueba (umbral operativo: 15 meses observados, 4 demandas positivas).",61.2
ITEM_3364,1,1,0.9833,6.0,0.0,60.0,0.0,Intermitente,False,"Meses observados o demandas positivas insuficientes para conformar entrenamiento y prueba (umbral operativo: 15 meses observados, 4 demandas positivas).",61.2
ITEM_3365,2,2,0.9667,6.0,0.0,3.0,0.0,Intermitente,False,"Meses observados o demandas positivas insuficientes para conformar entrenamiento y prueba (umbral operativo: 15 meses observados, 4 demandas positivas).",122.4
ITEM_3366,2,2,0.9667,6.5,0.5,23.0,0.0118,Intermitente,False,"Meses observados o demandas positivas insuficientes para conformar entrenamiento y prueba (umbral operativo: 15 meses observados, 4 demandas positivas).",66.37
ITEM_3367,1,1,0.9833,6.0,0.0,60.0,0.0,Intermitente,False,"Meses observados o demandas positivas insuficientes para conformar entrenamiento y prueba (umbral operativo: 15 meses observados, 4 demandas positivas).",60.9
ITEM_3368,1,1,0.9833,3.0,0.0,60.0,0.0,Intermitente,False,"Meses observados o demandas positivas insuficientes para conformar entrenamiento y prueba (umbral operativo: 15 meses observados, 4 demandas positivas).",60.48
ITEM_3369,1,1,0.9833,2.0,0.0,60.0,0.0,Intermitente,False,"Meses observados o demandas positivas insuficientes para conformar entrenamiento y prueba (umbral operativo: 15 meses observados, 4 demandas positivas).",60.22
ITEM_3370,1,1,0.9833,3.0,0.0,60.0,0.0,Intermitente,False,"Meses observados o demandas positivas insuficientes para conformar entrenamiento y prueba (umbral operativo: 15 meses observados, 4 demandas positivas).",90.07
ITEM_3371,1,1,0.9833,2.0,0.0,60.0,0.0,Intermitente,False,"Meses observados o demandas positivas insuficientes para conformar entrenamiento y prueba (umbral operativo: 15 meses observados, 4 demandas positivas).",60.01
ITEM_3372,1,1,0.9833,15.0,0.0,60.0,0.0,Intermitente,False,"Meses observados o demandas positivas insuficientes para conformar entrenamiento y prueba (umbral operativo: 15 meses observados, 4 demandas positivas).",60.0
ITEM_3373,1,1,0.9833,20.0,0.0,60.0,0.0,Intermitente,False,"Meses observados o demandas positivas insuficientes para conformar entrenamiento y prueba (umbral operativo: 15 meses observados, 4 demandas positivas).",60.0
ITEM_3374,1,1,0.9833,100.0,0.0,60.0,0.0,Intermitente,False,"Meses observados o demandas positivas insuficientes para conformar entrenamiento y prueba (umbral operativo: 15 meses observados, 4 demandas positivas).",90.0
ITEM_3375,3,3,0.95,5.3333,16.3333,6.5,0.5742,Lumpy,False,"Meses observados o demandas positivas insuficientes para conformar entrenamiento y prueba (umbral operativo: 15 meses observados, 4 demandas positivas).",92.97
ITEM_3376,2,2,0.9667,1.0,0.0,5.0,0.0,Intermitente,False,"Meses observados o demandas positivas insuficientes para conformar entrenamiento y prueba (umbral operativo: 15 meses observados, 4 demandas positivas).",91.17
ITEM_3377,1,1,0.9833,6.0,0.0,60.0,0.0,Intermitente,False,"Meses observados o demandas positivas insuficientes para conformar entrenamiento y prueba (umbral operativo: 15 meses observados, 4 demandas positivas).",60.0
ITEM_3378,1,1,0.9833,15.0,0.0,60.0,0.0,Intermitente,False,"Meses observados o demandas positivas insuficientes para conformar entrenamiento y prueba (umbral operativo: 15 meses observados, 4 demandas positivas).",60.0
ITEM_3379,1,1,0.9833,4.0,0.0,60.0,0.0,Intermitente,False,"Meses observados o demandas positivas insuficientes para conformar entrenamiento y prueba (umbral operativo: 15 meses observados, 4 demandas positivas).",60.0
ITEM_3380,19,19,0.6833,16.2105,136.2865,2.8889,0.5186,Lumpy,True,,546.23
ITEM_3381,1,1,0.9833,10.0,0.0,60.0,0.0,Intermitente,False,"Meses observados o demandas positivas insuficientes para conformar entrenamiento y prueba (umbral operativo: 15 meses observados, 4 demandas positivas).",60.0
ITEM_3382,2,2,0.9667,12.0,0.0,4.0,0.0,Intermitente,False,"Meses observados o demandas positivas insuficientes para conformar entrenamiento y prueba (umbral operativo: 15 meses observados, 4 demandas positivas).",81.87
ITEM_3383,1,1,0.9833,4.0,0.0,60.0,0.0,Intermitente,False,"Meses observados o demandas positivas insuficientes para conformar entrenamiento y prueba (umbral operativo: 15 meses observados, 4 demandas positivas).",59.88
ITEM_3384,5,5,0.9167,13.4,230.8,5.0,1.2854,Lumpy,False,"Meses observados o demandas positivas insuficientes para conformar entrenamiento y prueba (umbral operativo: 15 meses observados, 4 demandas positivas).",108.44
ITEM_3385,3,3,0.95,4.3333,8.3333,12.5,0.4438,Intermitente,False,"Meses observados o demandas positivas insuficientes para conformar entrenamiento y prueba (umbral operativo: 15 meses observados, 4 demandas positivas).",130.5
ITEM_3387,1,1,0.9833,2.0,0.0,60.0,0.0,Intermitente,False,"Meses observados o demandas positivas insuficientes para conformar entrenamiento y prueba (umbral operativo: 15 meses observados, 4 demandas positivas).",59.76
ITEM_3388,1,1,0.9833,2.0,0.0,60.0,0.0,Intermitente,False,"Meses observados o demandas positivas insuficientes para conformar entrenamiento y prueba (umbral operativo: 15 meses observados, 4 demandas positivas).",59.76
ITEM_3389,2,2,0.9667,1.0,0.0,20.0,0.0,Intermitente,False,"Meses observados o demandas positivas insuficientes para conformar entrenamiento y prueba (umbral operativo: 15 meses observados, 4 demandas positivas).",112.03
ITEM_3390,2,2,0.9667,2.0,2.0,3.0,0.5,Lumpy,False,"Meses observados o demandas positivas insuficientes para conformar entrenamiento y prueba (umbral operativo: 15 meses observados, 4 demandas positivas).",116.4
ITEM_3391,2,2,0.9667,16.0,32.0,2.0,0.125,Intermitente,False,"Meses observados o demandas positivas insuficientes para conformar entrenamiento y prueba (umbral operativo: 15 meses observados, 4 demandas positivas).",98.61
ITEM_3392,1,1,0.9833,2.0,0.0,60.0,0.0,Intermitente,False,"Meses observados o demandas positivas insuficientes para conformar entrenamiento y prueba (umbral operativo: 15 meses observados, 4 demandas positivas).",59.27
ITEM_3393,1,1,0.9833,60.0,0.0,60.0,0.0,Intermitente,False,"Meses observados o demandas positivas insuficientes para conformar entrenamiento y prueba (umbral operativo: 15 meses observados, 4 demandas positivas).",59.04
ITEM_3394,1,1,0.9833,30.0,0.0,60.0,0.0,Intermitente,False,"Meses observados o demandas positivas insuficientes para conformar entrenamiento y prueba (umbral operativo: 15 meses observados, 4 demandas positivas).",59.01
ITEM_3396,4,4,0.9333,103.0,5902.6667,11.3333,0.5564,Lumpy,False,"Meses observados o demandas positivas insuficientes para conformar entrenamiento y prueba (umbral operativo: 15 meses observados, 4 demandas positivas).",178.71
ITEM_3397,6,6,0.9,4.6667,7.0667,10.8,0.3245,Intermitente,False,"Meses observados o demandas positivas insuficientes para conformar entrenamiento y prueba (umbral operativo: 15 meses observados, 4 demandas positivas).",182.68
ITEM_3398,1,1,0.9833,2.0,0.0,60.0,0.0,Intermitente,False,"Meses observados o demandas positivas insuficientes para conformar entrenamiento y prueba (umbral operativo: 15 meses observados, 4 demandas positivas).",58.8
ITEM_3399,2,2,0.9667,63.0,6498.0,4.0,1.6372,Lumpy,False,"Meses observados o demandas positivas insuficientes para conformar entrenamiento y prueba (umbral operativo: 15 meses observados, 4 demandas positivas).",77.2
ITEM_3400,1,1,0.9833,40.0,0.0,60.0,0.0,Intermitente,False,"Meses observados o demandas positivas insuficientes para conformar entrenamiento y prueba (umbral operativo: 15 meses observados, 4 demandas positivas).",58.57
ITEM_3401,1,1,0.9833,20.0,0.0,60.0,0.0,Intermitente,False,"Meses observados o demandas positivas insuficientes para conformar entrenamiento y prueba (umbral operativo: 15 meses observados, 4 demandas positivas).",58.55
ITEM_3402,5,5,0.9167,94.8,1025.2,9.0,0.1141,Intermitente,False,"Meses observados o demandas positivas insuficientes para conformar entrenamiento y prueba (umbral operativo: 15 meses observados, 4 demandas positivas).",149.15
ITEM_3403,1,1,0.9833,4.0,0.0,60.0,0.0,Intermitente,False,"Meses observados o demandas positivas insuficientes para conformar entrenamiento y prueba (umbral operativo: 15 meses observados, 4 demandas positivas).",58.5
ITEM_3404,1,1,0.9833,8.0,0.0,60.0,0.0,Intermitente,False,"Meses observados o demandas positivas insuficientes para conformar entrenamiento y prueba (umbral operativo: 15 meses observados, 4 demandas positivas).",116.88
ITEM_3405,1,1,0.9833,3.0,0.0,60.0,0.0,Intermitente,False,"Meses observados o demandas positivas insuficientes para conformar entrenamiento y prueba (umbral operativo: 15 meses observados, 4 demandas positivas).",58.32
ITEM_3406,2,2,0.9667,35.0,50.0,2.0,0.0408,Intermitente,False,"Meses observados o demandas positivas insuficientes para conformar entrenamiento y prueba (umbral operativo: 15 meses observados, 4 demandas positivas).",131.08
ITEM_3407,1,1,0.9833,4.0,0.0,60.0,0.0,Intermitente,False,"Meses observados o demandas positivas insuficientes para conformar entrenamiento y prueba (umbral operativo: 15 meses observados, 4 demandas positivas).",116.2
ITEM_3408,1,1,0.9833,4.0,0.0,60.0,0.0,Intermitente,False,"Meses observados o demandas positivas insuficientes para conformar entrenamiento y prueba (umbral operativo: 15 meses observados, 4 demandas positivas).",58.05
ITEM_3409,1,1,0.9833,30.0,0.0,60.0,0.0,Intermitente,False,"Meses observados o demandas positivas insuficientes para conformar entrenamiento y prueba (umbral operativo: 15 meses observados, 4 demandas positivas).",58.03
ITEM_3411,1,1,0.9833,1.0,0.0,60.0,0.0,Intermitente,False,"Meses observados o demandas positivas insuficientes para conformar entrenamiento y prueba (umbral operativo: 15 meses observados, 4 demandas positivas).",58.0
ITEM_3412,1,1,0.9833,1.0,0.0,60.0,0.0,Intermitente,False,"Meses observados o demandas positivas insuficientes para conformar entrenamiento y prueba (umbral operativo: 15 meses observados, 4 demandas positivas).",57.99
ITEM_3413,1,1,0.9833,2.0,0.0,60.0,0.0,Intermitente,False,"Meses observados o demandas positivas insuficientes para conformar entrenamiento y prueba (umbral operativo: 15 meses observados, 4 demandas positivas).",115.87
ITEM_3414,1,1,0.9833,12.0,0.0,60.0,0.0,Intermitente,False,"Meses observados o demandas positivas insuficientes para conformar entrenamiento y prueba (umbral operativo: 15 meses observados, 4 demandas positivas).",57.84
ITEM_3415,1,1,0.9833,8.0,0.0,60.0,0.0,Intermitente,False,"Meses observados o demandas positivas insuficientes para conformar entrenamiento y prueba (umbral operativo: 15 meses observados, 4 demandas positivas).",114.93
ITEM_3416,1,1,0.9833,3.0,0.0,60.0,0.0,Intermitente,False,"Meses observados o demandas positivas insuficientes para conformar entrenamiento y prueba (umbral operativo: 15 meses observados, 4 demandas positivas).",57.78
ITEM_3417,1,1,0.9833,1.0,0.0,60.0,0.0,Intermitente,False,"Meses observados o demandas positivas insuficientes para conformar entrenamiento y prueba (umbral operativo: 15 meses observados, 4 demandas positivas).",57.73
ITEM_3418,1,1,0.9833,2.0,0.0,60.0,0.0,Intermitente,False,"Meses observados o demandas positivas insuficientes para conformar entrenamiento y prueba (umbral operativo: 15 meses observados, 4 demandas positivas).",57.6
ITEM_3419,1,1,0.9833,20.0,0.0,60.0,0.0,Intermitente,False,"Meses observados o demandas positivas insuficientes para conformar entrenamiento y prueba (umbral operativo: 15 meses observados, 4 demandas positivas).",57.6
ITEM_3420,5,5,0.9167,9.2,69.2,9.0,0.8176,Lumpy,False,"Meses observados o demandas positivas insuficientes para conformar entrenamiento y prueba (umbral operativo: 15 meses observados, 4 demandas positivas).",130.27
ITEM_3422,1,1,0.9833,3.0,0.0,60.0,0.0,Intermitente,False,"Meses observados o demandas positivas insuficientes para conformar entrenamiento y prueba (umbral operativo: 15 meses observados, 4 demandas positivas).",57.0
ITEM_3423,1,1,0.9833,10.0,0.0,60.0,0.0,Intermitente,False,"Meses observados o demandas positivas insuficientes para conformar entrenamiento y prueba (umbral operativo: 15 meses observados, 4 demandas positivas).",57.0
ITEM_3425,3,3,0.95,1.0,0.0,7.0,0.0,Intermitente,False,"Meses observados o demandas positivas insuficientes para conformar entrenamiento y prueba (umbral operativo: 15 meses observados, 4 demandas positivas).",164.78
ITEM_3426,1,1,0.9833,30.0,0.0,60.0,0.0,Intermitente,False,"Meses observados o demandas positivas insuficientes para conformar entrenamiento y prueba (umbral operativo: 15 meses observados, 4 demandas positivas).",56.88
ITEM_3427,1,1,0.9833,20.0,0.0,60.0,0.0,Intermitente,False,"Meses observados o demandas positivas insuficientes para conformar entrenamiento y prueba (umbral operativo: 15 meses observados, 4 demandas positivas).",56.8
ITEM_3428,1,1,0.9833,30.0,0.0,60.0,0.0,Intermitente,False,"Meses observados o demandas positivas insuficientes para conformar entrenamiento y prueba (umbral operativo: 15 meses observados, 4 demandas positivas).",56.74
ITEM_3429,1,1,0.9833,2.0,0.0,60.0,0.0,Intermitente,False,"Meses observados o demandas positivas insuficientes para conformar entrenamiento y prueba (umbral operativo: 15 meses observados, 4 demandas positivas).",56.7
ITEM_3430,1,1,0.9833,20.0,0.0,60.0,0.0,Intermitente,False,"Meses observados o demandas positivas insuficientes para conformar entrenamiento y prueba (umbral operativo: 15 meses observados, 4 demandas positivas).",56.67
ITEM_3431,1,1,0.9833,8.0,0.0,60.0,0.0,Intermitente,False,"Meses observados o demandas positivas insuficientes para conformar entrenamiento y prueba (umbral operativo: 15 meses observados, 4 demandas positivas).",56.67
ITEM_3432,1,1,0.9833,8.0,0.0,60.0,0.0,Intermitente,False,"Meses observados o demandas positivas insuficientes para conformar entrenamiento y prueba (umbral operativo: 15 meses observados, 4 demandas positivas).",56.67
ITEM_3433,2,2,0.9667,2.0,0.0,3.0,0.0,Intermitente,False,"Meses observados o demandas positivas insuficientes para conformar entrenamiento y prueba (umbral operativo: 15 meses observados, 4 demandas positivas).",113.24
ITEM_3434,1,1,0.9833,3.0,0.0,60.0,0.0,Intermitente,False,"Meses observados o demandas positivas insuficientes para conformar entrenamiento y prueba (umbral operativo: 15 meses observados, 4 demandas positivas).",56.61
ITEM_3435,1,1,0.9833,12.0,0.0,60.0,0.0,Intermitente,False,"Meses observados o demandas positivas insuficientes para conformar entrenamiento y prueba (umbral operativo: 15 meses observados, 4 demandas positivas).",56.52
ITEM_3436,1,1,0.9833,2.0,0.0,60.0,0.0,Intermitente,False,"Meses observados o demandas positivas insuficientes para conformar entrenamiento y prueba (umbral operativo: 15 meses observados, 4 demandas positivas).",56.51
ITEM_3437,1,1,0.9833,4.0,0.0,60.0,0.0,Intermitente,False,"Meses observados o demandas positivas insuficientes para conformar entrenamiento y prueba (umbral operativo: 15 meses observados, 4 demandas positivas).",111.98
ITEM_3438,1,1,0.9833,60.0,0.0,60.0,0.0,Intermitente,False,"Meses observados o demandas positivas insuficientes para conformar entrenamiento y prueba (umbral operativo: 15 meses observados, 4 demandas positivas).",56.21
ITEM_3439,1,1,0.9833,13.0,0.0,60.0,0.0,Intermitente,False,"Meses observados o demandas positivas insuficientes para conformar entrenamiento y prueba (umbral operativo: 15 meses observados, 4 demandas positivas).",56.12
ITEM_3440,1,1,0.9833,2.0,0.0,60.0,0.0,Intermitente,False,"Meses observados o demandas positivas insuficientes para conformar entrenamiento y prueba (umbral operativo: 15 meses observados, 4 demandas positivas).",56.11
ITEM_3441,1,1,0.9833,2.0,0.0,60.0,0.0,Intermitente,False,"Meses observados o demandas positivas insuficientes para conformar entrenamiento y prueba (umbral operativo: 15 meses observados, 4 demandas positivas).",56.0
ITEM_3443,1,1,0.9833,2.0,0.0,60.0,0.0,Intermitente,False,"Meses observados o demandas positivas insuficientes para conformar entrenamiento y prueba (umbral operativo: 15 meses observados, 4 demandas positivas).",56.0
ITEM_3444,1,1,0.9833,2.0,0.0,60.0,0.0,Intermitente,False,"Meses observados o demandas positivas insuficientes para conformar entrenamiento y prueba (umbral operativo: 15 meses observados, 4 demandas positivas).",56.0
ITEM_3445,1,1,0.9833,12.0,0.0,60.0,0.0,Intermitente,False,"Meses observados o demandas positivas insuficientes para conformar entrenamiento y prueba (umbral operativo: 15 meses observados, 4 demandas positivas).",56.0
ITEM_3446,1,1,0.9833,6.0,0.0,60.0,0.0,Intermitente,False,"Meses observados o demandas positivas insuficientes para conformar entrenamiento y prueba (umbral operativo: 15 meses observados, 4 demandas positivas).",56.0
ITEM_3447,1,1,0.9833,6.0,0.0,60.0,0.0,Intermitente,False,"Meses observados o demandas positivas insuficientes para conformar entrenamiento y prueba (umbral operativo: 15 meses observados, 4 demandas positivas).",55.95
ITEM_3448,1,1,0.9833,4.0,0.0,60.0,0.0,Intermitente,False,"Meses observados o demandas positivas insuficientes para conformar entrenamiento y prueba (umbral operativo: 15 meses observados, 4 demandas positivas).",55.95
ITEM_3449,2,2,0.9667,2.0,0.0,4.0,0.0,Intermitente,False,"Meses observados o demandas positivas insuficientes para conformar entrenamiento y prueba (umbral operativo: 15 meses observados, 4 demandas positivas).",108.63
ITEM_3450,1,1,0.9833,9.0,0.0,60.0,0.0,Intermitente,False,"Meses observados o demandas positivas insuficientes para conformar entrenamiento y prueba (umbral operativo: 15 meses observados, 4 demandas positivas).",55.52
ITEM_3451,1,1,0.9833,5.0,0.0,60.0,0.0,Intermitente,False,"Meses observados o demandas positivas insuficientes para conformar entrenamiento y prueba (umbral operativo: 15 meses observados, 4 demandas positivas).",55.41
ITEM_3452,1,1,0.9833,1.0,0.0,60.0,0.0,Intermitente,False,"Meses observados o demandas positivas insuficientes para conformar entrenamiento y prueba (umbral operativo: 15 meses observados, 4 demandas positivas).",55.2
ITEM_3453,1,1,0.9833,1.0,0.0,60.0,0.0,Intermitente,False,"Meses observados o demandas positivas insuficientes para conformar entrenamiento y prueba (umbral operativo: 15 meses observados, 4 demandas positivas).",55.2
ITEM_3454,1,1,0.9833,30.0,0.0,60.0,0.0,Intermitente,False,"Meses observados o demandas positivas insuficientes para conformar entrenamiento y prueba (umbral operativo: 15 meses observados, 4 demandas positivas).",55.2
ITEM_3455,1,1,0.9833,5.0,0.0,60.0,0.0,Intermitente,False,"Meses observados o demandas positivas insuficientes para conformar entrenamiento y prueba (umbral operativo: 15 meses observados, 4 demandas positivas).",55.02
ITEM_3456,1,1,0.9833,1.0,0.0,60.0,0.0,Intermitente,False,"Meses observados o demandas positivas insuficientes para conformar entrenamiento y prueba (umbral operativo: 15 meses observados, 4 demandas positivas).",55.02
ITEM_3457,1,1,0.9833,10.0,0.0,60.0,0.0,Intermitente,False,"Meses observados o demandas positivas insuficientes para conformar entrenamiento y prueba (umbral operativo: 15 meses observados, 4 demandas positivas).",55.0
ITEM_3458,1,1,0.9833,1.0,0.0,60.0,0.0,Intermitente,False,"Meses observados o demandas positivas insuficientes para conformar entrenamiento y prueba (umbral operativo: 15 meses observados, 4 demandas positivas).",55.0
ITEM_3459,1,1,0.9833,10.0,0.0,60.0,0.0,Intermitente,False,"Meses observados o demandas positivas insuficientes para conformar entrenamiento y prueba (umbral operativo: 15 meses observados, 4 demandas positivas).",54.94
ITEM_3460,1,1,0.9833,2.0,0.0,60.0,0.0,Intermitente,False,"Meses observados o demandas positivas insuficientes para conformar entrenamiento y prueba (umbral operativo: 15 meses observados, 4 demandas positivas).",54.61
ITEM_3461,2,2,0.9667,8.0,0.0,13.0,0.0,Intermitente,False,"Meses observados o demandas positivas insuficientes para conformar entrenamiento y prueba (umbral operativo: 15 meses observados, 4 demandas positivas).",106.24
ITEM_3462,1,1,0.9833,280.0,0.0,60.0,0.0,Intermitente,False,"Meses observados o demandas positivas insuficientes para conformar entrenamiento y prueba (umbral operativo: 15 meses observados, 4 demandas positivas).",54.46
ITEM_3463,1,1,0.9833,3.0,0.0,60.0,0.0,Intermitente,False,"Meses observados o demandas positivas insuficientes para conformar entrenamiento y prueba (umbral operativo: 15 meses observados, 4 demandas positivas).",54.38
ITEM_3464,1,1,0.9833,3.0,0.0,60.0,0.0,Intermitente,False,"Meses observados o demandas positivas insuficientes para conformar entrenamiento y prueba (umbral operativo: 15 meses observados, 4 demandas positivas).",54.38
ITEM_3466,19,19,0.6833,15.8947,117.655,2.8333,0.4657,Intermitente,True,,371.27
ITEM_3467,1,1,0.9833,8.0,0.0,60.0,0.0,Intermitente,False,"Meses observados o demandas positivas insuficientes para conformar entrenamiento y prueba (umbral operativo: 15 meses observados, 4 demandas positivas).",54.0
ITEM_3468,1,1,0.9833,20.0,0.0,60.0,0.0,Intermitente,False,"Meses observados o demandas positivas insuficientes para conformar entrenamiento y prueba (umbral operativo: 15 meses observados, 4 demandas positivas).",53.93
ITEM_3469,1,1,0.9833,20.0,0.0,60.0,0.0,Intermitente,False,"Meses observados o demandas positivas insuficientes para conformar entrenamiento y prueba (umbral operativo: 15 meses observados, 4 demandas positivas).",53.91
ITEM_3470,1,1,0.9833,10.0,0.0,60.0,0.0,Intermitente,False,"Meses observados o demandas positivas insuficientes para conformar entrenamiento y prueba (umbral operativo: 15 meses observados, 4 demandas positivas).",53.65
ITEM_3471,1,1,0.9833,4.0,0.0,60.0,0.0,Intermitente,False,"Meses observados o demandas positivas insuficientes para conformar entrenamiento y prueba (umbral operativo: 15 meses observados, 4 demandas positivas).",53.63
ITEM_3472,1,1,0.9833,4.0,0.0,60.0,0.0,Intermitente,False,"Meses observados o demandas positivas insuficientes para conformar entrenamiento y prueba (umbral operativo: 15 meses observados, 4 demandas positivas).",53.58
ITEM_3473,1,1,0.9833,4.0,0.0,60.0,0.0,Intermitente,False,"Meses observados o demandas positivas insuficientes para conformar entrenamiento y prueba (umbral operativo: 15 meses observados, 4 demandas positivas).",53.49
ITEM_3474,6,6,0.9,3.6667,1.8667,6.2,0.1388,Intermitente,False,"Meses observados o demandas positivas insuficientes para conformar entrenamiento y prueba (umbral operativo: 15 meses observados, 4 demandas positivas).",88.54
ITEM_3475,2,2,0.9667,1.0,0.0,2.0,0.0,Intermitente,False,"Meses observados o demandas positivas insuficientes para conformar entrenamiento y prueba (umbral operativo: 15 meses observados, 4 demandas positivas).",106.62
ITEM_3476,2,2,0.9667,6.5,4.5,18.0,0.1065,Intermitente,False,"Meses observados o demandas positivas insuficientes para conformar entrenamiento y prueba (umbral operativo: 15 meses observados, 4 demandas positivas).",92.53
ITEM_3477,1,1,0.9833,24.0,0.0,60.0,0.0,Intermitente,False,"Meses observados o demandas positivas insuficientes para conformar entrenamiento y prueba (umbral operativo: 15 meses observados, 4 demandas positivas).",89.58
ITEM_3478,2,2,0.9667,9.0,50.0,4.0,0.6173,Lumpy,False,"Meses observados o demandas positivas insuficientes para conformar entrenamiento y prueba (umbral operativo: 15 meses observados, 4 demandas positivas).",72.24
ITEM_3479,11,11,0.8167,6.6364,15.6545,4.2,0.3555,Intermitente,False,"Meses observados o demandas positivas insuficientes para conformar entrenamiento y prueba (umbral operativo: 15 meses observados, 4 demandas positivas).",383.56
ITEM_3480,5,5,0.9167,5.6,20.3,8.5,0.6473,Lumpy,False,"Meses observados o demandas positivas insuficientes para conformar entrenamiento y prueba (umbral operativo: 15 meses observados, 4 demandas positivas).",146.1
ITEM_3481,1,1,0.9833,1.0,0.0,60.0,0.0,Intermitente,False,"Meses observados o demandas positivas insuficientes para conformar entrenamiento y prueba (umbral operativo: 15 meses observados, 4 demandas positivas).",52.94
ITEM_3482,2,2,0.9667,2.0,0.0,11.0,0.0,Intermitente,False,"Meses observados o demandas positivas insuficientes para conformar entrenamiento y prueba (umbral operativo: 15 meses observados, 4 demandas positivas).",102.82
ITEM_3483,2,2,0.9667,35.0,1250.0,8.0,1.0204,Lumpy,False,"Meses observados o demandas positivas insuficientes para conformar entrenamiento y prueba (umbral operativo: 15 meses observados, 4 demandas positivas).",64.53
ITEM_3484,2,2,0.9667,5.5,0.5,2.0,0.0165,Intermitente,False,"Meses observados o demandas positivas insuficientes para conformar entrenamiento y prueba (umbral operativo: 15 meses observados, 4 demandas positivas).",97.9
ITEM_3485,2,2,0.9667,6.0,8.0,14.0,0.2222,Intermitente,False,"Meses observados o demandas positivas insuficientes para conformar entrenamiento y prueba (umbral operativo: 15 meses observados, 4 demandas positivas).",150.4
ITEM_3486,1,1,0.9833,4.0,0.0,60.0,0.0,Intermitente,False,"Meses observados o demandas positivas insuficientes para conformar entrenamiento y prueba (umbral operativo: 15 meses observados, 4 demandas positivas).",52.56
ITEM_3487,5,5,0.9167,6.6,15.8,9.0,0.3627,Intermitente,False,"Meses observados o demandas positivas insuficientes para conformar entrenamiento y prueba (umbral operativo: 15 meses observados, 4 demandas positivas).",147.59
ITEM_3488,1,1,0.9833,15.0,0.0,60.0,0.0,Intermitente,False,"Meses observados o demandas positivas insuficientes para conformar entrenamiento y prueba (umbral operativo: 15 meses observados, 4 demandas positivas).",52.5
ITEM_3489,1,1,0.9833,1.0,0.0,60.0,0.0,Intermitente,False,"Meses observados o demandas positivas insuficientes para conformar entrenamiento y prueba (umbral operativo: 15 meses observados, 4 demandas positivas).",52.32
ITEM_3490,2,2,0.9667,2.5,0.5,2.0,0.08,Intermitente,False,"Meses observados o demandas positivas insuficientes para conformar entrenamiento y prueba (umbral operativo: 15 meses observados, 4 demandas positivas).",68.48
ITEM_3491,1,1,0.9833,1.0,0.0,60.0,0.0,Intermitente,False,"Meses observados o demandas positivas insuficientes para conformar entrenamiento y prueba (umbral operativo: 15 meses observados, 4 demandas positivas).",52.27
ITEM_3492,1,1,0.9833,6.0,0.0,60.0,0.0,Intermitente,False,"Meses observados o demandas positivas insuficientes para conformar entrenamiento y prueba (umbral operativo: 15 meses observados, 4 demandas positivas).",52.03
ITEM_3493,1,1,0.9833,5.0,0.0,60.0,0.0,Intermitente,False,"Meses observados o demandas positivas insuficientes para conformar entrenamiento y prueba (umbral operativo: 15 meses observados, 4 demandas positivas).",52.0
ITEM_3494,1,1,0.9833,1.0,0.0,60.0,0.0,Intermitente,False,"Meses observados o demandas positivas insuficientes para conformar entrenamiento y prueba (umbral operativo: 15 meses observados, 4 demandas positivas).",52.0
ITEM_3495,1,1,0.9833,2.0,0.0,60.0,0.0,Intermitente,False,"Meses observados o demandas positivas insuficientes para conformar entrenamiento y prueba (umbral operativo: 15 meses observados, 4 demandas positivas).",52.0
ITEM_3496,1,1,0.9833,10.0,0.0,60.0,0.0,Intermitente,False,"Meses observados o demandas positivas insuficientes para conformar entrenamiento y prueba (umbral operativo: 15 meses observados, 4 demandas positivas).",52.0
ITEM_3497,1,1,0.9833,12.0,0.0,60.0,0.0,Intermitente,False,"Meses observados o demandas positivas insuficientes para conformar entrenamiento y prueba (umbral operativo: 15 meses observados, 4 demandas positivas).",51.82
ITEM_3498,1,1,0.9833,2.0,0.0,60.0,0.0,Intermitente,False,"Meses observados o demandas positivas insuficientes para conformar entrenamiento y prueba (umbral operativo: 15 meses observados, 4 demandas positivas).",51.64
ITEM_3499,1,1,0.9833,24.0,0.0,60.0,0.0,Intermitente,False,"Meses observados o demandas positivas insuficientes para conformar entrenamiento y prueba (umbral operativo: 15 meses observados, 4 demandas positivas).",51.6
ITEM_3500,2,2,0.9667,4.0,0.0,8.0,0.0,Intermitente,False,"Meses observados o demandas positivas insuficientes para conformar entrenamiento y prueba (umbral operativo: 15 meses observados, 4 demandas positivas).",88.92
ITEM_3501,1,1,0.9833,14.0,0.0,60.0,0.0,Intermitente,False,"Meses observados o demandas positivas insuficientes para conformar entrenamiento y prueba (umbral operativo: 15 meses observados, 4 demandas positivas).",51.39
ITEM_3502,1,1,0.9833,2.0,0.0,60.0,0.0,Intermitente,False,"Meses observados o demandas positivas insuficientes para conformar entrenamiento y prueba (umbral operativo: 15 meses observados, 4 demandas positivas).",51.28
ITEM_3503,1,1,0.9833,4.0,0.0,60.0,0.0,Intermitente,False,"Meses observados o demandas positivas insuficientes para conformar entrenamiento y prueba (umbral operativo: 15 meses observados, 4 demandas positivas).",51.19
ITEM_3504,1,1,0.9833,20.0,0.0,60.0,0.0,Intermitente,False,"Meses observados o demandas positivas insuficientes para conformar entrenamiento y prueba (umbral operativo: 15 meses observados, 4 demandas positivas).",51.17
ITEM_3505,1,1,0.9833,1.0,0.0,60.0,0.0,Intermitente,False,"Meses observados o demandas positivas insuficientes para conformar entrenamiento y prueba (umbral operativo: 15 meses observados, 4 demandas positivas).",51.08
ITEM_3506,1,1,0.9833,1.0,0.0,60.0,0.0,Intermitente,False,"Meses observados o demandas positivas insuficientes para conformar entrenamiento y prueba (umbral operativo: 15 meses observados, 4 demandas positivas).",51.08
ITEM_3507,1,1,0.9833,2.0,0.0,60.0,0.0,Intermitente,False,"Meses observados o demandas positivas insuficientes para conformar entrenamiento y prueba (umbral operativo: 15 meses observados, 4 demandas positivas).",51.06
ITEM_3508,2,2,0.9667,1.0,0.0,7.0,0.0,Intermitente,False,"Meses observados o demandas positivas insuficientes para conformar entrenamiento y prueba (umbral operativo: 15 meses observados, 4 demandas positivas).",96.07
ITEM_3509,4,4,0.9333,223.0,186082.0,15.6667,3.7419,Lumpy,False,"Meses observados o demandas positivas insuficientes para conformar entrenamiento y prueba (umbral operativo: 15 meses observados, 4 demandas positivas).",145.5
ITEM_3510,4,4,0.9333,1.5,0.3333,10.0,0.1481,Intermitente,False,"Meses observados o demandas positivas insuficientes para conformar entrenamiento y prueba (umbral operativo: 15 meses observados, 4 demandas positivas).",118.23
ITEM_3511,1,1,0.9833,7.0,0.0,60.0,0.0,Intermitente,False,"Meses observados o demandas positivas insuficientes para conformar entrenamiento y prueba (umbral operativo: 15 meses observados, 4 demandas positivas).",50.8
ITEM_3512,2,2,0.9667,10.0,0.0,3.0,0.0,Intermitente,False,"Meses observados o demandas positivas insuficientes para conformar entrenamiento y prueba (umbral operativo: 15 meses observados, 4 demandas positivas).",101.4
ITEM_3513,1,1,0.9833,3.0,0.0,60.0,0.0,Intermitente,False,"Meses observados o demandas positivas insuficientes para conformar entrenamiento y prueba (umbral operativo: 15 meses observados, 4 demandas positivas).",50.64
ITEM_3514,3,3,0.95,6.0,61.0,15.5,1.6944,Lumpy,False,"Meses observados o demandas positivas insuficientes para conformar entrenamiento y prueba (umbral operativo: 15 meses observados, 4 demandas positivas).",288.89
ITEM_3515,1,1,0.9833,4.0,0.0,60.0,0.0,Intermitente,False,"Meses observados o demandas positivas insuficientes para conformar entrenamiento y prueba (umbral operativo: 15 meses observados, 4 demandas positivas).",50.56
ITEM_3516,1,1,0.9833,2.0,0.0,60.0,0.0,Intermitente,False,"Meses observados o demandas positivas insuficientes para conformar entrenamiento y prueba (umbral operativo: 15 meses observados, 4 demandas positivas).",50.56
ITEM_3517,1,1,0.9833,1.0,0.0,60.0,0.0,Intermitente,False,"Meses observados o demandas positivas insuficientes para conformar entrenamiento y prueba (umbral operativo: 15 meses observados, 4 demandas positivas).",50.44
ITEM_3518,2,2,0.9667,33.0,1458.0,14.0,1.3388,Lumpy,False,"Meses observados o demandas positivas insuficientes para conformar entrenamiento y prueba (umbral operativo: 15 meses observados, 4 demandas positivas).",57.9
ITEM_3519,1,1,0.9833,10.0,0.0,60.0,0.0,Intermitente,False,"Meses observados o demandas positivas insuficientes para conformar entrenamiento y prueba (umbral operativo: 15 meses observados, 4 demandas positivas).",50.29
ITEM_3520,1,1,0.9833,1.0,0.0,60.0,0.0,Intermitente,False,"Meses observados o demandas positivas insuficientes para conformar entrenamiento y prueba (umbral operativo: 15 meses observados, 4 demandas positivas).",50.18
ITEM_3521,1,1,0.9833,4.0,0.0,60.0,0.0,Intermitente,False,"Meses observados o demandas positivas insuficientes para conformar entrenamiento y prueba (umbral operativo: 15 meses observados, 4 demandas positivas).",50.16
ITEM_3522,2,2,0.9667,15.0,50.0,3.0,0.2222,Intermitente,False,"Meses observados o demandas positivas insuficientes para conformar entrenamiento y prueba (umbral operativo: 15 meses observados, 4 demandas positivas).",69.46
ITEM_3523,1,1,0.9833,1.0,0.0,60.0,0.0,Intermitente,False,"Meses observados o demandas positivas insuficientes para conformar entrenamiento y prueba (umbral operativo: 15 meses observados, 4 demandas positivas).",50.05
ITEM_3524,1,1,0.9833,100.0,0.0,60.0,0.0,Intermitente,False,"Meses observados o demandas positivas insuficientes para conformar entrenamiento y prueba (umbral operativo: 15 meses observados, 4 demandas positivas).",50.0
ITEM_3525,4,4,0.9333,2.25,3.5833,6.0,0.7078,Lumpy,False,"Meses observados o demandas positivas insuficientes para conformar entrenamiento y prueba (umbral operativo: 15 meses observados, 4 demandas positivas).",76.5
ITEM_3526,4,4,0.9333,2.5,0.3333,6.6667,0.0533,Intermitente,False,"Meses observados o demandas positivas insuficientes para conformar entrenamiento y prueba (umbral operativo: 15 meses observados, 4 demandas positivas).",126.9
ITEM_3527,1,1,0.9833,2.0,0.0,60.0,0.0,Intermitente,False,"Meses observados o demandas positivas insuficientes para conformar entrenamiento y prueba (umbral operativo: 15 meses observados, 4 demandas positivas).",50.0
ITEM_3528,1,1,0.9833,2.0,0.0,60.0,0.0,Intermitente,False,"Meses observados o demandas positivas insuficientes para conformar entrenamiento y prueba (umbral operativo: 15 meses observados, 4 demandas positivas).",50.0
ITEM_3529,1,1,0.9833,7.0,0.0,60.0,0.0,Intermitente,False,"Meses observados o demandas positivas insuficientes para conformar entrenamiento y prueba (umbral operativo: 15 meses observados, 4 demandas positivas).",49.83
ITEM_3530,2,2,0.9667,2.5,0.5,2.0,0.08,Intermitente,False,"Meses observados o demandas positivas insuficientes para conformar entrenamiento y prueba (umbral operativo: 15 meses observados, 4 demandas positivas).",95.77
ITEM_3531,1,1,0.9833,100.0,0.0,60.0,0.0,Intermitente,False,"Meses observados o demandas positivas insuficientes para conformar entrenamiento y prueba (umbral operativo: 15 meses observados, 4 demandas positivas).",49.66
ITEM_3532,2,2,0.9667,1.5,0.5,7.0,0.2222,Intermitente,False,"Meses observados o demandas positivas insuficientes para conformar entrenamiento y prueba (umbral operativo: 15 meses observados, 4 demandas positivas).",58.92
ITEM_3534,1,1,0.9833,4.0,0.0,60.0,0.0,Intermitente,False,"Meses observados o demandas positivas insuficientes para conformar entrenamiento y prueba (umbral operativo: 15 meses observados, 4 demandas positivas).",49.0
ITEM_3535,1,1,0.9833,0.9,0.0,60.0,0.0,Intermitente,False,"Meses observados o demandas positivas insuficientes para conformar entrenamiento y prueba (umbral operativo: 15 meses observados, 4 demandas positivas).",48.96
ITEM_3536,1,1,0.9833,160.0,0.0,60.0,0.0,Intermitente,False,"Meses observados o demandas positivas insuficientes para conformar entrenamiento y prueba (umbral operativo: 15 meses observados, 4 demandas positivas).",48.8
ITEM_3537,1,1,0.9833,11.0,0.0,60.0,0.0,Intermitente,False,"Meses observados o demandas positivas insuficientes para conformar entrenamiento y prueba (umbral operativo: 15 meses observados, 4 demandas positivas).",53.65
ITEM_3538,1,1,0.9833,30.0,0.0,60.0,0.0,Intermitente,False,"Meses observados o demandas positivas insuficientes para conformar entrenamiento y prueba (umbral operativo: 15 meses observados, 4 demandas positivas).",48.75
ITEM_3539,1,1,0.9833,20.0,0.0,60.0,0.0,Intermitente,False,"Meses observados o demandas positivas insuficientes para conformar entrenamiento y prueba (umbral operativo: 15 meses observados, 4 demandas positivas).",48.62
ITEM_3540,5,5,0.9167,1.0,0.0,6.75,0.0,Intermitente,False,"Meses observados o demandas positivas insuficientes para conformar entrenamiento y prueba (umbral operativo: 15 meses observados, 4 demandas positivas).",124.1
ITEM_3541,1,1,0.9833,1.0,0.0,60.0,0.0,Intermitente,False,"Meses observados o demandas positivas insuficientes para conformar entrenamiento y prueba (umbral operativo: 15 meses observados, 4 demandas positivas).",48.45
ITEM_3542,1,1,0.9833,5.0,0.0,60.0,0.0,Intermitente,False,"Meses observados o demandas positivas insuficientes para conformar entrenamiento y prueba (umbral operativo: 15 meses observados, 4 demandas positivas).",48.42
ITEM_3543,22,22,0.6333,5.1364,13.0758,3.6667,0.4956,Lumpy,True,,407.26
ITEM_3544,1,1,0.9833,40.0,0.0,60.0,0.0,Intermitente,False,"Meses observados o demandas positivas insuficientes para conformar entrenamiento y prueba (umbral operativo: 15 meses observados, 4 demandas positivas).",48.4
ITEM_3545,1,1,0.9833,2.0,0.0,60.0,0.0,Intermitente,False,"Meses observados o demandas positivas insuficientes para conformar entrenamiento y prueba (umbral operativo: 15 meses observados, 4 demandas positivas).",48.29
ITEM_3546,1,1,0.9833,9.0,0.0,60.0,0.0,Intermitente,False,"Meses observados o demandas positivas insuficientes para conformar entrenamiento y prueba (umbral operativo: 15 meses observados, 4 demandas positivas).",48.16
ITEM_3547,1,1,0.9833,12.0,0.0,60.0,0.0,Intermitente,False,"Meses observados o demandas positivas insuficientes para conformar entrenamiento y prueba (umbral operativo: 15 meses observados, 4 demandas positivas).",48.15
ITEM_3548,1,1,0.9833,2.0,0.0,60.0,0.0,Intermitente,False,"Meses observados o demandas positivas insuficientes para conformar entrenamiento y prueba (umbral operativo: 15 meses observados, 4 demandas positivas).",63.0
ITEM_3550,5,5,0.9167,8.0,14.0,6.0,0.2188,Intermitente,False,"Meses observados o demandas positivas insuficientes para conformar entrenamiento y prueba (umbral operativo: 15 meses observados, 4 demandas positivas).",119.85
ITEM_3551,1,1,0.9833,3.0,0.0,60.0,0.0,Intermitente,False,"Meses observados o demandas positivas insuficientes para conformar entrenamiento y prueba (umbral operativo: 15 meses observados, 4 demandas positivas).",48.0
ITEM_3552,1,1,0.9833,2.0,0.0,60.0,0.0,Intermitente,False,"Meses observados o demandas positivas insuficientes para conformar entrenamiento y prueba (umbral operativo: 15 meses observados, 4 demandas positivas).",48.0
ITEM_3553,1,1,0.9833,2.0,0.0,60.0,0.0,Intermitente,False,"Meses observados o demandas positivas insuficientes para conformar entrenamiento y prueba (umbral operativo: 15 meses observados, 4 demandas positivas).",48.0
ITEM_3554,2,2,0.9667,10.5,40.5,30.0,0.3673,Intermitente,False,"Meses observados o demandas positivas insuficientes para conformar entrenamiento y prueba (umbral operativo: 15 meses observados, 4 demandas positivas).",61.5
ITEM_3555,3,3,0.95,8.0,12.0,18.0,0.1875,Intermitente,False,"Meses observados o demandas positivas insuficientes para conformar entrenamiento y prueba (umbral operativo: 15 meses observados, 4 demandas positivas).",96.0
ITEM_3556,1,1,0.9833,50.0,0.0,60.0,0.0,Intermitente,False,"Meses observados o demandas positivas insuficientes para conformar entrenamiento y prueba (umbral operativo: 15 meses observados, 4 demandas positivas).",48.0
ITEM_3558,1,1,0.9833,12.0,0.0,60.0,0.0,Intermitente,False,"Meses observados o demandas positivas insuficientes para conformar entrenamiento y prueba (umbral operativo: 15 meses observados, 4 demandas positivas).",47.62
ITEM_3559,1,1,0.9833,2.0,0.0,60.0,0.0,Intermitente,False,"Meses observados o demandas positivas insuficientes para conformar entrenamiento y prueba (umbral operativo: 15 meses observados, 4 demandas positivas).",47.52
ITEM_3560,1,1,0.9833,4.0,0.0,60.0,0.0,Intermitente,False,"Meses observados o demandas positivas insuficientes para conformar entrenamiento y prueba (umbral operativo: 15 meses observados, 4 demandas positivas).",47.44
ITEM_3561,1,1,0.9833,2.0,0.0,60.0,0.0,Intermitente,False,"Meses observados o demandas positivas insuficientes para conformar entrenamiento y prueba (umbral operativo: 15 meses observados, 4 demandas positivas).",47.28
ITEM_3562,1,1,0.9833,100.0,0.0,60.0,0.0,Intermitente,False,"Meses observados o demandas positivas insuficientes para conformar entrenamiento y prueba (umbral operativo: 15 meses observados, 4 demandas positivas).",47.25
ITEM_3563,1,1,0.9833,1.0,0.0,60.0,0.0,Intermitente,False,"Meses observados o demandas positivas insuficientes para conformar entrenamiento y prueba (umbral operativo: 15 meses observados, 4 demandas positivas).",47.23
ITEM_3564,1,1,0.9833,10.0,0.0,60.0,0.0,Intermitente,False,"Meses observados o demandas positivas insuficientes para conformar entrenamiento y prueba (umbral operativo: 15 meses observados, 4 demandas positivas).",47.21
ITEM_3566,2,2,0.9667,1.0,0.0,12.0,0.0,Intermitente,False,"Meses observados o demandas positivas insuficientes para conformar entrenamiento y prueba (umbral operativo: 15 meses observados, 4 demandas positivas).",66.72
ITEM_3567,2,2,0.9667,4.0,0.0,6.0,0.0,Intermitente,False,"Meses observados o demandas positivas insuficientes para conformar entrenamiento y prueba (umbral operativo: 15 meses observados, 4 demandas positivas).",80.73
ITEM_3568,3,3,0.95,1.3333,0.3333,15.0,0.1875,Intermitente,False,"Meses observados o demandas positivas insuficientes para conformar entrenamiento y prueba (umbral operativo: 15 meses observados, 4 demandas positivas).",113.04
ITEM_3569,1,1,0.9833,50.0,0.0,60.0,0.0,Intermitente,False,"Meses observados o demandas positivas insuficientes para conformar entrenamiento y prueba (umbral operativo: 15 meses observados, 4 demandas positivas).",47.0
ITEM_3570,1,1,0.9833,2.0,0.0,60.0,0.0,Intermitente,False,"Meses observados o demandas positivas insuficientes para conformar entrenamiento y prueba (umbral operativo: 15 meses observados, 4 demandas positivas).",47.0
ITEM_3571,1,1,0.9833,50.0,0.0,60.0,0.0,Intermitente,False,"Meses observados o demandas positivas insuficientes para conformar entrenamiento y prueba (umbral operativo: 15 meses observados, 4 demandas positivas).",47.0
ITEM_3572,1,1,0.9833,2.0,0.0,60.0,0.0,Intermitente,False,"Meses observados o demandas positivas insuficientes para conformar entrenamiento y prueba (umbral operativo: 15 meses observados, 4 demandas positivas).",46.58
ITEM_3573,1,1,0.9833,18.0,0.0,60.0,0.0,Intermitente,False,"Meses observados o demandas positivas insuficientes para conformar entrenamiento y prueba (umbral operativo: 15 meses observados, 4 demandas positivas).",46.37
ITEM_3574,1,1,0.9833,16.0,0.0,60.0,0.0,Intermitente,False,"Meses observados o demandas positivas insuficientes para conformar entrenamiento y prueba (umbral operativo: 15 meses observados, 4 demandas positivas).",46.24
ITEM_3575,3,3,0.95,4.0,4.0,9.5,0.25,Intermitente,False,"Meses observados o demandas positivas insuficientes para conformar entrenamiento y prueba (umbral operativo: 15 meses observados, 4 demandas positivas).",79.2
ITEM_3576,1,1,0.9833,40.0,0.0,60.0,0.0,Intermitente,False,"Meses observados o demandas positivas insuficientes para conformar entrenamiento y prueba (umbral operativo: 15 meses observados, 4 demandas positivas).",46.2
ITEM_3577,1,1,0.9833,40.0,0.0,60.0,0.0,Intermitente,False,"Meses observados o demandas positivas insuficientes para conformar entrenamiento y prueba (umbral operativo: 15 meses observados, 4 demandas positivas).",46.2
ITEM_3578,2,2,0.9667,26.0,1152.0,19.0,1.7041,Lumpy,False,"Meses observados o demandas positivas insuficientes para conformar entrenamiento y prueba (umbral operativo: 15 meses observados, 4 demandas positivas).",75.08
ITEM_3579,1,1,0.9833,12.0,0.0,60.0,0.0,Intermitente,False,"Meses observados o demandas positivas insuficientes para conformar entrenamiento y prueba (umbral operativo: 15 meses observados, 4 demandas positivas).",46.02
ITEM_3580,1,1,0.9833,6.0,0.0,60.0,0.0,Intermitente,False,"Meses observados o demandas positivas insuficientes para conformar entrenamiento y prueba (umbral operativo: 15 meses observados, 4 demandas positivas).",46.0
ITEM_3581,1,1,0.9833,6.0,0.0,60.0,0.0,Intermitente,False,"Meses observados o demandas positivas insuficientes para conformar entrenamiento y prueba (umbral operativo: 15 meses observados, 4 demandas positivas).",45.9
ITEM_3582,3,3,0.95,23.6667,952.3333,4.0,1.7003,Lumpy,False,"Meses observados o demandas positivas insuficientes para conformar entrenamiento y prueba (umbral operativo: 15 meses observados, 4 demandas positivas).",52.46
ITEM_3583,1,1,0.9833,16.0,0.0,60.0,0.0,Intermitente,False,"Meses observados o demandas positivas insuficientes para conformar entrenamiento y prueba (umbral operativo: 15 meses observados, 4 demandas positivas).",91.68
ITEM_3584,1,1,0.9833,1.0,0.0,60.0,0.0,Intermitente,False,"Meses observados o demandas positivas insuficientes para conformar entrenamiento y prueba (umbral operativo: 15 meses observados, 4 demandas positivas).",45.65
ITEM_3585,1,1,0.9833,24.0,0.0,60.0,0.0,Intermitente,False,"Meses observados o demandas positivas insuficientes para conformar entrenamiento y prueba (umbral operativo: 15 meses observados, 4 demandas positivas).",45.6
ITEM_3586,13,13,0.7833,14.6154,31.5897,3.75,0.1479,Intermitente,False,"Meses observados o demandas positivas insuficientes para conformar entrenamiento y prueba (umbral operativo: 15 meses observados, 4 demandas positivas).",356.43
ITEM_3589,1,1,0.9833,2.0,0.0,60.0,0.0,Intermitente,False,"Meses observados o demandas positivas insuficientes para conformar entrenamiento y prueba (umbral operativo: 15 meses observados, 4 demandas positivas).",45.27
ITEM_3590,1,1,0.9833,30.0,0.0,60.0,0.0,Intermitente,False,"Meses observados o demandas positivas insuficientes para conformar entrenamiento y prueba (umbral operativo: 15 meses observados, 4 demandas positivas).",45.23
ITEM_3591,1,1,0.9833,10.0,0.0,60.0,0.0,Intermitente,False,"Meses observados o demandas positivas insuficientes para conformar entrenamiento y prueba (umbral operativo: 15 meses observados, 4 demandas positivas).",45.15
ITEM_3592,1,1,0.9833,13.0,0.0,60.0,0.0,Intermitente,False,"Meses observados o demandas positivas insuficientes para conformar entrenamiento y prueba (umbral operativo: 15 meses observados, 4 demandas positivas).",45.08
ITEM_3593,5,5,0.9167,1.4,0.8,9.0,0.4082,Intermitente,False,"Meses observados o demandas positivas insuficientes para conformar entrenamiento y prueba (umbral operativo: 15 meses observados, 4 demandas positivas).",286.43
ITEM_3594,3,3,0.95,11.3333,37.3333,16.0,0.2907,Intermitente,False,"Meses observados o demandas positivas insuficientes para conformar entrenamiento y prueba (umbral operativo: 15 meses observados, 4 demandas positivas).",54.51
ITEM_3595,3,3,0.95,1.0,0.0,13.0,0.0,Intermitente,False,"Meses observados o demandas positivas insuficientes para conformar entrenamiento y prueba (umbral operativo: 15 meses observados, 4 demandas positivas).",112.0
ITEM_3596,2,2,0.9667,25.0,50.0,5.0,0.08,Intermitente,False,"Meses observados o demandas positivas insuficientes para conformar entrenamiento y prueba (umbral operativo: 15 meses observados, 4 demandas positivas).",75.0
ITEM_3598,1,1,0.9833,10.0,0.0,60.0,0.0,Intermitente,False,"Meses observados o demandas positivas insuficientes para conformar entrenamiento y prueba (umbral operativo: 15 meses observados, 4 demandas positivas).",45.0
ITEM_3599,1,1,0.9833,20.0,0.0,60.0,0.0,Intermitente,False,"Meses observados o demandas positivas insuficientes para conformar entrenamiento y prueba (umbral operativo: 15 meses observados, 4 demandas positivas).",45.0
ITEM_3600,1,1,0.9833,2.0,0.0,60.0,0.0,Intermitente,False,"Meses observados o demandas positivas insuficientes para conformar entrenamiento y prueba (umbral operativo: 15 meses observados, 4 demandas positivas).",45.0
ITEM_3601,1,1,0.9833,6.0,0.0,60.0,0.0,Intermitente,False,"Meses observados o demandas positivas insuficientes para conformar entrenamiento y prueba (umbral operativo: 15 meses observados, 4 demandas positivas).",45.0
ITEM_3602,1,1,0.9833,300.0,0.0,60.0,0.0,Intermitente,False,"Meses observados o demandas positivas insuficientes para conformar entrenamiento y prueba (umbral operativo: 15 meses observados, 4 demandas positivas).",45.0
ITEM_3603,2,2,0.9667,20.0,0.0,2.0,0.0,Intermitente,False,"Meses observados o demandas positivas insuficientes para conformar entrenamiento y prueba (umbral operativo: 15 meses observados, 4 demandas positivas).",89.92
ITEM_3604,1,1,0.9833,8.0,0.0,60.0,0.0,Intermitente,False,"Meses observados o demandas positivas insuficientes para conformar entrenamiento y prueba (umbral operativo: 15 meses observados, 4 demandas positivas).",44.9
ITEM_3606,1,1,0.9833,1.0,0.0,60.0,0.0,Intermitente,False,"Meses observados o demandas positivas insuficientes para conformar entrenamiento y prueba (umbral operativo: 15 meses observados, 4 demandas positivas).",44.79
ITEM_3608,1,1,0.9833,12.0,0.0,60.0,0.0,Intermitente,False,"Meses observados o demandas positivas insuficientes para conformar entrenamiento y prueba (umbral operativo: 15 meses observados, 4 demandas positivas).",44.76
ITEM_3609,1,1,0.9833,20.0,0.0,60.0,0.0,Intermitente,False,"Meses observados o demandas positivas insuficientes para conformar entrenamiento y prueba (umbral operativo: 15 meses observados, 4 demandas positivas).",44.67
ITEM_3610,2,2,0.9667,45.0,2450.0,2.0,1.2099,Lumpy,False,"Meses observados o demandas positivas insuficientes para conformar entrenamiento y prueba (umbral operativo: 15 meses observados, 4 demandas positivas).",49.95
ITEM_3611,3,3,0.95,4.6667,22.3333,8.0,1.0255,Lumpy,False,"Meses observados o demandas positivas insuficientes para conformar entrenamiento y prueba (umbral operativo: 15 meses observados, 4 demandas positivas).",92.74
ITEM_3612,6,6,0.9,61.8333,1992.1667,6.0,0.5211,Lumpy,False,"Meses observados o demandas positivas insuficientes para conformar entrenamiento y prueba (umbral operativo: 15 meses observados, 4 demandas positivas).",169.77
ITEM_3613,1,1,0.9833,1.0,0.0,60.0,0.0,Intermitente,False,"Meses observados o demandas positivas insuficientes para conformar entrenamiento y prueba (umbral operativo: 15 meses observados, 4 demandas positivas).",44.1
ITEM_3614,2,2,0.9667,6.0,0.0,15.0,0.0,Intermitente,False,"Meses observados o demandas positivas insuficientes para conformar entrenamiento y prueba (umbral operativo: 15 meses observados, 4 demandas positivas).",80.05
ITEM_3615,4,4,0.9333,1.5,0.3333,9.3333,0.1481,Intermitente,False,"Meses observados o demandas positivas insuficientes para conformar entrenamiento y prueba (umbral operativo: 15 meses observados, 4 demandas positivas).",85.24
ITEM_3616,1,1,0.9833,2.0,0.0,60.0,0.0,Intermitente,False,"Meses observados o demandas positivas insuficientes para conformar entrenamiento y prueba (umbral operativo: 15 meses observados, 4 demandas positivas).",44.0
ITEM_3617,2,2,0.9667,6.5,24.5,15.0,0.5799,Lumpy,False,"Meses observados o demandas positivas insuficientes para conformar entrenamiento y prueba (umbral operativo: 15 meses observados, 4 demandas positivas).",54.63
ITEM_3618,1,1,0.9833,12.0,0.0,60.0,0.0,Intermitente,False,"Meses observados o demandas positivas insuficientes para conformar entrenamiento y prueba (umbral operativo: 15 meses observados, 4 demandas positivas).",43.8
ITEM_3619,1,1,0.9833,25.0,0.0,60.0,0.0,Intermitente,False,"Meses observados o demandas positivas insuficientes para conformar entrenamiento y prueba (umbral operativo: 15 meses observados, 4 demandas positivas).",43.75
ITEM_3620,3,3,0.95,12.0,52.0,14.5,0.3611,Intermitente,False,"Meses observados o demandas positivas insuficientes para conformar entrenamiento y prueba (umbral operativo: 15 meses observados, 4 demandas positivas).",49.72
ITEM_3621,2,2,0.9667,4.0,0.0,3.0,0.0,Intermitente,False,"Meses observados o demandas positivas insuficientes para conformar entrenamiento y prueba (umbral operativo: 15 meses observados, 4 demandas positivas).",87.36
ITEM_3622,2,2,0.9667,4.0,0.0,3.0,0.0,Intermitente,False,"Meses observados o demandas positivas insuficientes para conformar entrenamiento y prueba (umbral operativo: 15 meses observados, 4 demandas positivas).",87.36
ITEM_3623,1,1,0.9833,1.0,0.0,60.0,0.0,Intermitente,False,"Meses observados o demandas positivas insuficientes para conformar entrenamiento y prueba (umbral operativo: 15 meses observados, 4 demandas positivas).",43.61
ITEM_3625,1,1,0.9833,1.0,0.0,60.0,0.0,Intermitente,False,"Meses observados o demandas positivas insuficientes para conformar entrenamiento y prueba (umbral operativo: 15 meses observados, 4 demandas positivas).",43.5
ITEM_3626,1,1,0.9833,6.0,0.0,60.0,0.0,Intermitente,False,"Meses observados o demandas positivas insuficientes para conformar entrenamiento y prueba (umbral operativo: 15 meses observados, 4 demandas positivas).",43.38
ITEM_3627,1,1,0.9833,2.0,0.0,60.0,0.0,Intermitente,False,"Meses observados o demandas positivas insuficientes para conformar entrenamiento y prueba (umbral operativo: 15 meses observados, 4 demandas positivas).",43.36
ITEM_3628,1,1,0.9833,2.0,0.0,60.0,0.0,Intermitente,False,"Meses observados o demandas positivas insuficientes para conformar entrenamiento y prueba (umbral operativo: 15 meses observados, 4 demandas positivas).",43.36
ITEM_3629,1,1,0.9833,8.0,0.0,60.0,0.0,Intermitente,False,"Meses observados o demandas positivas insuficientes para conformar entrenamiento y prueba (umbral operativo: 15 meses observados, 4 demandas positivas).",43.35
ITEM_3630,1,1,0.9833,8.0,0.0,60.0,0.0,Intermitente,False,"Meses observados o demandas positivas insuficientes para conformar entrenamiento y prueba (umbral operativo: 15 meses observados, 4 demandas positivas).",43.28
ITEM_3631,1,1,0.9833,12.0,0.0,60.0,0.0,Intermitente,False,"Meses observados o demandas positivas insuficientes para conformar entrenamiento y prueba (umbral operativo: 15 meses observados, 4 demandas positivas).",43.2
ITEM_3632,1,1,0.9833,12.0,0.0,60.0,0.0,Intermitente,False,"Meses observados o demandas positivas insuficientes para conformar entrenamiento y prueba (umbral operativo: 15 meses observados, 4 demandas positivas).",43.2
ITEM_3633,1,1,0.9833,9.0,0.0,60.0,0.0,Intermitente,False,"Meses observados o demandas positivas insuficientes para conformar entrenamiento y prueba (umbral operativo: 15 meses observados, 4 demandas positivas).",43.19
ITEM_3634,1,1,0.9833,10.0,0.0,60.0,0.0,Intermitente,False,"Meses observados o demandas positivas insuficientes para conformar entrenamiento y prueba (umbral operativo: 15 meses observados, 4 demandas positivas).",43.0
ITEM_3635,1,1,0.9833,6.0,0.0,60.0,0.0,Intermitente,False,"Meses observados o demandas positivas insuficientes para conformar entrenamiento y prueba (umbral operativo: 15 meses observados, 4 demandas positivas).",42.97
ITEM_3636,1,1,0.9833,2.0,0.0,60.0,0.0,Intermitente,False,"Meses observados o demandas positivas insuficientes para conformar entrenamiento y prueba (umbral operativo: 15 meses observados, 4 demandas positivas).",42.9
ITEM_3638,2,2,0.9667,10.0,8.0,12.0,0.08,Intermitente,False,"Meses observados o demandas positivas insuficientes para conformar entrenamiento y prueba (umbral operativo: 15 meses observados, 4 demandas positivas).",68.95
ITEM_3639,1,1,0.9833,10.0,0.0,60.0,0.0,Intermitente,False,"Meses observados o demandas positivas insuficientes para conformar entrenamiento y prueba (umbral operativo: 15 meses observados, 4 demandas positivas).",42.81
ITEM_3640,1,1,0.9833,2.0,0.0,60.0,0.0,Intermitente,False,"Meses observados o demandas positivas insuficientes para conformar entrenamiento y prueba (umbral operativo: 15 meses observados, 4 demandas positivas).",42.75
ITEM_3641,1,1,0.9833,30.0,0.0,60.0,0.0,Intermitente,False,"Meses observados o demandas positivas insuficientes para conformar entrenamiento y prueba (umbral operativo: 15 meses observados, 4 demandas positivas).",42.74
ITEM_3642,1,1,0.9833,1.0,0.0,60.0,0.0,Intermitente,False,"Meses observados o demandas positivas insuficientes para conformar entrenamiento y prueba (umbral operativo: 15 meses observados, 4 demandas positivas).",42.73
ITEM_3643,1,1,0.9833,6.0,0.0,60.0,0.0,Intermitente,False,"Meses observados o demandas positivas insuficientes para conformar entrenamiento y prueba (umbral operativo: 15 meses observados, 4 demandas positivas).",42.73
ITEM_3644,1,1,0.9833,20.0,0.0,60.0,0.0,Intermitente,False,"Meses observados o demandas positivas insuficientes para conformar entrenamiento y prueba (umbral operativo: 15 meses observados, 4 demandas positivas).",42.59
ITEM_3645,1,1,0.9833,10.0,0.0,60.0,0.0,Intermitente,False,"Meses observados o demandas positivas insuficientes para conformar entrenamiento y prueba (umbral operativo: 15 meses observados, 4 demandas positivas).",42.53
ITEM_3646,1,1,0.9833,5.0,0.0,60.0,0.0,Intermitente,False,"Meses observados o demandas positivas insuficientes para conformar entrenamiento y prueba (umbral operativo: 15 meses observados, 4 demandas positivas).",42.52
ITEM_3647,3,3,0.95,2.3333,0.3333,6.0,0.0612,Intermitente,False,"Meses observados o demandas positivas insuficientes para conformar entrenamiento y prueba (umbral operativo: 15 meses observados, 4 demandas positivas).",74.07
ITEM_3648,1,1,0.9833,20.0,0.0,60.0,0.0,Intermitente,False,"Meses observados o demandas positivas insuficientes para conformar entrenamiento y prueba (umbral operativo: 15 meses observados, 4 demandas positivas).",42.49
ITEM_3649,25,25,0.5833,6.36,20.74,3.4583,0.5127,Lumpy,True,,395.64
ITEM_3650,1,1,0.9833,6.0,0.0,60.0,0.0,Intermitente,False,"Meses observados o demandas positivas insuficientes para conformar entrenamiento y prueba (umbral operativo: 15 meses observados, 4 demandas positivas).",42.36
ITEM_3651,5,5,0.9167,4.2,4.7,5.25,0.2664,Intermitente,False,"Meses observados o demandas positivas insuficientes para conformar entrenamiento y prueba (umbral operativo: 15 meses observados, 4 demandas positivas).",135.04
ITEM_3652,1,1,0.9833,5.0,0.0,60.0,0.0,Intermitente,False,"Meses observados o demandas positivas insuficientes para conformar entrenamiento y prueba (umbral operativo: 15 meses observados, 4 demandas positivas).",52.85
ITEM_3653,2,2,0.9667,7.0,2.0,12.0,0.0408,Intermitente,False,"Meses observados o demandas positivas insuficientes para conformar entrenamiento y prueba (umbral operativo: 15 meses observados, 4 demandas positivas).",73.24
ITEM_3654,5,5,0.9167,1.4,0.3,5.75,0.1531,Intermitente,False,"Meses observados o demandas positivas insuficientes para conformar entrenamiento y prueba (umbral operativo: 15 meses observados, 4 demandas positivas).",132.54
ITEM_3655,2,2,0.9667,2.0,0.0,13.0,0.0,Intermitente,False,"Meses observados o demandas positivas insuficientes para conformar entrenamiento y prueba (umbral operativo: 15 meses observados, 4 demandas positivas).",77.18
ITEM_3656,1,1,0.9833,4.0,0.0,60.0,0.0,Intermitente,False,"Meses observados o demandas positivas insuficientes para conformar entrenamiento y prueba (umbral operativo: 15 meses observados, 4 demandas positivas).",42.16
ITEM_3657,1,1,0.9833,1.0,0.0,60.0,0.0,Intermitente,False,"Meses observados o demandas positivas insuficientes para conformar entrenamiento y prueba (umbral operativo: 15 meses observados, 4 demandas positivas).",42.15
ITEM_3658,7,7,0.8833,7.4286,10.2857,5.6667,0.1864,Intermitente,False,"Meses observados o demandas positivas insuficientes para conformar entrenamiento y prueba (umbral operativo: 15 meses observados, 4 demandas positivas).",140.58
ITEM_3659,1,1,0.9833,1.0,0.0,60.0,0.0,Intermitente,False,"Meses observados o demandas positivas insuficientes para conformar entrenamiento y prueba (umbral operativo: 15 meses observados, 4 demandas positivas).",42.0
ITEM_3660,2,2,0.9667,56.0,3872.0,29.0,1.2347,Lumpy,False,"Meses observados o demandas positivas insuficientes para conformar entrenamiento y prueba (umbral operativo: 15 meses observados, 4 demandas positivas).",79.96
ITEM_3661,1,1,0.9833,1.0,0.0,60.0,0.0,Intermitente,False,"Meses observados o demandas positivas insuficientes para conformar entrenamiento y prueba (umbral operativo: 15 meses observados, 4 demandas positivas).",42.0
ITEM_3662,1,1,0.9833,120.0,0.0,60.0,0.0,Intermitente,False,"Meses observados o demandas positivas insuficientes para conformar entrenamiento y prueba (umbral operativo: 15 meses observados, 4 demandas positivas).",42.0
ITEM_3663,1,1,0.9833,1.0,0.0,60.0,0.0,Intermitente,False,"Meses observados o demandas positivas insuficientes para conformar entrenamiento y prueba (umbral operativo: 15 meses observados, 4 demandas positivas).",42.0
ITEM_3665,1,1,0.9833,2.0,0.0,60.0,0.0,Intermitente,False,"Meses observados o demandas positivas insuficientes para conformar entrenamiento y prueba (umbral operativo: 15 meses observados, 4 demandas positivas).",42.0
ITEM_3666,1,1,0.9833,15.0,0.0,60.0,0.0,Intermitente,False,"Meses observados o demandas positivas insuficientes para conformar entrenamiento y prueba (umbral operativo: 15 meses observados, 4 demandas positivas).",42.0
ITEM_3667,1,1,0.9833,2.0,0.0,60.0,0.0,Intermitente,False,"Meses observados o demandas positivas insuficientes para conformar entrenamiento y prueba (umbral operativo: 15 meses observados, 4 demandas positivas).",42.0
ITEM_3668,1,1,0.9833,3.0,0.0,60.0,0.0,Intermitente,False,"Meses observados o demandas positivas insuficientes para conformar entrenamiento y prueba (umbral operativo: 15 meses observados, 4 demandas positivas).",42.0
ITEM_3669,2,2,0.9667,4.0,8.0,35.0,0.5,Lumpy,False,"Meses observados o demandas positivas insuficientes para conformar entrenamiento y prueba (umbral operativo: 15 meses observados, 4 demandas positivas).",49.0
ITEM_3670,1,1,0.9833,5.0,0.0,60.0,0.0,Intermitente,False,"Meses observados o demandas positivas insuficientes para conformar entrenamiento y prueba (umbral operativo: 15 meses observados, 4 demandas positivas).",42.0
ITEM_3671,1,1,0.9833,1.0,0.0,60.0,0.0,Intermitente,False,"Meses observados o demandas positivas insuficientes para conformar entrenamiento y prueba (umbral operativo: 15 meses observados, 4 demandas positivas).",41.95
ITEM_3672,1,1,0.9833,2.0,0.0,60.0,0.0,Intermitente,False,"Meses observados o demandas positivas insuficientes para conformar entrenamiento y prueba (umbral operativo: 15 meses observados, 4 demandas positivas).",41.94
ITEM_3673,2,2,0.9667,12.5,112.5,16.0,0.72,Lumpy,False,"Meses observados o demandas positivas insuficientes para conformar entrenamiento y prueba (umbral operativo: 15 meses observados, 4 demandas positivas).",63.95
ITEM_3674,1,1,0.9833,4.0,0.0,60.0,0.0,Intermitente,False,"Meses observados o demandas positivas insuficientes para conformar entrenamiento y prueba (umbral operativo: 15 meses observados, 4 demandas positivas).",41.85
ITEM_3675,1,1,0.9833,2.0,0.0,60.0,0.0,Intermitente,False,"Meses observados o demandas positivas insuficientes para conformar entrenamiento y prueba (umbral operativo: 15 meses observados, 4 demandas positivas).",41.8
ITEM_3676,1,1,0.9833,2.0,0.0,60.0,0.0,Intermitente,False,"Meses observados o demandas positivas insuficientes para conformar entrenamiento y prueba (umbral operativo: 15 meses observados, 4 demandas positivas).",41.6
ITEM_3677,3,3,0.95,17.3333,21.3333,12.0,0.071,Intermitente,False,"Meses observados o demandas positivas insuficientes para conformar entrenamiento y prueba (umbral operativo: 15 meses observados, 4 demandas positivas).",86.45
ITEM_3678,1,1,0.9833,2.0,0.0,60.0,0.0,Intermitente,False,"Meses observados o demandas positivas insuficientes para conformar entrenamiento y prueba (umbral operativo: 15 meses observados, 4 demandas positivas).",41.4
ITEM_3679,1,1,0.9833,1.0,0.0,60.0,0.0,Intermitente,False,"Meses observados o demandas positivas insuficientes para conformar entrenamiento y prueba (umbral operativo: 15 meses observados, 4 demandas positivas).",41.33
ITEM_3680,1,1,0.9833,6.0,0.0,60.0,0.0,Intermitente,False,"Meses observados o demandas positivas insuficientes para conformar entrenamiento y prueba (umbral operativo: 15 meses observados, 4 demandas positivas).",41.29
ITEM_3681,1,1,0.9833,6.0,0.0,60.0,0.0,Intermitente,False,"Meses observados o demandas positivas insuficientes para conformar entrenamiento y prueba (umbral operativo: 15 meses observados, 4 demandas positivas).",41.29
ITEM_3682,1,1,0.9833,24.0,0.0,60.0,0.0,Intermitente,False,"Meses observados o demandas positivas insuficientes para conformar entrenamiento y prueba (umbral operativo: 15 meses observados, 4 demandas positivas).",41.28
ITEM_3683,1,1,0.9833,50.0,0.0,60.0,0.0,Intermitente,False,"Meses observados o demandas positivas insuficientes para conformar entrenamiento y prueba (umbral operativo: 15 meses observados, 4 demandas positivas).",41.25
ITEM_3684,1,1,0.9833,1.0,0.0,60.0,0.0,Intermitente,False,"Meses observados o demandas positivas insuficientes para conformar entrenamiento y prueba (umbral operativo: 15 meses observados, 4 demandas positivas).",41.18
ITEM_3685,1,1,0.9833,1.0,0.0,60.0,0.0,Intermitente,False,"Meses observados o demandas positivas insuficientes para conformar entrenamiento y prueba (umbral operativo: 15 meses observados, 4 demandas positivas).",41.12
ITEM_3686,5,5,0.9167,7.2,44.7,2.75,0.8623,Lumpy,False,"Meses observados o demandas positivas insuficientes para conformar entrenamiento y prueba (umbral operativo: 15 meses observados, 4 demandas positivas).",141.03
ITEM_3687,2,2,0.9667,2.0,0.0,3.0,0.0,Intermitente,False,"Meses observados o demandas positivas insuficientes para conformar entrenamiento y prueba (umbral operativo: 15 meses observados, 4 demandas positivas).",82.2
ITEM_3688,1,1,0.9833,2.0,0.0,60.0,0.0,Intermitente,False,"Meses observados o demandas positivas insuficientes para conformar entrenamiento y prueba (umbral operativo: 15 meses observados, 4 demandas positivas).",41.0
ITEM_3689,1,1,0.9833,24.0,0.0,60.0,0.0,Intermitente,False,"Meses observados o demandas positivas insuficientes para conformar entrenamiento y prueba (umbral operativo: 15 meses observados, 4 demandas positivas).",40.8
ITEM_3690,1,1,0.9833,2.0,0.0,60.0,0.0,Intermitente,False,"Meses observados o demandas positivas insuficientes para conformar entrenamiento y prueba (umbral operativo: 15 meses observados, 4 demandas positivas).",81.59
ITEM_3691,1,1,0.9833,2.0,0.0,60.0,0.0,Intermitente,False,"Meses observados o demandas positivas insuficientes para conformar entrenamiento y prueba (umbral operativo: 15 meses observados, 4 demandas positivas).",81.59
ITEM_3692,1,1,0.9833,6.0,0.0,60.0,0.0,Intermitente,False,"Meses observados o demandas positivas insuficientes para conformar entrenamiento y prueba (umbral operativo: 15 meses observados, 4 demandas positivas).",40.6
ITEM_3693,1,1,0.9833,3.0,0.0,60.0,0.0,Intermitente,False,"Meses observados o demandas positivas insuficientes para conformar entrenamiento y prueba (umbral operativo: 15 meses observados, 4 demandas positivas).",40.6
ITEM_3694,10,10,0.8333,7.8,17.0667,6.1111,0.2805,Intermitente,False,"Meses observados o demandas positivas insuficientes para conformar entrenamiento y prueba (umbral operativo: 15 meses observados, 4 demandas positivas).",160.26
ITEM_3695,5,5,0.9167,1.8,0.2,8.0,0.0617,Intermitente,False,"Meses observados o demandas positivas insuficientes para conformar entrenamiento y prueba (umbral operativo: 15 meses observados, 4 demandas positivas).",150.45
ITEM_3696,1,1,0.9833,20.0,0.0,60.0,0.0,Intermitente,False,"Meses observados o demandas positivas insuficientes para conformar entrenamiento y prueba (umbral operativo: 15 meses observados, 4 demandas positivas).",40.5
ITEM_3697,1,1,0.9833,3.0,0.0,60.0,0.0,Intermitente,False,"Meses observados o demandas positivas insuficientes para conformar entrenamiento y prueba (umbral operativo: 15 meses observados, 4 demandas positivas).",40.48
ITEM_3698,2,2,0.9667,4.5,24.5,3.0,1.2099,Lumpy,False,"Meses observados o demandas positivas insuficientes para conformar entrenamiento y prueba (umbral operativo: 15 meses observados, 4 demandas positivas).",64.41
ITEM_3699,1,1,0.9833,2.0,0.0,60.0,0.0,Intermitente,False,"Meses observados o demandas positivas insuficientes para conformar entrenamiento y prueba (umbral operativo: 15 meses observados, 4 demandas positivas).",40.32
ITEM_3700,1,1,0.9833,1.0,0.0,60.0,0.0,Intermitente,False,"Meses observados o demandas positivas insuficientes para conformar entrenamiento y prueba (umbral operativo: 15 meses observados, 4 demandas positivas).",40.26
ITEM_3701,1,1,0.9833,1.0,0.0,60.0,0.0,Intermitente,False,"Meses observados o demandas positivas insuficientes para conformar entrenamiento y prueba (umbral operativo: 15 meses observados, 4 demandas positivas).",40.2
ITEM_3702,1,1,0.9833,2.0,0.0,60.0,0.0,Intermitente,False,"Meses observados o demandas positivas insuficientes para conformar entrenamiento y prueba (umbral operativo: 15 meses observados, 4 demandas positivas).",40.14
ITEM_3703,1,1,0.9833,18.0,0.0,60.0,0.0,Intermitente,False,"Meses observados o demandas positivas insuficientes para conformar entrenamiento y prueba (umbral operativo: 15 meses observados, 4 demandas positivas).",40.02
ITEM_3705,8,8,0.8667,4.25,6.5,4.7143,0.3599,Intermitente,False,"Meses observados o demandas positivas insuficientes para conformar entrenamiento y prueba (umbral operativo: 15 meses observados, 4 demandas positivas).",210.84
ITEM_3706,1,1,0.9833,1.0,0.0,60.0,0.0,Intermitente,False,"Meses observados o demandas positivas insuficientes para conformar entrenamiento y prueba (umbral operativo: 15 meses observados, 4 demandas positivas).",40.0
ITEM_3707,1,1,0.9833,2.0,0.0,60.0,0.0,Intermitente,False,"Meses observados o demandas positivas insuficientes para conformar entrenamiento y prueba (umbral operativo: 15 meses observados, 4 demandas positivas).",40.0
ITEM_3708,6,6,0.9,5.3333,17.8667,6.8,0.6281,Lumpy,False,"Meses observados o demandas positivas insuficientes para conformar entrenamiento y prueba (umbral operativo: 15 meses observados, 4 demandas positivas).",131.4
ITEM_3709,3,3,0.95,3.3333,16.3333,8.0,1.47,Lumpy,False,"Meses observados o demandas positivas insuficientes para conformar entrenamiento y prueba (umbral operativo: 15 meses observados, 4 demandas positivas).",49.98
ITEM_3710,1,1,0.9833,5.0,0.0,60.0,0.0,Intermitente,False,"Meses observados o demandas positivas insuficientes para conformar entrenamiento y prueba (umbral operativo: 15 meses observados, 4 demandas positivas).",40.0
ITEM_3711,1,1,0.9833,2.0,0.0,60.0,0.0,Intermitente,False,"Meses observados o demandas positivas insuficientes para conformar entrenamiento y prueba (umbral operativo: 15 meses observados, 4 demandas positivas).",40.0
ITEM_3712,2,2,0.9667,1.0,0.0,9.0,0.0,Intermitente,False,"Meses observados o demandas positivas insuficientes para conformar entrenamiento y prueba (umbral operativo: 15 meses observados, 4 demandas positivas).",75.0
ITEM_3713,3,3,0.95,4.0,0.0,17.0,0.0,Intermitente,False,"Meses observados o demandas positivas insuficientes para conformar entrenamiento y prueba (umbral operativo: 15 meses observados, 4 demandas positivas).",104.34
ITEM_3714,1,1,0.9833,4.0,0.0,60.0,0.0,Intermitente,False,"Meses observados o demandas positivas insuficientes para conformar entrenamiento y prueba (umbral operativo: 15 meses observados, 4 demandas positivas).",40.0
ITEM_3715,1,1,0.9833,6.0,0.0,60.0,0.0,Intermitente,False,"Meses observados o demandas positivas insuficientes para conformar entrenamiento y prueba (umbral operativo: 15 meses observados, 4 demandas positivas).",40.0
ITEM_3716,1,1,0.9833,4.0,0.0,60.0,0.0,Intermitente,False,"Meses observados o demandas positivas insuficientes para conformar entrenamiento y prueba (umbral operativo: 15 meses observados, 4 demandas positivas).",40.0
ITEM_3717,1,1,0.9833,1.0,0.0,60.0,0.0,Intermitente,False,"Meses observados o demandas positivas insuficientes para conformar entrenamiento y prueba (umbral operativo: 15 meses observados, 4 demandas positivas).",39.84
ITEM_3718,1,1,0.9833,80.0,0.0,60.0,0.0,Intermitente,False,"Meses observados o demandas positivas insuficientes para conformar entrenamiento y prueba (umbral operativo: 15 meses observados, 4 demandas positivas).",39.76
ITEM_3719,1,1,0.9833,3.0,0.0,60.0,0.0,Intermitente,False,"Meses observados o demandas positivas insuficientes para conformar entrenamiento y prueba (umbral operativo: 15 meses observados, 4 demandas positivas).",39.7
ITEM_3720,1,1,0.9833,8.0,0.0,60.0,0.0,Intermitente,False,"Meses observados o demandas positivas insuficientes para conformar entrenamiento y prueba (umbral operativo: 15 meses observados, 4 demandas positivas).",78.57
ITEM_3721,2,2,0.9667,2.0,0.0,10.0,0.0,Intermitente,False,"Meses observados o demandas positivas insuficientes para conformar entrenamiento y prueba (umbral operativo: 15 meses observados, 4 demandas positivas).",68.1
ITEM_3722,1,1,0.9833,4.0,0.0,60.0,0.0,Intermitente,False,"Meses observados o demandas positivas insuficientes para conformar entrenamiento y prueba (umbral operativo: 15 meses observados, 4 demandas positivas).",78.68
ITEM_3724,1,1,0.9833,12.0,0.0,60.0,0.0,Intermitente,False,"Meses observados o demandas positivas insuficientes para conformar entrenamiento y prueba (umbral operativo: 15 meses observados, 4 demandas positivas).",39.22
ITEM_3725,1,1,0.9833,1.0,0.0,60.0,0.0,Intermitente,False,"Meses observados o demandas positivas insuficientes para conformar entrenamiento y prueba (umbral operativo: 15 meses observados, 4 demandas positivas).",39.22
ITEM_3726,3,3,0.95,1.6667,0.3333,9.5,0.12,Intermitente,False,"Meses observados o demandas positivas insuficientes para conformar entrenamiento y prueba (umbral operativo: 15 meses observados, 4 demandas positivas).",93.2
ITEM_3727,2,2,0.9667,1.0,0.0,5.0,0.0,Intermitente,False,"Meses observados o demandas positivas insuficientes para conformar entrenamiento y prueba (umbral operativo: 15 meses observados, 4 demandas positivas).",70.17
ITEM_3728,5,5,0.9167,8.4,10.8,5.0,0.1531,Intermitente,False,"Meses observados o demandas positivas insuficientes para conformar entrenamiento y prueba (umbral operativo: 15 meses observados, 4 demandas positivas).",108.79
ITEM_3729,3,3,0.95,4.0,4.0,8.0,0.25,Intermitente,False,"Meses observados o demandas positivas insuficientes para conformar entrenamiento y prueba (umbral operativo: 15 meses observados, 4 demandas positivas).",97.6
ITEM_3730,1,1,0.9833,3.0,0.0,60.0,0.0,Intermitente,False,"Meses observados o demandas positivas insuficientes para conformar entrenamiento y prueba (umbral operativo: 15 meses observados, 4 demandas positivas).",38.99
ITEM_3731,3,3,0.95,28.0,508.0,15.0,0.648,Lumpy,False,"Meses observados o demandas positivas insuficientes para conformar entrenamiento y prueba (umbral operativo: 15 meses observados, 4 demandas positivas).",115.3
ITEM_3732,1,1,0.9833,3.0,0.0,60.0,0.0,Intermitente,False,"Meses observados o demandas positivas insuficientes para conformar entrenamiento y prueba (umbral operativo: 15 meses observados, 4 demandas positivas).",38.85
ITEM_3733,1,1,0.9833,4.0,0.0,60.0,0.0,Intermitente,False,"Meses observados o demandas positivas insuficientes para conformar entrenamiento y prueba (umbral operativo: 15 meses observados, 4 demandas positivas).",154.44
ITEM_3734,5,5,0.9167,72.0,770.0,4.5,0.1485,Intermitente,False,"Meses observados o demandas positivas insuficientes para conformar entrenamiento y prueba (umbral operativo: 15 meses observados, 4 demandas positivas).",130.2
ITEM_3735,1,1,0.9833,4.0,0.0,60.0,0.0,Intermitente,False,"Meses observados o demandas positivas insuficientes para conformar entrenamiento y prueba (umbral operativo: 15 meses observados, 4 demandas positivas).",38.27
ITEM_3736,1,1,0.9833,8.0,0.0,60.0,0.0,Intermitente,False,"Meses observados o demandas positivas insuficientes para conformar entrenamiento y prueba (umbral operativo: 15 meses observados, 4 demandas positivas).",38.27
ITEM_3737,1,1,0.9833,15.0,0.0,60.0,0.0,Intermitente,False,"Meses observados o demandas positivas insuficientes para conformar entrenamiento y prueba (umbral operativo: 15 meses observados, 4 demandas positivas).",38.25
ITEM_3738,2,2,0.9667,10.0,0.0,3.0,0.0,Intermitente,False,"Meses observados o demandas positivas insuficientes para conformar entrenamiento y prueba (umbral operativo: 15 meses observados, 4 demandas positivas).",76.4
ITEM_3739,1,1,0.9833,12.0,0.0,60.0,0.0,Intermitente,False,"Meses observados o demandas positivas insuficientes para conformar entrenamiento y prueba (umbral operativo: 15 meses observados, 4 demandas positivas).",76.23
ITEM_3740,1,1,0.9833,1.0,0.0,60.0,0.0,Intermitente,False,"Meses observados o demandas positivas insuficientes para conformar entrenamiento y prueba (umbral operativo: 15 meses observados, 4 demandas positivas).",38.0
ITEM_3741,26,26,0.5667,25.0769,826.3138,3.16,1.314,Lumpy,True,,573.61
ITEM_3742,1,1,0.9833,1.0,0.0,60.0,0.0,Intermitente,False,"Meses observados o demandas positivas insuficientes para conformar entrenamiento y prueba (umbral operativo: 15 meses observados, 4 demandas positivas).",37.99
ITEM_3743,1,1,0.9833,35.0,0.0,60.0,0.0,Intermitente,False,"Meses observados o demandas positivas insuficientes para conformar entrenamiento y prueba (umbral operativo: 15 meses observados, 4 demandas positivas).",37.83
ITEM_3744,1,1,0.9833,20.0,0.0,60.0,0.0,Intermitente,False,"Meses observados o demandas positivas insuficientes para conformar entrenamiento y prueba (umbral operativo: 15 meses observados, 4 demandas positivas).",37.82
ITEM_3745,1,1,0.9833,4.0,0.0,60.0,0.0,Intermitente,False,"Meses observados o demandas positivas insuficientes para conformar entrenamiento y prueba (umbral operativo: 15 meses observados, 4 demandas positivas).",37.65
ITEM_3746,9,9,0.85,4.1111,6.8611,8.375,0.406,Intermitente,False,"Meses observados o demandas positivas insuficientes para conformar entrenamiento y prueba (umbral operativo: 15 meses observados, 4 demandas positivas).",249.66
ITEM_3747,11,11,0.8167,4.2727,6.0182,4.4,0.3297,Intermitente,False,"Meses observados o demandas positivas insuficientes para conformar entrenamiento y prueba (umbral operativo: 15 meses observados, 4 demandas positivas).",279.88
ITEM_3748,1,1,0.9833,7.0,0.0,60.0,0.0,Intermitente,False,"Meses observados o demandas positivas insuficientes para conformar entrenamiento y prueba (umbral operativo: 15 meses observados, 4 demandas positivas).",37.59
ITEM_3749,1,1,0.9833,2.0,0.0,60.0,0.0,Intermitente,False,"Meses observados o demandas positivas insuficientes para conformar entrenamiento y prueba (umbral operativo: 15 meses observados, 4 demandas positivas).",37.53
ITEM_3750,1,1,0.9833,3.0,0.0,60.0,0.0,Intermitente,False,"Meses observados o demandas positivas insuficientes para conformar entrenamiento y prueba (umbral operativo: 15 meses observados, 4 demandas positivas).",37.5
ITEM_3751,8,8,0.8667,1.625,0.2679,5.4286,0.1014,Intermitente,False,"Meses observados o demandas positivas insuficientes para conformar entrenamiento y prueba (umbral operativo: 15 meses observados, 4 demandas positivas).",149.83
ITEM_3752,4,4,0.9333,1.75,0.25,9.0,0.0816,Intermitente,False,"Meses observados o demandas positivas insuficientes para conformar entrenamiento y prueba (umbral operativo: 15 meses observados, 4 demandas positivas).",67.12
ITEM_3753,1,1,0.9833,1.0,0.0,60.0,0.0,Intermitente,False,"Meses observados o demandas positivas insuficientes para conformar entrenamiento y prueba (umbral operativo: 15 meses observados, 4 demandas positivas).",37.49
ITEM_3754,1,1,0.9833,20.0,0.0,60.0,0.0,Intermitente,False,"Meses observados o demandas positivas insuficientes para conformar entrenamiento y prueba (umbral operativo: 15 meses observados, 4 demandas positivas).",37.44
ITEM_3755,1,1,0.9833,2.0,0.0,60.0,0.0,Intermitente,False,"Meses observados o demandas positivas insuficientes para conformar entrenamiento y prueba (umbral operativo: 15 meses observados, 4 demandas positivas).",57.63
ITEM_3756,2,2,0.9667,1.5,0.5,9.0,0.2222,Intermitente,False,"Meses observados o demandas positivas insuficientes para conformar entrenamiento y prueba (umbral operativo: 15 meses observados, 4 demandas positivas).",56.53
ITEM_3757,1,1,0.9833,12.0,0.0,60.0,0.0,Intermitente,False,"Meses observados o demandas positivas insuficientes para conformar entrenamiento y prueba (umbral operativo: 15 meses observados, 4 demandas positivas).",37.2
ITEM_3758,2,2,0.9667,8.0,0.0,2.0,0.0,Intermitente,False,"Meses observados o demandas positivas insuficientes para conformar entrenamiento y prueba (umbral operativo: 15 meses observados, 4 demandas positivas).",74.4
ITEM_3759,1,1,0.9833,20.0,0.0,60.0,0.0,Intermitente,False,"Meses observados o demandas positivas insuficientes para conformar entrenamiento y prueba (umbral operativo: 15 meses observados, 4 demandas positivas).",36.97
ITEM_3760,3,3,0.95,8.6667,17.3333,6.5,0.2308,Intermitente,False,"Meses observados o demandas positivas insuficientes para conformar entrenamiento y prueba (umbral operativo: 15 meses observados, 4 demandas positivas).",65.28
ITEM_3761,6,6,0.9,6.3333,8.6667,7.4,0.2161,Intermitente,False,"Meses observados o demandas positivas insuficientes para conformar entrenamiento y prueba (umbral operativo: 15 meses observados, 4 demandas positivas).",120.96
ITEM_3762,5,5,0.9167,2.0,0.0,8.0,0.0,Intermitente,False,"Meses observados o demandas positivas insuficientes para conformar entrenamiento y prueba (umbral operativo: 15 meses observados, 4 demandas positivas).",156.71
ITEM_3763,1,1,0.9833,24.0,0.0,60.0,0.0,Intermitente,False,"Meses observados o demandas positivas insuficientes para conformar entrenamiento y prueba (umbral operativo: 15 meses observados, 4 demandas positivas).",36.72
ITEM_3764,1,1,0.9833,20.0,0.0,60.0,0.0,Intermitente,False,"Meses observados o demandas positivas insuficientes para conformar entrenamiento y prueba (umbral operativo: 15 meses observados, 4 demandas positivas).",36.48
ITEM_3765,1,1,0.9833,2.0,0.0,60.0,0.0,Intermitente,False,"Meses observados o demandas positivas insuficientes para conformar entrenamiento y prueba (umbral operativo: 15 meses observados, 4 demandas positivas).",36.23
ITEM_3767,1,1,0.9833,20.0,0.0,60.0,0.0,Intermitente,False,"Meses observados o demandas positivas insuficientes para conformar entrenamiento y prueba (umbral operativo: 15 meses observados, 4 demandas positivas).",36.0
ITEM_3768,1,1,0.9833,8.0,0.0,60.0,0.0,Intermitente,False,"Meses observados o demandas positivas insuficientes para conformar entrenamiento y prueba (umbral operativo: 15 meses observados, 4 demandas positivas).",36.0
ITEM_3769,1,1,0.9833,6.0,0.0,60.0,0.0,Intermitente,False,"Meses observados o demandas positivas insuficientes para conformar entrenamiento y prueba (umbral operativo: 15 meses observados, 4 demandas positivas).",36.0
ITEM_3770,1,1,0.9833,24.0,0.0,60.0,0.0,Intermitente,False,"Meses observados o demandas positivas insuficientes para conformar entrenamiento y prueba (umbral operativo: 15 meses observados, 4 demandas positivas).",36.0
ITEM_3771,1,1,0.9833,1.0,0.0,60.0,0.0,Intermitente,False,"Meses observados o demandas positivas insuficientes para conformar entrenamiento y prueba (umbral operativo: 15 meses observados, 4 demandas positivas).",36.0
ITEM_3772,1,1,0.9833,2.0,0.0,60.0,0.0,Intermitente,False,"Meses observados o demandas positivas insuficientes para conformar entrenamiento y prueba (umbral operativo: 15 meses observados, 4 demandas positivas).",36.0
ITEM_3773,1,1,0.9833,1.0,0.0,60.0,0.0,Intermitente,False,"Meses observados o demandas positivas insuficientes para conformar entrenamiento y prueba (umbral operativo: 15 meses observados, 4 demandas positivas).",36.0
ITEM_3774,7,7,0.8833,9.7143,7.2381,4.5,0.0767,Intermitente,False,"Meses observados o demandas positivas insuficientes para conformar entrenamiento y prueba (umbral operativo: 15 meses observados, 4 demandas positivas).",138.5
ITEM_3775,1,1,0.9833,2.0,0.0,60.0,0.0,Intermitente,False,"Meses observados o demandas positivas insuficientes para conformar entrenamiento y prueba (umbral operativo: 15 meses observados, 4 demandas positivas).",36.0
ITEM_3776,1,1,0.9833,24.0,0.0,60.0,0.0,Intermitente,False,"Meses observados o demandas positivas insuficientes para conformar entrenamiento y prueba (umbral operativo: 15 meses observados, 4 demandas positivas).",35.84
ITEM_3777,1,1,0.9833,3.0,0.0,60.0,0.0,Intermitente,False,"Meses observados o demandas positivas insuficientes para conformar entrenamiento y prueba (umbral operativo: 15 meses observados, 4 demandas positivas).",35.79
ITEM_3778,4,4,0.9333,5.75,6.25,3.3333,0.189,Intermitente,False,"Meses observados o demandas positivas insuficientes para conformar entrenamiento y prueba (umbral operativo: 15 meses observados, 4 demandas positivas).",57.55
ITEM_3779,1,1,0.9833,3.0,0.0,60.0,0.0,Intermitente,False,"Meses observados o demandas positivas insuficientes para conformar entrenamiento y prueba (umbral operativo: 15 meses observados, 4 demandas positivas).",35.7
ITEM_3780,1,1,0.9833,1.0,0.0,60.0,0.0,Intermitente,False,"Meses observados o demandas positivas insuficientes para conformar entrenamiento y prueba (umbral operativo: 15 meses observados, 4 demandas positivas).",35.66
ITEM_3781,2,2,0.9667,2.0,0.0,3.0,0.0,Intermitente,False,"Meses observados o demandas positivas insuficientes para conformar entrenamiento y prueba (umbral operativo: 15 meses observados, 4 demandas positivas).",71.32
ITEM_3782,1,1,0.9833,2.0,0.0,60.0,0.0,Intermitente,False,"Meses observados o demandas positivas insuficientes para conformar entrenamiento y prueba (umbral operativo: 15 meses observados, 4 demandas positivas).",35.66
ITEM_3783,1,1,0.9833,2.0,0.0,60.0,0.0,Intermitente,False,"Meses observados o demandas positivas insuficientes para conformar entrenamiento y prueba (umbral operativo: 15 meses observados, 4 demandas positivas).",35.62
ITEM_3784,1,1,0.9833,30.0,0.0,60.0,0.0,Intermitente,False,"Meses observados o demandas positivas insuficientes para conformar entrenamiento y prueba (umbral operativo: 15 meses observados, 4 demandas positivas).",35.61
ITEM_3786,3,3,0.95,5.3333,17.3333,2.5,0.6094,Lumpy,False,"Meses observados o demandas positivas insuficientes para conformar entrenamiento y prueba (umbral operativo: 15 meses observados, 4 demandas positivas).",94.51
ITEM_3787,1,1,0.9833,30.0,0.0,60.0,0.0,Intermitente,False,"Meses observados o demandas positivas insuficientes para conformar entrenamiento y prueba (umbral operativo: 15 meses observados, 4 demandas positivas).",35.44
ITEM_3788,1,1,0.9833,30.0,0.0,60.0,0.0,Intermitente,False,"Meses observados o demandas positivas insuficientes para conformar entrenamiento y prueba (umbral operativo: 15 meses observados, 4 demandas positivas).",35.44
ITEM_3790,1,1,0.9833,1.0,0.0,60.0,0.0,Intermitente,False,"Meses observados o demandas positivas insuficientes para conformar entrenamiento y prueba (umbral operativo: 15 meses observados, 4 demandas positivas).",35.34
ITEM_3791,1,1,0.9833,2.0,0.0,60.0,0.0,Intermitente,False,"Meses observados o demandas positivas insuficientes para conformar entrenamiento y prueba (umbral operativo: 15 meses observados, 4 demandas positivas).",35.3
ITEM_3792,1,1,0.9833,2.0,0.0,60.0,0.0,Intermitente,False,"Meses observados o demandas positivas insuficientes para conformar entrenamiento y prueba (umbral operativo: 15 meses observados, 4 demandas positivas).",35.3
ITEM_3793,5,5,0.9167,1.4,0.3,7.75,0.1531,Intermitente,False,"Meses observados o demandas positivas insuficientes para conformar entrenamiento y prueba (umbral operativo: 15 meses observados, 4 demandas positivas).",82.76
ITEM_3795,1,1,0.9833,20.0,0.0,60.0,0.0,Intermitente,False,"Meses observados o demandas positivas insuficientes para conformar entrenamiento y prueba (umbral operativo: 15 meses observados, 4 demandas positivas).",35.2
ITEM_3796,1,1,0.9833,48.0,0.0,60.0,0.0,Intermitente,False,"Meses observados o demandas positivas insuficientes para conformar entrenamiento y prueba (umbral operativo: 15 meses observados, 4 demandas positivas).",35.12
ITEM_3797,7,7,0.8833,15.8571,307.1429,6.1667,1.2215,Lumpy,False,"Meses observados o demandas positivas insuficientes para conformar entrenamiento y prueba (umbral operativo: 15 meses observados, 4 demandas positivas).",100.97
ITEM_3798,1,1,0.9833,24.0,0.0,60.0,0.0,Intermitente,False,"Meses observados o demandas positivas insuficientes para conformar entrenamiento y prueba (umbral operativo: 15 meses observados, 4 demandas positivas).",35.11
ITEM_3799,1,1,0.9833,6.0,0.0,60.0,0.0,Intermitente,False,"Meses observados o demandas positivas insuficientes para conformar entrenamiento y prueba (umbral operativo: 15 meses observados, 4 demandas positivas).",35.1
ITEM_3800,1,1,0.9833,2.0,0.0,60.0,0.0,Intermitente,False,"Meses observados o demandas positivas insuficientes para conformar entrenamiento y prueba (umbral operativo: 15 meses observados, 4 demandas positivas).",35.07
ITEM_3801,1,1,0.9833,1.0,0.0,60.0,0.0,Intermitente,False,"Meses observados o demandas positivas insuficientes para conformar entrenamiento y prueba (umbral operativo: 15 meses observados, 4 demandas positivas).",35.0
ITEM_3802,9,9,0.85,1.0,0.0,4.375,0.0,Intermitente,False,"Meses observados o demandas positivas insuficientes para conformar entrenamiento y prueba (umbral operativo: 15 meses observados, 4 demandas positivas).",230.92
ITEM_3803,1,1,0.9833,2.0,0.0,60.0,0.0,Intermitente,False,"Meses observados o demandas positivas insuficientes para conformar entrenamiento y prueba (umbral operativo: 15 meses observados, 4 demandas positivas).",35.0
ITEM_3804,1,1,0.9833,10.0,0.0,60.0,0.0,Intermitente,False,"Meses observados o demandas positivas insuficientes para conformar entrenamiento y prueba (umbral operativo: 15 meses observados, 4 demandas positivas).",35.0
ITEM_3805,1,1,0.9833,5.0,0.0,60.0,0.0,Intermitente,False,"Meses observados o demandas positivas insuficientes para conformar entrenamiento y prueba (umbral operativo: 15 meses observados, 4 demandas positivas).",34.92
ITEM_3806,3,3,0.95,1.6667,0.3333,15.5,0.12,Intermitente,False,"Meses observados o demandas positivas insuficientes para conformar entrenamiento y prueba (umbral operativo: 15 meses observados, 4 demandas positivas).",64.8
ITEM_3807,4,4,0.9333,16.5,243.6667,6.6667,0.895,Lumpy,False,"Meses observados o demandas positivas insuficientes para conformar entrenamiento y prueba (umbral operativo: 15 meses observados, 4 demandas positivas).",67.03
ITEM_3808,1,1,0.9833,2.0,0.0,60.0,0.0,Intermitente,False,"Meses observados o demandas positivas insuficientes para conformar entrenamiento y prueba (umbral operativo: 15 meses observados, 4 demandas positivas).",34.82
ITEM_3809,12,12,0.8,5.4167,3.9015,3.5455,0.133,Intermitente,False,"Meses observados o demandas positivas insuficientes para conformar entrenamiento y prueba (umbral operativo: 15 meses observados, 4 demandas positivas).",289.05
ITEM_3810,1,1,0.9833,8.0,0.0,60.0,0.0,Intermitente,False,"Meses observados o demandas positivas insuficientes para conformar entrenamiento y prueba (umbral operativo: 15 meses observados, 4 demandas positivas).",34.7
ITEM_3811,1,1,0.9833,2.0,0.0,60.0,0.0,Intermitente,False,"Meses observados o demandas positivas insuficientes para conformar entrenamiento y prueba (umbral operativo: 15 meses observados, 4 demandas positivas).",34.58
ITEM_3812,1,1,0.9833,20.0,0.0,60.0,0.0,Intermitente,False,"Meses observados o demandas positivas insuficientes para conformar entrenamiento y prueba (umbral operativo: 15 meses observados, 4 demandas positivas).",34.56
ITEM_3813,1,1,0.9833,3.0,0.0,60.0,0.0,Intermitente,False,"Meses observados o demandas positivas insuficientes para conformar entrenamiento y prueba (umbral operativo: 15 meses observados, 4 demandas positivas).",34.5
ITEM_3814,6,6,0.9,5.0,8.0,11.6,0.32,Intermitente,False,"Meses observados o demandas positivas insuficientes para conformar entrenamiento y prueba (umbral operativo: 15 meses observados, 4 demandas positivas).",131.77
ITEM_3815,1,1,0.9833,6.0,0.0,60.0,0.0,Intermitente,False,"Meses observados o demandas positivas insuficientes para conformar entrenamiento y prueba (umbral operativo: 15 meses observados, 4 demandas positivas).",34.2
ITEM_3816,1,1,0.9833,4.0,0.0,60.0,0.0,Intermitente,False,"Meses observados o demandas positivas insuficientes para conformar entrenamiento y prueba (umbral operativo: 15 meses observados, 4 demandas positivas).",34.2
ITEM_3817,24,24,0.6,4.6667,15.8841,2.4783,0.7294,Lumpy,True,,517.2
ITEM_3818,2,2,0.9667,9.0,18.0,27.0,0.2222,Intermitente,False,"Meses observados o demandas positivas insuficientes para conformar entrenamiento y prueba (umbral operativo: 15 meses observados, 4 demandas positivas).",94.68
ITEM_3819,3,3,0.95,4.0,0.0,3.0,0.0,Intermitente,False,"Meses observados o demandas positivas insuficientes para conformar entrenamiento y prueba (umbral operativo: 15 meses observados, 4 demandas positivas).",85.69
ITEM_3820,1,1,0.9833,100.0,0.0,60.0,0.0,Intermitente,False,"Meses observados o demandas positivas insuficientes para conformar entrenamiento y prueba (umbral operativo: 15 meses observados, 4 demandas positivas).",34.03
ITEM_3821,1,1,0.9833,1.0,0.0,60.0,0.0,Intermitente,False,"Meses observados o demandas positivas insuficientes para conformar entrenamiento y prueba (umbral operativo: 15 meses observados, 4 demandas positivas).",34.02
ITEM_3822,1,1,0.9833,1.0,0.0,60.0,0.0,Intermitente,False,"Meses observados o demandas positivas insuficientes para conformar entrenamiento y prueba (umbral operativo: 15 meses observados, 4 demandas positivas).",34.02
ITEM_3823,1,1,0.9833,2.0,0.0,60.0,0.0,Intermitente,False,"Meses observados o demandas positivas insuficientes para conformar entrenamiento y prueba (umbral operativo: 15 meses observados, 4 demandas positivas).",34.0
ITEM_3824,1,1,0.9833,4.0,0.0,60.0,0.0,Intermitente,False,"Meses observados o demandas positivas insuficientes para conformar entrenamiento y prueba (umbral operativo: 15 meses observados, 4 demandas positivas).",34.0
ITEM_3825,17,17,0.7167,15.8235,98.4044,3.0,0.393,Intermitente,True,,253.47
ITEM_3826,1,1,0.9833,2.0,0.0,60.0,0.0,Intermitente,False,"Meses observados o demandas positivas insuficientes para conformar entrenamiento y prueba (umbral operativo: 15 meses observados, 4 demandas positivas).",34.0
ITEM_3827,1,1,0.9833,20.0,0.0,60.0,0.0,Intermitente,False,"Meses observados o demandas positivas insuficientes para conformar entrenamiento y prueba (umbral operativo: 15 meses observados, 4 demandas positivas).",33.98
ITEM_3828,1,1,0.9833,100.0,0.0,60.0,0.0,Intermitente,False,"Meses observados o demandas positivas insuficientes para conformar entrenamiento y prueba (umbral operativo: 15 meses observados, 4 demandas positivas).",33.97
ITEM_3829,1,1,0.9833,20.0,0.0,60.0,0.0,Intermitente,False,"Meses observados o demandas positivas insuficientes para conformar entrenamiento y prueba (umbral operativo: 15 meses observados, 4 demandas positivas).",33.92
ITEM_3830,1,1,0.9833,1.0,0.0,60.0,0.0,Intermitente,False,"Meses observados o demandas positivas insuficientes para conformar entrenamiento y prueba (umbral operativo: 15 meses observados, 4 demandas positivas).",33.89
ITEM_3831,2,2,0.9667,7.0,18.0,33.0,0.3673,Intermitente,False,"Meses observados o demandas positivas insuficientes para conformar entrenamiento y prueba (umbral operativo: 15 meses observados, 4 demandas positivas).",61.88
ITEM_3832,1,1,0.9833,2.0,0.0,60.0,0.0,Intermitente,False,"Meses observados o demandas positivas insuficientes para conformar entrenamiento y prueba (umbral operativo: 15 meses observados, 4 demandas positivas).",33.77
ITEM_3833,1,1,0.9833,3.0,0.0,60.0,0.0,Intermitente,False,"Meses observados o demandas positivas insuficientes para conformar entrenamiento y prueba (umbral operativo: 15 meses observados, 4 demandas positivas).",33.75
ITEM_3834,1,1,0.9833,1.0,0.0,60.0,0.0,Intermitente,False,"Meses observados o demandas positivas insuficientes para conformar entrenamiento y prueba (umbral operativo: 15 meses observados, 4 demandas positivas).",33.75
ITEM_3835,1,1,0.9833,24.0,0.0,60.0,0.0,Intermitente,False,"Meses observados o demandas positivas insuficientes para conformar entrenamiento y prueba (umbral operativo: 15 meses observados, 4 demandas positivas).",61.33
ITEM_3836,2,2,0.9667,11.0,2.0,12.0,0.0165,Intermitente,False,"Meses observados o demandas positivas insuficientes para conformar entrenamiento y prueba (umbral operativo: 15 meses observados, 4 demandas positivas).",46.23
ITEM_3837,1,1,0.9833,12.0,0.0,60.0,0.0,Intermitente,False,"Meses observados o demandas positivas insuficientes para conformar entrenamiento y prueba (umbral operativo: 15 meses observados, 4 demandas positivas).",33.73
ITEM_3838,1,1,0.9833,6.0,0.0,60.0,0.0,Intermitente,False,"Meses observados o demandas positivas insuficientes para conformar entrenamiento y prueba (umbral operativo: 15 meses observados, 4 demandas positivas).",33.68
ITEM_3839,3,3,0.95,1.6667,0.3333,11.5,0.12,Intermitente,False,"Meses observados o demandas positivas insuficientes para conformar entrenamiento y prueba (umbral operativo: 15 meses observados, 4 demandas positivas).",41.17
ITEM_3840,1,1,0.9833,12.0,0.0,60.0,0.0,Intermitente,False,"Meses observados o demandas positivas insuficientes para conformar entrenamiento y prueba (umbral operativo: 15 meses observados, 4 demandas positivas).",67.29
ITEM_3841,1,1,0.9833,12.0,0.0,60.0,0.0,Intermitente,False,"Meses observados o demandas positivas insuficientes para conformar entrenamiento y prueba (umbral operativo: 15 meses observados, 4 demandas positivas).",33.6
ITEM_3842,18,18,0.7,20.4444,214.3791,2.9412,0.5129,Lumpy,True,,266.31
ITEM_3843,1,1,0.9833,20.0,0.0,60.0,0.0,Intermitente,False,"Meses observados o demandas positivas insuficientes para conformar entrenamiento y prueba (umbral operativo: 15 meses observados, 4 demandas positivas).",33.52
ITEM_3844,3,3,0.95,2.0,0.0,10.5,0.0,Intermitente,False,"Meses observados o demandas positivas insuficientes para conformar entrenamiento y prueba (umbral operativo: 15 meses observados, 4 demandas positivas).",41.44
ITEM_3845,1,1,0.9833,16.0,0.0,60.0,0.0,Intermitente,False,"Meses observados o demandas positivas insuficientes para conformar entrenamiento y prueba (umbral operativo: 15 meses observados, 4 demandas positivas).",48.11
ITEM_3847,2,2,0.9667,4.0,8.0,33.0,0.5,Lumpy,False,"Meses observados o demandas positivas insuficientes para conformar entrenamiento y prueba (umbral operativo: 15 meses observados, 4 demandas positivas).",63.34
ITEM_3848,1,1,0.9833,1.0,0.0,60.0,0.0,Intermitente,False,"Meses observados o demandas positivas insuficientes para conformar entrenamiento y prueba (umbral operativo: 15 meses observados, 4 demandas positivas).",33.29
ITEM_3849,5,5,0.9167,10.8,97.7,5.75,0.8376,Lumpy,False,"Meses observados o demandas positivas insuficientes para conformar entrenamiento y prueba (umbral operativo: 15 meses observados, 4 demandas positivas).",73.3
ITEM_3850,5,5,0.9167,16.0,608.5,6.0,2.377,Lumpy,False,"Meses observados o demandas positivas insuficientes para conformar entrenamiento y prueba (umbral operativo: 15 meses observados, 4 demandas positivas).",97.16
ITEM_3851,1,1,0.9833,5.0,0.0,60.0,0.0,Intermitente,False,"Meses observados o demandas positivas insuficientes para conformar entrenamiento y prueba (umbral operativo: 15 meses observados, 4 demandas positivas).",33.15
ITEM_3852,1,1,0.9833,4.0,0.0,60.0,0.0,Intermitente,False,"Meses observados o demandas positivas insuficientes para conformar entrenamiento y prueba (umbral operativo: 15 meses observados, 4 demandas positivas).",33.04
ITEM_3853,6,6,0.9,1.3333,0.2667,7.2,0.15,Intermitente,False,"Meses observados o demandas positivas insuficientes para conformar entrenamiento y prueba (umbral operativo: 15 meses observados, 4 demandas positivas).",116.04
ITEM_3854,1,1,0.9833,14.0,0.0,60.0,0.0,Intermitente,False,"Meses observados o demandas positivas insuficientes para conformar entrenamiento y prueba (umbral operativo: 15 meses observados, 4 demandas positivas).",35.0
ITEM_3855,6,6,0.9,7.6667,11.8667,3.4,0.2019,Intermitente,False,"Meses observados o demandas positivas insuficientes para conformar entrenamiento y prueba (umbral operativo: 15 meses observados, 4 demandas positivas).",126.66
ITEM_3856,5,5,0.9167,1.0,0.0,5.75,0.0,Intermitente,False,"Meses observados o demandas positivas insuficientes para conformar entrenamiento y prueba (umbral operativo: 15 meses observados, 4 demandas positivas).",75.0
ITEM_3857,1,1,0.9833,2.0,0.0,60.0,0.0,Intermitente,False,"Meses observados o demandas positivas insuficientes para conformar entrenamiento y prueba (umbral operativo: 15 meses observados, 4 demandas positivas).",32.98
ITEM_3858,1,1,0.9833,1.0,0.0,60.0,0.0,Intermitente,False,"Meses observados o demandas positivas insuficientes para conformar entrenamiento y prueba (umbral operativo: 15 meses observados, 4 demandas positivas).",32.92
ITEM_3859,2,2,0.9667,2.0,0.0,11.0,0.0,Intermitente,False,"Meses observados o demandas positivas insuficientes para conformar entrenamiento y prueba (umbral operativo: 15 meses observados, 4 demandas positivas).",56.07
ITEM_3860,1,1,0.9833,2.0,0.0,60.0,0.0,Intermitente,False,"Meses observados o demandas positivas insuficientes para conformar entrenamiento y prueba (umbral operativo: 15 meses observados, 4 demandas positivas).",32.79
ITEM_3861,1,1,0.9833,2.0,0.0,60.0,0.0,Intermitente,False,"Meses observados o demandas positivas insuficientes para conformar entrenamiento y prueba (umbral operativo: 15 meses observados, 4 demandas positivas).",32.73
ITEM_3862,2,2,0.9667,8.5,12.5,19.0,0.173,Intermitente,False,"Meses observados o demandas positivas insuficientes para conformar entrenamiento y prueba (umbral operativo: 15 meses observados, 4 demandas positivas).",45.32
ITEM_3863,2,2,0.9667,2.0,0.0,4.0,0.0,Intermitente,False,"Meses observados o demandas positivas insuficientes para conformar entrenamiento y prueba (umbral operativo: 15 meses observados, 4 demandas positivas).",63.94
ITEM_3864,1,1,0.9833,24.0,0.0,60.0,0.0,Intermitente,False,"Meses observados o demandas positivas insuficientes para conformar entrenamiento y prueba (umbral operativo: 15 meses observados, 4 demandas positivas).",32.7
ITEM_3865,1,1,0.9833,4.0,0.0,60.0,0.0,Intermitente,False,"Meses observados o demandas positivas insuficientes para conformar entrenamiento y prueba (umbral operativo: 15 meses observados, 4 demandas positivas).",32.6
ITEM_3866,1,1,0.9833,3.0,0.0,60.0,0.0,Intermitente,False,"Meses observados o demandas positivas insuficientes para conformar entrenamiento y prueba (umbral operativo: 15 meses observados, 4 demandas positivas).",32.6
ITEM_3867,1,1,0.9833,4.0,0.0,60.0,0.0,Intermitente,False,"Meses observados o demandas positivas insuficientes para conformar entrenamiento y prueba (umbral operativo: 15 meses observados, 4 demandas positivas).",32.5
ITEM_3868,19,19,0.6833,18.2105,116.9532,2.8889,0.3527,Intermitente,True,,217.61
ITEM_3869,1,1,0.9833,6.0,0.0,60.0,0.0,Intermitente,False,"Meses observados o demandas positivas insuficientes para conformar entrenamiento y prueba (umbral operativo: 15 meses observados, 4 demandas positivas).",32.4
ITEM_3870,2,2,0.9667,1.0,0.0,22.0,0.0,Intermitente,False,"Meses observados o demandas positivas insuficientes para conformar entrenamiento y prueba (umbral operativo: 15 meses observados, 4 demandas positivas).",51.34
ITEM_3871,1,1,0.9833,1.0,0.0,60.0,0.0,Intermitente,False,"Meses observados o demandas positivas insuficientes para conformar entrenamiento y prueba (umbral operativo: 15 meses observados, 4 demandas positivas).",32.3
ITEM_3872,1,1,0.9833,2.0,0.0,60.0,0.0,Intermitente,False,"Meses observados o demandas positivas insuficientes para conformar entrenamiento y prueba (umbral operativo: 15 meses observados, 4 demandas positivas).",32.27
ITEM_3873,1,1,0.9833,2.0,0.0,60.0,0.0,Intermitente,False,"Meses observados o demandas positivas insuficientes para conformar entrenamiento y prueba (umbral operativo: 15 meses observados, 4 demandas positivas).",32.27
ITEM_3874,1,1,0.9833,20.0,0.0,60.0,0.0,Intermitente,False,"Meses observados o demandas positivas insuficientes para conformar entrenamiento y prueba (umbral operativo: 15 meses observados, 4 demandas positivas).",32.22
ITEM_3875,1,1,0.9833,6.0,0.0,60.0,0.0,Intermitente,False,"Meses observados o demandas positivas insuficientes para conformar entrenamiento y prueba (umbral operativo: 15 meses observados, 4 demandas positivas).",32.2
ITEM_3876,1,1,0.9833,2.0,0.0,60.0,0.0,Intermitente,False,"Meses observados o demandas positivas insuficientes para conformar entrenamiento y prueba (umbral operativo: 15 meses observados, 4 demandas positivas).",32.14
ITEM_3877,1,1,0.9833,6.0,0.0,60.0,0.0,Intermitente,False,"Meses observados o demandas positivas insuficientes para conformar entrenamiento y prueba (umbral operativo: 15 meses observados, 4 demandas positivas).",32.14
ITEM_3879,1,1,0.9833,2.0,0.0,60.0,0.0,Intermitente,False,"Meses observados o demandas positivas insuficientes para conformar entrenamiento y prueba (umbral operativo: 15 meses observados, 4 demandas positivas).",32.11
ITEM_3880,1,1,0.9833,12.0,0.0,60.0,0.0,Intermitente,False,"Meses observados o demandas positivas insuficientes para conformar entrenamiento y prueba (umbral operativo: 15 meses observados, 4 demandas positivas).",64.21
ITEM_3881,1,1,0.9833,12.0,0.0,60.0,0.0,Intermitente,False,"Meses observados o demandas positivas insuficientes para conformar entrenamiento y prueba (umbral operativo: 15 meses observados, 4 demandas positivas).",64.21
ITEM_3882,1,1,0.9833,12.0,0.0,60.0,0.0,Intermitente,False,"Meses observados o demandas positivas insuficientes para conformar entrenamiento y prueba (umbral operativo: 15 meses observados, 4 demandas positivas).",64.21
ITEM_3883,1,1,0.9833,12.0,0.0,60.0,0.0,Intermitente,False,"Meses observados o demandas positivas insuficientes para conformar entrenamiento y prueba (umbral operativo: 15 meses observados, 4 demandas positivas).",64.21
ITEM_3884,1,1,0.9833,12.0,0.0,60.0,0.0,Intermitente,False,"Meses observados o demandas positivas insuficientes para conformar entrenamiento y prueba (umbral operativo: 15 meses observados, 4 demandas positivas).",64.21
ITEM_3885,1,1,0.9833,5.0,0.0,60.0,0.0,Intermitente,False,"Meses observados o demandas positivas insuficientes para conformar entrenamiento y prueba (umbral operativo: 15 meses observados, 4 demandas positivas).",32.0
ITEM_3886,5,5,0.9167,1.6,0.3,5.5,0.1172,Intermitente,False,"Meses observados o demandas positivas insuficientes para conformar entrenamiento y prueba (umbral operativo: 15 meses observados, 4 demandas positivas).",125.4
ITEM_3887,1,1,0.9833,2.0,0.0,60.0,0.0,Intermitente,False,"Meses observados o demandas positivas insuficientes para conformar entrenamiento y prueba (umbral operativo: 15 meses observados, 4 demandas positivas).",32.0
ITEM_3888,1,1,0.9833,2.0,0.0,60.0,0.0,Intermitente,False,"Meses observados o demandas positivas insuficientes para conformar entrenamiento y prueba (umbral operativo: 15 meses observados, 4 demandas positivas).",32.0
ITEM_3889,5,5,0.9167,1.0,0.0,7.0,0.0,Intermitente,False,"Meses observados o demandas positivas insuficientes para conformar entrenamiento y prueba (umbral operativo: 15 meses observados, 4 demandas positivas).",65.0
ITEM_3890,1,1,0.9833,2.0,0.0,60.0,0.0,Intermitente,False,"Meses observados o demandas positivas insuficientes para conformar entrenamiento y prueba (umbral operativo: 15 meses observados, 4 demandas positivas).",32.0
ITEM_3891,1,1,0.9833,2.0,0.0,60.0,0.0,Intermitente,False,"Meses observados o demandas positivas insuficientes para conformar entrenamiento y prueba (umbral operativo: 15 meses observados, 4 demandas positivas).",32.0
ITEM_3892,1,1,0.9833,2.0,0.0,60.0,0.0,Intermitente,False,"Meses observados o demandas positivas insuficientes para conformar entrenamiento y prueba (umbral operativo: 15 meses observados, 4 demandas positivas).",32.0
ITEM_3893,1,1,0.9833,20.0,0.0,60.0,0.0,Intermitente,False,"Meses observados o demandas positivas insuficientes para conformar entrenamiento y prueba (umbral operativo: 15 meses observados, 4 demandas positivas).",31.95
ITEM_3894,1,1,0.9833,2.0,0.0,60.0,0.0,Intermitente,False,"Meses observados o demandas positivas insuficientes para conformar entrenamiento y prueba (umbral operativo: 15 meses observados, 4 demandas positivas).",31.81
ITEM_3895,1,1,0.9833,3.0,0.0,60.0,0.0,Intermitente,False,"Meses observados o demandas positivas insuficientes para conformar entrenamiento y prueba (umbral operativo: 15 meses observados, 4 demandas positivas).",31.8
ITEM_3896,1,1,0.9833,30.0,0.0,60.0,0.0,Intermitente,False,"Meses observados o demandas positivas insuficientes para conformar entrenamiento y prueba (umbral operativo: 15 meses observados, 4 demandas positivas).",31.75
ITEM_3897,1,1,0.9833,36.0,0.0,60.0,0.0,Intermitente,False,"Meses observados o demandas positivas insuficientes para conformar entrenamiento y prueba (umbral operativo: 15 meses observados, 4 demandas positivas).",31.68
ITEM_3898,1,1,0.9833,15.0,0.0,60.0,0.0,Intermitente,False,"Meses observados o demandas positivas insuficientes para conformar entrenamiento y prueba (umbral operativo: 15 meses observados, 4 demandas positivas).",31.44
ITEM_3899,1,1,0.9833,20.0,0.0,60.0,0.0,Intermitente,False,"Meses observados o demandas positivas insuficientes para conformar entrenamiento y prueba (umbral operativo: 15 meses observados, 4 demandas positivas).",31.44
ITEM_3900,1,1,0.9833,8.0,0.0,60.0,0.0,Intermitente,False,"Meses observados o demandas positivas insuficientes para conformar entrenamiento y prueba (umbral operativo: 15 meses observados, 4 demandas positivas).",31.41
ITEM_3901,1,1,0.9833,6.0,0.0,60.0,0.0,Intermitente,False,"Meses observados o demandas positivas insuficientes para conformar entrenamiento y prueba (umbral operativo: 15 meses observados, 4 demandas positivas).",31.38
ITEM_3902,1,1,0.9833,1.0,0.0,60.0,0.0,Intermitente,False,"Meses observados o demandas positivas insuficientes para conformar entrenamiento y prueba (umbral operativo: 15 meses observados, 4 demandas positivas).",31.3
ITEM_3903,1,1,0.9833,50.0,0.0,60.0,0.0,Intermitente,False,"Meses observados o demandas positivas insuficientes para conformar entrenamiento y prueba (umbral operativo: 15 meses observados, 4 demandas positivas).",31.25
ITEM_3904,1,1,0.9833,12.0,0.0,60.0,0.0,Intermitente,False,"Meses observados o demandas positivas insuficientes para conformar entrenamiento y prueba (umbral operativo: 15 meses observados, 4 demandas positivas).",31.2
ITEM_3905,2,2,0.9667,27.0,882.0,4.0,1.2099,Lumpy,False,"Meses observados o demandas positivas insuficientes para conformar entrenamiento y prueba (umbral operativo: 15 meses observados, 4 demandas positivas).",52.2
ITEM_3906,17,17,0.7167,10.8235,87.0294,3.0625,0.7429,Lumpy,True,,246.16
ITEM_3907,1,1,0.9833,1.0,0.0,60.0,0.0,Intermitente,False,"Meses observados o demandas positivas insuficientes para conformar entrenamiento y prueba (umbral operativo: 15 meses observados, 4 demandas positivas).",31.2
ITEM_3908,4,4,0.9333,2.75,1.5833,9.0,0.2094,Intermitente,False,"Meses observados o demandas positivas insuficientes para conformar entrenamiento y prueba (umbral operativo: 15 meses observados, 4 demandas positivas).",84.68
ITEM_3909,1,1,0.9833,20.0,0.0,60.0,0.0,Intermitente,False,"Meses observados o demandas positivas insuficientes para conformar entrenamiento y prueba (umbral operativo: 15 meses observados, 4 demandas positivas).",31.18
ITEM_3910,1,1,0.9833,1.0,0.0,60.0,0.0,Intermitente,False,"Meses observados o demandas positivas insuficientes para conformar entrenamiento y prueba (umbral operativo: 15 meses observados, 4 demandas positivas).",31.17
ITEM_3911,1,1,0.9833,6.0,0.0,60.0,0.0,Intermitente,False,"Meses observados o demandas positivas insuficientes para conformar entrenamiento y prueba (umbral operativo: 15 meses observados, 4 demandas positivas).",31.08
ITEM_3912,1,1,0.9833,3.0,0.0,60.0,0.0,Intermitente,False,"Meses observados o demandas positivas insuficientes para conformar entrenamiento y prueba (umbral operativo: 15 meses observados, 4 demandas positivas).",89.53
ITEM_3913,1,1,0.9833,1.0,0.0,60.0,0.0,Intermitente,False,"Meses observados o demandas positivas insuficientes para conformar entrenamiento y prueba (umbral operativo: 15 meses observados, 4 demandas positivas).",31.0
ITEM_3914,1,1,0.9833,1.0,0.0,60.0,0.0,Intermitente,False,"Meses observados o demandas positivas insuficientes para conformar entrenamiento y prueba (umbral operativo: 15 meses observados, 4 demandas positivas).",31.0
ITEM_3916,2,2,0.9667,2.0,0.0,10.0,0.0,Intermitente,False,"Meses observados o demandas positivas insuficientes para conformar entrenamiento y prueba (umbral operativo: 15 meses observados, 4 demandas positivas).",53.21
ITEM_3917,2,2,0.9667,200.0,0.0,27.0,0.0,Intermitente,False,"Meses observados o demandas positivas insuficientes para conformar entrenamiento y prueba (umbral operativo: 15 meses observados, 4 demandas positivas).",60.8
ITEM_3918,1,1,0.9833,1.0,0.0,60.0,0.0,Intermitente,False,"Meses observados o demandas positivas insuficientes para conformar entrenamiento y prueba (umbral operativo: 15 meses observados, 4 demandas positivas).",30.73
ITEM_3919,5,5,0.9167,3.0,0.0,4.25,0.0,Intermitente,False,"Meses observados o demandas positivas insuficientes para conformar entrenamiento y prueba (umbral operativo: 15 meses observados, 4 demandas positivas).",151.53
ITEM_3920,2,2,0.9667,15.0,50.0,5.0,0.2222,Intermitente,False,"Meses observados o demandas positivas insuficientes para conformar entrenamiento y prueba (umbral operativo: 15 meses observados, 4 demandas positivas).",47.53
ITEM_3921,1,1,0.9833,20.0,0.0,60.0,0.0,Intermitente,False,"Meses observados o demandas positivas insuficientes para conformar entrenamiento y prueba (umbral operativo: 15 meses observados, 4 demandas positivas).",30.72
ITEM_3922,2,2,0.9667,6.0,0.0,17.0,0.0,Intermitente,False,"Meses observados o demandas positivas insuficientes para conformar entrenamiento y prueba (umbral operativo: 15 meses observados, 4 demandas positivas).",48.54
ITEM_3923,1,1,0.9833,6.0,0.0,60.0,0.0,Intermitente,False,"Meses observados o demandas positivas insuficientes para conformar entrenamiento y prueba (umbral operativo: 15 meses observados, 4 demandas positivas).",43.6
ITEM_3924,1,1,0.9833,1.0,0.0,60.0,0.0,Intermitente,False,"Meses observados o demandas positivas insuficientes para conformar entrenamiento y prueba (umbral operativo: 15 meses observados, 4 demandas positivas).",30.56
ITEM_3925,2,2,0.9667,1.5,0.5,42.0,0.2222,Intermitente,False,"Meses observados o demandas positivas insuficientes para conformar entrenamiento y prueba (umbral operativo: 15 meses observados, 4 demandas positivas).",47.01
ITEM_3926,1,1,0.9833,1.0,0.0,60.0,0.0,Intermitente,False,"Meses observados o demandas positivas insuficientes para conformar entrenamiento y prueba (umbral operativo: 15 meses observados, 4 demandas positivas).",30.47
ITEM_3927,1,1,0.9833,1.0,0.0,60.0,0.0,Intermitente,False,"Meses observados o demandas positivas insuficientes para conformar entrenamiento y prueba (umbral operativo: 15 meses observados, 4 demandas positivas).",30.46
ITEM_3928,1,1,0.9833,1.0,0.0,60.0,0.0,Intermitente,False,"Meses observados o demandas positivas insuficientes para conformar entrenamiento y prueba (umbral operativo: 15 meses observados, 4 demandas positivas).",30.4
ITEM_3929,2,2,0.9667,25.0,50.0,3.0,0.08,Intermitente,False,"Meses observados o demandas positivas insuficientes para conformar entrenamiento y prueba (umbral operativo: 15 meses observados, 4 demandas positivas).",52.4
ITEM_3930,2,2,0.9667,4.0,0.0,18.0,0.0,Intermitente,False,"Meses observados o demandas positivas insuficientes para conformar entrenamiento y prueba (umbral operativo: 15 meses observados, 4 demandas positivas).",50.37
ITEM_3931,1,1,0.9833,96.0,0.0,60.0,0.0,Intermitente,False,"Meses observados o demandas positivas insuficientes para conformar entrenamiento y prueba (umbral operativo: 15 meses observados, 4 demandas positivas).",30.14
ITEM_3932,1,1,0.9833,1.0,0.0,60.0,0.0,Intermitente,False,"Meses observados o demandas positivas insuficientes para conformar entrenamiento y prueba (umbral operativo: 15 meses observados, 4 demandas positivas).",30.09
ITEM_3933,1,1,0.9833,1.0,0.0,60.0,0.0,Intermitente,False,"Meses observados o demandas positivas insuficientes para conformar entrenamiento y prueba (umbral operativo: 15 meses observados, 4 demandas positivas).",30.06
ITEM_3934,1,1,0.9833,15.0,0.0,60.0,0.0,Intermitente,False,"Meses observados o demandas positivas insuficientes para conformar entrenamiento y prueba (umbral operativo: 15 meses observados, 4 demandas positivas).",30.0
ITEM_3935,7,7,0.8833,1.5714,1.2857,6.1667,0.5207,Lumpy,False,"Meses observados o demandas positivas insuficientes para conformar entrenamiento y prueba (umbral operativo: 15 meses observados, 4 demandas positivas).",153.44
ITEM_3936,2,2,0.9667,1.0,0.0,10.0,0.0,Intermitente,False,"Meses observados o demandas positivas insuficientes para conformar entrenamiento y prueba (umbral operativo: 15 meses observados, 4 demandas positivas).",51.25
ITEM_3937,19,19,0.6833,7.6842,18.7836,4.2222,0.3181,Intermitente,True,,330.32
ITEM_3939,6,6,0.9,1.0,0.0,6.8,0.0,Intermitente,False,"Meses observados o demandas positivas insuficientes para conformar entrenamiento y prueba (umbral operativo: 15 meses observados, 4 demandas positivas).",154.4
ITEM_3940,1,1,0.9833,2.0,0.0,60.0,0.0,Intermitente,False,"Meses observados o demandas positivas insuficientes para conformar entrenamiento y prueba (umbral operativo: 15 meses observados, 4 demandas positivas).",30.0
ITEM_3941,2,2,0.9667,2.5,0.5,3.0,0.08,Intermitente,False,"Meses observados o demandas positivas insuficientes para conformar entrenamiento y prueba (umbral operativo: 15 meses observados, 4 demandas positivas).",50.0
ITEM_3942,2,2,0.9667,2.5,0.5,5.0,0.08,Intermitente,False,"Meses observados o demandas positivas insuficientes para conformar entrenamiento y prueba (umbral operativo: 15 meses observados, 4 demandas positivas).",43.05
ITEM_3943,1,1,0.9833,10.0,0.0,60.0,0.0,Intermitente,False,"Meses observados o demandas positivas insuficientes para conformar entrenamiento y prueba (umbral operativo: 15 meses observados, 4 demandas positivas).",30.0
ITEM_3944,1,1,0.9833,30.0,0.0,60.0,0.0,Intermitente,False,"Meses observados o demandas positivas insuficientes para conformar entrenamiento y prueba (umbral operativo: 15 meses observados, 4 demandas positivas).",30.0
ITEM_3945,1,1,0.9833,10.0,0.0,60.0,0.0,Intermitente,False,"Meses observados o demandas positivas insuficientes para conformar entrenamiento y prueba (umbral operativo: 15 meses observados, 4 demandas positivas).",30.0
ITEM_3946,2,2,0.9667,4.0,0.0,3.0,0.0,Intermitente,False,"Meses observados o demandas positivas insuficientes para conformar entrenamiento y prueba (umbral operativo: 15 meses observados, 4 demandas positivas).",59.84
ITEM_3947,8,8,0.8667,9.25,5.6429,5.2857,0.066,Intermitente,False,"Meses observados o demandas positivas insuficientes para conformar entrenamiento y prueba (umbral operativo: 15 meses observados, 4 demandas positivas).",176.75
ITEM_3948,1,1,0.9833,3.0,0.0,60.0,0.0,Intermitente,False,"Meses observados o demandas positivas insuficientes para conformar entrenamiento y prueba (umbral operativo: 15 meses observados, 4 demandas positivas).",29.88
ITEM_3949,1,1,0.9833,1.0,0.0,60.0,0.0,Intermitente,False,"Meses observados o demandas positivas insuficientes para conformar entrenamiento y prueba (umbral operativo: 15 meses observados, 4 demandas positivas).",29.78
ITEM_3950,1,1,0.9833,1.0,0.0,60.0,0.0,Intermitente,False,"Meses observados o demandas positivas insuficientes para conformar entrenamiento y prueba (umbral operativo: 15 meses observados, 4 demandas positivas).",29.75
ITEM_3951,1,1,0.9833,1.0,0.0,60.0,0.0,Intermitente,False,"Meses observados o demandas positivas insuficientes para conformar entrenamiento y prueba (umbral operativo: 15 meses observados, 4 demandas positivas).",29.72
ITEM_3952,5,5,0.9167,1.0,0.0,8.25,0.0,Intermitente,False,"Meses observados o demandas positivas insuficientes para conformar entrenamiento y prueba (umbral operativo: 15 meses observados, 4 demandas positivas).",118.22
ITEM_3953,2,2,0.9667,2.0,0.0,3.0,0.0,Intermitente,False,"Meses observados o demandas positivas insuficientes para conformar entrenamiento y prueba (umbral operativo: 15 meses observados, 4 demandas positivas).",59.2
ITEM_3954,1,1,0.9833,2.0,0.0,60.0,0.0,Intermitente,False,"Meses observados o demandas positivas insuficientes para conformar entrenamiento y prueba (umbral operativo: 15 meses observados, 4 demandas positivas).",29.6
ITEM_3955,1,1,0.9833,8.0,0.0,60.0,0.0,Intermitente,False,"Meses observados o demandas positivas insuficientes para conformar entrenamiento y prueba (umbral operativo: 15 meses observados, 4 demandas positivas).",29.52
ITEM_3956,5,5,0.9167,2.2,0.2,8.5,0.0413,Intermitente,False,"Meses observados o demandas positivas insuficientes para conformar entrenamiento y prueba (umbral operativo: 15 meses observados, 4 demandas positivas).",100.03
ITEM_3957,1,1,0.9833,2.0,0.0,60.0,0.0,Intermitente,False,"Meses observados o demandas positivas insuficientes para conformar entrenamiento y prueba (umbral operativo: 15 meses observados, 4 demandas positivas).",29.48
ITEM_3958,1,1,0.9833,2.0,0.0,60.0,0.0,Intermitente,False,"Meses observados o demandas positivas insuficientes para conformar entrenamiento y prueba (umbral operativo: 15 meses observados, 4 demandas positivas).",29.48
ITEM_3959,3,3,0.95,1.0,0.0,3.0,0.0,Intermitente,False,"Meses observados o demandas positivas insuficientes para conformar entrenamiento y prueba (umbral operativo: 15 meses observados, 4 demandas positivas).",73.57
ITEM_3960,1,1,0.9833,10.0,0.0,60.0,0.0,Intermitente,False,"Meses observados o demandas positivas insuficientes para conformar entrenamiento y prueba (umbral operativo: 15 meses observados, 4 demandas positivas).",29.46
ITEM_3961,1,1,0.9833,12.0,0.0,60.0,0.0,Intermitente,False,"Meses observados o demandas positivas insuficientes para conformar entrenamiento y prueba (umbral operativo: 15 meses observados, 4 demandas positivas).",29.38
ITEM_3962,1,1,0.9833,20.0,0.0,60.0,0.0,Intermitente,False,"Meses observados o demandas positivas insuficientes para conformar entrenamiento y prueba (umbral operativo: 15 meses observados, 4 demandas positivas).",29.29
ITEM_3963,1,1,0.9833,20.0,0.0,60.0,0.0,Intermitente,False,"Meses observados o demandas positivas insuficientes para conformar entrenamiento y prueba (umbral operativo: 15 meses observados, 4 demandas positivas).",29.29
ITEM_3964,1,1,0.9833,10.0,0.0,60.0,0.0,Intermitente,False,"Meses observados o demandas positivas insuficientes para conformar entrenamiento y prueba (umbral operativo: 15 meses observados, 4 demandas positivas).",29.1
ITEM_3965,2,2,0.9667,4.0,0.0,3.0,0.0,Intermitente,False,"Meses observados o demandas positivas insuficientes para conformar entrenamiento y prueba (umbral operativo: 15 meses observados, 4 demandas positivas).",58.08
ITEM_3966,1,1,0.9833,2.0,0.0,60.0,0.0,Intermitente,False,"Meses observados o demandas positivas insuficientes para conformar entrenamiento y prueba (umbral operativo: 15 meses observados, 4 demandas positivas).",29.0
ITEM_3967,2,2,0.9667,15.0,50.0,2.0,0.2222,Intermitente,False,"Meses observados o demandas positivas insuficientes para conformar entrenamiento y prueba (umbral operativo: 15 meses observados, 4 demandas positivas).",45.98
ITEM_3969,1,1,0.9833,4.0,0.0,60.0,0.0,Intermitente,False,"Meses observados o demandas positivas insuficientes para conformar entrenamiento y prueba (umbral operativo: 15 meses observados, 4 demandas positivas).",28.91
ITEM_3970,2,2,0.9667,12.0,0.0,3.0,0.0,Intermitente,False,"Meses observados o demandas positivas insuficientes para conformar entrenamiento y prueba (umbral operativo: 15 meses observados, 4 demandas positivas).",57.76
ITEM_3972,1,1,0.9833,4.0,0.0,60.0,0.0,Intermitente,False,"Meses observados o demandas positivas insuficientes para conformar entrenamiento y prueba (umbral operativo: 15 meses observados, 4 demandas positivas).",28.86
ITEM_3973,1,1,0.9833,20.0,0.0,60.0,0.0,Intermitente,False,"Meses observados o demandas positivas insuficientes para conformar entrenamiento y prueba (umbral operativo: 15 meses observados, 4 demandas positivas).",28.82
ITEM_3974,1,1,0.9833,20.0,0.0,60.0,0.0,Intermitente,False,"Meses observados o demandas positivas insuficientes para conformar entrenamiento y prueba (umbral operativo: 15 meses observados, 4 demandas positivas).",28.82
ITEM_3975,1,1,0.9833,2.0,0.0,60.0,0.0,Intermitente,False,"Meses observados o demandas positivas insuficientes para conformar entrenamiento y prueba (umbral operativo: 15 meses observados, 4 demandas positivas).",28.82
ITEM_3976,25,25,0.5833,17.48,255.0933,3.4583,0.8349,Lumpy,True,,169.59
ITEM_3977,1,1,0.9833,300.0,0.0,60.0,0.0,Intermitente,False,"Meses observados o demandas positivas insuficientes para conformar entrenamiento y prueba (umbral operativo: 15 meses observados, 4 demandas positivas).",28.8
ITEM_3978,3,3,0.95,17.6667,26.3333,2.0,0.0844,Intermitente,False,"Meses observados o demandas positivas insuficientes para conformar entrenamiento y prueba (umbral operativo: 15 meses observados, 4 demandas positivas).",115.02
ITEM_3979,3,3,0.95,8.0,12.0,9.0,0.1875,Intermitente,False,"Meses observados o demandas positivas insuficientes para conformar entrenamiento y prueba (umbral operativo: 15 meses observados, 4 demandas positivas).",41.06
ITEM_3980,1,1,0.9833,30.0,0.0,60.0,0.0,Intermitente,False,"Meses observados o demandas positivas insuficientes para conformar entrenamiento y prueba (umbral operativo: 15 meses observados, 4 demandas positivas).",28.56
ITEM_3981,2,2,0.9667,1.0,0.0,2.0,0.0,Intermitente,False,"Meses observados o demandas positivas insuficientes para conformar entrenamiento y prueba (umbral operativo: 15 meses observados, 4 demandas positivas).",48.05
ITEM_3982,3,3,0.95,3.0,0.0,8.5,0.0,Intermitente,False,"Meses observados o demandas positivas insuficientes para conformar entrenamiento y prueba (umbral operativo: 15 meses observados, 4 demandas positivas).",64.65
ITEM_3983,4,4,0.9333,5.75,9.5833,10.3333,0.2899,Intermitente,False,"Meses observados o demandas positivas insuficientes para conformar entrenamiento y prueba (umbral operativo: 15 meses observados, 4 demandas positivas).",76.2
ITEM_3984,1,1,0.9833,30.0,0.0,60.0,0.0,Intermitente,False,"Meses observados o demandas positivas insuficientes para conformar entrenamiento y prueba (umbral operativo: 15 meses observados, 4 demandas positivas).",28.5
ITEM_3985,2,2,0.9667,60.0,3200.0,6.0,0.8889,Lumpy,False,"Meses observados o demandas positivas insuficientes para conformar entrenamiento y prueba (umbral operativo: 15 meses observados, 4 demandas positivas).",45.3
ITEM_3986,1,1,0.9833,4.0,0.0,60.0,0.0,Intermitente,False,"Meses observados o demandas positivas insuficientes para conformar entrenamiento y prueba (umbral operativo: 15 meses observados, 4 demandas positivas).",28.4
ITEM_3987,1,1,0.9833,1.0,0.0,60.0,0.0,Intermitente,False,"Meses observados o demandas positivas insuficientes para conformar entrenamiento y prueba (umbral operativo: 15 meses observados, 4 demandas positivas).",28.32
ITEM_3988,1,1,0.9833,24.0,0.0,60.0,0.0,Intermitente,False,"Meses observados o demandas positivas insuficientes para conformar entrenamiento y prueba (umbral operativo: 15 meses observados, 4 demandas positivas).",28.3
ITEM_3989,1,1,0.9833,2.0,0.0,60.0,0.0,Intermitente,False,"Meses observados o demandas positivas insuficientes para conformar entrenamiento y prueba (umbral operativo: 15 meses observados, 4 demandas positivas).",28.3
ITEM_3990,1,1,0.9833,6.0,0.0,60.0,0.0,Intermitente,False,"Meses observados o demandas positivas insuficientes para conformar entrenamiento y prueba (umbral operativo: 15 meses observados, 4 demandas positivas).",28.18
ITEM_3991,1,1,0.9833,6.0,0.0,60.0,0.0,Intermitente,False,"Meses observados o demandas positivas insuficientes para conformar entrenamiento y prueba (umbral operativo: 15 meses observados, 4 demandas positivas).",28.18
ITEM_3992,2,2,0.9667,3.5,0.5,2.0,0.0408,Intermitente,False,"Meses observados o demandas positivas insuficientes para conformar entrenamiento y prueba (umbral operativo: 15 meses observados, 4 demandas positivas).",55.62
ITEM_3993,3,3,0.95,20.0,0.0,12.0,0.0,Intermitente,False,"Meses observados o demandas positivas insuficientes para conformar entrenamiento y prueba (umbral operativo: 15 meses observados, 4 demandas positivas).",68.28
ITEM_3994,1,1,0.9833,4.0,0.0,60.0,0.0,Intermitente,False,"Meses observados o demandas positivas insuficientes para conformar entrenamiento y prueba (umbral operativo: 15 meses observados, 4 demandas positivas).",28.08
ITEM_3995,1,1,0.9833,1.0,0.0,60.0,0.0,Intermitente,False,"Meses observados o demandas positivas insuficientes para conformar entrenamiento y prueba (umbral operativo: 15 meses observados, 4 demandas positivas).",28.06
ITEM_3996,3,3,0.95,1.0,0.0,17.0,0.0,Intermitente,False,"Meses observados o demandas positivas insuficientes para conformar entrenamiento y prueba (umbral operativo: 15 meses observados, 4 demandas positivas).",77.68
ITEM_3997,1,1,0.9833,1.0,0.0,60.0,0.0,Intermitente,False,"Meses observados o demandas positivas insuficientes para conformar entrenamiento y prueba (umbral operativo: 15 meses observados, 4 demandas positivas).",28.0
ITEM_3998,3,3,0.95,1.0,0.0,4.0,0.0,Intermitente,False,"Meses observados o demandas positivas insuficientes para conformar entrenamiento y prueba (umbral operativo: 15 meses observados, 4 demandas positivas).",65.28
ITEM_3999,1,1,0.9833,2.0,0.0,60.0,0.0,Intermitente,False,"Meses observados o demandas positivas insuficientes para conformar entrenamiento y prueba (umbral operativo: 15 meses observados, 4 demandas positivas).",28.0
ITEM_4000,17,17,0.7167,10.1765,44.5294,3.0625,0.43,Intermitente,True,,270.12
ITEM_4001,1,1,0.9833,6.0,0.0,60.0,0.0,Intermitente,False,"Meses observados o demandas positivas insuficientes para conformar entrenamiento y prueba (umbral operativo: 15 meses observados, 4 demandas positivas).",27.98
ITEM_4002,1,1,0.9833,20.0,0.0,60.0,0.0,Intermitente,False,"Meses observados o demandas positivas insuficientes para conformar entrenamiento y prueba (umbral operativo: 15 meses observados, 4 demandas positivas).",27.9
ITEM_4003,1,1,0.9833,4.0,0.0,60.0,0.0,Intermitente,False,"Meses observados o demandas positivas insuficientes para conformar entrenamiento y prueba (umbral operativo: 15 meses observados, 4 demandas positivas).",27.88
ITEM_4005,1,1,0.9833,60.0,0.0,60.0,0.0,Intermitente,False,"Meses observados o demandas positivas insuficientes para conformar entrenamiento y prueba (umbral operativo: 15 meses observados, 4 demandas positivas).",27.77
ITEM_4006,9,9,0.85,11.6667,27.25,4.75,0.2002,Intermitente,False,"Meses observados o demandas positivas insuficientes para conformar entrenamiento y prueba (umbral operativo: 15 meses observados, 4 demandas positivas).",131.36
ITEM_4007,1,1,0.9833,1.0,0.0,60.0,0.0,Intermitente,False,"Meses observados o demandas positivas insuficientes para conformar entrenamiento y prueba (umbral operativo: 15 meses observados, 4 demandas positivas).",27.65
ITEM_4008,1,1,0.9833,1.0,0.0,60.0,0.0,Intermitente,False,"Meses observados o demandas positivas insuficientes para conformar entrenamiento y prueba (umbral operativo: 15 meses observados, 4 demandas positivas).",27.57
ITEM_4009,1,1,0.9833,2.0,0.0,60.0,0.0,Intermitente,False,"Meses observados o demandas positivas insuficientes para conformar entrenamiento y prueba (umbral operativo: 15 meses observados, 4 demandas positivas).",27.55
ITEM_4010,3,3,0.95,4.0,0.0,3.0,0.0,Intermitente,False,"Meses observados o demandas positivas insuficientes para conformar entrenamiento y prueba (umbral operativo: 15 meses observados, 4 demandas positivas).",67.81
ITEM_4011,2,2,0.9667,3.5,4.5,8.0,0.3673,Intermitente,False,"Meses observados o demandas positivas insuficientes para conformar entrenamiento y prueba (umbral operativo: 15 meses observados, 4 demandas positivas).",38.3
ITEM_4012,2,2,0.9667,13.0,288.0,3.0,1.7041,Lumpy,False,"Meses observados o demandas positivas insuficientes para conformar entrenamiento y prueba (umbral operativo: 15 meses observados, 4 demandas positivas).",30.35
ITEM_4013,2,2,0.9667,4.0,0.0,3.0,0.0,Intermitente,False,"Meses observados o demandas positivas insuficientes para conformar entrenamiento y prueba (umbral operativo: 15 meses observados, 4 demandas positivas).",54.88
ITEM_4014,1,1,0.9833,1.0,0.0,60.0,0.0,Intermitente,False,"Meses observados o demandas positivas insuficientes para conformar entrenamiento y prueba (umbral operativo: 15 meses observados, 4 demandas positivas).",27.4
ITEM_4015,2,2,0.9667,3.0,2.0,4.0,0.2222,Intermitente,False,"Meses observados o demandas positivas insuficientes para conformar entrenamiento y prueba (umbral operativo: 15 meses observados, 4 demandas positivas).",40.98
ITEM_4016,1,1,0.9833,4.0,0.0,60.0,0.0,Intermitente,False,"Meses observados o demandas positivas insuficientes para conformar entrenamiento y prueba (umbral operativo: 15 meses observados, 4 demandas positivas).",27.28
ITEM_4017,1,1,0.9833,6.0,0.0,60.0,0.0,Intermitente,False,"Meses observados o demandas positivas insuficientes para conformar entrenamiento y prueba (umbral operativo: 15 meses observados, 4 demandas positivas).",27.28
ITEM_4018,1,1,0.9833,9.0,0.0,60.0,0.0,Intermitente,False,"Meses observados o demandas positivas insuficientes para conformar entrenamiento y prueba (umbral operativo: 15 meses observados, 4 demandas positivas).",27.2
ITEM_4019,1,1,0.9833,3.0,0.0,60.0,0.0,Intermitente,False,"Meses observados o demandas positivas insuficientes para conformar entrenamiento y prueba (umbral operativo: 15 meses observados, 4 demandas positivas).",27.19
ITEM_4020,2,2,0.9667,32.0,512.0,2.0,0.5,Lumpy,False,"Meses observados o demandas positivas insuficientes para conformar entrenamiento y prueba (umbral operativo: 15 meses observados, 4 demandas positivas).",48.05
ITEM_4021,1,1,0.9833,4.0,0.0,60.0,0.0,Intermitente,False,"Meses observados o demandas positivas insuficientes para conformar entrenamiento y prueba (umbral operativo: 15 meses observados, 4 demandas positivas).",53.69
ITEM_4022,1,1,0.9833,12.0,0.0,60.0,0.0,Intermitente,False,"Meses observados o demandas positivas insuficientes para conformar entrenamiento y prueba (umbral operativo: 15 meses observados, 4 demandas positivas).",27.0
ITEM_4024,1,1,0.9833,90.0,0.0,60.0,0.0,Intermitente,False,"Meses observados o demandas positivas insuficientes para conformar entrenamiento y prueba (umbral operativo: 15 meses observados, 4 demandas positivas).",27.0
ITEM_4025,2,2,0.9667,11.0,50.0,2.0,0.4132,Intermitente,False,"Meses observados o demandas positivas insuficientes para conformar entrenamiento y prueba (umbral operativo: 15 meses observados, 4 demandas positivas).",37.12
ITEM_4026,1,1,0.9833,60.0,0.0,60.0,0.0,Intermitente,False,"Meses observados o demandas positivas insuficientes para conformar entrenamiento y prueba (umbral operativo: 15 meses observados, 4 demandas positivas).",26.96
ITEM_4027,1,1,0.9833,21.0,0.0,60.0,0.0,Intermitente,False,"Meses observados o demandas positivas insuficientes para conformar entrenamiento y prueba (umbral operativo: 15 meses observados, 4 demandas positivas).",26.94
ITEM_4028,1,1,0.9833,1.0,0.0,60.0,0.0,Intermitente,False,"Meses observados o demandas positivas insuficientes para conformar entrenamiento y prueba (umbral operativo: 15 meses observados, 4 demandas positivas).",26.91
ITEM_4029,2,2,0.9667,4.0,0.0,3.0,0.0,Intermitente,False,"Meses observados o demandas positivas insuficientes para conformar entrenamiento y prueba (umbral operativo: 15 meses observados, 4 demandas positivas).",53.28
ITEM_4030,1,1,0.9833,1.0,0.0,60.0,0.0,Intermitente,False,"Meses observados o demandas positivas insuficientes para conformar entrenamiento y prueba (umbral operativo: 15 meses observados, 4 demandas positivas).",26.6
ITEM_4031,1,1,0.9833,3.0,0.0,60.0,0.0,Intermitente,False,"Meses observados o demandas positivas insuficientes para conformar entrenamiento y prueba (umbral operativo: 15 meses observados, 4 demandas positivas).",26.46
ITEM_4032,1,1,0.9833,100.0,0.0,60.0,0.0,Intermitente,False,"Meses observados o demandas positivas insuficientes para conformar entrenamiento y prueba (umbral operativo: 15 meses observados, 4 demandas positivas).",26.44
ITEM_4033,1,1,0.9833,15.0,0.0,60.0,0.0,Intermitente,False,"Meses observados o demandas positivas insuficientes para conformar entrenamiento y prueba (umbral operativo: 15 meses observados, 4 demandas positivas).",26.42
ITEM_4035,1,1,0.9833,16.0,0.0,60.0,0.0,Intermitente,False,"Meses observados o demandas positivas insuficientes para conformar entrenamiento y prueba (umbral operativo: 15 meses observados, 4 demandas positivas).",26.4
ITEM_4036,2,2,0.9667,145.0,36450.0,13.0,1.7337,Lumpy,False,"Meses observados o demandas positivas insuficientes para conformar entrenamiento y prueba (umbral operativo: 15 meses observados, 4 demandas positivas).",104.69
ITEM_4037,1,1,0.9833,30.0,0.0,60.0,0.0,Intermitente,False,"Meses observados o demandas positivas insuficientes para conformar entrenamiento y prueba (umbral operativo: 15 meses observados, 4 demandas positivas).",26.28
ITEM_4038,4,4,0.9333,2.25,0.9167,5.6667,0.1811,Intermitente,False,"Meses observados o demandas positivas insuficientes para conformar entrenamiento y prueba (umbral operativo: 15 meses observados, 4 demandas positivas).",54.35
ITEM_4039,5,5,0.9167,8.2,46.7,2.5,0.6945,Lumpy,False,"Meses observados o demandas positivas insuficientes para conformar entrenamiento y prueba (umbral operativo: 15 meses observados, 4 demandas positivas).",80.88
ITEM_4040,1,1,0.9833,1.0,0.0,60.0,0.0,Intermitente,False,"Meses observados o demandas positivas insuficientes para conformar entrenamiento y prueba (umbral operativo: 15 meses observados, 4 demandas positivas).",26.13
ITEM_4041,1,1,0.9833,10.0,0.0,60.0,0.0,Intermitente,False,"Meses observados o demandas positivas insuficientes para conformar entrenamiento y prueba (umbral operativo: 15 meses observados, 4 demandas positivas).",26.0
ITEM_4042,1,1,0.9833,2.0,0.0,60.0,0.0,Intermitente,False,"Meses observados o demandas positivas insuficientes para conformar entrenamiento y prueba (umbral operativo: 15 meses observados, 4 demandas positivas).",26.0
ITEM_4043,2,2,0.9667,3.0,2.0,6.0,0.2222,Intermitente,False,"Meses observados o demandas positivas insuficientes para conformar entrenamiento y prueba (umbral operativo: 15 meses observados, 4 demandas positivas).",39.0
ITEM_4044,2,2,0.9667,7.5,12.5,4.0,0.2222,Intermitente,False,"Meses observados o demandas positivas insuficientes para conformar entrenamiento y prueba (umbral operativo: 15 meses observados, 4 demandas positivas).",52.0
ITEM_4045,1,1,0.9833,1.0,0.0,60.0,0.0,Intermitente,False,"Meses observados o demandas positivas insuficientes para conformar entrenamiento y prueba (umbral operativo: 15 meses observados, 4 demandas positivas).",25.9
ITEM_4046,1,1,0.9833,2.0,0.0,60.0,0.0,Intermitente,False,"Meses observados o demandas positivas insuficientes para conformar entrenamiento y prueba (umbral operativo: 15 meses observados, 4 demandas positivas).",25.84
ITEM_4047,1,1,0.9833,1.0,0.0,60.0,0.0,Intermitente,False,"Meses observados o demandas positivas insuficientes para conformar entrenamiento y prueba (umbral operativo: 15 meses observados, 4 demandas positivas).",25.77
ITEM_4048,1,1,0.9833,1.0,0.0,60.0,0.0,Intermitente,False,"Meses observados o demandas positivas insuficientes para conformar entrenamiento y prueba (umbral operativo: 15 meses observados, 4 demandas positivas).",25.7
ITEM_4049,1,1,0.9833,10.0,0.0,60.0,0.0,Intermitente,False,"Meses observados o demandas positivas insuficientes para conformar entrenamiento y prueba (umbral operativo: 15 meses observados, 4 demandas positivas).",25.69
ITEM_4050,6,6,0.9,1.1667,0.1667,4.8,0.1224,Intermitente,False,"Meses observados o demandas positivas insuficientes para conformar entrenamiento y prueba (umbral operativo: 15 meses observados, 4 demandas positivas).",93.19
ITEM_4051,2,2,0.9667,2.0,0.0,3.0,0.0,Intermitente,False,"Meses observados o demandas positivas insuficientes para conformar entrenamiento y prueba (umbral operativo: 15 meses observados, 4 demandas positivas).",51.12
ITEM_4052,1,1,0.9833,40.0,0.0,60.0,0.0,Intermitente,False,"Meses observados o demandas positivas insuficientes para conformar entrenamiento y prueba (umbral operativo: 15 meses observados, 4 demandas positivas).",25.56
ITEM_4053,1,1,0.9833,3.0,0.0,60.0,0.0,Intermitente,False,"Meses observados o demandas positivas insuficientes para conformar entrenamiento y prueba (umbral operativo: 15 meses observados, 4 demandas positivas).",25.5
ITEM_4054,4,4,0.9333,5.75,8.25,5.3333,0.2495,Intermitente,False,"Meses observados o demandas positivas insuficientes para conformar entrenamiento y prueba (umbral operativo: 15 meses observados, 4 demandas positivas).",78.2
ITEM_4056,1,1,0.9833,3.0,0.0,60.0,0.0,Intermitente,False,"Meses observados o demandas positivas insuficientes para conformar entrenamiento y prueba (umbral operativo: 15 meses observados, 4 demandas positivas).",25.5
ITEM_4057,2,2,0.9667,9.5,12.5,27.0,0.1385,Intermitente,False,"Meses observados o demandas positivas insuficientes para conformar entrenamiento y prueba (umbral operativo: 15 meses observados, 4 demandas positivas).",29.35
ITEM_4058,1,1,0.9833,1.0,0.0,60.0,0.0,Intermitente,False,"Meses observados o demandas positivas insuficientes para conformar entrenamiento y prueba (umbral operativo: 15 meses observados, 4 demandas positivas).",25.48
ITEM_4059,1,1,0.9833,1.0,0.0,60.0,0.0,Intermitente,False,"Meses observados o demandas positivas insuficientes para conformar entrenamiento y prueba (umbral operativo: 15 meses observados, 4 demandas positivas).",25.47
ITEM_4060,1,1,0.9833,12.0,0.0,60.0,0.0,Intermitente,False,"Meses observados o demandas positivas insuficientes para conformar entrenamiento y prueba (umbral operativo: 15 meses observados, 4 demandas positivas).",25.44
ITEM_4061,1,1,0.9833,10.0,0.0,60.0,0.0,Intermitente,False,"Meses observados o demandas positivas insuficientes para conformar entrenamiento y prueba (umbral operativo: 15 meses observados, 4 demandas positivas).",25.44
ITEM_4062,3,3,0.95,2.0,0.0,3.0,0.0,Intermitente,False,"Meses observados o demandas positivas insuficientes para conformar entrenamiento y prueba (umbral operativo: 15 meses observados, 4 demandas positivas).",49.08
ITEM_4063,1,1,0.9833,1.0,0.0,60.0,0.0,Intermitente,False,"Meses observados o demandas positivas insuficientes para conformar entrenamiento y prueba (umbral operativo: 15 meses observados, 4 demandas positivas).",25.4
ITEM_4064,1,1,0.9833,10.0,0.0,60.0,0.0,Intermitente,False,"Meses observados o demandas positivas insuficientes para conformar entrenamiento y prueba (umbral operativo: 15 meses observados, 4 demandas positivas).",25.39
ITEM_4065,1,1,0.9833,3.0,0.0,60.0,0.0,Intermitente,False,"Meses observados o demandas positivas insuficientes para conformar entrenamiento y prueba (umbral operativo: 15 meses observados, 4 demandas positivas).",25.38
ITEM_4066,1,1,0.9833,1.0,0.0,60.0,0.0,Intermitente,False,"Meses observados o demandas positivas insuficientes para conformar entrenamiento y prueba (umbral operativo: 15 meses observados, 4 demandas positivas).",25.31
ITEM_4067,1,1,0.9833,1.0,0.0,60.0,0.0,Intermitente,False,"Meses observados o demandas positivas insuficientes para conformar entrenamiento y prueba (umbral operativo: 15 meses observados, 4 demandas positivas).",25.27
ITEM_4068,1,1,0.9833,10.0,0.0,60.0,0.0,Intermitente,False,"Meses observados o demandas positivas insuficientes para conformar entrenamiento y prueba (umbral operativo: 15 meses observados, 4 demandas positivas).",28.0
ITEM_4069,2,2,0.9667,12.5,12.5,2.0,0.08,Intermitente,False,"Meses observados o demandas positivas insuficientes para conformar entrenamiento y prueba (umbral operativo: 15 meses observados, 4 demandas positivas).",63.0
ITEM_4070,1,1,0.9833,4.0,0.0,60.0,0.0,Intermitente,False,"Meses observados o demandas positivas insuficientes para conformar entrenamiento y prueba (umbral operativo: 15 meses observados, 4 demandas positivas).",25.2
ITEM_4071,1,1,0.9833,2.0,0.0,60.0,0.0,Intermitente,False,"Meses observados o demandas positivas insuficientes para conformar entrenamiento y prueba (umbral operativo: 15 meses observados, 4 demandas positivas).",25.18
ITEM_4072,3,3,0.95,1.0,0.0,16.5,0.0,Intermitente,False,"Meses observados o demandas positivas insuficientes para conformar entrenamiento y prueba (umbral operativo: 15 meses observados, 4 demandas positivas).",45.18
ITEM_4073,1,1,0.9833,10.0,0.0,60.0,0.0,Intermitente,False,"Meses observados o demandas positivas insuficientes para conformar entrenamiento y prueba (umbral operativo: 15 meses observados, 4 demandas positivas).",25.16
ITEM_4074,6,6,0.9,2.3333,0.2667,7.2,0.049,Intermitente,False,"Meses observados o demandas positivas insuficientes para conformar entrenamiento y prueba (umbral operativo: 15 meses observados, 4 demandas positivas).",90.66
ITEM_4075,1,1,0.9833,1.0,0.0,60.0,0.0,Intermitente,False,"Meses observados o demandas positivas insuficientes para conformar entrenamiento y prueba (umbral operativo: 15 meses observados, 4 demandas positivas).",25.1
ITEM_4077,1,1,0.9833,15.0,0.0,60.0,0.0,Intermitente,False,"Meses observados o demandas positivas insuficientes para conformar entrenamiento y prueba (umbral operativo: 15 meses observados, 4 demandas positivas).",25.04
ITEM_4078,1,1,0.9833,2.0,0.0,60.0,0.0,Intermitente,False,"Meses observados o demandas positivas insuficientes para conformar entrenamiento y prueba (umbral operativo: 15 meses observados, 4 demandas positivas).",25.0
ITEM_4079,10,10,0.8333,1.5,0.2778,4.6667,0.1235,Intermitente,False,"Meses observados o demandas positivas insuficientes para conformar entrenamiento y prueba (umbral operativo: 15 meses observados, 4 demandas positivas).",193.66
ITEM_4080,1,1,0.9833,2.0,0.0,60.0,0.0,Intermitente,False,"Meses observados o demandas positivas insuficientes para conformar entrenamiento y prueba (umbral operativo: 15 meses observados, 4 demandas positivas).",25.0
ITEM_4081,3,3,0.95,12.6667,225.3333,10.0,1.4044,Lumpy,False,"Meses observados o demandas positivas insuficientes para conformar entrenamiento y prueba (umbral operativo: 15 meses observados, 4 demandas positivas).",31.3
ITEM_4082,14,14,0.7667,7.1429,29.8242,5.4615,0.5846,Lumpy,False,"Meses observados o demandas positivas insuficientes para conformar entrenamiento y prueba (umbral operativo: 15 meses observados, 4 demandas positivas).",219.05
ITEM_4083,2,2,0.9667,10.5,60.5,3.0,0.5488,Lumpy,False,"Meses observados o demandas positivas insuficientes para conformar entrenamiento y prueba (umbral operativo: 15 meses observados, 4 demandas positivas).",67.08
ITEM_4084,1,1,0.9833,20.0,0.0,60.0,0.0,Intermitente,False,"Meses observados o demandas positivas insuficientes para conformar entrenamiento y prueba (umbral operativo: 15 meses observados, 4 demandas positivas).",25.0
ITEM_4085,1,1,0.9833,100.0,0.0,60.0,0.0,Intermitente,False,"Meses observados o demandas positivas insuficientes para conformar entrenamiento y prueba (umbral operativo: 15 meses observados, 4 demandas positivas).",25.0
ITEM_4086,18,18,0.7,9.0,17.0588,3.0,0.2106,Intermitente,True,,337.22
ITEM_4087,1,1,0.9833,3.0,0.0,60.0,0.0,Intermitente,False,"Meses observados o demandas positivas insuficientes para conformar entrenamiento y prueba (umbral operativo: 15 meses observados, 4 demandas positivas).",24.82
ITEM_4088,1,1,0.9833,10.0,0.0,60.0,0.0,Intermitente,False,"Meses observados o demandas positivas insuficientes para conformar entrenamiento y prueba (umbral operativo: 15 meses observados, 4 demandas positivas).",24.73
ITEM_4089,1,1,0.9833,20.0,0.0,60.0,0.0,Intermitente,False,"Meses observados o demandas positivas insuficientes para conformar entrenamiento y prueba (umbral operativo: 15 meses observados, 4 demandas positivas).",41.19
ITEM_4090,2,2,0.9667,2.0,0.0,3.0,0.0,Intermitente,False,"Meses observados o demandas positivas insuficientes para conformar entrenamiento y prueba (umbral operativo: 15 meses observados, 4 demandas positivas).",49.36
ITEM_4091,1,1,0.9833,2.0,0.0,60.0,0.0,Intermitente,False,"Meses observados o demandas positivas insuficientes para conformar entrenamiento y prueba (umbral operativo: 15 meses observados, 4 demandas positivas).",24.59
ITEM_4092,1,1,0.9833,10.0,0.0,60.0,0.0,Intermitente,False,"Meses observados o demandas positivas insuficientes para conformar entrenamiento y prueba (umbral operativo: 15 meses observados, 4 demandas positivas).",24.49
ITEM_4093,1,1,0.9833,36.0,0.0,60.0,0.0,Intermitente,False,"Meses observados o demandas positivas insuficientes para conformar entrenamiento y prueba (umbral operativo: 15 meses observados, 4 demandas positivas).",24.44
ITEM_4094,1,1,0.9833,8.0,0.0,60.0,0.0,Intermitente,False,"Meses observados o demandas positivas insuficientes para conformar entrenamiento y prueba (umbral operativo: 15 meses observados, 4 demandas positivas).",24.4
ITEM_4095,1,1,0.9833,1.0,0.0,60.0,0.0,Intermitente,False,"Meses observados o demandas positivas insuficientes para conformar entrenamiento y prueba (umbral operativo: 15 meses observados, 4 demandas positivas).",24.35
ITEM_4096,2,2,0.9667,106.0,1352.0,3.0,0.1203,Intermitente,False,"Meses observados o demandas positivas insuficientes para conformar entrenamiento y prueba (umbral operativo: 15 meses observados, 4 demandas positivas).",43.54
ITEM_4097,1,1,0.9833,4.0,0.0,60.0,0.0,Intermitente,False,"Meses observados o demandas positivas insuficientes para conformar entrenamiento y prueba (umbral operativo: 15 meses observados, 4 demandas positivas).",24.26
ITEM_4098,1,1,0.9833,2.0,0.0,60.0,0.0,Intermitente,False,"Meses observados o demandas positivas insuficientes para conformar entrenamiento y prueba (umbral operativo: 15 meses observados, 4 demandas positivas).",24.22
ITEM_4099,3,3,0.95,84.0,3888.0,11.5,0.551,Lumpy,False,"Meses observados o demandas positivas insuficientes para conformar entrenamiento y prueba (umbral operativo: 15 meses observados, 4 demandas positivas).",38.57
ITEM_4100,1,1,0.9833,13.0,0.0,60.0,0.0,Intermitente,False,"Meses observados o demandas positivas insuficientes para conformar entrenamiento y prueba (umbral operativo: 15 meses observados, 4 demandas positivas).",24.15
ITEM_4101,1,1,0.9833,2.0,0.0,60.0,0.0,Intermitente,False,"Meses observados o demandas positivas insuficientes para conformar entrenamiento y prueba (umbral operativo: 15 meses observados, 4 demandas positivas).",24.14
ITEM_4102,1,1,0.9833,2.0,0.0,60.0,0.0,Intermitente,False,"Meses observados o demandas positivas insuficientes para conformar entrenamiento y prueba (umbral operativo: 15 meses observados, 4 demandas positivas).",24.13
ITEM_4103,1,1,0.9833,100.0,0.0,60.0,0.0,Intermitente,False,"Meses observados o demandas positivas insuficientes para conformar entrenamiento y prueba (umbral operativo: 15 meses observados, 4 demandas positivas).",24.12
ITEM_4104,1,1,0.9833,1.0,0.0,60.0,0.0,Intermitente,False,"Meses observados o demandas positivas insuficientes para conformar entrenamiento y prueba (umbral operativo: 15 meses observados, 4 demandas positivas).",24.08
ITEM_4105,1,1,0.9833,16.0,0.0,60.0,0.0,Intermitente,False,"Meses observados o demandas positivas insuficientes para conformar entrenamiento y prueba (umbral operativo: 15 meses observados, 4 demandas positivas).",24.08
ITEM_4107,1,1,0.9833,20.0,0.0,60.0,0.0,Intermitente,False,"Meses observados o demandas positivas insuficientes para conformar entrenamiento y prueba (umbral operativo: 15 meses observados, 4 demandas positivas).",24.0
ITEM_4108,2,2,0.9667,2.0,0.0,3.0,0.0,Intermitente,False,"Meses observados o demandas positivas insuficientes para conformar entrenamiento y prueba (umbral operativo: 15 meses observados, 4 demandas positivas).",41.77
ITEM_4109,1,1,0.9833,60.0,0.0,60.0,0.0,Intermitente,False,"Meses observados o demandas positivas insuficientes para conformar entrenamiento y prueba (umbral operativo: 15 meses observados, 4 demandas positivas).",24.0
ITEM_4110,2,2,0.9667,1.5,0.5,4.0,0.2222,Intermitente,False,"Meses observados o demandas positivas insuficientes para conformar entrenamiento y prueba (umbral operativo: 15 meses observados, 4 demandas positivas).",46.4
ITEM_4111,1,1,0.9833,2.0,0.0,60.0,0.0,Intermitente,False,"Meses observados o demandas positivas insuficientes para conformar entrenamiento y prueba (umbral operativo: 15 meses observados, 4 demandas positivas).",24.0
ITEM_4112,1,1,0.9833,1.0,0.0,60.0,0.0,Intermitente,False,"Meses observados o demandas positivas insuficientes para conformar entrenamiento y prueba (umbral operativo: 15 meses observados, 4 demandas positivas).",24.0
ITEM_4113,1,1,0.9833,4.0,0.0,60.0,0.0,Intermitente,False,"Meses observados o demandas positivas insuficientes para conformar entrenamiento y prueba (umbral operativo: 15 meses observados, 4 demandas positivas).",23.96
ITEM_4114,1,1,0.9833,40.0,0.0,60.0,0.0,Intermitente,False,"Meses observados o demandas positivas insuficientes para conformar entrenamiento y prueba (umbral operativo: 15 meses observados, 4 demandas positivas).",23.94
ITEM_4115,1,1,0.9833,1.0,0.0,60.0,0.0,Intermitente,False,"Meses observados o demandas positivas insuficientes para conformar entrenamiento y prueba (umbral operativo: 15 meses observados, 4 demandas positivas).",23.9
ITEM_4116,1,1,0.9833,32.0,0.0,60.0,0.0,Intermitente,False,"Meses observados o demandas positivas insuficientes para conformar entrenamiento y prueba (umbral operativo: 15 meses observados, 4 demandas positivas).",47.68
ITEM_4117,1,1,0.9833,6.0,0.0,60.0,0.0,Intermitente,False,"Meses observados o demandas positivas insuficientes para conformar entrenamiento y prueba (umbral operativo: 15 meses observados, 4 demandas positivas).",36.8
ITEM_4118,1,1,0.9833,8.0,0.0,60.0,0.0,Intermitente,False,"Meses observados o demandas positivas insuficientes para conformar entrenamiento y prueba (umbral operativo: 15 meses observados, 4 demandas positivas).",23.77
ITEM_4119,1,1,0.9833,160.0,0.0,60.0,0.0,Intermitente,False,"Meses observados o demandas positivas insuficientes para conformar entrenamiento y prueba (umbral operativo: 15 meses observados, 4 demandas positivas).",23.68
ITEM_4120,1,1,0.9833,2.0,0.0,60.0,0.0,Intermitente,False,"Meses observados o demandas positivas insuficientes para conformar entrenamiento y prueba (umbral operativo: 15 meses observados, 4 demandas positivas).",23.5
ITEM_4122,1,1,0.9833,3.0,0.0,60.0,0.0,Intermitente,False,"Meses observados o demandas positivas insuficientes para conformar entrenamiento y prueba (umbral operativo: 15 meses observados, 4 demandas positivas).",23.4
ITEM_4123,7,7,0.8833,5.2857,11.2381,6.3333,0.4022,Intermitente,False,"Meses observados o demandas positivas insuficientes para conformar entrenamiento y prueba (umbral operativo: 15 meses observados, 4 demandas positivas).",68.62
ITEM_4124,3,3,0.95,5.6667,0.3333,10.5,0.0104,Intermitente,False,"Meses observados o demandas positivas insuficientes para conformar entrenamiento y prueba (umbral operativo: 15 meses observados, 4 demandas positivas).",46.9
ITEM_4125,1,1,0.9833,6.0,0.0,60.0,0.0,Intermitente,False,"Meses observados o demandas positivas insuficientes para conformar entrenamiento y prueba (umbral operativo: 15 meses observados, 4 demandas positivas).",23.37
ITEM_4126,1,1,0.9833,1.0,0.0,60.0,0.0,Intermitente,False,"Meses observados o demandas positivas insuficientes para conformar entrenamiento y prueba (umbral operativo: 15 meses observados, 4 demandas positivas).",23.33
ITEM_4127,1,1,0.9833,31.0,0.0,60.0,0.0,Intermitente,False,"Meses observados o demandas positivas insuficientes para conformar entrenamiento y prueba (umbral operativo: 15 meses observados, 4 demandas positivas).",30.03
ITEM_4128,1,1,0.9833,4.0,0.0,60.0,0.0,Intermitente,False,"Meses observados o demandas positivas insuficientes para conformar entrenamiento y prueba (umbral operativo: 15 meses observados, 4 demandas positivas).",46.49
ITEM_4129,1,1,0.9833,60.0,0.0,60.0,0.0,Intermitente,False,"Meses observados o demandas positivas insuficientes para conformar entrenamiento y prueba (umbral operativo: 15 meses observados, 4 demandas positivas).",23.2
ITEM_4130,19,19,0.6833,268.8421,26520.9181,2.8333,0.3669,Intermitente,True,,305.73
ITEM_4131,1,1,0.9833,2.0,0.0,60.0,0.0,Intermitente,False,"Meses observados o demandas positivas insuficientes para conformar entrenamiento y prueba (umbral operativo: 15 meses observados, 4 demandas positivas).",23.11
ITEM_4132,1,1,0.9833,20.0,0.0,60.0,0.0,Intermitente,False,"Meses observados o demandas positivas insuficientes para conformar entrenamiento y prueba (umbral operativo: 15 meses observados, 4 demandas positivas).",23.1
ITEM_4133,1,1,0.9833,3.0,0.0,60.0,0.0,Intermitente,False,"Meses observados o demandas positivas insuficientes para conformar entrenamiento y prueba (umbral operativo: 15 meses observados, 4 demandas positivas).",23.09
ITEM_4134,1,1,0.9833,1.0,0.0,60.0,0.0,Intermitente,False,"Meses observados o demandas positivas insuficientes para conformar entrenamiento y prueba (umbral operativo: 15 meses observados, 4 demandas positivas).",23.06
ITEM_4135,1,1,0.9833,20.0,0.0,60.0,0.0,Intermitente,False,"Meses observados o demandas positivas insuficientes para conformar entrenamiento y prueba (umbral operativo: 15 meses observados, 4 demandas positivas).",23.0
ITEM_4136,2,2,0.9667,1.0,0.0,3.0,0.0,Intermitente,False,"Meses observados o demandas positivas insuficientes para conformar entrenamiento y prueba (umbral operativo: 15 meses observados, 4 demandas positivas).",44.41
ITEM_4137,1,1,0.9833,36.0,0.0,60.0,0.0,Intermitente,False,"Meses observados o demandas positivas insuficientes para conformar entrenamiento y prueba (umbral operativo: 15 meses observados, 4 demandas positivas).",22.75
ITEM_4138,1,1,0.9833,6.0,0.0,60.0,0.0,Intermitente,False,"Meses observados o demandas positivas insuficientes para conformar entrenamiento y prueba (umbral operativo: 15 meses observados, 4 demandas positivas).",22.71
ITEM_4139,1,1,0.9833,5.0,0.0,60.0,0.0,Intermitente,False,"Meses observados o demandas positivas insuficientes para conformar entrenamiento y prueba (umbral operativo: 15 meses observados, 4 demandas positivas).",22.5
ITEM_4140,2,2,0.9667,6.0,18.0,2.0,0.5,Lumpy,False,"Meses observados o demandas positivas insuficientes para conformar entrenamiento y prueba (umbral operativo: 15 meses observados, 4 demandas positivas).",90.0
ITEM_4141,2,2,0.9667,1.0,0.0,8.0,0.0,Intermitente,False,"Meses observados o demandas positivas insuficientes para conformar entrenamiento y prueba (umbral operativo: 15 meses observados, 4 demandas positivas).",39.5
ITEM_4142,2,2,0.9667,1.0,0.0,8.0,0.0,Intermitente,False,"Meses observados o demandas positivas insuficientes para conformar entrenamiento y prueba (umbral operativo: 15 meses observados, 4 demandas positivas).",43.5
ITEM_4143,1,1,0.9833,15.0,0.0,60.0,0.0,Intermitente,False,"Meses observados o demandas positivas insuficientes para conformar entrenamiento y prueba (umbral operativo: 15 meses observados, 4 demandas positivas).",22.5
ITEM_4144,1,1,0.9833,20.0,0.0,60.0,0.0,Intermitente,False,"Meses observados o demandas positivas insuficientes para conformar entrenamiento y prueba (umbral operativo: 15 meses observados, 4 demandas positivas).",22.5
ITEM_4145,1,1,0.9833,1.0,0.0,60.0,0.0,Intermitente,False,"Meses observados o demandas positivas insuficientes para conformar entrenamiento y prueba (umbral operativo: 15 meses observados, 4 demandas positivas).",22.49
ITEM_4146,3,3,0.95,8.0,12.0,10.0,0.1875,Intermitente,False,"Meses observados o demandas positivas insuficientes para conformar entrenamiento y prueba (umbral operativo: 15 meses observados, 4 demandas positivas).",44.46
ITEM_4147,3,3,0.95,1.6667,0.3333,9.0,0.12,Intermitente,False,"Meses observados o demandas positivas insuficientes para conformar entrenamiento y prueba (umbral operativo: 15 meses observados, 4 demandas positivas).",54.65
ITEM_4148,1,1,0.9833,4.0,0.0,60.0,0.0,Intermitente,False,"Meses observados o demandas positivas insuficientes para conformar entrenamiento y prueba (umbral operativo: 15 meses observados, 4 demandas positivas).",22.4
ITEM_4149,1,1,0.9833,2.0,0.0,60.0,0.0,Intermitente,False,"Meses observados o demandas positivas insuficientes para conformar entrenamiento y prueba (umbral operativo: 15 meses observados, 4 demandas positivas).",22.4
ITEM_4150,1,1,0.9833,10.0,0.0,60.0,0.0,Intermitente,False,"Meses observados o demandas positivas insuficientes para conformar entrenamiento y prueba (umbral operativo: 15 meses observados, 4 demandas positivas).",22.31
ITEM_4151,2,2,0.9667,2.0,0.0,3.0,0.0,Intermitente,False,"Meses observados o demandas positivas insuficientes para conformar entrenamiento y prueba (umbral operativo: 15 meses observados, 4 demandas positivas).",22.74
ITEM_4152,1,1,0.9833,2.0,0.0,60.0,0.0,Intermitente,False,"Meses observados o demandas positivas insuficientes para conformar entrenamiento y prueba (umbral operativo: 15 meses observados, 4 demandas positivas).",22.24
ITEM_4153,1,1,0.9833,6.0,0.0,60.0,0.0,Intermitente,False,"Meses observados o demandas positivas insuficientes para conformar entrenamiento y prueba (umbral operativo: 15 meses observados, 4 demandas positivas).",22.2
ITEM_4154,1,1,0.9833,6.0,0.0,60.0,0.0,Intermitente,False,"Meses observados o demandas positivas insuficientes para conformar entrenamiento y prueba (umbral operativo: 15 meses observados, 4 demandas positivas).",22.18
ITEM_4155,14,14,0.7667,3.7143,3.1429,5.0769,0.2278,Intermitente,False,"Meses observados o demandas positivas insuficientes para conformar entrenamiento y prueba (umbral operativo: 15 meses observados, 4 demandas positivas).",141.55
ITEM_4157,1,1,0.9833,1.0,0.0,60.0,0.0,Intermitente,False,"Meses observados o demandas positivas insuficientes para conformar entrenamiento y prueba (umbral operativo: 15 meses observados, 4 demandas positivas).",22.08
ITEM_4158,2,2,0.9667,1.0,0.0,5.0,0.0,Intermitente,False,"Meses observados o demandas positivas insuficientes para conformar entrenamiento y prueba (umbral operativo: 15 meses observados, 4 demandas positivas).",41.88
ITEM_4159,2,2,0.9667,3.0,2.0,6.0,0.2222,Intermitente,False,"Meses observados o demandas positivas insuficientes para conformar entrenamiento y prueba (umbral operativo: 15 meses observados, 4 demandas positivas).",33.0
ITEM_4161,2,2,0.9667,1.5,0.5,4.0,0.2222,Intermitente,False,"Meses observados o demandas positivas insuficientes para conformar entrenamiento y prueba (umbral operativo: 15 meses observados, 4 demandas positivas).",33.01
ITEM_4162,1,1,0.9833,3.0,0.0,60.0,0.0,Intermitente,False,"Meses observados o demandas positivas insuficientes para conformar entrenamiento y prueba (umbral operativo: 15 meses observados, 4 demandas positivas).",43.17
ITEM_4163,1,1,0.9833,1.0,0.0,60.0,0.0,Intermitente,False,"Meses observados o demandas positivas insuficientes para conformar entrenamiento y prueba (umbral operativo: 15 meses observados, 4 demandas positivas).",21.8
ITEM_4164,2,2,0.9667,1.0,0.0,20.0,0.0,Intermitente,False,"Meses observados o demandas positivas insuficientes para conformar entrenamiento y prueba (umbral operativo: 15 meses observados, 4 demandas positivas).",34.33
ITEM_4165,2,2,0.9667,16.0,32.0,3.0,0.125,Intermitente,False,"Meses observados o demandas positivas insuficientes para conformar entrenamiento y prueba (umbral operativo: 15 meses observados, 4 demandas positivas).",30.9
ITEM_4166,1,1,0.9833,20.0,0.0,60.0,0.0,Intermitente,False,"Meses observados o demandas positivas insuficientes para conformar entrenamiento y prueba (umbral operativo: 15 meses observados, 4 demandas positivas).",21.74
ITEM_4167,1,1,0.9833,4.0,0.0,60.0,0.0,Intermitente,False,"Meses observados o demandas positivas insuficientes para conformar entrenamiento y prueba (umbral operativo: 15 meses observados, 4 demandas positivas).",21.7
ITEM_4168,1,1,0.9833,4.0,0.0,60.0,0.0,Intermitente,False,"Meses observados o demandas positivas insuficientes para conformar entrenamiento y prueba (umbral operativo: 15 meses observados, 4 demandas positivas).",21.7
ITEM_4169,1,1,0.9833,4.0,0.0,60.0,0.0,Intermitente,False,"Meses observados o demandas positivas insuficientes para conformar entrenamiento y prueba (umbral operativo: 15 meses observados, 4 demandas positivas).",21.67
ITEM_4170,1,1,0.9833,1.0,0.0,60.0,0.0,Intermitente,False,"Meses observados o demandas positivas insuficientes para conformar entrenamiento y prueba (umbral operativo: 15 meses observados, 4 demandas positivas).",21.62
ITEM_4171,1,1,0.9833,6.0,0.0,60.0,0.0,Intermitente,False,"Meses observados o demandas positivas insuficientes para conformar entrenamiento y prueba (umbral operativo: 15 meses observados, 4 demandas positivas).",21.6
ITEM_4172,1,1,0.9833,10.0,0.0,60.0,0.0,Intermitente,False,"Meses observados o demandas positivas insuficientes para conformar entrenamiento y prueba (umbral operativo: 15 meses observados, 4 demandas positivas).",21.6
ITEM_4173,1,1,0.9833,5.0,0.0,60.0,0.0,Intermitente,False,"Meses observados o demandas positivas insuficientes para conformar entrenamiento y prueba (umbral operativo: 15 meses observados, 4 demandas positivas).",21.57
ITEM_4175,1,1,0.9833,300.0,0.0,60.0,0.0,Intermitente,False,"Meses observados o demandas positivas insuficientes para conformar entrenamiento y prueba (umbral operativo: 15 meses observados, 4 demandas positivas).",21.39
ITEM_4176,2,2,0.9667,1.0,0.0,21.0,0.0,Intermitente,False,"Meses observados o demandas positivas insuficientes para conformar entrenamiento y prueba (umbral operativo: 15 meses observados, 4 demandas positivas).",30.73
ITEM_4177,1,1,0.9833,2.0,0.0,60.0,0.0,Intermitente,False,"Meses observados o demandas positivas insuficientes para conformar entrenamiento y prueba (umbral operativo: 15 meses observados, 4 demandas positivas).",21.26
ITEM_4178,1,1,0.9833,3.0,0.0,60.0,0.0,Intermitente,False,"Meses observados o demandas positivas insuficientes para conformar entrenamiento y prueba (umbral operativo: 15 meses observados, 4 demandas positivas).",21.15
ITEM_4179,1,1,0.9833,12.0,0.0,60.0,0.0,Intermitente,False,"Meses observados o demandas positivas insuficientes para conformar entrenamiento y prueba (umbral operativo: 15 meses observados, 4 demandas positivas).",21.15
ITEM_4180,1,1,0.9833,10.0,0.0,60.0,0.0,Intermitente,False,"Meses observados o demandas positivas insuficientes para conformar entrenamiento y prueba (umbral operativo: 15 meses observados, 4 demandas positivas).",21.06
ITEM_4181,4,4,0.9333,1.0,0.0,7.6667,0.0,Intermitente,False,"Meses observados o demandas positivas insuficientes para conformar entrenamiento y prueba (umbral operativo: 15 meses observados, 4 demandas positivas).",62.75
ITEM_4182,1,1,0.9833,7.0,0.0,60.0,0.0,Intermitente,False,"Meses observados o demandas positivas insuficientes para conformar entrenamiento y prueba (umbral operativo: 15 meses observados, 4 demandas positivas).",37.98
ITEM_4184,2,2,0.9667,5.0,2.0,19.0,0.08,Intermitente,False,"Meses observados o demandas positivas insuficientes para conformar entrenamiento y prueba (umbral operativo: 15 meses observados, 4 demandas positivas).",36.4
ITEM_4185,6,6,0.9,6.5,8.7,3.8,0.2059,Intermitente,False,"Meses observados o demandas positivas insuficientes para conformar entrenamiento y prueba (umbral operativo: 15 meses observados, 4 demandas positivas).",86.7
ITEM_4186,1,1,0.9833,6.0,0.0,60.0,0.0,Intermitente,False,"Meses observados o demandas positivas insuficientes para conformar entrenamiento y prueba (umbral operativo: 15 meses observados, 4 demandas positivas).",21.0
ITEM_4187,1,1,0.9833,2.0,0.0,60.0,0.0,Intermitente,False,"Meses observados o demandas positivas insuficientes para conformar entrenamiento y prueba (umbral operativo: 15 meses observados, 4 demandas positivas).",21.0
ITEM_4188,1,1,0.9833,2.0,0.0,60.0,0.0,Intermitente,False,"Meses observados o demandas positivas insuficientes para conformar entrenamiento y prueba (umbral operativo: 15 meses observados, 4 demandas positivas).",20.96
ITEM_4189,1,1,0.9833,2.0,0.0,60.0,0.0,Intermitente,False,"Meses observados o demandas positivas insuficientes para conformar entrenamiento y prueba (umbral operativo: 15 meses observados, 4 demandas positivas).",20.94
ITEM_4190,2,2,0.9667,1.5,0.5,5.0,0.2222,Intermitente,False,"Meses observados o demandas positivas insuficientes para conformar entrenamiento y prueba (umbral operativo: 15 meses observados, 4 demandas positivas).",41.88
ITEM_4191,1,1,0.9833,100.0,0.0,60.0,0.0,Intermitente,False,"Meses observados o demandas positivas insuficientes para conformar entrenamiento y prueba (umbral operativo: 15 meses observados, 4 demandas positivas).",32.8
ITEM_4192,1,1,0.9833,2.0,0.0,60.0,0.0,Intermitente,False,"Meses observados o demandas positivas insuficientes para conformar entrenamiento y prueba (umbral operativo: 15 meses observados, 4 demandas positivas).",20.8
ITEM_4193,1,1,0.9833,2.0,0.0,60.0,0.0,Intermitente,False,"Meses observados o demandas positivas insuficientes para conformar entrenamiento y prueba (umbral operativo: 15 meses observados, 4 demandas positivas).",20.8
ITEM_4194,1,1,0.9833,20.0,0.0,60.0,0.0,Intermitente,False,"Meses observados o demandas positivas insuficientes para conformar entrenamiento y prueba (umbral operativo: 15 meses observados, 4 demandas positivas).",20.8
ITEM_4195,1,1,0.9833,20.0,0.0,60.0,0.0,Intermitente,False,"Meses observados o demandas positivas insuficientes para conformar entrenamiento y prueba (umbral operativo: 15 meses observados, 4 demandas positivas).",20.8
ITEM_4196,1,1,0.9833,1.0,0.0,60.0,0.0,Intermitente,False,"Meses observados o demandas positivas insuficientes para conformar entrenamiento y prueba (umbral operativo: 15 meses observados, 4 demandas positivas).",20.76
ITEM_4197,1,1,0.9833,2.0,0.0,60.0,0.0,Intermitente,False,"Meses observados o demandas positivas insuficientes para conformar entrenamiento y prueba (umbral operativo: 15 meses observados, 4 demandas positivas).",20.73
ITEM_4198,1,1,0.9833,3.0,0.0,60.0,0.0,Intermitente,False,"Meses observados o demandas positivas insuficientes para conformar entrenamiento y prueba (umbral operativo: 15 meses observados, 4 demandas positivas).",20.7
ITEM_4199,1,1,0.9833,8.0,0.0,60.0,0.0,Intermitente,False,"Meses observados o demandas positivas insuficientes para conformar entrenamiento y prueba (umbral operativo: 15 meses observados, 4 demandas positivas).",41.28
ITEM_4200,2,2,0.9667,3.0,2.0,5.0,0.2222,Intermitente,False,"Meses observados o demandas positivas insuficientes para conformar entrenamiento y prueba (umbral operativo: 15 meses observados, 4 demandas positivas).",30.9
ITEM_4201,1,1,0.9833,2.0,0.0,60.0,0.0,Intermitente,False,"Meses observados o demandas positivas insuficientes para conformar entrenamiento y prueba (umbral operativo: 15 meses observados, 4 demandas positivas).",20.41
ITEM_4202,1,1,0.9833,12.0,0.0,60.0,0.0,Intermitente,False,"Meses observados o demandas positivas insuficientes para conformar entrenamiento y prueba (umbral operativo: 15 meses observados, 4 demandas positivas).",20.4
ITEM_4203,3,3,0.95,7.3333,17.3333,11.0,0.3223,Intermitente,False,"Meses observados o demandas positivas insuficientes para conformar entrenamiento y prueba (umbral operativo: 15 meses observados, 4 demandas positivas).",38.6
ITEM_4204,1,1,0.9833,2.0,0.0,60.0,0.0,Intermitente,False,"Meses observados o demandas positivas insuficientes para conformar entrenamiento y prueba (umbral operativo: 15 meses observados, 4 demandas positivas).",20.4
ITEM_4205,8,8,0.8667,19.5,162.0,4.1429,0.426,Intermitente,False,"Meses observados o demandas positivas insuficientes para conformar entrenamiento y prueba (umbral operativo: 15 meses observados, 4 demandas positivas).",124.31
ITEM_4206,10,10,0.8333,8.0,7.1111,4.3333,0.1111,Intermitente,False,"Meses observados o demandas positivas insuficientes para conformar entrenamiento y prueba (umbral operativo: 15 meses observados, 4 demandas positivas).",142.13
ITEM_4207,2,2,0.9667,12.0,32.0,5.0,0.2222,Intermitente,False,"Meses observados o demandas positivas insuficientes para conformar entrenamiento y prueba (umbral operativo: 15 meses observados, 4 demandas positivas).",30.48
ITEM_4208,1,1,0.9833,2.0,0.0,60.0,0.0,Intermitente,False,"Meses observados o demandas positivas insuficientes para conformar entrenamiento y prueba (umbral operativo: 15 meses observados, 4 demandas positivas).",20.32
ITEM_4209,21,21,0.65,17.381,94.9476,2.65,0.3143,Intermitente,True,,193.0
ITEM_4210,1,1,0.9833,3.0,0.0,60.0,0.0,Intermitente,False,"Meses observados o demandas positivas insuficientes para conformar entrenamiento y prueba (umbral operativo: 15 meses observados, 4 demandas positivas).",20.25
ITEM_4211,1,1,0.9833,30.0,0.0,60.0,0.0,Intermitente,False,"Meses observados o demandas positivas insuficientes para conformar entrenamiento y prueba (umbral operativo: 15 meses observados, 4 demandas positivas).",20.23
ITEM_4212,1,1,0.9833,6.0,0.0,60.0,0.0,Intermitente,False,"Meses observados o demandas positivas insuficientes para conformar entrenamiento y prueba (umbral operativo: 15 meses observados, 4 demandas positivas).",20.22
ITEM_4213,2,2,0.9667,12.0,0.0,4.0,0.0,Intermitente,False,"Meses observados o demandas positivas insuficientes para conformar entrenamiento y prueba (umbral operativo: 15 meses observados, 4 demandas positivas).",39.42
ITEM_4214,1,1,0.9833,9.0,0.0,60.0,0.0,Intermitente,False,"Meses observados o demandas positivas insuficientes para conformar entrenamiento y prueba (umbral operativo: 15 meses observados, 4 demandas positivas).",30.15
ITEM_4215,2,2,0.9667,5.0,2.0,20.0,0.08,Intermitente,False,"Meses observados o demandas positivas insuficientes para conformar entrenamiento y prueba (umbral operativo: 15 meses observados, 4 demandas positivas).",24.72
ITEM_4216,3,3,0.95,1.0,0.0,12.0,0.0,Intermitente,False,"Meses observados o demandas positivas insuficientes para conformar entrenamiento y prueba (umbral operativo: 15 meses observados, 4 demandas positivas).",54.56
ITEM_4217,1,1,0.9833,9.0,0.0,60.0,0.0,Intermitente,False,"Meses observados o demandas positivas insuficientes para conformar entrenamiento y prueba (umbral operativo: 15 meses observados, 4 demandas positivas).",27.02
ITEM_4218,3,3,0.95,1.0,0.0,11.0,0.0,Intermitente,False,"Meses observados o demandas positivas insuficientes para conformar entrenamiento y prueba (umbral operativo: 15 meses observados, 4 demandas positivas).",41.5
ITEM_4219,1,1,0.9833,2.0,0.0,60.0,0.0,Intermitente,False,"Meses observados o demandas positivas insuficientes para conformar entrenamiento y prueba (umbral operativo: 15 meses observados, 4 demandas positivas).",20.0
ITEM_4220,1,1,0.9833,10.0,0.0,60.0,0.0,Intermitente,False,"Meses observados o demandas positivas insuficientes para conformar entrenamiento y prueba (umbral operativo: 15 meses observados, 4 demandas positivas).",20.0
ITEM_4221,1,1,0.9833,10.0,0.0,60.0,0.0,Intermitente,False,"Meses observados o demandas positivas insuficientes para conformar entrenamiento y prueba (umbral operativo: 15 meses observados, 4 demandas positivas).",20.0
ITEM_4222,1,1,0.9833,24.0,0.0,60.0,0.0,Intermitente,False,"Meses observados o demandas positivas insuficientes para conformar entrenamiento y prueba (umbral operativo: 15 meses observados, 4 demandas positivas).",20.0
ITEM_4223,1,1,0.9833,1.0,0.0,60.0,0.0,Intermitente,False,"Meses observados o demandas positivas insuficientes para conformar entrenamiento y prueba (umbral operativo: 15 meses observados, 4 demandas positivas).",19.98
ITEM_4224,1,1,0.9833,50.0,0.0,60.0,0.0,Intermitente,False,"Meses observados o demandas positivas insuficientes para conformar entrenamiento y prueba (umbral operativo: 15 meses observados, 4 demandas positivas).",19.94
ITEM_4225,1,1,0.9833,24.0,0.0,60.0,0.0,Intermitente,False,"Meses observados o demandas positivas insuficientes para conformar entrenamiento y prueba (umbral operativo: 15 meses observados, 4 demandas positivas).",19.92
ITEM_4226,1,1,0.9833,10.0,0.0,60.0,0.0,Intermitente,False,"Meses observados o demandas positivas insuficientes para conformar entrenamiento y prueba (umbral operativo: 15 meses observados, 4 demandas positivas).",19.85
ITEM_4227,5,5,0.9167,8.4,10.8,5.0,0.1531,Intermitente,False,"Meses observados o demandas positivas insuficientes para conformar entrenamiento y prueba (umbral operativo: 15 meses observados, 4 demandas positivas).",60.03
ITEM_4228,2,2,0.9667,7.5,40.5,23.0,0.72,Lumpy,False,"Meses observados o demandas positivas insuficientes para conformar entrenamiento y prueba (umbral operativo: 15 meses observados, 4 demandas positivas).",25.77
ITEM_4229,1,1,0.9833,20.0,0.0,60.0,0.0,Intermitente,False,"Meses observados o demandas positivas insuficientes para conformar entrenamiento y prueba (umbral operativo: 15 meses observados, 4 demandas positivas).",19.77
ITEM_4230,1,1,0.9833,2.0,0.0,60.0,0.0,Intermitente,False,"Meses observados o demandas positivas insuficientes para conformar entrenamiento y prueba (umbral operativo: 15 meses observados, 4 demandas positivas).",19.66
ITEM_4232,1,1,0.9833,2.0,0.0,60.0,0.0,Intermitente,False,"Meses observados o demandas positivas insuficientes para conformar entrenamiento y prueba (umbral operativo: 15 meses observados, 4 demandas positivas).",19.64
ITEM_4233,2,2,0.9667,1.5,0.5,11.0,0.2222,Intermitente,False,"Meses observados o demandas positivas insuficientes para conformar entrenamiento y prueba (umbral operativo: 15 meses observados, 4 demandas positivas).",27.6
ITEM_4234,2,2,0.9667,1000.0,0.0,2.0,0.0,Intermitente,False,"Meses observados o demandas positivas insuficientes para conformar entrenamiento y prueba (umbral operativo: 15 meses observados, 4 demandas positivas).",39.14
ITEM_4235,1,1,0.9833,2.0,0.0,60.0,0.0,Intermitente,False,"Meses observados o demandas positivas insuficientes para conformar entrenamiento y prueba (umbral operativo: 15 meses observados, 4 demandas positivas).",19.56
ITEM_4236,1,1,0.9833,5.0,0.0,60.0,0.0,Intermitente,False,"Meses observados o demandas positivas insuficientes para conformar entrenamiento y prueba (umbral operativo: 15 meses observados, 4 demandas positivas).",19.5
ITEM_4237,1,1,0.9833,6.0,0.0,60.0,0.0,Intermitente,False,"Meses observados o demandas positivas insuficientes para conformar entrenamiento y prueba (umbral operativo: 15 meses observados, 4 demandas positivas).",19.47
ITEM_4240,1,1,0.9833,1.0,0.0,60.0,0.0,Intermitente,False,"Meses observados o demandas positivas insuficientes para conformar entrenamiento y prueba (umbral operativo: 15 meses observados, 4 demandas positivas).",19.36
ITEM_4241,3,3,0.95,1.0,0.0,16.5,0.0,Intermitente,False,"Meses observados o demandas positivas insuficientes para conformar entrenamiento y prueba (umbral operativo: 15 meses observados, 4 demandas positivas).",44.4
ITEM_4242,1,1,0.9833,24.0,0.0,60.0,0.0,Intermitente,False,"Meses observados o demandas positivas insuficientes para conformar entrenamiento y prueba (umbral operativo: 15 meses observados, 4 demandas positivas).",19.2
ITEM_4243,1,1,0.9833,4.0,0.0,60.0,0.0,Intermitente,False,"Meses observados o demandas positivas insuficientes para conformar entrenamiento y prueba (umbral operativo: 15 meses observados, 4 demandas positivas).",19.16
ITEM_4244,1,1,0.9833,6.0,0.0,60.0,0.0,Intermitente,False,"Meses observados o demandas positivas insuficientes para conformar entrenamiento y prueba (umbral operativo: 15 meses observados, 4 demandas positivas).",19.16
ITEM_4245,2,2,0.9667,2.0,0.0,19.0,0.0,Intermitente,False,"Meses observados o demandas positivas insuficientes para conformar entrenamiento y prueba (umbral operativo: 15 meses observados, 4 demandas positivas).",38.0
ITEM_4246,1,1,0.9833,1.0,0.0,60.0,0.0,Intermitente,False,"Meses observados o demandas positivas insuficientes para conformar entrenamiento y prueba (umbral operativo: 15 meses observados, 4 demandas positivas).",19.0
ITEM_4247,1,1,0.9833,1.0,0.0,60.0,0.0,Intermitente,False,"Meses observados o demandas positivas insuficientes para conformar entrenamiento y prueba (umbral operativo: 15 meses observados, 4 demandas positivas).",18.98
ITEM_4248,5,5,0.9167,1.4,0.3,9.0,0.1531,Intermitente,False,"Meses observados o demandas positivas insuficientes para conformar entrenamiento y prueba (umbral operativo: 15 meses observados, 4 demandas positivas).",105.25
ITEM_4249,1,1,0.9833,14.0,0.0,60.0,0.0,Intermitente,False,"Meses observados o demandas positivas insuficientes para conformar entrenamiento y prueba (umbral operativo: 15 meses observados, 4 demandas positivas).",26.21
ITEM_4250,1,1,0.9833,20.0,0.0,60.0,0.0,Intermitente,False,"Meses observados o demandas positivas insuficientes para conformar entrenamiento y prueba (umbral operativo: 15 meses observados, 4 demandas positivas).",18.8
ITEM_4251,2,2,0.9667,3.0,0.0,16.0,0.0,Intermitente,False,"Meses observados o demandas positivas insuficientes para conformar entrenamiento y prueba (umbral operativo: 15 meses observados, 4 demandas positivas).",36.11
ITEM_4252,1,1,0.9833,20.0,0.0,60.0,0.0,Intermitente,False,"Meses observados o demandas positivas insuficientes para conformar entrenamiento y prueba (umbral operativo: 15 meses observados, 4 demandas positivas).",37.44
ITEM_4253,2,2,0.9667,1.0,0.0,5.0,0.0,Intermitente,False,"Meses observados o demandas positivas insuficientes para conformar entrenamiento y prueba (umbral operativo: 15 meses observados, 4 demandas positivas).",28.06
ITEM_4254,1,1,0.9833,10.0,0.0,60.0,0.0,Intermitente,False,"Meses observados o demandas positivas insuficientes para conformar entrenamiento y prueba (umbral operativo: 15 meses observados, 4 demandas positivas).",26.68
ITEM_4255,1,1,0.9833,1.0,0.0,60.0,0.0,Intermitente,False,"Meses observados o demandas positivas insuficientes para conformar entrenamiento y prueba (umbral operativo: 15 meses observados, 4 demandas positivas).",18.66
ITEM_4256,1,1,0.9833,2.0,0.0,60.0,0.0,Intermitente,False,"Meses observados o demandas positivas insuficientes para conformar entrenamiento y prueba (umbral operativo: 15 meses observados, 4 demandas positivas).",18.6
ITEM_4257,1,1,0.9833,10.0,0.0,60.0,0.0,Intermitente,False,"Meses observados o demandas positivas insuficientes para conformar entrenamiento y prueba (umbral operativo: 15 meses observados, 4 demandas positivas).",18.6
ITEM_4258,1,1,0.9833,5.0,0.0,60.0,0.0,Intermitente,False,"Meses observados o demandas positivas insuficientes para conformar entrenamiento y prueba (umbral operativo: 15 meses observados, 4 demandas positivas).",18.5
ITEM_4259,5,5,0.9167,4.0,3.5,8.25,0.2188,Intermitente,False,"Meses observados o demandas positivas insuficientes para conformar entrenamiento y prueba (umbral operativo: 15 meses observados, 4 demandas positivas).",49.84
ITEM_4260,1,1,0.9833,6.0,0.0,60.0,0.0,Intermitente,False,"Meses observados o demandas positivas insuficientes para conformar entrenamiento y prueba (umbral operativo: 15 meses observados, 4 demandas positivas).",18.48
ITEM_4261,1,1,0.9833,16.0,0.0,60.0,0.0,Intermitente,False,"Meses observados o demandas positivas insuficientes para conformar entrenamiento y prueba (umbral operativo: 15 meses observados, 4 demandas positivas).",18.4
ITEM_4262,1,1,0.9833,16.0,0.0,60.0,0.0,Intermitente,False,"Meses observados o demandas positivas insuficientes para conformar entrenamiento y prueba (umbral operativo: 15 meses observados, 4 demandas positivas).",18.4
ITEM_4264,1,1,0.9833,4.0,0.0,60.0,0.0,Intermitente,False,"Meses observados o demandas positivas insuficientes para conformar entrenamiento y prueba (umbral operativo: 15 meses observados, 4 demandas positivas).",18.4
ITEM_4265,1,1,0.9833,4.0,0.0,60.0,0.0,Intermitente,False,"Meses observados o demandas positivas insuficientes para conformar entrenamiento y prueba (umbral operativo: 15 meses observados, 4 demandas positivas).",18.24
ITEM_4266,1,1,0.9833,6.0,0.0,60.0,0.0,Intermitente,False,"Meses observados o demandas positivas insuficientes para conformar entrenamiento y prueba (umbral operativo: 15 meses observados, 4 demandas positivas).",18.24
ITEM_4267,1,1,0.9833,120.0,0.0,60.0,0.0,Intermitente,False,"Meses observados o demandas positivas insuficientes para conformar entrenamiento y prueba (umbral operativo: 15 meses observados, 4 demandas positivas).",18.24
ITEM_4268,1,1,0.9833,26.0,0.0,60.0,0.0,Intermitente,False,"Meses observados o demandas positivas insuficientes para conformar entrenamiento y prueba (umbral operativo: 15 meses observados, 4 demandas positivas).",18.2
ITEM_4269,1,1,0.9833,12.0,0.0,60.0,0.0,Intermitente,False,"Meses observados o demandas positivas insuficientes para conformar entrenamiento y prueba (umbral operativo: 15 meses observados, 4 demandas positivas).",18.2
ITEM_4270,2,2,0.9667,2.0,0.0,3.0,0.0,Intermitente,False,"Meses observados o demandas positivas insuficientes para conformar entrenamiento y prueba (umbral operativo: 15 meses observados, 4 demandas positivas).",36.36
ITEM_4271,1,1,0.9833,1.0,0.0,60.0,0.0,Intermitente,False,"Meses observados o demandas positivas insuficientes para conformar entrenamiento y prueba (umbral operativo: 15 meses observados, 4 demandas positivas).",18.1
ITEM_4272,5,5,0.9167,11.6,26.8,5.0,0.1992,Intermitente,False,"Meses observados o demandas positivas insuficientes para conformar entrenamiento y prueba (umbral operativo: 15 meses observados, 4 demandas positivas).",69.26
ITEM_4274,1,1,0.9833,3.0,0.0,60.0,0.0,Intermitente,False,"Meses observados o demandas positivas insuficientes para conformar entrenamiento y prueba (umbral operativo: 15 meses observados, 4 demandas positivas).",18.03
ITEM_4275,3,3,0.95,4.6667,22.3333,11.0,1.0255,Lumpy,False,"Meses observados o demandas positivas insuficientes para conformar entrenamiento y prueba (umbral operativo: 15 meses observados, 4 demandas positivas).",36.36
ITEM_4276,2,2,0.9667,1.5,0.5,31.0,0.2222,Intermitente,False,"Meses observados o demandas positivas insuficientes para conformar entrenamiento y prueba (umbral operativo: 15 meses observados, 4 demandas positivas).",27.0
ITEM_4277,1,1,0.9833,10.0,0.0,60.0,0.0,Intermitente,False,"Meses observados o demandas positivas insuficientes para conformar entrenamiento y prueba (umbral operativo: 15 meses observados, 4 demandas positivas).",18.0
ITEM_4278,2,2,0.9667,3.5,0.5,11.0,0.0408,Intermitente,False,"Meses observados o demandas positivas insuficientes para conformar entrenamiento y prueba (umbral operativo: 15 meses observados, 4 demandas positivas).",39.0
ITEM_4279,3,3,0.95,1.0,0.0,2.5,0.0,Intermitente,False,"Meses observados o demandas positivas insuficientes para conformar entrenamiento y prueba (umbral operativo: 15 meses observados, 4 demandas positivas).",42.5
ITEM_4280,1,1,0.9833,4.0,0.0,60.0,0.0,Intermitente,False,"Meses observados o demandas positivas insuficientes para conformar entrenamiento y prueba (umbral operativo: 15 meses observados, 4 demandas positivas).",18.0
ITEM_4281,1,1,0.9833,3.0,0.0,60.0,0.0,Intermitente,False,"Meses observados o demandas positivas insuficientes para conformar entrenamiento y prueba (umbral operativo: 15 meses observados, 4 demandas positivas).",18.0
ITEM_4282,7,7,0.8833,9.2857,10.2381,5.5,0.1187,Intermitente,False,"Meses observados o demandas positivas insuficientes para conformar entrenamiento y prueba (umbral operativo: 15 meses observados, 4 demandas positivas).",85.59
ITEM_4283,1,1,0.9833,1.0,0.0,60.0,0.0,Intermitente,False,"Meses observados o demandas positivas insuficientes para conformar entrenamiento y prueba (umbral operativo: 15 meses observados, 4 demandas positivas).",18.0
ITEM_4284,3,3,0.95,1.0,0.0,16.5,0.0,Intermitente,False,"Meses observados o demandas positivas insuficientes para conformar entrenamiento y prueba (umbral operativo: 15 meses observados, 4 demandas positivas).",44.09
ITEM_4285,1,1,0.9833,6.0,0.0,60.0,0.0,Intermitente,False,"Meses observados o demandas positivas insuficientes para conformar entrenamiento y prueba (umbral operativo: 15 meses observados, 4 demandas positivas).",18.0
ITEM_4286,1,1,0.9833,10.0,0.0,60.0,0.0,Intermitente,False,"Meses observados o demandas positivas insuficientes para conformar entrenamiento y prueba (umbral operativo: 15 meses observados, 4 demandas positivas).",18.0
ITEM_4288,1,1,0.9833,7.0,0.0,60.0,0.0,Intermitente,False,"Meses observados o demandas positivas insuficientes para conformar entrenamiento y prueba (umbral operativo: 15 meses observados, 4 demandas positivas).",17.96
ITEM_4289,1,1,0.9833,6.0,0.0,60.0,0.0,Intermitente,False,"Meses observados o demandas positivas insuficientes para conformar entrenamiento y prueba (umbral operativo: 15 meses observados, 4 demandas positivas).",17.85
ITEM_4290,2,2,0.9667,20.0,0.0,13.0,0.0,Intermitente,False,"Meses observados o demandas positivas insuficientes para conformar entrenamiento y prueba (umbral operativo: 15 meses observados, 4 demandas positivas).",29.71
ITEM_4291,2,2,0.9667,2.0,0.0,3.0,0.0,Intermitente,False,"Meses observados o demandas positivas insuficientes para conformar entrenamiento y prueba (umbral operativo: 15 meses observados, 4 demandas positivas).",18.24
ITEM_4292,3,3,0.95,1.0,0.0,11.5,0.0,Intermitente,False,"Meses observados o demandas positivas insuficientes para conformar entrenamiento y prueba (umbral operativo: 15 meses observados, 4 demandas positivas).",28.35
ITEM_4293,2,2,0.9667,2.0,0.0,3.0,0.0,Intermitente,False,"Meses observados o demandas positivas insuficientes para conformar entrenamiento y prueba (umbral operativo: 15 meses observados, 4 demandas positivas).",35.32
ITEM_4294,2,2,0.9667,6.0,0.0,23.0,0.0,Intermitente,False,"Meses observados o demandas positivas insuficientes para conformar entrenamiento y prueba (umbral operativo: 15 meses observados, 4 demandas positivas).",24.84
ITEM_4295,1,1,0.9833,20.0,0.0,60.0,0.0,Intermitente,False,"Meses observados o demandas positivas insuficientes para conformar entrenamiento y prueba (umbral operativo: 15 meses observados, 4 demandas positivas).",17.63
ITEM_4296,2,2,0.9667,12.0,128.0,3.0,0.8889,Lumpy,False,"Meses observados o demandas positivas insuficientes para conformar entrenamiento y prueba (umbral operativo: 15 meses observados, 4 demandas positivas).",22.42
ITEM_4297,2,2,0.9667,2.0,2.0,3.0,0.5,Lumpy,False,"Meses observados o demandas positivas insuficientes para conformar entrenamiento y prueba (umbral operativo: 15 meses observados, 4 demandas positivas).",21.46
ITEM_4298,7,7,0.8833,1.0,0.0,6.5,0.0,Intermitente,False,"Meses observados o demandas positivas insuficientes para conformar entrenamiento y prueba (umbral operativo: 15 meses observados, 4 demandas positivas).",66.85
ITEM_4299,1,1,0.9833,1.0,0.0,60.0,0.0,Intermitente,False,"Meses observados o demandas positivas insuficientes para conformar entrenamiento y prueba (umbral operativo: 15 meses observados, 4 demandas positivas).",17.6
ITEM_4300,2,2,0.9667,1.0,0.0,3.0,0.0,Intermitente,False,"Meses observados o demandas positivas insuficientes para conformar entrenamiento y prueba (umbral operativo: 15 meses observados, 4 demandas positivas).",18.91
ITEM_4301,3,3,0.95,3.6667,5.3333,12.0,0.3967,Intermitente,False,"Meses observados o demandas positivas insuficientes para conformar entrenamiento y prueba (umbral operativo: 15 meses observados, 4 demandas positivas).",36.58
ITEM_4302,1,1,0.9833,8.0,0.0,60.0,0.0,Intermitente,False,"Meses observados o demandas positivas insuficientes para conformar entrenamiento y prueba (umbral operativo: 15 meses observados, 4 demandas positivas).",34.84
ITEM_4303,2,2,0.9667,14.0,72.0,8.0,0.3673,Intermitente,False,"Meses observados o demandas positivas insuficientes para conformar entrenamiento y prueba (umbral operativo: 15 meses observados, 4 demandas positivas).",28.9
ITEM_4304,3,3,0.95,4.0,3.0,13.5,0.1875,Intermitente,False,"Meses observados o demandas positivas insuficientes para conformar entrenamiento y prueba (umbral operativo: 15 meses observados, 4 demandas positivas).",38.9
ITEM_4305,1,1,0.9833,2.0,0.0,60.0,0.0,Intermitente,False,"Meses observados o demandas positivas insuficientes para conformar entrenamiento y prueba (umbral operativo: 15 meses observados, 4 demandas positivas).",32.63
ITEM_4306,1,1,0.9833,50.0,0.0,60.0,0.0,Intermitente,False,"Meses observados o demandas positivas insuficientes para conformar entrenamiento y prueba (umbral operativo: 15 meses observados, 4 demandas positivas).",17.5
ITEM_4307,1,1,0.9833,6.0,0.0,60.0,0.0,Intermitente,False,"Meses observados o demandas positivas insuficientes para conformar entrenamiento y prueba (umbral operativo: 15 meses observados, 4 demandas positivas).",17.41
ITEM_4308,5,5,0.9167,12.0,0.0,7.25,0.0,Intermitente,False,"Meses observados o demandas positivas insuficientes para conformar entrenamiento y prueba (umbral operativo: 15 meses observados, 4 demandas positivas).",39.6
ITEM_4309,2,2,0.9667,2.0,0.0,3.0,0.0,Intermitente,False,"Meses observados o demandas positivas insuficientes para conformar entrenamiento y prueba (umbral operativo: 15 meses observados, 4 demandas positivas).",34.8
ITEM_4310,1,1,0.9833,30.0,0.0,60.0,0.0,Intermitente,False,"Meses observados o demandas positivas insuficientes para conformar entrenamiento y prueba (umbral operativo: 15 meses observados, 4 demandas positivas).",17.4
ITEM_4311,1,1,0.9833,3.0,0.0,60.0,0.0,Intermitente,False,"Meses observados o demandas positivas insuficientes para conformar entrenamiento y prueba (umbral operativo: 15 meses observados, 4 demandas positivas).",17.4
ITEM_4312,1,1,0.9833,1.0,0.0,60.0,0.0,Intermitente,False,"Meses observados o demandas positivas insuficientes para conformar entrenamiento y prueba (umbral operativo: 15 meses observados, 4 demandas positivas).",17.37
ITEM_4313,2,2,0.9667,2.0,0.0,3.0,0.0,Intermitente,False,"Meses observados o demandas positivas insuficientes para conformar entrenamiento y prueba (umbral operativo: 15 meses observados, 4 demandas positivas).",20.62
ITEM_4314,1,1,0.9833,80.0,0.0,60.0,0.0,Intermitente,False,"Meses observados o demandas positivas insuficientes para conformar entrenamiento y prueba (umbral operativo: 15 meses observados, 4 demandas positivas).",17.28
ITEM_4315,1,1,0.9833,90.0,0.0,60.0,0.0,Intermitente,False,"Meses observados o demandas positivas insuficientes para conformar entrenamiento y prueba (umbral operativo: 15 meses observados, 4 demandas positivas).",17.24
ITEM_4316,1,1,0.9833,6.0,0.0,60.0,0.0,Intermitente,False,"Meses observados o demandas positivas insuficientes para conformar entrenamiento y prueba (umbral operativo: 15 meses observados, 4 demandas positivas).",17.2
ITEM_4317,1,1,0.9833,25.0,0.0,60.0,0.0,Intermitente,False,"Meses observados o demandas positivas insuficientes para conformar entrenamiento y prueba (umbral operativo: 15 meses observados, 4 demandas positivas).",17.13
ITEM_4318,2,2,0.9667,2.0,0.0,3.0,0.0,Intermitente,False,"Meses observados o demandas positivas insuficientes para conformar entrenamiento y prueba (umbral operativo: 15 meses observados, 4 demandas positivas).",34.2
ITEM_4319,1,1,0.9833,2.0,0.0,60.0,0.0,Intermitente,False,"Meses observados o demandas positivas insuficientes para conformar entrenamiento y prueba (umbral operativo: 15 meses observados, 4 demandas positivas).",17.1
ITEM_4320,2,2,0.9667,2.0,0.0,3.0,0.0,Intermitente,False,"Meses observados o demandas positivas insuficientes para conformar entrenamiento y prueba (umbral operativo: 15 meses observados, 4 demandas positivas).",25.98
ITEM_4321,1,1,0.9833,4.0,0.0,60.0,0.0,Intermitente,False,"Meses observados o demandas positivas insuficientes para conformar entrenamiento y prueba (umbral operativo: 15 meses observados, 4 demandas positivas).",34.16
ITEM_4322,3,3,0.95,1.0,0.0,8.5,0.0,Intermitente,False,"Meses observados o demandas positivas insuficientes para conformar entrenamiento y prueba (umbral operativo: 15 meses observados, 4 demandas positivas).",45.49
ITEM_4323,2,2,0.9667,8.0,8.0,28.0,0.125,Intermitente,False,"Meses observados o demandas positivas insuficientes para conformar entrenamiento y prueba (umbral operativo: 15 meses observados, 4 demandas positivas).",29.0
ITEM_4324,1,1,0.9833,1.0,0.0,60.0,0.0,Intermitente,False,"Meses observados o demandas positivas insuficientes para conformar entrenamiento y prueba (umbral operativo: 15 meses observados, 4 demandas positivas).",17.0
ITEM_4325,1,1,0.9833,1.0,0.0,60.0,0.0,Intermitente,False,"Meses observados o demandas positivas insuficientes para conformar entrenamiento y prueba (umbral operativo: 15 meses observados, 4 demandas positivas).",17.0
ITEM_4326,1,1,0.9833,42.0,0.0,60.0,0.0,Intermitente,False,"Meses observados o demandas positivas insuficientes para conformar entrenamiento y prueba (umbral operativo: 15 meses observados, 4 demandas positivas).",16.96
ITEM_4327,1,1,0.9833,8.0,0.0,60.0,0.0,Intermitente,False,"Meses observados o demandas positivas insuficientes para conformar entrenamiento y prueba (umbral operativo: 15 meses observados, 4 demandas positivas).",16.96
ITEM_4328,1,1,0.9833,20.0,0.0,60.0,0.0,Intermitente,False,"Meses observados o demandas positivas insuficientes para conformar entrenamiento y prueba (umbral operativo: 15 meses observados, 4 demandas positivas).",16.92
ITEM_4329,1,1,0.9833,38.0,0.0,60.0,0.0,Intermitente,False,"Meses observados o demandas positivas insuficientes para conformar entrenamiento y prueba (umbral operativo: 15 meses observados, 4 demandas positivas).",16.89
ITEM_4330,1,1,0.9833,4.0,0.0,60.0,0.0,Intermitente,False,"Meses observados o demandas positivas insuficientes para conformar entrenamiento y prueba (umbral operativo: 15 meses observados, 4 demandas positivas).",33.7
ITEM_4331,1,1,0.9833,2.0,0.0,60.0,0.0,Intermitente,False,"Meses observados o demandas positivas insuficientes para conformar entrenamiento y prueba (umbral operativo: 15 meses observados, 4 demandas positivas).",16.82
ITEM_4333,1,1,0.9833,40.0,0.0,60.0,0.0,Intermitente,False,"Meses observados o demandas positivas insuficientes para conformar entrenamiento y prueba (umbral operativo: 15 meses observados, 4 demandas positivas).",16.8
ITEM_4334,1,1,0.9833,4.0,0.0,60.0,0.0,Intermitente,False,"Meses observados o demandas positivas insuficientes para conformar entrenamiento y prueba (umbral operativo: 15 meses observados, 4 demandas positivas).",16.8
ITEM_4335,1,1,0.9833,2.0,0.0,60.0,0.0,Intermitente,False,"Meses observados o demandas positivas insuficientes para conformar entrenamiento y prueba (umbral operativo: 15 meses observados, 4 demandas positivas).",16.8
ITEM_4336,1,1,0.9833,2.0,0.0,60.0,0.0,Intermitente,False,"Meses observados o demandas positivas insuficientes para conformar entrenamiento y prueba (umbral operativo: 15 meses observados, 4 demandas positivas).",16.78
ITEM_4337,1,1,0.9833,20.0,0.0,60.0,0.0,Intermitente,False,"Meses observados o demandas positivas insuficientes para conformar entrenamiento y prueba (umbral operativo: 15 meses observados, 4 demandas positivas).",16.71
ITEM_4338,5,5,0.9167,1.0,0.0,8.75,0.0,Intermitente,False,"Meses observados o demandas positivas insuficientes para conformar entrenamiento y prueba (umbral operativo: 15 meses observados, 4 demandas positivas).",46.85
ITEM_4339,1,1,0.9833,4.0,0.0,60.0,0.0,Intermitente,False,"Meses observados o demandas positivas insuficientes para conformar entrenamiento y prueba (umbral operativo: 15 meses observados, 4 demandas positivas).",16.6
ITEM_4340,7,7,0.8833,14.5714,303.619,4.3333,1.43,Lumpy,False,"Meses observados o demandas positivas insuficientes para conformar entrenamiento y prueba (umbral operativo: 15 meses observados, 4 demandas positivas).",41.73
ITEM_4341,2,2,0.9667,5.0,2.0,20.0,0.08,Intermitente,False,"Meses observados o demandas positivas insuficientes para conformar entrenamiento y prueba (umbral operativo: 15 meses observados, 4 demandas positivas).",21.43
ITEM_4342,1,1,0.9833,6.0,0.0,60.0,0.0,Intermitente,False,"Meses observados o demandas positivas insuficientes para conformar entrenamiento y prueba (umbral operativo: 15 meses observados, 4 demandas positivas).",16.5
ITEM_4343,1,1,0.9833,2.0,0.0,60.0,0.0,Intermitente,False,"Meses observados o demandas positivas insuficientes para conformar entrenamiento y prueba (umbral operativo: 15 meses observados, 4 demandas positivas).",16.5
ITEM_4344,1,1,0.9833,5.0,0.0,60.0,0.0,Intermitente,False,"Meses observados o demandas positivas insuficientes para conformar entrenamiento y prueba (umbral operativo: 15 meses observados, 4 demandas positivas).",16.5
ITEM_4345,1,1,0.9833,4.0,0.0,60.0,0.0,Intermitente,False,"Meses observados o demandas positivas insuficientes para conformar entrenamiento y prueba (umbral operativo: 15 meses observados, 4 demandas positivas).",16.5
ITEM_4346,6,6,0.9,83.8333,1568.1667,4.6,0.2231,Intermitente,False,"Meses observados o demandas positivas insuficientes para conformar entrenamiento y prueba (umbral operativo: 15 meses observados, 4 demandas positivas).",64.15
ITEM_4347,1,1,0.9833,3.0,0.0,60.0,0.0,Intermitente,False,"Meses observados o demandas positivas insuficientes para conformar entrenamiento y prueba (umbral operativo: 15 meses observados, 4 demandas positivas).",16.45
ITEM_4348,1,1,0.9833,3.0,0.0,60.0,0.0,Intermitente,False,"Meses observados o demandas positivas insuficientes para conformar entrenamiento y prueba (umbral operativo: 15 meses observados, 4 demandas positivas).",16.44
ITEM_4349,1,1,0.9833,20.0,0.0,60.0,0.0,Intermitente,False,"Meses observados o demandas positivas insuficientes para conformar entrenamiento y prueba (umbral operativo: 15 meses observados, 4 demandas positivas).",16.4
ITEM_4350,1,1,0.9833,10.0,0.0,60.0,0.0,Intermitente,False,"Meses observados o demandas positivas insuficientes para conformar entrenamiento y prueba (umbral operativo: 15 meses observados, 4 demandas positivas).",16.33
ITEM_4351,1,1,0.9833,1.0,0.0,60.0,0.0,Intermitente,False,"Meses observados o demandas positivas insuficientes para conformar entrenamiento y prueba (umbral operativo: 15 meses observados, 4 demandas positivas).",16.32
ITEM_4352,1,1,0.9833,2.0,0.0,60.0,0.0,Intermitente,False,"Meses observados o demandas positivas insuficientes para conformar entrenamiento y prueba (umbral operativo: 15 meses observados, 4 demandas positivas).",16.32
ITEM_4353,1,1,0.9833,20.0,0.0,60.0,0.0,Intermitente,False,"Meses observados o demandas positivas insuficientes para conformar entrenamiento y prueba (umbral operativo: 15 meses observados, 4 demandas positivas).",16.26
ITEM_4354,1,1,0.9833,1.0,0.0,60.0,0.0,Intermitente,False,"Meses observados o demandas positivas insuficientes para conformar entrenamiento y prueba (umbral operativo: 15 meses observados, 4 demandas positivas).",16.19
ITEM_4355,1,1,0.9833,2.0,0.0,60.0,0.0,Intermitente,False,"Meses observados o demandas positivas insuficientes para conformar entrenamiento y prueba (umbral operativo: 15 meses observados, 4 demandas positivas).",16.14
ITEM_4357,1,1,0.9833,3.0,0.0,60.0,0.0,Intermitente,False,"Meses observados o demandas positivas insuficientes para conformar entrenamiento y prueba (umbral operativo: 15 meses observados, 4 demandas positivas).",16.05
ITEM_4358,1,1,0.9833,2.0,0.0,60.0,0.0,Intermitente,False,"Meses observados o demandas positivas insuficientes para conformar entrenamiento y prueba (umbral operativo: 15 meses observados, 4 demandas positivas).",16.0
ITEM_4359,3,3,0.95,1.3333,0.3333,8.0,0.1875,Intermitente,False,"Meses observados o demandas positivas insuficientes para conformar entrenamiento y prueba (umbral operativo: 15 meses observados, 4 demandas positivas).",35.25
ITEM_4360,7,7,0.8833,1.1429,0.1429,6.3333,0.1094,Intermitente,False,"Meses observados o demandas positivas insuficientes para conformar entrenamiento y prueba (umbral operativo: 15 meses observados, 4 demandas positivas).",69.15
ITEM_4361,2,2,0.9667,1.0,0.0,8.0,0.0,Intermitente,False,"Meses observados o demandas positivas insuficientes para conformar entrenamiento y prueba (umbral operativo: 15 meses observados, 4 demandas positivas).",27.0
ITEM_4362,4,4,0.9333,1.25,0.25,11.0,0.16,Intermitente,False,"Meses observados o demandas positivas insuficientes para conformar entrenamiento y prueba (umbral operativo: 15 meses observados, 4 demandas positivas).",36.7
ITEM_4363,4,4,0.9333,1.0,0.0,11.0,0.0,Intermitente,False,"Meses observados o demandas positivas insuficientes para conformar entrenamiento y prueba (umbral operativo: 15 meses observados, 4 demandas positivas).",44.05
ITEM_4364,2,2,0.9667,1.5,0.5,24.0,0.2222,Intermitente,False,"Meses observados o demandas positivas insuficientes para conformar entrenamiento y prueba (umbral operativo: 15 meses observados, 4 demandas positivas).",21.5
ITEM_4365,2,2,0.9667,1.5,0.5,23.0,0.2222,Intermitente,False,"Meses observados o demandas positivas insuficientes para conformar entrenamiento y prueba (umbral operativo: 15 meses observados, 4 demandas positivas).",22.01
ITEM_4366,1,1,0.9833,2.0,0.0,60.0,0.0,Intermitente,False,"Meses observados o demandas positivas insuficientes para conformar entrenamiento y prueba (umbral operativo: 15 meses observados, 4 demandas positivas).",16.0
ITEM_4367,1,1,0.9833,10.0,0.0,60.0,0.0,Intermitente,False,"Meses observados o demandas positivas insuficientes para conformar entrenamiento y prueba (umbral operativo: 15 meses observados, 4 demandas positivas).",16.0
ITEM_4368,1,1,0.9833,1.0,0.0,60.0,0.0,Intermitente,False,"Meses observados o demandas positivas insuficientes para conformar entrenamiento y prueba (umbral operativo: 15 meses observados, 4 demandas positivas).",15.97
ITEM_4369,2,2,0.9667,1.0,0.0,3.0,0.0,Intermitente,False,"Meses observados o demandas positivas insuficientes para conformar entrenamiento y prueba (umbral operativo: 15 meses observados, 4 demandas positivas).",29.39
ITEM_4370,1,1,0.9833,32.0,0.0,60.0,0.0,Intermitente,False,"Meses observados o demandas positivas insuficientes para conformar entrenamiento y prueba (umbral operativo: 15 meses observados, 4 demandas positivas).",15.92
ITEM_4371,2,2,0.9667,6.0,0.0,17.0,0.0,Intermitente,False,"Meses observados o demandas positivas insuficientes para conformar entrenamiento y prueba (umbral operativo: 15 meses observados, 4 demandas positivas).",21.41
ITEM_4372,2,2,0.9667,2.0,0.0,3.0,0.0,Intermitente,False,"Meses observados o demandas positivas insuficientes para conformar entrenamiento y prueba (umbral operativo: 15 meses observados, 4 demandas positivas).",31.8
ITEM_4373,2,2,0.9667,1.5,0.5,16.0,0.2222,Intermitente,False,"Meses observados o demandas positivas insuficientes para conformar entrenamiento y prueba (umbral operativo: 15 meses observados, 4 demandas positivas).",29.9
ITEM_4374,2,2,0.9667,2.0,0.0,3.0,0.0,Intermitente,False,"Meses observados o demandas positivas insuficientes para conformar entrenamiento y prueba (umbral operativo: 15 meses observados, 4 demandas positivas).",31.76
ITEM_4375,2,2,0.9667,30.5,1740.5,6.0,1.871,Lumpy,False,"Meses observados o demandas positivas insuficientes para conformar entrenamiento y prueba (umbral operativo: 15 meses observados, 4 demandas positivas).",17.19
ITEM_4376,1,1,0.9833,2.0,0.0,60.0,0.0,Intermitente,False,"Meses observados o demandas positivas insuficientes para conformar entrenamiento y prueba (umbral operativo: 15 meses observados, 4 demandas positivas).",15.78
ITEM_4377,1,1,0.9833,1.0,0.0,60.0,0.0,Intermitente,False,"Meses observados o demandas positivas insuficientes para conformar entrenamiento y prueba (umbral operativo: 15 meses observados, 4 demandas positivas).",15.76
ITEM_4378,1,1,0.9833,2.0,0.0,60.0,0.0,Intermitente,False,"Meses observados o demandas positivas insuficientes para conformar entrenamiento y prueba (umbral operativo: 15 meses observados, 4 demandas positivas).",15.76
ITEM_4379,2,2,0.9667,11.0,2.0,14.0,0.0165,Intermitente,False,"Meses observados o demandas positivas insuficientes para conformar entrenamiento y prueba (umbral operativo: 15 meses observados, 4 demandas positivas).",38.04
ITEM_4380,6,6,0.9,1.8333,0.1667,6.8,0.0496,Intermitente,False,"Meses observados o demandas positivas insuficientes para conformar entrenamiento y prueba (umbral operativo: 15 meses observados, 4 demandas positivas).",50.22
ITEM_4381,2,2,0.9667,40.0,0.0,4.0,0.0,Intermitente,False,"Meses observados o demandas positivas insuficientes para conformar entrenamiento y prueba (umbral operativo: 15 meses observados, 4 demandas positivas).",31.21
ITEM_4382,1,1,0.9833,2.0,0.0,60.0,0.0,Intermitente,False,"Meses observados o demandas positivas insuficientes para conformar entrenamiento y prueba (umbral operativo: 15 meses observados, 4 demandas positivas).",15.6
ITEM_4383,1,1,0.9833,2.0,0.0,60.0,0.0,Intermitente,False,"Meses observados o demandas positivas insuficientes para conformar entrenamiento y prueba (umbral operativo: 15 meses observados, 4 demandas positivas).",15.52
ITEM_4384,3,3,0.95,1.3333,0.3333,15.5,0.1875,Intermitente,False,"Meses observados o demandas positivas insuficientes para conformar entrenamiento y prueba (umbral operativo: 15 meses observados, 4 demandas positivas).",31.5
ITEM_4385,2,2,0.9667,1.0,0.0,5.0,0.0,Intermitente,False,"Meses observados o demandas positivas insuficientes para conformar entrenamiento y prueba (umbral operativo: 15 meses observados, 4 demandas positivas).",22.2
ITEM_4386,1,1,0.9833,2.0,0.0,60.0,0.0,Intermitente,False,"Meses observados o demandas positivas insuficientes para conformar entrenamiento y prueba (umbral operativo: 15 meses observados, 4 demandas positivas).",15.4
ITEM_4388,1,1,0.9833,10.0,0.0,60.0,0.0,Intermitente,False,"Meses observados o demandas positivas insuficientes para conformar entrenamiento y prueba (umbral operativo: 15 meses observados, 4 demandas positivas).",15.4
ITEM_4389,1,1,0.9833,6.0,0.0,60.0,0.0,Intermitente,False,"Meses observados o demandas positivas insuficientes para conformar entrenamiento y prueba (umbral operativo: 15 meses observados, 4 demandas positivas).",15.4
ITEM_4390,1,1,0.9833,200.0,0.0,60.0,0.0,Intermitente,False,"Meses observados o demandas positivas insuficientes para conformar entrenamiento y prueba (umbral operativo: 15 meses observados, 4 demandas positivas).",15.4
ITEM_4391,1,1,0.9833,5.0,0.0,60.0,0.0,Intermitente,False,"Meses observados o demandas positivas insuficientes para conformar entrenamiento y prueba (umbral operativo: 15 meses observados, 4 demandas positivas).",15.39
ITEM_4392,5,5,0.9167,2.2,0.2,8.0,0.0413,Intermitente,False,"Meses observados o demandas positivas insuficientes para conformar entrenamiento y prueba (umbral operativo: 15 meses observados, 4 demandas positivas).",76.71
ITEM_4393,2,2,0.9667,3.0,2.0,2.0,0.2222,Intermitente,False,"Meses observados o demandas positivas insuficientes para conformar entrenamiento y prueba (umbral operativo: 15 meses observados, 4 demandas positivas).",46.1
ITEM_4395,1,1,0.9833,1.0,0.0,60.0,0.0,Intermitente,False,"Meses observados o demandas positivas insuficientes para conformar entrenamiento y prueba (umbral operativo: 15 meses observados, 4 demandas positivas).",15.13
ITEM_4396,2,2,0.9667,6.0,50.0,2.0,1.3889,Lumpy,False,"Meses observados o demandas positivas insuficientes para conformar entrenamiento y prueba (umbral operativo: 15 meses observados, 4 demandas positivas).",22.78
ITEM_4397,1,1,0.9833,2.0,0.0,60.0,0.0,Intermitente,False,"Meses observados o demandas positivas insuficientes para conformar entrenamiento y prueba (umbral operativo: 15 meses observados, 4 demandas positivas).",15.12
ITEM_4398,4,4,0.9333,1.75,0.25,10.3333,0.0816,Intermitente,False,"Meses observados o demandas positivas insuficientes para conformar entrenamiento y prueba (umbral operativo: 15 meses observados, 4 demandas positivas).",43.93
ITEM_4399,1,1,0.9833,1.0,0.0,60.0,0.0,Intermitente,False,"Meses observados o demandas positivas insuficientes para conformar entrenamiento y prueba (umbral operativo: 15 meses observados, 4 demandas positivas).",15.08
ITEM_4400,1,1,0.9833,1.0,0.0,60.0,0.0,Intermitente,False,"Meses observados o demandas positivas insuficientes para conformar entrenamiento y prueba (umbral operativo: 15 meses observados, 4 demandas positivas).",15.0
ITEM_4401,5,5,0.9167,1.2,0.2,9.0,0.1389,Intermitente,False,"Meses observados o demandas positivas insuficientes para conformar entrenamiento y prueba (umbral operativo: 15 meses observados, 4 demandas positivas).",42.8
ITEM_4402,1,1,0.9833,30.0,0.0,60.0,0.0,Intermitente,False,"Meses observados o demandas positivas insuficientes para conformar entrenamiento y prueba (umbral operativo: 15 meses observados, 4 demandas positivas).",15.0
ITEM_4403,2,2,0.9667,5.0,2.0,2.0,0.08,Intermitente,False,"Meses observados o demandas positivas insuficientes para conformar entrenamiento y prueba (umbral operativo: 15 meses observados, 4 demandas positivas).",23.0
ITEM_4404,2,2,0.9667,5.0,2.0,2.0,0.08,Intermitente,False,"Meses observados o demandas positivas insuficientes para conformar entrenamiento y prueba (umbral operativo: 15 meses observados, 4 demandas positivas).",23.0
ITEM_4405,1,1,0.9833,6.0,0.0,60.0,0.0,Intermitente,False,"Meses observados o demandas positivas insuficientes para conformar entrenamiento y prueba (umbral operativo: 15 meses observados, 4 demandas positivas).",15.0
ITEM_4406,1,1,0.9833,5.0,0.0,60.0,0.0,Intermitente,False,"Meses observados o demandas positivas insuficientes para conformar entrenamiento y prueba (umbral operativo: 15 meses observados, 4 demandas positivas).",15.0
ITEM_4407,10,10,0.8333,150.0,7222.2222,4.5556,0.321,Intermitente,False,"Meses observados o demandas positivas insuficientes para conformar entrenamiento y prueba (umbral operativo: 15 meses observados, 4 demandas positivas).",55.33
ITEM_4408,8,8,0.8667,1.0,0.0,5.7143,0.0,Intermitente,False,"Meses observados o demandas positivas insuficientes para conformar entrenamiento y prueba (umbral operativo: 15 meses observados, 4 demandas positivas).",99.01
ITEM_4409,1,1,0.9833,2.0,0.0,60.0,0.0,Intermitente,False,"Meses observados o demandas positivas insuficientes para conformar entrenamiento y prueba (umbral operativo: 15 meses observados, 4 demandas positivas).",15.0
ITEM_4410,1,1,0.9833,10.0,0.0,60.0,0.0,Intermitente,False,"Meses observados o demandas positivas insuficientes para conformar entrenamiento y prueba (umbral operativo: 15 meses observados, 4 demandas positivas).",15.0
ITEM_4411,1,1,0.9833,1.0,0.0,60.0,0.0,Intermitente,False,"Meses observados o demandas positivas insuficientes para conformar entrenamiento y prueba (umbral operativo: 15 meses observados, 4 demandas positivas).",15.0
ITEM_4412,1,1,0.9833,20.0,0.0,60.0,0.0,Intermitente,False,"Meses observados o demandas positivas insuficientes para conformar entrenamiento y prueba (umbral operativo: 15 meses observados, 4 demandas positivas).",15.0
ITEM_4413,1,1,0.9833,20.0,0.0,60.0,0.0,Intermitente,False,"Meses observados o demandas positivas insuficientes para conformar entrenamiento y prueba (umbral operativo: 15 meses observados, 4 demandas positivas).",15.0
ITEM_4414,5,5,0.9167,676.6,1690966.8,6.0,3.6938,Lumpy,False,"Meses observados o demandas positivas insuficientes para conformar entrenamiento y prueba (umbral operativo: 15 meses observados, 4 demandas positivas).",30.2
ITEM_4415,4,4,0.9333,17.0,54.6667,6.0,0.1892,Intermitente,False,"Meses observados o demandas positivas insuficientes para conformar entrenamiento y prueba (umbral operativo: 15 meses observados, 4 demandas positivas).",43.93
ITEM_4416,1,1,0.9833,10.0,0.0,60.0,0.0,Intermitente,False,"Meses observados o demandas positivas insuficientes para conformar entrenamiento y prueba (umbral operativo: 15 meses observados, 4 demandas positivas).",14.8
ITEM_4417,1,1,0.9833,10.0,0.0,60.0,0.0,Intermitente,False,"Meses observados o demandas positivas insuficientes para conformar entrenamiento y prueba (umbral operativo: 15 meses observados, 4 demandas positivas).",14.75
ITEM_4418,1,1,0.9833,1.0,0.0,60.0,0.0,Intermitente,False,"Meses observados o demandas positivas insuficientes para conformar entrenamiento y prueba (umbral operativo: 15 meses observados, 4 demandas positivas).",14.71
ITEM_4419,1,1,0.9833,3.0,0.0,60.0,0.0,Intermitente,False,"Meses observados o demandas positivas insuficientes para conformar entrenamiento y prueba (umbral operativo: 15 meses observados, 4 demandas positivas).",14.7
ITEM_4420,1,1,0.9833,5.0,0.0,60.0,0.0,Intermitente,False,"Meses observados o demandas positivas insuficientes para conformar entrenamiento y prueba (umbral operativo: 15 meses observados, 4 demandas positivas).",14.65
ITEM_4421,4,4,0.9333,8.0,5.3333,7.3333,0.0833,Intermitente,False,"Meses observados o demandas positivas insuficientes para conformar entrenamiento y prueba (umbral operativo: 15 meses observados, 4 demandas positivas).",44.13
ITEM_4422,1,1,0.9833,2.0,0.0,60.0,0.0,Intermitente,False,"Meses observados o demandas positivas insuficientes para conformar entrenamiento y prueba (umbral operativo: 15 meses observados, 4 demandas positivas).",29.23
ITEM_4423,1,1,0.9833,2.0,0.0,60.0,0.0,Intermitente,False,"Meses observados o demandas positivas insuficientes para conformar entrenamiento y prueba (umbral operativo: 15 meses observados, 4 demandas positivas).",29.23
ITEM_4424,1,1,0.9833,6.0,0.0,60.0,0.0,Intermitente,False,"Meses observados o demandas positivas insuficientes para conformar entrenamiento y prueba (umbral operativo: 15 meses observados, 4 demandas positivas).",14.52
ITEM_4425,2,2,0.9667,2.0,0.0,2.0,0.0,Intermitente,False,"Meses observados o demandas positivas insuficientes para conformar entrenamiento y prueba (umbral operativo: 15 meses observados, 4 demandas positivas).",29.02
ITEM_4426,1,1,0.9833,50.0,0.0,60.0,0.0,Intermitente,False,"Meses observados o demandas positivas insuficientes para conformar entrenamiento y prueba (umbral operativo: 15 meses observados, 4 demandas positivas).",14.5
ITEM_4427,3,3,0.95,3.3333,0.3333,15.5,0.03,Intermitente,False,"Meses observados o demandas positivas insuficientes para conformar entrenamiento y prueba (umbral operativo: 15 meses observados, 4 demandas positivas).",18.66
ITEM_4428,1,1,0.9833,12.0,0.0,60.0,0.0,Intermitente,False,"Meses observados o demandas positivas insuficientes para conformar entrenamiento y prueba (umbral operativo: 15 meses observados, 4 demandas positivas).",14.4
ITEM_4429,4,4,0.9333,11.0,90.0,9.0,0.7438,Lumpy,False,"Meses observados o demandas positivas insuficientes para conformar entrenamiento y prueba (umbral operativo: 15 meses observados, 4 demandas positivas).",29.22
ITEM_4430,1,1,0.9833,8.0,0.0,60.0,0.0,Intermitente,False,"Meses observados o demandas positivas insuficientes para conformar entrenamiento y prueba (umbral operativo: 15 meses observados, 4 demandas positivas).",14.4
ITEM_4431,1,1,0.9833,1.0,0.0,60.0,0.0,Intermitente,False,"Meses observados o demandas positivas insuficientes para conformar entrenamiento y prueba (umbral operativo: 15 meses observados, 4 demandas positivas).",14.36
ITEM_4432,2,2,0.9667,3.0,2.0,4.0,0.2222,Intermitente,False,"Meses observados o demandas positivas insuficientes para conformar entrenamiento y prueba (umbral operativo: 15 meses observados, 4 demandas positivas).",21.36
ITEM_4433,1,1,0.9833,6.0,0.0,60.0,0.0,Intermitente,False,"Meses observados o demandas positivas insuficientes para conformar entrenamiento y prueba (umbral operativo: 15 meses observados, 4 demandas positivas).",14.35
ITEM_4434,1,1,0.9833,32.0,0.0,60.0,0.0,Intermitente,False,"Meses observados o demandas positivas insuficientes para conformar entrenamiento y prueba (umbral operativo: 15 meses observados, 4 demandas positivas).",14.28
ITEM_4435,1,1,0.9833,1.0,0.0,60.0,0.0,Intermitente,False,"Meses observados o demandas positivas insuficientes para conformar entrenamiento y prueba (umbral operativo: 15 meses observados, 4 demandas positivas).",14.25
ITEM_4436,1,1,0.9833,10.0,0.0,60.0,0.0,Intermitente,False,"Meses observados o demandas positivas insuficientes para conformar entrenamiento y prueba (umbral operativo: 15 meses observados, 4 demandas positivas).",14.24
ITEM_4437,1,1,0.9833,2.0,0.0,60.0,0.0,Intermitente,False,"Meses observados o demandas positivas insuficientes para conformar entrenamiento y prueba (umbral operativo: 15 meses observados, 4 demandas positivas).",14.2
ITEM_4438,1,1,0.9833,20.0,0.0,60.0,0.0,Intermitente,False,"Meses observados o demandas positivas insuficientes para conformar entrenamiento y prueba (umbral operativo: 15 meses observados, 4 demandas positivas).",14.2
ITEM_4439,1,1,0.9833,20.0,0.0,60.0,0.0,Intermitente,False,"Meses observados o demandas positivas insuficientes para conformar entrenamiento y prueba (umbral operativo: 15 meses observados, 4 demandas positivas).",14.2
ITEM_4440,2,2,0.9667,2.0,0.0,3.0,0.0,Intermitente,False,"Meses observados o demandas positivas insuficientes para conformar entrenamiento y prueba (umbral operativo: 15 meses observados, 4 demandas positivas).",28.2
ITEM_4441,1,1,0.9833,6.0,0.0,60.0,0.0,Intermitente,False,"Meses observados o demandas positivas insuficientes para conformar entrenamiento y prueba (umbral operativo: 15 meses observados, 4 demandas positivas).",14.06
ITEM_4443,5,5,0.9167,2.8,1.2,7.75,0.1531,Intermitente,False,"Meses observados o demandas positivas insuficientes para conformar entrenamiento y prueba (umbral operativo: 15 meses observados, 4 demandas positivas).",44.29
ITEM_4444,1,1,0.9833,5.0,0.0,60.0,0.0,Intermitente,False,"Meses observados o demandas positivas insuficientes para conformar entrenamiento y prueba (umbral operativo: 15 meses observados, 4 demandas positivas).",14.0
ITEM_4445,3,3,0.95,1.3333,0.3333,14.0,0.1875,Intermitente,False,"Meses observados o demandas positivas insuficientes para conformar entrenamiento y prueba (umbral operativo: 15 meses observados, 4 demandas positivas).",25.0
ITEM_4446,3,3,0.95,1.3333,0.3333,13.0,0.1875,Intermitente,False,"Meses observados o demandas positivas insuficientes para conformar entrenamiento y prueba (umbral operativo: 15 meses observados, 4 demandas positivas).",32.63
ITEM_4447,1,1,0.9833,4.0,0.0,60.0,0.0,Intermitente,False,"Meses observados o demandas positivas insuficientes para conformar entrenamiento y prueba (umbral operativo: 15 meses observados, 4 demandas positivas).",13.96
ITEM_4448,2,2,0.9667,3.5,4.5,6.0,0.3673,Intermitente,False,"Meses observados o demandas positivas insuficientes para conformar entrenamiento y prueba (umbral operativo: 15 meses observados, 4 demandas positivas).",22.37
ITEM_4449,1,1,0.9833,4.0,0.0,60.0,0.0,Intermitente,False,"Meses observados o demandas positivas insuficientes para conformar entrenamiento y prueba (umbral operativo: 15 meses observados, 4 demandas positivas).",13.95
ITEM_4450,1,1,0.9833,2.0,0.0,60.0,0.0,Intermitente,False,"Meses observados o demandas positivas insuficientes para conformar entrenamiento y prueba (umbral operativo: 15 meses observados, 4 demandas positivas).",13.94
ITEM_4451,1,1,0.9833,1.0,0.0,60.0,0.0,Intermitente,False,"Meses observados o demandas positivas insuficientes para conformar entrenamiento y prueba (umbral operativo: 15 meses observados, 4 demandas positivas).",13.93
ITEM_4452,3,3,0.95,1.0,0.0,3.0,0.0,Intermitente,False,"Meses observados o demandas positivas insuficientes para conformar entrenamiento y prueba (umbral operativo: 15 meses observados, 4 demandas positivas).",24.82
ITEM_4453,1,1,0.9833,4.0,0.0,60.0,0.0,Intermitente,False,"Meses observados o demandas positivas insuficientes para conformar entrenamiento y prueba (umbral operativo: 15 meses observados, 4 demandas positivas).",13.86
ITEM_4454,1,1,0.9833,20.0,0.0,60.0,0.0,Intermitente,False,"Meses observados o demandas positivas insuficientes para conformar entrenamiento y prueba (umbral operativo: 15 meses observados, 4 demandas positivas).",13.86
ITEM_4455,4,4,0.9333,9.0,4.0,6.0,0.0494,Intermitente,False,"Meses observados o demandas positivas insuficientes para conformar entrenamiento y prueba (umbral operativo: 15 meses observados, 4 demandas positivas).",37.3
ITEM_4456,1,1,0.9833,2.0,0.0,60.0,0.0,Intermitente,False,"Meses observados o demandas positivas insuficientes para conformar entrenamiento y prueba (umbral operativo: 15 meses observados, 4 demandas positivas).",13.82
ITEM_4457,8,8,0.8667,4.125,2.6964,5.4286,0.1585,Intermitente,False,"Meses observados o demandas positivas insuficientes para conformar entrenamiento y prueba (umbral operativo: 15 meses observados, 4 demandas positivas).",62.1
ITEM_4458,1,1,0.9833,3.0,0.0,60.0,0.0,Intermitente,False,"Meses observados o demandas positivas insuficientes para conformar entrenamiento y prueba (umbral operativo: 15 meses observados, 4 demandas positivas).",13.8
ITEM_4459,1,1,0.9833,2.0,0.0,60.0,0.0,Intermitente,False,"Meses observados o demandas positivas insuficientes para conformar entrenamiento y prueba (umbral operativo: 15 meses observados, 4 demandas positivas).",13.77
ITEM_4460,3,3,0.95,1.6667,0.3333,15.0,0.12,Intermitente,False,"Meses observados o demandas positivas insuficientes para conformar entrenamiento y prueba (umbral operativo: 15 meses observados, 4 demandas positivas).",25.74
ITEM_4461,1,1,0.9833,4.0,0.0,60.0,0.0,Intermitente,False,"Meses observados o demandas positivas insuficientes para conformar entrenamiento y prueba (umbral operativo: 15 meses observados, 4 demandas positivas).",13.69
ITEM_4462,2,2,0.9667,1.5,0.5,3.0,0.2222,Intermitente,False,"Meses observados o demandas positivas insuficientes para conformar entrenamiento y prueba (umbral operativo: 15 meses observados, 4 demandas positivas).",20.43
ITEM_4463,1,1,0.9833,2.0,0.0,60.0,0.0,Intermitente,False,"Meses observados o demandas positivas insuficientes para conformar entrenamiento y prueba (umbral operativo: 15 meses observados, 4 demandas positivas).",27.1
ITEM_4464,2,2,0.9667,1.0,0.0,26.0,0.0,Intermitente,False,"Meses observados o demandas positivas insuficientes para conformar entrenamiento y prueba (umbral operativo: 15 meses observados, 4 demandas positivas).",20.55
ITEM_4465,1,1,0.9833,6.0,0.0,60.0,0.0,Intermitente,False,"Meses observados o demandas positivas insuficientes para conformar entrenamiento y prueba (umbral operativo: 15 meses observados, 4 demandas positivas).",13.53
ITEM_4466,1,1,0.9833,30.0,0.0,60.0,0.0,Intermitente,False,"Meses observados o demandas positivas insuficientes para conformar entrenamiento y prueba (umbral operativo: 15 meses observados, 4 demandas positivas).",13.5
ITEM_4467,1,1,0.9833,1.0,0.0,60.0,0.0,Intermitente,False,"Meses observados o demandas positivas insuficientes para conformar entrenamiento y prueba (umbral operativo: 15 meses observados, 4 demandas positivas).",13.5
ITEM_4468,6,6,0.9,1.0,0.0,7.2,0.0,Intermitente,False,"Meses observados o demandas positivas insuficientes para conformar entrenamiento y prueba (umbral operativo: 15 meses observados, 4 demandas positivas).",66.2
ITEM_4469,1,1,0.9833,1.0,0.0,60.0,0.0,Intermitente,False,"Meses observados o demandas positivas insuficientes para conformar entrenamiento y prueba (umbral operativo: 15 meses observados, 4 demandas positivas).",13.5
ITEM_4470,1,1,0.9833,3.0,0.0,60.0,0.0,Intermitente,False,"Meses observados o demandas positivas insuficientes para conformar entrenamiento y prueba (umbral operativo: 15 meses observados, 4 demandas positivas).",13.5
ITEM_4471,1,1,0.9833,2.0,0.0,60.0,0.0,Intermitente,False,"Meses observados o demandas positivas insuficientes para conformar entrenamiento y prueba (umbral operativo: 15 meses observados, 4 demandas positivas).",13.36
ITEM_4472,1,1,0.9833,1.0,0.0,60.0,0.0,Intermitente,False,"Meses observados o demandas positivas insuficientes para conformar entrenamiento y prueba (umbral operativo: 15 meses observados, 4 demandas positivas).",13.35
ITEM_4473,1,1,0.9833,2.0,0.0,60.0,0.0,Intermitente,False,"Meses observados o demandas positivas insuficientes para conformar entrenamiento y prueba (umbral operativo: 15 meses observados, 4 demandas positivas).",13.35
ITEM_4474,1,1,0.9833,16.0,0.0,60.0,0.0,Intermitente,False,"Meses observados o demandas positivas insuficientes para conformar entrenamiento y prueba (umbral operativo: 15 meses observados, 4 demandas positivas).",13.32
ITEM_4475,1,1,0.9833,120.0,0.0,60.0,0.0,Intermitente,False,"Meses observados o demandas positivas insuficientes para conformar entrenamiento y prueba (umbral operativo: 15 meses observados, 4 demandas positivas).",13.24
ITEM_4476,1,1,0.9833,16.0,0.0,60.0,0.0,Intermitente,False,"Meses observados o demandas positivas insuficientes para conformar entrenamiento y prueba (umbral operativo: 15 meses observados, 4 demandas positivas).",13.21
ITEM_4477,8,8,0.8667,1.375,0.2679,5.2857,0.1417,Intermitente,False,"Meses observados o demandas positivas insuficientes para conformar entrenamiento y prueba (umbral operativo: 15 meses observados, 4 demandas positivas).",73.65
ITEM_4478,2,2,0.9667,1.0,0.0,19.0,0.0,Intermitente,False,"Meses observados o demandas positivas insuficientes para conformar entrenamiento y prueba (umbral operativo: 15 meses observados, 4 demandas positivas).",22.18
ITEM_4479,1,1,0.9833,3.0,0.0,60.0,0.0,Intermitente,False,"Meses observados o demandas positivas insuficientes para conformar entrenamiento y prueba (umbral operativo: 15 meses observados, 4 demandas positivas).",13.13
ITEM_4480,2,2,0.9667,2.0,2.0,27.0,0.5,Lumpy,False,"Meses observados o demandas positivas insuficientes para conformar entrenamiento y prueba (umbral operativo: 15 meses observados, 4 demandas positivas).",22.21
ITEM_4481,2,2,0.9667,5.0,2.0,5.0,0.08,Intermitente,False,"Meses observados o demandas positivas insuficientes para conformar entrenamiento y prueba (umbral operativo: 15 meses observados, 4 demandas positivas).",21.78
ITEM_4482,1,1,0.9833,40.0,0.0,60.0,0.0,Intermitente,False,"Meses observados o demandas positivas insuficientes para conformar entrenamiento y prueba (umbral operativo: 15 meses observados, 4 demandas positivas).",13.05
ITEM_4483,1,1,0.9833,2.0,0.0,60.0,0.0,Intermitente,False,"Meses observados o demandas positivas insuficientes para conformar entrenamiento y prueba (umbral operativo: 15 meses observados, 4 demandas positivas).",13.0
ITEM_4484,1,1,0.9833,2.0,0.0,60.0,0.0,Intermitente,False,"Meses observados o demandas positivas insuficientes para conformar entrenamiento y prueba (umbral operativo: 15 meses observados, 4 demandas positivas).",13.0
ITEM_4485,2,2,0.9667,2.0,0.0,7.0,0.0,Intermitente,False,"Meses observados o demandas positivas insuficientes para conformar entrenamiento y prueba (umbral operativo: 15 meses observados, 4 demandas positivas).",26.0
ITEM_4486,1,1,0.9833,200.0,0.0,60.0,0.0,Intermitente,False,"Meses observados o demandas positivas insuficientes para conformar entrenamiento y prueba (umbral operativo: 15 meses observados, 4 demandas positivas).",13.0
ITEM_4487,3,3,0.95,4.6667,1.3333,10.5,0.0612,Intermitente,False,"Meses observados o demandas positivas insuficientes para conformar entrenamiento y prueba (umbral operativo: 15 meses observados, 4 demandas positivas).",24.6
ITEM_4488,2,2,0.9667,13.5,264.5,14.0,1.4513,Lumpy,False,"Meses observados o demandas positivas insuficientes para conformar entrenamiento y prueba (umbral operativo: 15 meses observados, 4 demandas positivas).",19.45
ITEM_4489,1,1,0.9833,2.0,0.0,60.0,0.0,Intermitente,False,"Meses observados o demandas positivas insuficientes para conformar entrenamiento y prueba (umbral operativo: 15 meses observados, 4 demandas positivas).",12.82
ITEM_4490,1,1,0.9833,1.0,0.0,60.0,0.0,Intermitente,False,"Meses observados o demandas positivas insuficientes para conformar entrenamiento y prueba (umbral operativo: 15 meses observados, 4 demandas positivas).",12.8
ITEM_4491,2,2,0.9667,8.0,8.0,28.0,0.125,Intermitente,False,"Meses observados o demandas positivas insuficientes para conformar entrenamiento y prueba (umbral operativo: 15 meses observados, 4 demandas positivas).",23.55
ITEM_4492,2,2,0.9667,1.0,0.0,22.0,0.0,Intermitente,False,"Meses observados o demandas positivas insuficientes para conformar entrenamiento y prueba (umbral operativo: 15 meses observados, 4 demandas positivas).",23.53
ITEM_4493,1,1,0.9833,4.0,0.0,60.0,0.0,Intermitente,False,"Meses observados o demandas positivas insuficientes para conformar entrenamiento y prueba (umbral operativo: 15 meses observados, 4 demandas positivas).",25.33
ITEM_4494,1,1,0.9833,1.0,0.0,60.0,0.0,Intermitente,False,"Meses observados o demandas positivas insuficientes para conformar entrenamiento y prueba (umbral operativo: 15 meses observados, 4 demandas positivas).",12.69
ITEM_4495,1,1,0.9833,1.0,0.0,60.0,0.0,Intermitente,False,"Meses observados o demandas positivas insuficientes para conformar entrenamiento y prueba (umbral operativo: 15 meses observados, 4 demandas positivas).",12.66
ITEM_4496,2,2,0.9667,1.0,0.0,3.0,0.0,Intermitente,False,"Meses observados o demandas positivas insuficientes para conformar entrenamiento y prueba (umbral operativo: 15 meses observados, 4 demandas positivas).",25.04
ITEM_4497,1,1,0.9833,1.0,0.0,60.0,0.0,Intermitente,False,"Meses observados o demandas positivas insuficientes para conformar entrenamiento y prueba (umbral operativo: 15 meses observados, 4 demandas positivas).",12.62
ITEM_4498,1,1,0.9833,1.0,0.0,60.0,0.0,Intermitente,False,"Meses observados o demandas positivas insuficientes para conformar entrenamiento y prueba (umbral operativo: 15 meses observados, 4 demandas positivas).",12.62
ITEM_4499,10,10,0.8333,6.1,30.7667,4.6667,0.8268,Lumpy,False,"Meses observados o demandas positivas insuficientes para conformar entrenamiento y prueba (umbral operativo: 15 meses observados, 4 demandas positivas).",124.85
ITEM_4500,3,3,0.95,25.3333,85.3333,16.5,0.133,Intermitente,False,"Meses observados o demandas positivas insuficientes para conformar entrenamiento y prueba (umbral operativo: 15 meses observados, 4 demandas positivas).",16.72
ITEM_4501,1,1,0.9833,2.0,0.0,60.0,0.0,Intermitente,False,"Meses observados o demandas positivas insuficientes para conformar entrenamiento y prueba (umbral operativo: 15 meses observados, 4 demandas positivas).",12.59
ITEM_4502,2,2,0.9667,1.0,0.0,5.0,0.0,Intermitente,False,"Meses observados o demandas positivas insuficientes para conformar entrenamiento y prueba (umbral operativo: 15 meses observados, 4 demandas positivas).",20.06
ITEM_4503,4,4,0.9333,9.0,12.0,10.3333,0.1481,Intermitente,False,"Meses observados o demandas positivas insuficientes para conformar entrenamiento y prueba (umbral operativo: 15 meses observados, 4 demandas positivas).",38.49
ITEM_4504,2,2,0.9667,13.0,162.0,4.0,0.9586,Lumpy,False,"Meses observados o demandas positivas insuficientes para conformar entrenamiento y prueba (umbral operativo: 15 meses observados, 4 demandas positivas).",38.2
ITEM_4505,1,1,0.9833,4.0,0.0,60.0,0.0,Intermitente,False,"Meses observados o demandas positivas insuficientes para conformar entrenamiento y prueba (umbral operativo: 15 meses observados, 4 demandas positivas).",12.54
ITEM_4506,1,1,0.9833,1.0,0.0,60.0,0.0,Intermitente,False,"Meses observados o demandas positivas insuficientes para conformar entrenamiento y prueba (umbral operativo: 15 meses observados, 4 demandas positivas).",12.54
ITEM_4507,1,1,0.9833,10.0,0.0,60.0,0.0,Intermitente,False,"Meses observados o demandas positivas insuficientes para conformar entrenamiento y prueba (umbral operativo: 15 meses observados, 4 demandas positivas).",12.5
ITEM_4508,1,1,0.9833,3.0,0.0,60.0,0.0,Intermitente,False,"Meses observados o demandas positivas insuficientes para conformar entrenamiento y prueba (umbral operativo: 15 meses observados, 4 demandas positivas).",12.45
ITEM_4509,1,1,0.9833,2.0,0.0,60.0,0.0,Intermitente,False,"Meses observados o demandas positivas insuficientes para conformar entrenamiento y prueba (umbral operativo: 15 meses observados, 4 demandas positivas).",12.36
ITEM_4510,1,1,0.9833,5.0,0.0,60.0,0.0,Intermitente,False,"Meses observados o demandas positivas insuficientes para conformar entrenamiento y prueba (umbral operativo: 15 meses observados, 4 demandas positivas).",12.33
ITEM_4511,2,2,0.9667,1.5,0.5,18.0,0.2222,Intermitente,False,"Meses observados o demandas positivas insuficientes para conformar entrenamiento y prueba (umbral operativo: 15 meses observados, 4 demandas positivas).",16.86
ITEM_4512,1,1,0.9833,100.0,0.0,60.0,0.0,Intermitente,False,"Meses observados o demandas positivas insuficientes para conformar entrenamiento y prueba (umbral operativo: 15 meses observados, 4 demandas positivas).",12.32
ITEM_4513,1,1,0.9833,4.0,0.0,60.0,0.0,Intermitente,False,"Meses observados o demandas positivas insuficientes para conformar entrenamiento y prueba (umbral operativo: 15 meses observados, 4 demandas positivas).",12.32
ITEM_4514,2,2,0.9667,2.0,0.0,4.0,0.0,Intermitente,False,"Meses observados o demandas positivas insuficientes para conformar entrenamiento y prueba (umbral operativo: 15 meses observados, 4 demandas positivas).",24.09
ITEM_4515,2,2,0.9667,2.0,0.0,4.0,0.0,Intermitente,False,"Meses observados o demandas positivas insuficientes para conformar entrenamiento y prueba (umbral operativo: 15 meses observados, 4 demandas positivas).",24.09
ITEM_4516,1,1,0.9833,2.0,0.0,60.0,0.0,Intermitente,False,"Meses observados o demandas positivas insuficientes para conformar entrenamiento y prueba (umbral operativo: 15 meses observados, 4 demandas positivas).",12.26
ITEM_4517,1,1,0.9833,1.0,0.0,60.0,0.0,Intermitente,False,"Meses observados o demandas positivas insuficientes para conformar entrenamiento y prueba (umbral operativo: 15 meses observados, 4 demandas positivas).",12.11
ITEM_4518,2,2,0.9667,2.0,0.0,10.0,0.0,Intermitente,False,"Meses observados o demandas positivas insuficientes para conformar entrenamiento y prueba (umbral operativo: 15 meses observados, 4 demandas positivas).",20.69
ITEM_4519,6,6,0.9,4.1667,11.3667,6.8,0.6547,Lumpy,False,"Meses observados o demandas positivas insuficientes para conformar entrenamiento y prueba (umbral operativo: 15 meses observados, 4 demandas positivas).",41.09
ITEM_4520,1,1,0.9833,20.0,0.0,60.0,0.0,Intermitente,False,"Meses observados o demandas positivas insuficientes para conformar entrenamiento y prueba (umbral operativo: 15 meses observados, 4 demandas positivas).",12.0
ITEM_4521,1,1,0.9833,24.0,0.0,60.0,0.0,Intermitente,False,"Meses observados o demandas positivas insuficientes para conformar entrenamiento y prueba (umbral operativo: 15 meses observados, 4 demandas positivas).",12.0
ITEM_4522,1,1,0.9833,130.0,0.0,60.0,0.0,Intermitente,False,"Meses observados o demandas positivas insuficientes para conformar entrenamiento y prueba (umbral operativo: 15 meses observados, 4 demandas positivas).",31.58
ITEM_4523,1,1,0.9833,4.0,0.0,60.0,0.0,Intermitente,False,"Meses observados o demandas positivas insuficientes para conformar entrenamiento y prueba (umbral operativo: 15 meses observados, 4 demandas positivas).",12.0
ITEM_4524,1,1,0.9833,20.0,0.0,60.0,0.0,Intermitente,False,"Meses observados o demandas positivas insuficientes para conformar entrenamiento y prueba (umbral operativo: 15 meses observados, 4 demandas positivas).",12.0
ITEM_4525,3,3,0.95,9.3333,9.3333,8.0,0.1071,Intermitente,False,"Meses observados o demandas positivas insuficientes para conformar entrenamiento y prueba (umbral operativo: 15 meses observados, 4 demandas positivas).",25.19
ITEM_4526,1,1,0.9833,1.0,0.0,60.0,0.0,Intermitente,False,"Meses observados o demandas positivas insuficientes para conformar entrenamiento y prueba (umbral operativo: 15 meses observados, 4 demandas positivas).",12.0
ITEM_4527,2,2,0.9667,3.0,0.0,9.0,0.0,Intermitente,False,"Meses observados o demandas positivas insuficientes para conformar entrenamiento y prueba (umbral operativo: 15 meses observados, 4 demandas positivas).",23.64
ITEM_4528,1,1,0.9833,2.0,0.0,60.0,0.0,Intermitente,False,"Meses observados o demandas positivas insuficientes para conformar entrenamiento y prueba (umbral operativo: 15 meses observados, 4 demandas positivas).",12.0
ITEM_4529,1,1,0.9833,1.0,0.0,60.0,0.0,Intermitente,False,"Meses observados o demandas positivas insuficientes para conformar entrenamiento y prueba (umbral operativo: 15 meses observados, 4 demandas positivas).",12.0
ITEM_4530,1,1,0.9833,5.0,0.0,60.0,0.0,Intermitente,False,"Meses observados o demandas positivas insuficientes para conformar entrenamiento y prueba (umbral operativo: 15 meses observados, 4 demandas positivas).",12.0
ITEM_4531,1,1,0.9833,12.0,0.0,60.0,0.0,Intermitente,False,"Meses observados o demandas positivas insuficientes para conformar entrenamiento y prueba (umbral operativo: 15 meses observados, 4 demandas positivas).",12.0
ITEM_4532,1,1,0.9833,3.0,0.0,60.0,0.0,Intermitente,False,"Meses observados o demandas positivas insuficientes para conformar entrenamiento y prueba (umbral operativo: 15 meses observados, 4 demandas positivas).",12.0
ITEM_4533,1,1,0.9833,1.0,0.0,60.0,0.0,Intermitente,False,"Meses observados o demandas positivas insuficientes para conformar entrenamiento y prueba (umbral operativo: 15 meses observados, 4 demandas positivas).",12.0
ITEM_4534,1,1,0.9833,1.0,0.0,60.0,0.0,Intermitente,False,"Meses observados o demandas positivas insuficientes para conformar entrenamiento y prueba (umbral operativo: 15 meses observados, 4 demandas positivas).",12.0
ITEM_4535,1,1,0.9833,1.0,0.0,60.0,0.0,Intermitente,False,"Meses observados o demandas positivas insuficientes para conformar entrenamiento y prueba (umbral operativo: 15 meses observados, 4 demandas positivas).",12.0
ITEM_4536,1,1,0.9833,8.0,0.0,60.0,0.0,Intermitente,False,"Meses observados o demandas positivas insuficientes para conformar entrenamiento y prueba (umbral operativo: 15 meses observados, 4 demandas positivas).",12.0
ITEM_4537,1,1,0.9833,10.0,0.0,60.0,0.0,Intermitente,False,"Meses observados o demandas positivas insuficientes para conformar entrenamiento y prueba (umbral operativo: 15 meses observados, 4 demandas positivas).",12.0
ITEM_4538,1,1,0.9833,6.0,0.0,60.0,0.0,Intermitente,False,"Meses observados o demandas positivas insuficientes para conformar entrenamiento y prueba (umbral operativo: 15 meses observados, 4 demandas positivas).",18.01
ITEM_4539,2,2,0.9667,7.0,18.0,14.0,0.3673,Intermitente,False,"Meses observados o demandas positivas insuficientes para conformar entrenamiento y prueba (umbral operativo: 15 meses observados, 4 demandas positivas).",20.9
ITEM_4540,5,5,0.9167,1.0,0.0,4.5,0.0,Intermitente,False,"Meses observados o demandas positivas insuficientes para conformar entrenamiento y prueba (umbral operativo: 15 meses observados, 4 demandas positivas).",48.45
ITEM_4541,1,1,0.9833,24.0,0.0,60.0,0.0,Intermitente,False,"Meses observados o demandas positivas insuficientes para conformar entrenamiento y prueba (umbral operativo: 15 meses observados, 4 demandas positivas).",11.84
ITEM_4542,1,1,0.9833,20.0,0.0,60.0,0.0,Intermitente,False,"Meses observados o demandas positivas insuficientes para conformar entrenamiento y prueba (umbral operativo: 15 meses observados, 4 demandas positivas).",11.82
ITEM_4543,1,1,0.9833,2.0,0.0,60.0,0.0,Intermitente,False,"Meses observados o demandas positivas insuficientes para conformar entrenamiento y prueba (umbral operativo: 15 meses observados, 4 demandas positivas).",11.8
ITEM_4544,2,2,0.9667,2.0,2.0,20.0,0.5,Lumpy,False,"Meses observados o demandas positivas insuficientes para conformar entrenamiento y prueba (umbral operativo: 15 meses observados, 4 demandas positivas).",20.62
ITEM_4545,1,1,0.9833,1.0,0.0,60.0,0.0,Intermitente,False,"Meses observados o demandas positivas insuficientes para conformar entrenamiento y prueba (umbral operativo: 15 meses observados, 4 demandas positivas).",11.62
ITEM_4546,1,1,0.9833,20.0,0.0,60.0,0.0,Intermitente,False,"Meses observados o demandas positivas insuficientes para conformar entrenamiento y prueba (umbral operativo: 15 meses observados, 4 demandas positivas).",11.6
ITEM_4548,1,1,0.9833,6.0,0.0,60.0,0.0,Intermitente,False,"Meses observados o demandas positivas insuficientes para conformar entrenamiento y prueba (umbral operativo: 15 meses observados, 4 demandas positivas).",11.54
ITEM_4549,1,1,0.9833,1.0,0.0,60.0,0.0,Intermitente,False,"Meses observados o demandas positivas insuficientes para conformar entrenamiento y prueba (umbral operativo: 15 meses observados, 4 demandas positivas).",11.54
ITEM_4550,1,1,0.9833,3.0,0.0,60.0,0.0,Intermitente,False,"Meses observados o demandas positivas insuficientes para conformar entrenamiento y prueba (umbral operativo: 15 meses observados, 4 demandas positivas).",11.4
ITEM_4551,1,1,0.9833,12.0,0.0,60.0,0.0,Intermitente,False,"Meses observados o demandas positivas insuficientes para conformar entrenamiento y prueba (umbral operativo: 15 meses observados, 4 demandas positivas).",11.4
ITEM_4552,1,1,0.9833,10.0,0.0,60.0,0.0,Intermitente,False,"Meses observados o demandas positivas insuficientes para conformar entrenamiento y prueba (umbral operativo: 15 meses observados, 4 demandas positivas).",11.4
ITEM_4553,1,1,0.9833,24.0,0.0,60.0,0.0,Intermitente,False,"Meses observados o demandas positivas insuficientes para conformar entrenamiento y prueba (umbral operativo: 15 meses observados, 4 demandas positivas).",11.36
ITEM_4554,2,2,0.9667,1.0,0.0,4.0,0.0,Intermitente,False,"Meses observados o demandas positivas insuficientes para conformar entrenamiento y prueba (umbral operativo: 15 meses observados, 4 demandas positivas).",19.0
ITEM_4555,1,1,0.9833,12.0,0.0,60.0,0.0,Intermitente,False,"Meses observados o demandas positivas insuficientes para conformar entrenamiento y prueba (umbral operativo: 15 meses observados, 4 demandas positivas).",11.28
ITEM_4556,1,1,0.9833,12.0,0.0,60.0,0.0,Intermitente,False,"Meses observados o demandas positivas insuficientes para conformar entrenamiento y prueba (umbral operativo: 15 meses observados, 4 demandas positivas).",11.28
ITEM_4557,11,11,0.8167,15.1818,181.7636,6.2,0.7886,Lumpy,False,"Meses observados o demandas positivas insuficientes para conformar entrenamiento y prueba (umbral operativo: 15 meses observados, 4 demandas positivas).",97.53
ITEM_4558,1,1,0.9833,2.0,0.0,60.0,0.0,Intermitente,False,"Meses observados o demandas positivas insuficientes para conformar entrenamiento y prueba (umbral operativo: 15 meses observados, 4 demandas positivas).",11.24
ITEM_4559,1,1,0.9833,8.0,0.0,60.0,0.0,Intermitente,False,"Meses observados o demandas positivas insuficientes para conformar entrenamiento y prueba (umbral operativo: 15 meses observados, 4 demandas positivas).",11.2
ITEM_4560,1,1,0.9833,8.0,0.0,60.0,0.0,Intermitente,False,"Meses observados o demandas positivas insuficientes para conformar entrenamiento y prueba (umbral operativo: 15 meses observados, 4 demandas positivas).",11.2
ITEM_4561,2,2,0.9667,2.0,0.0,17.0,0.0,Intermitente,False,"Meses observados o demandas positivas insuficientes para conformar entrenamiento y prueba (umbral operativo: 15 meses observados, 4 demandas positivas).",20.64
ITEM_4562,7,7,0.8833,1.0,0.0,5.8333,0.0,Intermitente,False,"Meses observados o demandas positivas insuficientes para conformar entrenamiento y prueba (umbral operativo: 15 meses observados, 4 demandas positivas).",69.08
ITEM_4563,1,1,0.9833,36.0,0.0,60.0,0.0,Intermitente,False,"Meses observados o demandas positivas insuficientes para conformar entrenamiento y prueba (umbral operativo: 15 meses observados, 4 demandas positivas).",11.1
ITEM_4564,6,6,0.9,2.1667,0.9667,5.2,0.2059,Intermitente,False,"Meses observados o demandas positivas insuficientes para conformar entrenamiento y prueba (umbral operativo: 15 meses observados, 4 demandas positivas).",36.57
ITEM_4565,1,1,0.9833,200.0,0.0,60.0,0.0,Intermitente,False,"Meses observados o demandas positivas insuficientes para conformar entrenamiento y prueba (umbral operativo: 15 meses observados, 4 demandas positivas).",11.08
ITEM_4566,1,1,0.9833,2.0,0.0,60.0,0.0,Intermitente,False,"Meses observados o demandas positivas insuficientes para conformar entrenamiento y prueba (umbral operativo: 15 meses observados, 4 demandas positivas).",11.06
ITEM_4567,1,1,0.9833,5.0,0.0,60.0,0.0,Intermitente,False,"Meses observados o demandas positivas insuficientes para conformar entrenamiento y prueba (umbral operativo: 15 meses observados, 4 demandas positivas).",11.03
ITEM_4568,2,2,0.9667,1.0,0.0,7.0,0.0,Intermitente,False,"Meses observados o demandas positivas insuficientes para conformar entrenamiento y prueba (umbral operativo: 15 meses observados, 4 demandas positivas).",22.0
ITEM_4569,4,4,0.9333,1.0,0.0,8.0,0.0,Intermitente,False,"Meses observados o demandas positivas insuficientes para conformar entrenamiento y prueba (umbral operativo: 15 meses observados, 4 demandas positivas).",25.23
ITEM_4570,1,1,0.9833,10.0,0.0,60.0,0.0,Intermitente,False,"Meses observados o demandas positivas insuficientes para conformar entrenamiento y prueba (umbral operativo: 15 meses observados, 4 demandas positivas).",11.0
ITEM_4571,1,1,0.9833,1.0,0.0,60.0,0.0,Intermitente,False,"Meses observados o demandas positivas insuficientes para conformar entrenamiento y prueba (umbral operativo: 15 meses observados, 4 demandas positivas).",10.96
ITEM_4572,1,1,0.9833,2.0,0.0,60.0,0.0,Intermitente,False,"Meses observados o demandas positivas insuficientes para conformar entrenamiento y prueba (umbral operativo: 15 meses observados, 4 demandas positivas).",10.96
ITEM_4573,1,1,0.9833,1.0,0.0,60.0,0.0,Intermitente,False,"Meses observados o demandas positivas insuficientes para conformar entrenamiento y prueba (umbral operativo: 15 meses observados, 4 demandas positivas).",10.93
ITEM_4574,1,1,0.9833,1.0,0.0,60.0,0.0,Intermitente,False,"Meses observados o demandas positivas insuficientes para conformar entrenamiento y prueba (umbral operativo: 15 meses observados, 4 demandas positivas).",10.92
ITEM_4575,1,1,0.9833,1.0,0.0,60.0,0.0,Intermitente,False,"Meses observados o demandas positivas insuficientes para conformar entrenamiento y prueba (umbral operativo: 15 meses observados, 4 demandas positivas).",10.8
ITEM_4576,6,6,0.9,19.1667,143.3667,6.6,0.3903,Intermitente,False,"Meses observados o demandas positivas insuficientes para conformar entrenamiento y prueba (umbral operativo: 15 meses observados, 4 demandas positivas).",41.08
ITEM_4577,2,2,0.9667,2.0,0.0,3.0,0.0,Intermitente,False,"Meses observados o demandas positivas insuficientes para conformar entrenamiento y prueba (umbral operativo: 15 meses observados, 4 demandas positivas).",14.8
ITEM_4578,2,2,0.9667,24.0,0.0,4.0,0.0,Intermitente,False,"Meses observados o demandas positivas insuficientes para conformar entrenamiento y prueba (umbral operativo: 15 meses observados, 4 demandas positivas).",21.07
ITEM_4579,2,2,0.9667,4.0,0.0,25.0,0.0,Intermitente,False,"Meses observados o demandas positivas insuficientes para conformar entrenamiento y prueba (umbral operativo: 15 meses observados, 4 demandas positivas).",18.9
ITEM_4580,2,2,0.9667,120.0,0.0,2.0,0.0,Intermitente,False,"Meses observados o demandas positivas insuficientes para conformar entrenamiento y prueba (umbral operativo: 15 meses observados, 4 demandas positivas).",21.6
ITEM_4581,1,1,0.9833,1.0,0.0,60.0,0.0,Intermitente,False,"Meses observados o demandas positivas insuficientes para conformar entrenamiento y prueba (umbral operativo: 15 meses observados, 4 demandas positivas).",10.78
ITEM_4582,1,1,0.9833,2.0,0.0,60.0,0.0,Intermitente,False,"Meses observados o demandas positivas insuficientes para conformar entrenamiento y prueba (umbral operativo: 15 meses observados, 4 demandas positivas).",10.7
ITEM_4583,1,1,0.9833,16.0,0.0,60.0,0.0,Intermitente,False,"Meses observados o demandas positivas insuficientes para conformar entrenamiento y prueba (umbral operativo: 15 meses observados, 4 demandas positivas).",10.64
ITEM_4584,1,1,0.9833,1.0,0.0,60.0,0.0,Intermitente,False,"Meses observados o demandas positivas insuficientes para conformar entrenamiento y prueba (umbral operativo: 15 meses observados, 4 demandas positivas).",10.63
ITEM_4585,1,1,0.9833,32.0,0.0,60.0,0.0,Intermitente,False,"Meses observados o demandas positivas insuficientes para conformar entrenamiento y prueba (umbral operativo: 15 meses observados, 4 demandas positivas).",10.63
ITEM_4586,1,1,0.9833,1.0,0.0,60.0,0.0,Intermitente,False,"Meses observados o demandas positivas insuficientes para conformar entrenamiento y prueba (umbral operativo: 15 meses observados, 4 demandas positivas).",10.61
ITEM_4587,1,1,0.9833,1.0,0.0,60.0,0.0,Intermitente,False,"Meses observados o demandas positivas insuficientes para conformar entrenamiento y prueba (umbral operativo: 15 meses observados, 4 demandas positivas).",10.61
ITEM_4588,1,1,0.9833,1.0,0.0,60.0,0.0,Intermitente,False,"Meses observados o demandas positivas insuficientes para conformar entrenamiento y prueba (umbral operativo: 15 meses observados, 4 demandas positivas).",10.6
ITEM_4589,1,1,0.9833,1.0,0.0,60.0,0.0,Intermitente,False,"Meses observados o demandas positivas insuficientes para conformar entrenamiento y prueba (umbral operativo: 15 meses observados, 4 demandas positivas).",10.56
ITEM_4590,1,1,0.9833,7.0,0.0,60.0,0.0,Intermitente,False,"Meses observados o demandas positivas insuficientes para conformar entrenamiento y prueba (umbral operativo: 15 meses observados, 4 demandas positivas).",10.5
ITEM_4591,2,2,0.9667,4.0,8.0,24.0,0.5,Lumpy,False,"Meses observados o demandas positivas insuficientes para conformar entrenamiento y prueba (umbral operativo: 15 meses observados, 4 demandas positivas).",13.5
ITEM_4592,1,1,0.9833,7.0,0.0,60.0,0.0,Intermitente,False,"Meses observados o demandas positivas insuficientes para conformar entrenamiento y prueba (umbral operativo: 15 meses observados, 4 demandas positivas).",10.5
ITEM_4593,1,1,0.9833,4.0,0.0,60.0,0.0,Intermitente,False,"Meses observados o demandas positivas insuficientes para conformar entrenamiento y prueba (umbral operativo: 15 meses observados, 4 demandas positivas).",10.5
ITEM_4594,1,1,0.9833,1.0,0.0,60.0,0.0,Intermitente,False,"Meses observados o demandas positivas insuficientes para conformar entrenamiento y prueba (umbral operativo: 15 meses observados, 4 demandas positivas).",10.47
ITEM_4595,1,1,0.9833,2.0,0.0,60.0,0.0,Intermitente,False,"Meses observados o demandas positivas insuficientes para conformar entrenamiento y prueba (umbral operativo: 15 meses observados, 4 demandas positivas).",10.46
ITEM_4596,1,1,0.9833,20.0,0.0,60.0,0.0,Intermitente,False,"Meses observados o demandas positivas insuficientes para conformar entrenamiento y prueba (umbral operativo: 15 meses observados, 4 demandas positivas).",10.44
ITEM_4597,1,1,0.9833,9.0,0.0,60.0,0.0,Intermitente,False,"Meses observados o demandas positivas insuficientes para conformar entrenamiento y prueba (umbral operativo: 15 meses observados, 4 demandas positivas).",14.8
ITEM_4598,6,6,0.9,1.0,0.0,7.2,0.0,Intermitente,False,"Meses observados o demandas positivas insuficientes para conformar entrenamiento y prueba (umbral operativo: 15 meses observados, 4 demandas positivas).",47.44
ITEM_4599,1,1,0.9833,7.0,0.0,60.0,0.0,Intermitente,False,"Meses observados o demandas positivas insuficientes para conformar entrenamiento y prueba (umbral operativo: 15 meses observados, 4 demandas positivas).",10.36
ITEM_4600,1,1,0.9833,5.0,0.0,60.0,0.0,Intermitente,False,"Meses observados o demandas positivas insuficientes para conformar entrenamiento y prueba (umbral operativo: 15 meses observados, 4 demandas positivas).",10.35
ITEM_4601,1,1,0.9833,120.0,0.0,60.0,0.0,Intermitente,False,"Meses observados o demandas positivas insuficientes para conformar entrenamiento y prueba (umbral operativo: 15 meses observados, 4 demandas positivas).",10.32
ITEM_4602,1,1,0.9833,1.0,0.0,60.0,0.0,Intermitente,False,"Meses observados o demandas positivas insuficientes para conformar entrenamiento y prueba (umbral operativo: 15 meses observados, 4 demandas positivas).",10.3
ITEM_4603,1,1,0.9833,1.0,0.0,60.0,0.0,Intermitente,False,"Meses observados o demandas positivas insuficientes para conformar entrenamiento y prueba (umbral operativo: 15 meses observados, 4 demandas positivas).",10.28
ITEM_4604,1,1,0.9833,4.0,0.0,60.0,0.0,Intermitente,False,"Meses observados o demandas positivas insuficientes para conformar entrenamiento y prueba (umbral operativo: 15 meses observados, 4 demandas positivas).",10.27
ITEM_4605,3,3,0.95,1.0,0.0,12.5,0.0,Intermitente,False,"Meses observados o demandas positivas insuficientes para conformar entrenamiento y prueba (umbral operativo: 15 meses observados, 4 demandas positivas).",26.7
ITEM_4606,1,1,0.9833,6.0,0.0,60.0,0.0,Intermitente,False,"Meses observados o demandas positivas insuficientes para conformar entrenamiento y prueba (umbral operativo: 15 meses observados, 4 demandas positivas).",10.2
ITEM_4607,2,2,0.9667,1.0,0.0,5.0,0.0,Intermitente,False,"Meses observados o demandas positivas insuficientes para conformar entrenamiento y prueba (umbral operativo: 15 meses observados, 4 demandas positivas).",16.44
ITEM_4608,1,1,0.9833,6.0,0.0,60.0,0.0,Intermitente,False,"Meses observados o demandas positivas insuficientes para conformar entrenamiento y prueba (umbral operativo: 15 meses observados, 4 demandas positivas).",10.2
ITEM_4609,1,1,0.9833,6.0,0.0,60.0,0.0,Intermitente,False,"Meses observados o demandas positivas insuficientes para conformar entrenamiento y prueba (umbral operativo: 15 meses observados, 4 demandas positivas).",10.2
ITEM_4610,5,5,0.9167,1.2,0.2,8.0,0.1389,Intermitente,False,"Meses observados o demandas positivas insuficientes para conformar entrenamiento y prueba (umbral operativo: 15 meses observados, 4 demandas positivas).",35.16
ITEM_4611,1,1,0.9833,2.0,0.0,60.0,0.0,Intermitente,False,"Meses observados o demandas positivas insuficientes para conformar entrenamiento y prueba (umbral operativo: 15 meses observados, 4 demandas positivas).",10.16
ITEM_4612,1,1,0.9833,16.0,0.0,60.0,0.0,Intermitente,False,"Meses observados o demandas positivas insuficientes para conformar entrenamiento y prueba (umbral operativo: 15 meses observados, 4 demandas positivas).",10.11
ITEM_4613,2,2,0.9667,2.0,2.0,12.0,0.5,Lumpy,False,"Meses observados o demandas positivas insuficientes para conformar entrenamiento y prueba (umbral operativo: 15 meses observados, 4 demandas positivas).",13.52
ITEM_4614,1,1,0.9833,1.0,0.0,60.0,0.0,Intermitente,False,"Meses observados o demandas positivas insuficientes para conformar entrenamiento y prueba (umbral operativo: 15 meses observados, 4 demandas positivas).",10.05
ITEM_4615,1,1,0.9833,2.0,0.0,60.0,0.0,Intermitente,False,"Meses observados o demandas positivas insuficientes para conformar entrenamiento y prueba (umbral operativo: 15 meses observados, 4 demandas positivas).",10.01
ITEM_4616,1,1,0.9833,20.0,0.0,60.0,0.0,Intermitente,False,"Meses observados o demandas positivas insuficientes para conformar entrenamiento y prueba (umbral operativo: 15 meses observados, 4 demandas positivas).",10.0
ITEM_4617,1,1,0.9833,100.0,0.0,60.0,0.0,Intermitente,False,"Meses observados o demandas positivas insuficientes para conformar entrenamiento y prueba (umbral operativo: 15 meses observados, 4 demandas positivas).",17.2
ITEM_4618,1,1,0.9833,2.0,0.0,60.0,0.0,Intermitente,False,"Meses observados o demandas positivas insuficientes para conformar entrenamiento y prueba (umbral operativo: 15 meses observados, 4 demandas positivas).",10.0
ITEM_4619,1,1,0.9833,2.0,0.0,60.0,0.0,Intermitente,False,"Meses observados o demandas positivas insuficientes para conformar entrenamiento y prueba (umbral operativo: 15 meses observados, 4 demandas positivas).",10.0
ITEM_4620,1,1,0.9833,2.0,0.0,60.0,0.0,Intermitente,False,"Meses observados o demandas positivas insuficientes para conformar entrenamiento y prueba (umbral operativo: 15 meses observados, 4 demandas positivas).",10.0
ITEM_4621,1,1,0.9833,2.0,0.0,60.0,0.0,Intermitente,False,"Meses observados o demandas positivas insuficientes para conformar entrenamiento y prueba (umbral operativo: 15 meses observados, 4 demandas positivas).",10.0
ITEM_4622,1,1,0.9833,2.0,0.0,60.0,0.0,Intermitente,False,"Meses observados o demandas positivas insuficientes para conformar entrenamiento y prueba (umbral operativo: 15 meses observados, 4 demandas positivas).",10.0
ITEM_4623,9,9,0.85,122.2222,1944.4444,4.875,0.1302,Intermitente,False,"Meses observados o demandas positivas insuficientes para conformar entrenamiento y prueba (umbral operativo: 15 meses observados, 4 demandas positivas).",43.48
ITEM_4624,3,3,0.95,1.3333,0.3333,14.5,0.1875,Intermitente,False,"Meses observados o demandas positivas insuficientes para conformar entrenamiento y prueba (umbral operativo: 15 meses observados, 4 demandas positivas).",18.65
ITEM_4625,2,2,0.9667,1.0,0.0,30.0,0.0,Intermitente,False,"Meses observados o demandas positivas insuficientes para conformar entrenamiento y prueba (umbral operativo: 15 meses observados, 4 demandas positivas).",18.5
ITEM_4626,1,1,0.9833,10.0,0.0,60.0,0.0,Intermitente,False,"Meses observados o demandas positivas insuficientes para conformar entrenamiento y prueba (umbral operativo: 15 meses observados, 4 demandas positivas).",10.0
ITEM_4627,1,1,0.9833,12.0,0.0,60.0,0.0,Intermitente,False,"Meses observados o demandas positivas insuficientes para conformar entrenamiento y prueba (umbral operativo: 15 meses observados, 4 demandas positivas).",9.96
ITEM_4628,1,1,0.9833,12.0,0.0,60.0,0.0,Intermitente,False,"Meses observados o demandas positivas insuficientes para conformar entrenamiento y prueba (umbral operativo: 15 meses observados, 4 demandas positivas).",9.96
ITEM_4629,1,1,0.9833,1.0,0.0,60.0,0.0,Intermitente,False,"Meses observados o demandas positivas insuficientes para conformar entrenamiento y prueba (umbral operativo: 15 meses observados, 4 demandas positivas).",9.94
ITEM_4630,1,1,0.9833,1.0,0.0,60.0,0.0,Intermitente,False,"Meses observados o demandas positivas insuficientes para conformar entrenamiento y prueba (umbral operativo: 15 meses observados, 4 demandas positivas).",9.92
ITEM_4631,1,1,0.9833,10.0,0.0,60.0,0.0,Intermitente,False,"Meses observados o demandas positivas insuficientes para conformar entrenamiento y prueba (umbral operativo: 15 meses observados, 4 demandas positivas).",9.9
ITEM_4632,1,1,0.9833,1.0,0.0,60.0,0.0,Intermitente,False,"Meses observados o demandas positivas insuficientes para conformar entrenamiento y prueba (umbral operativo: 15 meses observados, 4 demandas positivas).",9.88
ITEM_4633,1,1,0.9833,12.0,0.0,60.0,0.0,Intermitente,False,"Meses observados o demandas positivas insuficientes para conformar entrenamiento y prueba (umbral operativo: 15 meses observados, 4 demandas positivas).",29.56
ITEM_4634,3,3,0.95,8.0,12.0,9.0,0.1875,Intermitente,False,"Meses observados o demandas positivas insuficientes para conformar entrenamiento y prueba (umbral operativo: 15 meses observados, 4 demandas positivas).",18.81
ITEM_4635,1,1,0.9833,16.0,0.0,60.0,0.0,Intermitente,False,"Meses observados o demandas positivas insuficientes para conformar entrenamiento y prueba (umbral operativo: 15 meses observados, 4 demandas positivas).",9.84
ITEM_4636,1,1,0.9833,1.0,0.0,60.0,0.0,Intermitente,False,"Meses observados o demandas positivas insuficientes para conformar entrenamiento y prueba (umbral operativo: 15 meses observados, 4 demandas positivas).",9.81
ITEM_4637,1,1,0.9833,2.0,0.0,60.0,0.0,Intermitente,False,"Meses observados o demandas positivas insuficientes para conformar entrenamiento y prueba (umbral operativo: 15 meses observados, 4 demandas positivas).",9.81
ITEM_4638,1,1,0.9833,1.0,0.0,60.0,0.0,Intermitente,False,"Meses observados o demandas positivas insuficientes para conformar entrenamiento y prueba (umbral operativo: 15 meses observados, 4 demandas positivas).",9.81
ITEM_4639,1,1,0.9833,3.0,0.0,60.0,0.0,Intermitente,False,"Meses observados o demandas positivas insuficientes para conformar entrenamiento y prueba (umbral operativo: 15 meses observados, 4 demandas positivas).",9.75
ITEM_4640,1,1,0.9833,10.0,0.0,60.0,0.0,Intermitente,False,"Meses observados o demandas positivas insuficientes para conformar entrenamiento y prueba (umbral operativo: 15 meses observados, 4 demandas positivas).",9.7
ITEM_4641,1,1,0.9833,1.0,0.0,60.0,0.0,Intermitente,False,"Meses observados o demandas positivas insuficientes para conformar entrenamiento y prueba (umbral operativo: 15 meses observados, 4 demandas positivas).",9.69
ITEM_4642,2,2,0.9667,3.5,4.5,6.0,0.3673,Intermitente,False,"Meses observados o demandas positivas insuficientes para conformar entrenamiento y prueba (umbral operativo: 15 meses observados, 4 demandas positivas).",15.09
ITEM_4643,1,1,0.9833,1.0,0.0,60.0,0.0,Intermitente,False,"Meses observados o demandas positivas insuficientes para conformar entrenamiento y prueba (umbral operativo: 15 meses observados, 4 demandas positivas).",9.64
ITEM_4644,1,1,0.9833,24.0,0.0,60.0,0.0,Intermitente,False,"Meses observados o demandas positivas insuficientes para conformar entrenamiento y prueba (umbral operativo: 15 meses observados, 4 demandas positivas).",9.6
ITEM_4646,1,1,0.9833,12.0,0.0,60.0,0.0,Intermitente,False,"Meses observados o demandas positivas insuficientes para conformar entrenamiento y prueba (umbral operativo: 15 meses observados, 4 demandas positivas).",9.6
ITEM_4647,2,2,0.9667,1.5,0.5,7.0,0.2222,Intermitente,False,"Meses observados o demandas positivas insuficientes para conformar entrenamiento y prueba (umbral operativo: 15 meses observados, 4 demandas positivas).",15.6
ITEM_4648,1,1,0.9833,12.0,0.0,60.0,0.0,Intermitente,False,"Meses observados o demandas positivas insuficientes para conformar entrenamiento y prueba (umbral operativo: 15 meses observados, 4 demandas positivas).",9.6
ITEM_4649,1,1,0.9833,12.0,0.0,60.0,0.0,Intermitente,False,"Meses observados o demandas positivas insuficientes para conformar entrenamiento y prueba (umbral operativo: 15 meses observados, 4 demandas positivas).",9.6
ITEM_4650,1,1,0.9833,10.0,0.0,60.0,0.0,Intermitente,False,"Meses observados o demandas positivas insuficientes para conformar entrenamiento y prueba (umbral operativo: 15 meses observados, 4 demandas positivas).",9.6
ITEM_4651,2,2,0.9667,30.0,200.0,2.0,0.2222,Intermitente,False,"Meses observados o demandas positivas insuficientes para conformar entrenamiento y prueba (umbral operativo: 15 meses observados, 4 demandas positivas).",11.2
ITEM_4652,2,2,0.9667,120.0,0.0,2.0,0.0,Intermitente,False,"Meses observados o demandas positivas insuficientes para conformar entrenamiento y prueba (umbral operativo: 15 meses observados, 4 demandas positivas).",19.2
ITEM_4653,1,1,0.9833,120.0,0.0,60.0,0.0,Intermitente,False,"Meses observados o demandas positivas insuficientes para conformar entrenamiento y prueba (umbral operativo: 15 meses observados, 4 demandas positivas).",9.6
ITEM_4654,2,2,0.9667,4.0,0.0,3.0,0.0,Intermitente,False,"Meses observados o demandas positivas insuficientes para conformar entrenamiento y prueba (umbral operativo: 15 meses observados, 4 demandas positivas).",19.04
ITEM_4655,1,1,0.9833,32.0,0.0,60.0,0.0,Intermitente,False,"Meses observados o demandas positivas insuficientes para conformar entrenamiento y prueba (umbral operativo: 15 meses observados, 4 demandas positivas).",9.52
ITEM_4656,1,1,0.9833,10.0,0.0,60.0,0.0,Intermitente,False,"Meses observados o demandas positivas insuficientes para conformar entrenamiento y prueba (umbral operativo: 15 meses observados, 4 demandas positivas).",9.5
ITEM_4657,1,1,0.9833,1.0,0.0,60.0,0.0,Intermitente,False,"Meses observados o demandas positivas insuficientes para conformar entrenamiento y prueba (umbral operativo: 15 meses observados, 4 demandas positivas).",9.49
ITEM_4658,1,1,0.9833,1.0,0.0,60.0,0.0,Intermitente,False,"Meses observados o demandas positivas insuficientes para conformar entrenamiento y prueba (umbral operativo: 15 meses observados, 4 demandas positivas).",9.49
ITEM_4659,1,1,0.9833,6.0,0.0,60.0,0.0,Intermitente,False,"Meses observados o demandas positivas insuficientes para conformar entrenamiento y prueba (umbral operativo: 15 meses observados, 4 demandas positivas).",9.48
ITEM_4660,2,2,0.9667,3.0,2.0,5.0,0.2222,Intermitente,False,"Meses observados o demandas positivas insuficientes para conformar entrenamiento y prueba (umbral operativo: 15 meses observados, 4 demandas positivas).",14.22
ITEM_4661,1,1,0.9833,3.0,0.0,60.0,0.0,Intermitente,False,"Meses observados o demandas positivas insuficientes para conformar entrenamiento y prueba (umbral operativo: 15 meses observados, 4 demandas positivas).",9.45
ITEM_4662,1,1,0.9833,6.0,0.0,60.0,0.0,Intermitente,False,"Meses observados o demandas positivas insuficientes para conformar entrenamiento y prueba (umbral operativo: 15 meses observados, 4 demandas positivas).",9.45
ITEM_4663,9,9,0.85,7.3333,29.25,4.625,0.5439,Lumpy,False,"Meses observados o demandas positivas insuficientes para conformar entrenamiento y prueba (umbral operativo: 15 meses observados, 4 demandas positivas).",52.59
ITEM_4664,1,1,0.9833,3.0,0.0,60.0,0.0,Intermitente,False,"Meses observados o demandas positivas insuficientes para conformar entrenamiento y prueba (umbral operativo: 15 meses observados, 4 demandas positivas).",9.45
ITEM_4665,1,1,0.9833,2.0,0.0,60.0,0.0,Intermitente,False,"Meses observados o demandas positivas insuficientes para conformar entrenamiento y prueba (umbral operativo: 15 meses observados, 4 demandas positivas).",9.44
ITEM_4666,1,1,0.9833,4.0,0.0,60.0,0.0,Intermitente,False,"Meses observados o demandas positivas insuficientes para conformar entrenamiento y prueba (umbral operativo: 15 meses observados, 4 demandas positivas).",9.4
ITEM_4667,1,1,0.9833,20.0,0.0,60.0,0.0,Intermitente,False,"Meses observados o demandas positivas insuficientes para conformar entrenamiento y prueba (umbral operativo: 15 meses observados, 4 demandas positivas).",9.4
ITEM_4668,1,1,0.9833,20.0,0.0,60.0,0.0,Intermitente,False,"Meses observados o demandas positivas insuficientes para conformar entrenamiento y prueba (umbral operativo: 15 meses observados, 4 demandas positivas).",9.4
ITEM_4669,2,2,0.9667,1000.0,0.0,2.0,0.0,Intermitente,False,"Meses observados o demandas positivas insuficientes para conformar entrenamiento y prueba (umbral operativo: 15 meses observados, 4 demandas positivas).",18.8
ITEM_4671,1,1,0.9833,20.0,0.0,60.0,0.0,Intermitente,False,"Meses observados o demandas positivas insuficientes para conformar entrenamiento y prueba (umbral operativo: 15 meses observados, 4 demandas positivas).",9.32
ITEM_4673,1,1,0.9833,1.0,0.0,60.0,0.0,Intermitente,False,"Meses observados o demandas positivas insuficientes para conformar entrenamiento y prueba (umbral operativo: 15 meses observados, 4 demandas positivas).",9.24
ITEM_4674,1,1,0.9833,28.0,0.0,60.0,0.0,Intermitente,False,"Meses observados o demandas positivas insuficientes para conformar entrenamiento y prueba (umbral operativo: 15 meses observados, 4 demandas positivas).",9.24
ITEM_4675,1,1,0.9833,3.0,0.0,60.0,0.0,Intermitente,False,"Meses observados o demandas positivas insuficientes para conformar entrenamiento y prueba (umbral operativo: 15 meses observados, 4 demandas positivas).",9.24
ITEM_4676,1,1,0.9833,10.0,0.0,60.0,0.0,Intermitente,False,"Meses observados o demandas positivas insuficientes para conformar entrenamiento y prueba (umbral operativo: 15 meses observados, 4 demandas positivas).",9.24
ITEM_4677,1,1,0.9833,1.0,0.0,60.0,0.0,Intermitente,False,"Meses observados o demandas positivas insuficientes para conformar entrenamiento y prueba (umbral operativo: 15 meses observados, 4 demandas positivas).",9.21
ITEM_4678,1,1,0.9833,10.0,0.0,60.0,0.0,Intermitente,False,"Meses observados o demandas positivas insuficientes para conformar entrenamiento y prueba (umbral operativo: 15 meses observados, 4 demandas positivas).",9.2
ITEM_4679,1,1,0.9833,10.0,0.0,60.0,0.0,Intermitente,False,"Meses observados o demandas positivas insuficientes para conformar entrenamiento y prueba (umbral operativo: 15 meses observados, 4 demandas positivas).",9.2
ITEM_4680,1,1,0.9833,6.0,0.0,60.0,0.0,Intermitente,False,"Meses observados o demandas positivas insuficientes para conformar entrenamiento y prueba (umbral operativo: 15 meses observados, 4 demandas positivas).",9.18
ITEM_4681,2,2,0.9667,1.0,0.0,27.0,0.0,Intermitente,False,"Meses observados o demandas positivas insuficientes para conformar entrenamiento y prueba (umbral operativo: 15 meses observados, 4 demandas positivas).",15.15
ITEM_4682,1,1,0.9833,2.0,0.0,60.0,0.0,Intermitente,False,"Meses observados o demandas positivas insuficientes para conformar entrenamiento y prueba (umbral operativo: 15 meses observados, 4 demandas positivas).",9.09
ITEM_4683,3,3,0.95,1.3333,0.3333,13.0,0.1875,Intermitente,False,"Meses observados o demandas positivas insuficientes para conformar entrenamiento y prueba (umbral operativo: 15 meses observados, 4 demandas positivas).",13.4
ITEM_4684,1,1,0.9833,8.0,0.0,60.0,0.0,Intermitente,False,"Meses observados o demandas positivas insuficientes para conformar entrenamiento y prueba (umbral operativo: 15 meses observados, 4 demandas positivas).",9.04
ITEM_4685,1,1,0.9833,1.0,0.0,60.0,0.0,Intermitente,False,"Meses observados o demandas positivas insuficientes para conformar entrenamiento y prueba (umbral operativo: 15 meses observados, 4 demandas positivas).",9.02
ITEM_4686,1,1,0.9833,1.0,0.0,60.0,0.0,Intermitente,False,"Meses observados o demandas positivas insuficientes para conformar entrenamiento y prueba (umbral operativo: 15 meses observados, 4 demandas positivas).",9.01
ITEM_4687,2,2,0.9667,3.5,0.5,29.0,0.0408,Intermitente,False,"Meses observados o demandas positivas insuficientes para conformar entrenamiento y prueba (umbral operativo: 15 meses observados, 4 demandas positivas).",12.96
ITEM_4688,1,1,0.9833,100.0,0.0,60.0,0.0,Intermitente,False,"Meses observados o demandas positivas insuficientes para conformar entrenamiento y prueba (umbral operativo: 15 meses observados, 4 demandas positivas).",15.0
ITEM_4689,3,3,0.95,49.6667,1900.3333,16.0,0.7704,Lumpy,False,"Meses observados o demandas positivas insuficientes para conformar entrenamiento y prueba (umbral operativo: 15 meses observados, 4 demandas positivas).",19.96
ITEM_4690,1,1,0.9833,1.0,0.0,60.0,0.0,Intermitente,False,"Meses observados o demandas positivas insuficientes para conformar entrenamiento y prueba (umbral operativo: 15 meses observados, 4 demandas positivas).",9.0
ITEM_4691,2,2,0.9667,1.5,0.5,7.0,0.2222,Intermitente,False,"Meses observados o demandas positivas insuficientes para conformar entrenamiento y prueba (umbral operativo: 15 meses observados, 4 demandas positivas).",13.5
ITEM_4692,2,2,0.9667,1.5,0.5,19.0,0.2222,Intermitente,False,"Meses observados o demandas positivas insuficientes para conformar entrenamiento y prueba (umbral operativo: 15 meses observados, 4 demandas positivas).",14.0
ITEM_4693,2,2,0.9667,10.5,180.5,12.0,1.6372,Lumpy,False,"Meses observados o demandas positivas insuficientes para conformar entrenamiento y prueba (umbral operativo: 15 meses observados, 4 demandas positivas).",10.5
ITEM_4694,2,2,0.9667,6.0,0.0,8.0,0.0,Intermitente,False,"Meses observados o demandas positivas insuficientes para conformar entrenamiento y prueba (umbral operativo: 15 meses observados, 4 demandas positivas).",13.8
ITEM_4695,1,1,0.9833,20.0,0.0,60.0,0.0,Intermitente,False,"Meses observados o demandas positivas insuficientes para conformar entrenamiento y prueba (umbral operativo: 15 meses observados, 4 demandas positivas).",17.99
ITEM_4696,1,1,0.9833,2000.0,0.0,60.0,0.0,Intermitente,False,"Meses observados o demandas positivas insuficientes para conformar entrenamiento y prueba (umbral operativo: 15 meses observados, 4 demandas positivas).",9.0
ITEM_4697,1,1,0.9833,10.0,0.0,60.0,0.0,Intermitente,False,"Meses observados o demandas positivas insuficientes para conformar entrenamiento y prueba (umbral operativo: 15 meses observados, 4 demandas positivas).",9.0
ITEM_4698,1,1,0.9833,2.0,0.0,60.0,0.0,Intermitente,False,"Meses observados o demandas positivas insuficientes para conformar entrenamiento y prueba (umbral operativo: 15 meses observados, 4 demandas positivas).",8.88
ITEM_4699,1,1,0.9833,1.0,0.0,60.0,0.0,Intermitente,False,"Meses observados o demandas positivas insuficientes para conformar entrenamiento y prueba (umbral operativo: 15 meses observados, 4 demandas positivas).",8.86
ITEM_4700,1,1,0.9833,3.0,0.0,60.0,0.0,Intermitente,False,"Meses observados o demandas positivas insuficientes para conformar entrenamiento y prueba (umbral operativo: 15 meses observados, 4 demandas positivas).",8.82
ITEM_4701,1,1,0.9833,2.0,0.0,60.0,0.0,Intermitente,False,"Meses observados o demandas positivas insuficientes para conformar entrenamiento y prueba (umbral operativo: 15 meses observados, 4 demandas positivas).",8.8
ITEM_4702,1,1,0.9833,50.0,0.0,60.0,0.0,Intermitente,False,"Meses observados o demandas positivas insuficientes para conformar entrenamiento y prueba (umbral operativo: 15 meses observados, 4 demandas positivas).",8.8
ITEM_4703,1,1,0.9833,1.0,0.0,60.0,0.0,Intermitente,False,"Meses observados o demandas positivas insuficientes para conformar entrenamiento y prueba (umbral operativo: 15 meses observados, 4 demandas positivas).",8.78
ITEM_4704,1,1,0.9833,12.0,0.0,60.0,0.0,Intermitente,False,"Meses observados o demandas positivas insuficientes para conformar entrenamiento y prueba (umbral operativo: 15 meses observados, 4 demandas positivas).",8.76
ITEM_4705,1,1,0.9833,2.0,0.0,60.0,0.0,Intermitente,False,"Meses observados o demandas positivas insuficientes para conformar entrenamiento y prueba (umbral operativo: 15 meses observados, 4 demandas positivas).",8.76
ITEM_4706,1,1,0.9833,1.0,0.0,60.0,0.0,Intermitente,False,"Meses observados o demandas positivas insuficientes para conformar entrenamiento y prueba (umbral operativo: 15 meses observados, 4 demandas positivas).",8.75
ITEM_4707,1,1,0.9833,1.0,0.0,60.0,0.0,Intermitente,False,"Meses observados o demandas positivas insuficientes para conformar entrenamiento y prueba (umbral operativo: 15 meses observados, 4 demandas positivas).",8.75
ITEM_4708,1,1,0.9833,10.0,0.0,60.0,0.0,Intermitente,False,"Meses observados o demandas positivas insuficientes para conformar entrenamiento y prueba (umbral operativo: 15 meses observados, 4 demandas positivas).",8.75
ITEM_4709,1,1,0.9833,1.0,0.0,60.0,0.0,Intermitente,False,"Meses observados o demandas positivas insuficientes para conformar entrenamiento y prueba (umbral operativo: 15 meses observados, 4 demandas positivas).",8.67
ITEM_4710,2,2,0.9667,1.0,0.0,3.0,0.0,Intermitente,False,"Meses observados o demandas positivas insuficientes para conformar entrenamiento y prueba (umbral operativo: 15 meses observados, 4 demandas positivas).",17.31
ITEM_4711,1,1,0.9833,1.0,0.0,60.0,0.0,Intermitente,False,"Meses observados o demandas positivas insuficientes para conformar entrenamiento y prueba (umbral operativo: 15 meses observados, 4 demandas positivas).",8.61
ITEM_4712,3,3,0.95,5.3333,0.3333,14.0,0.0117,Intermitente,False,"Meses observados o demandas positivas insuficientes para conformar entrenamiento y prueba (umbral operativo: 15 meses observados, 4 demandas positivas).",22.79
ITEM_4713,1,1,0.9833,12.0,0.0,60.0,0.0,Intermitente,False,"Meses observados o demandas positivas insuficientes para conformar entrenamiento y prueba (umbral operativo: 15 meses observados, 4 demandas positivas).",8.52
ITEM_4714,1,1,0.9833,1.0,0.0,60.0,0.0,Intermitente,False,"Meses observados o demandas positivas insuficientes para conformar entrenamiento y prueba (umbral operativo: 15 meses observados, 4 demandas positivas).",8.5
ITEM_4715,1,1,0.9833,4.0,0.0,60.0,0.0,Intermitente,False,"Meses observados o demandas positivas insuficientes para conformar entrenamiento y prueba (umbral operativo: 15 meses observados, 4 demandas positivas).",8.5
ITEM_4716,1,1,0.9833,10.0,0.0,60.0,0.0,Intermitente,False,"Meses observados o demandas positivas insuficientes para conformar entrenamiento y prueba (umbral operativo: 15 meses observados, 4 demandas positivas).",8.5
ITEM_4717,1,1,0.9833,1.0,0.0,60.0,0.0,Intermitente,False,"Meses observados o demandas positivas insuficientes para conformar entrenamiento y prueba (umbral operativo: 15 meses observados, 4 demandas positivas).",8.5
ITEM_4718,5,5,0.9167,1.0,0.0,7.75,0.0,Intermitente,False,"Meses observados o demandas positivas insuficientes para conformar entrenamiento y prueba (umbral operativo: 15 meses observados, 4 demandas positivas).",27.13
ITEM_4719,1,1,0.9833,1.0,0.0,60.0,0.0,Intermitente,False,"Meses observados o demandas positivas insuficientes para conformar entrenamiento y prueba (umbral operativo: 15 meses observados, 4 demandas positivas).",8.5
ITEM_4720,1,1,0.9833,4.0,0.0,60.0,0.0,Intermitente,False,"Meses observados o demandas positivas insuficientes para conformar entrenamiento y prueba (umbral operativo: 15 meses observados, 4 demandas positivas).",17.0
ITEM_4721,1,1,0.9833,5.0,0.0,60.0,0.0,Intermitente,False,"Meses observados o demandas positivas insuficientes para conformar entrenamiento y prueba (umbral operativo: 15 meses observados, 4 demandas positivas).",8.49
ITEM_4722,1,1,0.9833,4.0,0.0,60.0,0.0,Intermitente,False,"Meses observados o demandas positivas insuficientes para conformar entrenamiento y prueba (umbral operativo: 15 meses observados, 4 demandas positivas).",33.84
ITEM_4723,1,1,0.9833,2.0,0.0,60.0,0.0,Intermitente,False,"Meses observados o demandas positivas insuficientes para conformar entrenamiento y prueba (umbral operativo: 15 meses observados, 4 demandas positivas).",11.43
ITEM_4724,2,2,0.9667,1.0,0.0,3.0,0.0,Intermitente,False,"Meses observados o demandas positivas insuficientes para conformar entrenamiento y prueba (umbral operativo: 15 meses observados, 4 demandas positivas).",9.21
ITEM_4725,2,2,0.9667,6.0,0.0,23.0,0.0,Intermitente,False,"Meses observados o demandas positivas insuficientes para conformar entrenamiento y prueba (umbral operativo: 15 meses observados, 4 demandas positivas).",11.22
ITEM_4726,5,5,0.9167,7.2,7.2,7.25,0.1389,Intermitente,False,"Meses observados o demandas positivas insuficientes para conformar entrenamiento y prueba (umbral operativo: 15 meses observados, 4 demandas positivas).",15.8
ITEM_4727,1,1,0.9833,1.0,0.0,60.0,0.0,Intermitente,False,"Meses observados o demandas positivas insuficientes para conformar entrenamiento y prueba (umbral operativo: 15 meses observados, 4 demandas positivas).",8.4
ITEM_4728,1,1,0.9833,10.0,0.0,60.0,0.0,Intermitente,False,"Meses observados o demandas positivas insuficientes para conformar entrenamiento y prueba (umbral operativo: 15 meses observados, 4 demandas positivas).",8.39
ITEM_4729,1,1,0.9833,4.0,0.0,60.0,0.0,Intermitente,False,"Meses observados o demandas positivas insuficientes para conformar entrenamiento y prueba (umbral operativo: 15 meses observados, 4 demandas positivas).",8.38
ITEM_4730,1,1,0.9833,10.0,0.0,60.0,0.0,Intermitente,False,"Meses observados o demandas positivas insuficientes para conformar entrenamiento y prueba (umbral operativo: 15 meses observados, 4 demandas positivas).",8.3
ITEM_4731,1,1,0.9833,2.0,0.0,60.0,0.0,Intermitente,False,"Meses observados o demandas positivas insuficientes para conformar entrenamiento y prueba (umbral operativo: 15 meses observados, 4 demandas positivas).",8.28
ITEM_4732,3,3,0.95,1.0,0.0,14.5,0.0,Intermitente,False,"Meses observados o demandas positivas insuficientes para conformar entrenamiento y prueba (umbral operativo: 15 meses observados, 4 demandas positivas).",23.09
ITEM_4733,3,3,0.95,8.6667,114.3333,7.5,1.5222,Lumpy,False,"Meses observados o demandas positivas insuficientes para conformar entrenamiento y prueba (umbral operativo: 15 meses observados, 4 demandas positivas).",52.06
ITEM_4734,1,1,0.9833,4.0,0.0,60.0,0.0,Intermitente,False,"Meses observados o demandas positivas insuficientes para conformar entrenamiento y prueba (umbral operativo: 15 meses observados, 4 demandas positivas).",8.25
ITEM_4735,1,1,0.9833,2.0,0.0,60.0,0.0,Intermitente,False,"Meses observados o demandas positivas insuficientes para conformar entrenamiento y prueba (umbral operativo: 15 meses observados, 4 demandas positivas).",8.16
ITEM_4736,2,2,0.9667,1.5,0.5,15.0,0.2222,Intermitente,False,"Meses observados o demandas positivas insuficientes para conformar entrenamiento y prueba (umbral operativo: 15 meses observados, 4 demandas positivas).",22.0
ITEM_4737,1,1,0.9833,1.0,0.0,60.0,0.0,Intermitente,False,"Meses observados o demandas positivas insuficientes para conformar entrenamiento y prueba (umbral operativo: 15 meses observados, 4 demandas positivas).",8.16
ITEM_4738,1,1,0.9833,2.0,0.0,60.0,0.0,Intermitente,False,"Meses observados o demandas positivas insuficientes para conformar entrenamiento y prueba (umbral operativo: 15 meses observados, 4 demandas positivas).",8.16
ITEM_4739,1,1,0.9833,10.0,0.0,60.0,0.0,Intermitente,False,"Meses observados o demandas positivas insuficientes para conformar entrenamiento y prueba (umbral operativo: 15 meses observados, 4 demandas positivas).",8.16
ITEM_4740,1,1,0.9833,2.0,0.0,60.0,0.0,Intermitente,False,"Meses observados o demandas positivas insuficientes para conformar entrenamiento y prueba (umbral operativo: 15 meses observados, 4 demandas positivas).",8.07
ITEM_4741,1,1,0.9833,2.0,0.0,60.0,0.0,Intermitente,False,"Meses observados o demandas positivas insuficientes para conformar entrenamiento y prueba (umbral operativo: 15 meses observados, 4 demandas positivas).",8.07
ITEM_4742,1,1,0.9833,1.0,0.0,60.0,0.0,Intermitente,False,"Meses observados o demandas positivas insuficientes para conformar entrenamiento y prueba (umbral operativo: 15 meses observados, 4 demandas positivas).",8.07
ITEM_4743,1,1,0.9833,30.0,0.0,60.0,0.0,Intermitente,False,"Meses observados o demandas positivas insuficientes para conformar entrenamiento y prueba (umbral operativo: 15 meses observados, 4 demandas positivas).",8.04
ITEM_4744,1,1,0.9833,4.0,0.0,60.0,0.0,Intermitente,False,"Meses observados o demandas positivas insuficientes para conformar entrenamiento y prueba (umbral operativo: 15 meses observados, 4 demandas positivas).",8.0
ITEM_4745,1,1,0.9833,4.0,0.0,60.0,0.0,Intermitente,False,"Meses observados o demandas positivas insuficientes para conformar entrenamiento y prueba (umbral operativo: 15 meses observados, 4 demandas positivas).",8.0
ITEM_4746,1,1,0.9833,10.0,0.0,60.0,0.0,Intermitente,False,"Meses observados o demandas positivas insuficientes para conformar entrenamiento y prueba (umbral operativo: 15 meses observados, 4 demandas positivas).",8.0
ITEM_4747,1,1,0.9833,2.0,0.0,60.0,0.0,Intermitente,False,"Meses observados o demandas positivas insuficientes para conformar entrenamiento y prueba (umbral operativo: 15 meses observados, 4 demandas positivas).",8.0
ITEM_4748,1,1,0.9833,1.0,0.0,60.0,0.0,Intermitente,False,"Meses observados o demandas positivas insuficientes para conformar entrenamiento y prueba (umbral operativo: 15 meses observados, 4 demandas positivas).",8.0
ITEM_4749,1,1,0.9833,2.0,0.0,60.0,0.0,Intermitente,False,"Meses observados o demandas positivas insuficientes para conformar entrenamiento y prueba (umbral operativo: 15 meses observados, 4 demandas positivas).",8.0
ITEM_4750,1,1,0.9833,100.0,0.0,60.0,0.0,Intermitente,False,"Meses observados o demandas positivas insuficientes para conformar entrenamiento y prueba (umbral operativo: 15 meses observados, 4 demandas positivas).",8.0
ITEM_4751,1,1,0.9833,20.0,0.0,60.0,0.0,Intermitente,False,"Meses observados o demandas positivas insuficientes para conformar entrenamiento y prueba (umbral operativo: 15 meses observados, 4 demandas positivas).",8.0
ITEM_4752,2,2,0.9667,2.0,0.0,3.0,0.0,Intermitente,False,"Meses observados o demandas positivas insuficientes para conformar entrenamiento y prueba (umbral operativo: 15 meses observados, 4 demandas positivas).",15.94
ITEM_4753,1,1,0.9833,20.0,0.0,60.0,0.0,Intermitente,False,"Meses observados o demandas positivas insuficientes para conformar entrenamiento y prueba (umbral operativo: 15 meses observados, 4 demandas positivas).",7.96
ITEM_4754,1,1,0.9833,52.0,0.0,60.0,0.0,Intermitente,False,"Meses observados o demandas positivas insuficientes para conformar entrenamiento y prueba (umbral operativo: 15 meses observados, 4 demandas positivas).",7.96
ITEM_4755,1,1,0.9833,12.0,0.0,60.0,0.0,Intermitente,False,"Meses observados o demandas positivas insuficientes para conformar entrenamiento y prueba (umbral operativo: 15 meses observados, 4 demandas positivas).",7.85
ITEM_4756,1,1,0.9833,4.0,0.0,60.0,0.0,Intermitente,False,"Meses observados o demandas positivas insuficientes para conformar entrenamiento y prueba (umbral operativo: 15 meses observados, 4 demandas positivas).",7.84
ITEM_4757,2,2,0.9667,11.5,40.5,5.0,0.3062,Intermitente,False,"Meses observados o demandas positivas insuficientes para conformar entrenamiento y prueba (umbral operativo: 15 meses observados, 4 demandas positivas).",39.38
ITEM_4758,1,1,0.9833,2.0,0.0,60.0,0.0,Intermitente,False,"Meses observados o demandas positivas insuficientes para conformar entrenamiento y prueba (umbral operativo: 15 meses observados, 4 demandas positivas).",7.8
ITEM_4759,1,1,0.9833,10.0,0.0,60.0,0.0,Intermitente,False,"Meses observados o demandas positivas insuficientes para conformar entrenamiento y prueba (umbral operativo: 15 meses observados, 4 demandas positivas).",7.73
ITEM_4760,1,1,0.9833,2.0,0.0,60.0,0.0,Intermitente,False,"Meses observados o demandas positivas insuficientes para conformar entrenamiento y prueba (umbral operativo: 15 meses observados, 4 demandas positivas).",7.7
ITEM_4761,1,1,0.9833,3.0,0.0,60.0,0.0,Intermitente,False,"Meses observados o demandas positivas insuficientes para conformar entrenamiento y prueba (umbral operativo: 15 meses observados, 4 demandas positivas).",7.68
ITEM_4762,1,1,0.9833,3.0,0.0,60.0,0.0,Intermitente,False,"Meses observados o demandas positivas insuficientes para conformar entrenamiento y prueba (umbral operativo: 15 meses observados, 4 demandas positivas).",7.68
ITEM_4763,1,1,0.9833,16.0,0.0,60.0,0.0,Intermitente,False,"Meses observados o demandas positivas insuficientes para conformar entrenamiento y prueba (umbral operativo: 15 meses observados, 4 demandas positivas).",7.66
ITEM_4764,1,1,0.9833,200.0,0.0,60.0,0.0,Intermitente,False,"Meses observados o demandas positivas insuficientes para conformar entrenamiento y prueba (umbral operativo: 15 meses observados, 4 demandas positivas).",7.65
ITEM_4765,1,1,0.9833,200.0,0.0,60.0,0.0,Intermitente,False,"Meses observados o demandas positivas insuficientes para conformar entrenamiento y prueba (umbral operativo: 15 meses observados, 4 demandas positivas).",7.65
ITEM_4766,1,1,0.9833,200.0,0.0,60.0,0.0,Intermitente,False,"Meses observados o demandas positivas insuficientes para conformar entrenamiento y prueba (umbral operativo: 15 meses observados, 4 demandas positivas).",7.65
ITEM_4767,1,1,0.9833,5.0,0.0,60.0,0.0,Intermitente,False,"Meses observados o demandas positivas insuficientes para conformar entrenamiento y prueba (umbral operativo: 15 meses observados, 4 demandas positivas).",7.65
ITEM_4768,1,1,0.9833,20.0,0.0,60.0,0.0,Intermitente,False,"Meses observados o demandas positivas insuficientes para conformar entrenamiento y prueba (umbral operativo: 15 meses observados, 4 demandas positivas).",7.61
ITEM_4769,2,2,0.9667,4.0,0.0,4.0,0.0,Intermitente,False,"Meses observados o demandas positivas insuficientes para conformar entrenamiento y prueba (umbral operativo: 15 meses observados, 4 demandas positivas).",14.88
ITEM_4770,2,2,0.9667,1.5,0.5,4.0,0.2222,Intermitente,False,"Meses observados o demandas positivas insuficientes para conformar entrenamiento y prueba (umbral operativo: 15 meses observados, 4 demandas positivas).",11.2
ITEM_4771,1,1,0.9833,30.0,0.0,60.0,0.0,Intermitente,False,"Meses observados o demandas positivas insuficientes para conformar entrenamiento y prueba (umbral operativo: 15 meses observados, 4 demandas positivas).",7.5
ITEM_4772,3,3,0.95,1.0,0.0,12.0,0.0,Intermitente,False,"Meses observados o demandas positivas insuficientes para conformar entrenamiento y prueba (umbral operativo: 15 meses observados, 4 demandas positivas).",19.85
ITEM_4773,1,1,0.9833,36.0,0.0,60.0,0.0,Intermitente,False,"Meses observados o demandas positivas insuficientes para conformar entrenamiento y prueba (umbral operativo: 15 meses observados, 4 demandas positivas).",7.5
ITEM_4774,1,1,0.9833,2.0,0.0,60.0,0.0,Intermitente,False,"Meses observados o demandas positivas insuficientes para conformar entrenamiento y prueba (umbral operativo: 15 meses observados, 4 demandas positivas).",14.97
ITEM_4775,1,1,0.9833,2.0,0.0,60.0,0.0,Intermitente,False,"Meses observados o demandas positivas insuficientes para conformar entrenamiento y prueba (umbral operativo: 15 meses observados, 4 demandas positivas).",14.97
ITEM_4776,1,1,0.9833,2.0,0.0,60.0,0.0,Intermitente,False,"Meses observados o demandas positivas insuficientes para conformar entrenamiento y prueba (umbral operativo: 15 meses observados, 4 demandas positivas).",7.44
ITEM_4777,1,1,0.9833,2.0,0.0,60.0,0.0,Intermitente,False,"Meses observados o demandas positivas insuficientes para conformar entrenamiento y prueba (umbral operativo: 15 meses observados, 4 demandas positivas).",7.44
ITEM_4778,2,2,0.9667,95.0,1250.0,2.0,0.1385,Intermitente,False,"Meses observados o demandas positivas insuficientes para conformar entrenamiento y prueba (umbral operativo: 15 meses observados, 4 demandas positivas).",22.3
ITEM_4779,2,2,0.9667,4.0,2.0,6.0,0.125,Intermitente,False,"Meses observados o demandas positivas insuficientes para conformar entrenamiento y prueba (umbral operativo: 15 meses observados, 4 demandas positivas).",11.83
ITEM_4780,1,1,0.9833,6.0,0.0,60.0,0.0,Intermitente,False,"Meses observados o demandas positivas insuficientes para conformar entrenamiento y prueba (umbral operativo: 15 meses observados, 4 demandas positivas).",7.22
ITEM_4781,1,1,0.9833,36.0,0.0,60.0,0.0,Intermitente,False,"Meses observados o demandas positivas insuficientes para conformar entrenamiento y prueba (umbral operativo: 15 meses observados, 4 demandas positivas).",7.2
ITEM_4782,3,3,0.95,1.6667,0.3333,14.0,0.12,Intermitente,False,"Meses observados o demandas positivas insuficientes para conformar entrenamiento y prueba (umbral operativo: 15 meses observados, 4 demandas positivas).",17.32
ITEM_4783,3,3,0.95,6.3333,24.3333,2.0,0.6066,Lumpy,False,"Meses observados o demandas positivas insuficientes para conformar entrenamiento y prueba (umbral operativo: 15 meses observados, 4 demandas positivas).",11.4
ITEM_4784,1,1,0.9833,1.0,0.0,60.0,0.0,Intermitente,False,"Meses observados o demandas positivas insuficientes para conformar entrenamiento y prueba (umbral operativo: 15 meses observados, 4 demandas positivas).",7.2
ITEM_4785,1,1,0.9833,1.0,0.0,60.0,0.0,Intermitente,False,"Meses observados o demandas positivas insuficientes para conformar entrenamiento y prueba (umbral operativo: 15 meses observados, 4 demandas positivas).",7.2
ITEM_4786,1,1,0.9833,5.0,0.0,60.0,0.0,Intermitente,False,"Meses observados o demandas positivas insuficientes para conformar entrenamiento y prueba (umbral operativo: 15 meses observados, 4 demandas positivas).",7.2
ITEM_4787,5,5,0.9167,8.4,30.8,12.25,0.4365,Intermitente,False,"Meses observados o demandas positivas insuficientes para conformar entrenamiento y prueba (umbral operativo: 15 meses observados, 4 demandas positivas).",20.37
ITEM_4788,4,4,0.9333,9.0,36.0,9.3333,0.4444,Intermitente,False,"Meses observados o demandas positivas insuficientes para conformar entrenamiento y prueba (umbral operativo: 15 meses observados, 4 demandas positivas).",13.0
ITEM_4789,9,9,0.85,14.4444,284.7778,8.25,1.3649,Lumpy,False,"Meses observados o demandas positivas insuficientes para conformar entrenamiento y prueba (umbral operativo: 15 meses observados, 4 demandas positivas).",44.52
ITEM_4790,1,1,0.9833,2.0,0.0,60.0,0.0,Intermitente,False,"Meses observados o demandas positivas insuficientes para conformar entrenamiento y prueba (umbral operativo: 15 meses observados, 4 demandas positivas).",7.2
ITEM_4791,1,1,0.9833,1.0,0.0,60.0,0.0,Intermitente,False,"Meses observados o demandas positivas insuficientes para conformar entrenamiento y prueba (umbral operativo: 15 meses observados, 4 demandas positivas).",7.2
ITEM_4792,1,1,0.9833,2.0,0.0,60.0,0.0,Intermitente,False,"Meses observados o demandas positivas insuficientes para conformar entrenamiento y prueba (umbral operativo: 15 meses observados, 4 demandas positivas).",7.2
ITEM_4793,1,1,0.9833,2.0,0.0,60.0,0.0,Intermitente,False,"Meses observados o demandas positivas insuficientes para conformar entrenamiento y prueba (umbral operativo: 15 meses observados, 4 demandas positivas).",7.18
ITEM_4794,2,2,0.9667,3.0,2.0,2.0,0.2222,Intermitente,False,"Meses observados o demandas positivas insuficientes para conformar entrenamiento y prueba (umbral operativo: 15 meses observados, 4 demandas positivas).",10.37
ITEM_4795,1,1,0.9833,30.0,0.0,60.0,0.0,Intermitente,False,"Meses observados o demandas positivas insuficientes para conformar entrenamiento y prueba (umbral operativo: 15 meses observados, 4 demandas positivas).",7.17
ITEM_4796,2,2,0.9667,3.0,0.0,4.0,0.0,Intermitente,False,"Meses observados o demandas positivas insuficientes para conformar entrenamiento y prueba (umbral operativo: 15 meses observados, 4 demandas positivas).",11.43
ITEM_4797,1,1,0.9833,1.0,0.0,60.0,0.0,Intermitente,False,"Meses observados o demandas positivas insuficientes para conformar entrenamiento y prueba (umbral operativo: 15 meses observados, 4 demandas positivas).",7.05
ITEM_4798,1,1,0.9833,2.0,0.0,60.0,0.0,Intermitente,False,"Meses observados o demandas positivas insuficientes para conformar entrenamiento y prueba (umbral operativo: 15 meses observados, 4 demandas positivas).",7.0
ITEM_4799,5,5,0.9167,19.8,402.2,8.75,1.0259,Lumpy,False,"Meses observados o demandas positivas insuficientes para conformar entrenamiento y prueba (umbral operativo: 15 meses observados, 4 demandas positivas).",34.12
ITEM_4800,1,1,0.9833,1.0,0.0,60.0,0.0,Intermitente,False,"Meses observados o demandas positivas insuficientes para conformar entrenamiento y prueba (umbral operativo: 15 meses observados, 4 demandas positivas).",7.0
ITEM_4801,1,1,0.9833,6.0,0.0,60.0,0.0,Intermitente,False,"Meses observados o demandas positivas insuficientes para conformar entrenamiento y prueba (umbral operativo: 15 meses observados, 4 demandas positivas).",6.97
ITEM_4802,1,1,0.9833,12.0,0.0,60.0,0.0,Intermitente,False,"Meses observados o demandas positivas insuficientes para conformar entrenamiento y prueba (umbral operativo: 15 meses observados, 4 demandas positivas).",6.93
ITEM_4803,1,1,0.9833,30.0,0.0,60.0,0.0,Intermitente,False,"Meses observados o demandas positivas insuficientes para conformar entrenamiento y prueba (umbral operativo: 15 meses observados, 4 demandas positivas).",6.93
ITEM_4804,1,1,0.9833,2.0,0.0,60.0,0.0,Intermitente,False,"Meses observados o demandas positivas insuficientes para conformar entrenamiento y prueba (umbral operativo: 15 meses observados, 4 demandas positivas).",6.92
ITEM_4805,5,5,0.9167,1.0,0.0,8.5,0.0,Intermitente,False,"Meses observados o demandas positivas insuficientes para conformar entrenamiento y prueba (umbral operativo: 15 meses observados, 4 demandas positivas).",33.41
ITEM_4806,1,1,0.9833,40.0,0.0,60.0,0.0,Intermitente,False,"Meses observados o demandas positivas insuficientes para conformar entrenamiento y prueba (umbral operativo: 15 meses observados, 4 demandas positivas).",6.88
ITEM_4807,2,2,0.9667,1000.0,0.0,2.0,0.0,Intermitente,False,"Meses observados o demandas positivas insuficientes para conformar entrenamiento y prueba (umbral operativo: 15 meses observados, 4 demandas positivas).",13.7
ITEM_4808,1,1,0.9833,24.0,0.0,60.0,0.0,Intermitente,False,"Meses observados o demandas positivas insuficientes para conformar entrenamiento y prueba (umbral operativo: 15 meses observados, 4 demandas positivas).",6.83
ITEM_4809,1,1,0.9833,2.0,0.0,60.0,0.0,Intermitente,False,"Meses observados o demandas positivas insuficientes para conformar entrenamiento y prueba (umbral operativo: 15 meses observados, 4 demandas positivas).",6.82
ITEM_4810,1,1,0.9833,10.0,0.0,60.0,0.0,Intermitente,False,"Meses observados o demandas positivas insuficientes para conformar entrenamiento y prueba (umbral operativo: 15 meses observados, 4 demandas positivas).",6.81
ITEM_4811,1,1,0.9833,2.0,0.0,60.0,0.0,Intermitente,False,"Meses observados o demandas positivas insuficientes para conformar entrenamiento y prueba (umbral operativo: 15 meses observados, 4 demandas positivas).",6.8
ITEM_4812,3,3,0.95,3.6667,0.3333,15.5,0.0248,Intermitente,False,"Meses observados o demandas positivas insuficientes para conformar entrenamiento y prueba (umbral operativo: 15 meses observados, 4 demandas positivas).",16.19
ITEM_4813,1,1,0.9833,5.0,0.0,60.0,0.0,Intermitente,False,"Meses observados o demandas positivas insuficientes para conformar entrenamiento y prueba (umbral operativo: 15 meses observados, 4 demandas positivas).",6.8
ITEM_4814,1,1,0.9833,2.0,0.0,60.0,0.0,Intermitente,False,"Meses observados o demandas positivas insuficientes para conformar entrenamiento y prueba (umbral operativo: 15 meses observados, 4 demandas positivas).",6.74
ITEM_4815,1,1,0.9833,2.0,0.0,60.0,0.0,Intermitente,False,"Meses observados o demandas positivas insuficientes para conformar entrenamiento y prueba (umbral operativo: 15 meses observados, 4 demandas positivas).",13.47
ITEM_4816,1,1,0.9833,2.0,0.0,60.0,0.0,Intermitente,False,"Meses observados o demandas positivas insuficientes para conformar entrenamiento y prueba (umbral operativo: 15 meses observados, 4 demandas positivas).",6.68
ITEM_4817,1,1,0.9833,20.0,0.0,60.0,0.0,Intermitente,False,"Meses observados o demandas positivas insuficientes para conformar entrenamiento y prueba (umbral operativo: 15 meses observados, 4 demandas positivas).",6.68
ITEM_4818,1,1,0.9833,6.0,0.0,60.0,0.0,Intermitente,False,"Meses observados o demandas positivas insuficientes para conformar entrenamiento y prueba (umbral operativo: 15 meses observados, 4 demandas positivas).",6.66
ITEM_4819,1,1,0.9833,5.0,0.0,60.0,0.0,Intermitente,False,"Meses observados o demandas positivas insuficientes para conformar entrenamiento y prueba (umbral operativo: 15 meses observados, 4 demandas positivas).",6.6
ITEM_4820,1,1,0.9833,1.0,0.0,60.0,0.0,Intermitente,False,"Meses observados o demandas positivas insuficientes para conformar entrenamiento y prueba (umbral operativo: 15 meses observados, 4 demandas positivas).",6.55
ITEM_4821,1,1,0.9833,1.0,0.0,60.0,0.0,Intermitente,False,"Meses observados o demandas positivas insuficientes para conformar entrenamiento y prueba (umbral operativo: 15 meses observados, 4 demandas positivas).",6.5
ITEM_4822,1,1,0.9833,1.0,0.0,60.0,0.0,Intermitente,False,"Meses observados o demandas positivas insuficientes para conformar entrenamiento y prueba (umbral operativo: 15 meses observados, 4 demandas positivas).",6.5
ITEM_4823,2,2,0.9667,7.0,18.0,15.0,0.3673,Intermitente,False,"Meses observados o demandas positivas insuficientes para conformar entrenamiento y prueba (umbral operativo: 15 meses observados, 4 demandas positivas).",12.5
ITEM_4824,1,1,0.9833,20.0,0.0,60.0,0.0,Intermitente,False,"Meses observados o demandas positivas insuficientes para conformar entrenamiento y prueba (umbral operativo: 15 meses observados, 4 demandas positivas).",6.48
ITEM_4825,1,1,0.9833,20.0,0.0,60.0,0.0,Intermitente,False,"Meses observados o demandas positivas insuficientes para conformar entrenamiento y prueba (umbral operativo: 15 meses observados, 4 demandas positivas).",6.48
ITEM_4826,1,1,0.9833,20.0,0.0,60.0,0.0,Intermitente,False,"Meses observados o demandas positivas insuficientes para conformar entrenamiento y prueba (umbral operativo: 15 meses observados, 4 demandas positivas).",6.48
ITEM_4827,1,1,0.9833,4.0,0.0,60.0,0.0,Intermitente,False,"Meses observados o demandas positivas insuficientes para conformar entrenamiento y prueba (umbral operativo: 15 meses observados, 4 demandas positivas).",6.48
ITEM_4828,1,1,0.9833,4.0,0.0,60.0,0.0,Intermitente,False,"Meses observados o demandas positivas insuficientes para conformar entrenamiento y prueba (umbral operativo: 15 meses observados, 4 demandas positivas).",6.48
ITEM_4829,1,1,0.9833,6.0,0.0,60.0,0.0,Intermitente,False,"Meses observados o demandas positivas insuficientes para conformar entrenamiento y prueba (umbral operativo: 15 meses observados, 4 demandas positivas).",6.47
ITEM_4830,1,1,0.9833,8.0,0.0,60.0,0.0,Intermitente,False,"Meses observados o demandas positivas insuficientes para conformar entrenamiento y prueba (umbral operativo: 15 meses observados, 4 demandas positivas).",6.4
ITEM_4831,1,1,0.9833,4.0,0.0,60.0,0.0,Intermitente,False,"Meses observados o demandas positivas insuficientes para conformar entrenamiento y prueba (umbral operativo: 15 meses observados, 4 demandas positivas).",6.4
ITEM_4832,1,1,0.9833,2.0,0.0,60.0,0.0,Intermitente,False,"Meses observados o demandas positivas insuficientes para conformar entrenamiento y prueba (umbral operativo: 15 meses observados, 4 demandas positivas).",6.4
ITEM_4833,1,1,0.9833,1.0,0.0,60.0,0.0,Intermitente,False,"Meses observados o demandas positivas insuficientes para conformar entrenamiento y prueba (umbral operativo: 15 meses observados, 4 demandas positivas).",6.4
ITEM_4834,1,1,0.9833,1.0,0.0,60.0,0.0,Intermitente,False,"Meses observados o demandas positivas insuficientes para conformar entrenamiento y prueba (umbral operativo: 15 meses observados, 4 demandas positivas).",6.4
ITEM_4835,1,1,0.9833,5.0,0.0,60.0,0.0,Intermitente,False,"Meses observados o demandas positivas insuficientes para conformar entrenamiento y prueba (umbral operativo: 15 meses observados, 4 demandas positivas).",6.4
ITEM_4836,1,1,0.9833,4.0,0.0,60.0,0.0,Intermitente,False,"Meses observados o demandas positivas insuficientes para conformar entrenamiento y prueba (umbral operativo: 15 meses observados, 4 demandas positivas).",6.4
ITEM_4837,1,1,0.9833,6.0,0.0,60.0,0.0,Intermitente,False,"Meses observados o demandas positivas insuficientes para conformar entrenamiento y prueba (umbral operativo: 15 meses observados, 4 demandas positivas).",6.34
ITEM_4838,2,2,0.9667,2.0,0.0,3.0,0.0,Intermitente,False,"Meses observados o demandas positivas insuficientes para conformar entrenamiento y prueba (umbral operativo: 15 meses observados, 4 demandas positivas).",12.68
ITEM_4839,1,1,0.9833,36.0,0.0,60.0,0.0,Intermitente,False,"Meses observados o demandas positivas insuficientes para conformar entrenamiento y prueba (umbral operativo: 15 meses observados, 4 demandas positivas).",6.34
ITEM_4840,1,1,0.9833,1.0,0.0,60.0,0.0,Intermitente,False,"Meses observados o demandas positivas insuficientes para conformar entrenamiento y prueba (umbral operativo: 15 meses observados, 4 demandas positivas).",6.34
ITEM_4841,1,1,0.9833,1.0,0.0,60.0,0.0,Intermitente,False,"Meses observados o demandas positivas insuficientes para conformar entrenamiento y prueba (umbral operativo: 15 meses observados, 4 demandas positivas).",6.28
ITEM_4843,3,3,0.95,1.3333,0.3333,11.0,0.1875,Intermitente,False,"Meses observados o demandas positivas insuficientes para conformar entrenamiento y prueba (umbral operativo: 15 meses observados, 4 demandas positivas).",12.46
ITEM_4844,1,1,0.9833,1.0,0.0,60.0,0.0,Intermitente,False,"Meses observados o demandas positivas insuficientes para conformar entrenamiento y prueba (umbral operativo: 15 meses observados, 4 demandas positivas).",6.18
ITEM_4845,1,1,0.9833,2.0,0.0,60.0,0.0,Intermitente,False,"Meses observados o demandas positivas insuficientes para conformar entrenamiento y prueba (umbral operativo: 15 meses observados, 4 demandas positivas).",6.16
ITEM_4846,1,1,0.9833,36.0,0.0,60.0,0.0,Intermitente,False,"Meses observados o demandas positivas insuficientes para conformar entrenamiento y prueba (umbral operativo: 15 meses observados, 4 demandas positivas).",6.12
ITEM_4847,1,1,0.9833,4.0,0.0,60.0,0.0,Intermitente,False,"Meses observados o demandas positivas insuficientes para conformar entrenamiento y prueba (umbral operativo: 15 meses observados, 4 demandas positivas).",6.12
ITEM_4848,1,1,0.9833,8.0,0.0,60.0,0.0,Intermitente,False,"Meses observados o demandas positivas insuficientes para conformar entrenamiento y prueba (umbral operativo: 15 meses observados, 4 demandas positivas).",6.08
ITEM_4849,1,1,0.9833,1.0,0.0,60.0,0.0,Intermitente,False,"Meses observados o demandas positivas insuficientes para conformar entrenamiento y prueba (umbral operativo: 15 meses observados, 4 demandas positivas).",6.05
ITEM_4850,1,1,0.9833,1.0,0.0,60.0,0.0,Intermitente,False,"Meses observados o demandas positivas insuficientes para conformar entrenamiento y prueba (umbral operativo: 15 meses observados, 4 demandas positivas).",6.0
ITEM_4851,1,1,0.9833,20.0,0.0,60.0,0.0,Intermitente,False,"Meses observados o demandas positivas insuficientes para conformar entrenamiento y prueba (umbral operativo: 15 meses observados, 4 demandas positivas).",6.0
ITEM_4852,1,1,0.9833,2.0,0.0,60.0,0.0,Intermitente,False,"Meses observados o demandas positivas insuficientes para conformar entrenamiento y prueba (umbral operativo: 15 meses observados, 4 demandas positivas).",6.0
ITEM_4853,1,1,0.9833,12.0,0.0,60.0,0.0,Intermitente,False,"Meses observados o demandas positivas insuficientes para conformar entrenamiento y prueba (umbral operativo: 15 meses observados, 4 demandas positivas).",6.0
ITEM_4854,1,1,0.9833,12.0,0.0,60.0,0.0,Intermitente,False,"Meses observados o demandas positivas insuficientes para conformar entrenamiento y prueba (umbral operativo: 15 meses observados, 4 demandas positivas).",6.0
ITEM_4855,2,2,0.9667,1.0,0.0,22.0,0.0,Intermitente,False,"Meses observados o demandas positivas insuficientes para conformar entrenamiento y prueba (umbral operativo: 15 meses observados, 4 demandas positivas).",11.78
ITEM_4856,1,1,0.9833,3.0,0.0,60.0,0.0,Intermitente,False,"Meses observados o demandas positivas insuficientes para conformar entrenamiento y prueba (umbral operativo: 15 meses observados, 4 demandas positivas).",6.0
ITEM_4857,12,12,0.8,133.5833,4170.447,4.0,0.2337,Intermitente,False,"Meses observados o demandas positivas insuficientes para conformar entrenamiento y prueba (umbral operativo: 15 meses observados, 4 demandas positivas).",41.74
ITEM_4858,1,1,0.9833,100.0,0.0,60.0,0.0,Intermitente,False,"Meses observados o demandas positivas insuficientes para conformar entrenamiento y prueba (umbral operativo: 15 meses observados, 4 demandas positivas).",6.0
ITEM_4859,1,1,0.9833,2.0,0.0,60.0,0.0,Intermitente,False,"Meses observados o demandas positivas insuficientes para conformar entrenamiento y prueba (umbral operativo: 15 meses observados, 4 demandas positivas).",6.0
ITEM_4860,1,1,0.9833,5.0,0.0,60.0,0.0,Intermitente,False,"Meses observados o demandas positivas insuficientes para conformar entrenamiento y prueba (umbral operativo: 15 meses observados, 4 demandas positivas).",6.0
ITEM_4861,2,2,0.9667,65.0,2450.0,19.0,0.5799,Lumpy,False,"Meses observados o demandas positivas insuficientes para conformar entrenamiento y prueba (umbral operativo: 15 meses observados, 4 demandas positivas).",10.8
ITEM_4862,1,1,0.9833,8.0,0.0,60.0,0.0,Intermitente,False,"Meses observados o demandas positivas insuficientes para conformar entrenamiento y prueba (umbral operativo: 15 meses observados, 4 demandas positivas).",6.0
ITEM_4863,1,1,0.9833,1.0,0.0,60.0,0.0,Intermitente,False,"Meses observados o demandas positivas insuficientes para conformar entrenamiento y prueba (umbral operativo: 15 meses observados, 4 demandas positivas).",6.0
ITEM_4865,1,1,0.9833,2.0,0.0,60.0,0.0,Intermitente,False,"Meses observados o demandas positivas insuficientes para conformar entrenamiento y prueba (umbral operativo: 15 meses observados, 4 demandas positivas).",5.96
ITEM_4866,2,2,0.9667,1.0,0.0,5.0,0.0,Intermitente,False,"Meses observados o demandas positivas insuficientes para conformar entrenamiento y prueba (umbral operativo: 15 meses observados, 4 demandas positivas).",9.75
ITEM_4867,1,1,0.9833,6.0,0.0,60.0,0.0,Intermitente,False,"Meses observados o demandas positivas insuficientes para conformar entrenamiento y prueba (umbral operativo: 15 meses observados, 4 demandas positivas).",5.94
ITEM_4868,1,1,0.9833,20.0,0.0,60.0,0.0,Intermitente,False,"Meses observados o demandas positivas insuficientes para conformar entrenamiento y prueba (umbral operativo: 15 meses observados, 4 demandas positivas).",5.94
ITEM_4869,1,1,0.9833,1.0,0.0,60.0,0.0,Intermitente,False,"Meses observados o demandas positivas insuficientes para conformar entrenamiento y prueba (umbral operativo: 15 meses observados, 4 demandas positivas).",5.93
ITEM_4870,1,1,0.9833,2.0,0.0,60.0,0.0,Intermitente,False,"Meses observados o demandas positivas insuficientes para conformar entrenamiento y prueba (umbral operativo: 15 meses observados, 4 demandas positivas).",5.9
ITEM_4871,1,1,0.9833,12.0,0.0,60.0,0.0,Intermitente,False,"Meses observados o demandas positivas insuficientes para conformar entrenamiento y prueba (umbral operativo: 15 meses observados, 4 demandas positivas).",5.88
ITEM_4872,1,1,0.9833,1.0,0.0,60.0,0.0,Intermitente,False,"Meses observados o demandas positivas insuficientes para conformar entrenamiento y prueba (umbral operativo: 15 meses observados, 4 demandas positivas).",5.82
ITEM_4873,1,1,0.9833,4.0,0.0,60.0,0.0,Intermitente,False,"Meses observados o demandas positivas insuficientes para conformar entrenamiento y prueba (umbral operativo: 15 meses observados, 4 demandas positivas).",5.8
ITEM_4874,1,1,0.9833,20.0,0.0,60.0,0.0,Intermitente,False,"Meses observados o demandas positivas insuficientes para conformar entrenamiento y prueba (umbral operativo: 15 meses observados, 4 demandas positivas).",5.8
ITEM_4875,1,1,0.9833,12.0,0.0,60.0,0.0,Intermitente,False,"Meses observados o demandas positivas insuficientes para conformar entrenamiento y prueba (umbral operativo: 15 meses observados, 4 demandas positivas).",5.75
ITEM_4876,1,1,0.9833,1.0,0.0,60.0,0.0,Intermitente,False,"Meses observados o demandas positivas insuficientes para conformar entrenamiento y prueba (umbral operativo: 15 meses observados, 4 demandas positivas).",5.74
ITEM_4877,1,1,0.9833,4.0,0.0,60.0,0.0,Intermitente,False,"Meses observados o demandas positivas insuficientes para conformar entrenamiento y prueba (umbral operativo: 15 meses observados, 4 demandas positivas).",5.72
ITEM_4878,1,1,0.9833,12.0,0.0,60.0,0.0,Intermitente,False,"Meses observados o demandas positivas insuficientes para conformar entrenamiento y prueba (umbral operativo: 15 meses observados, 4 demandas positivas).",5.64
ITEM_4879,1,1,0.9833,2.0,0.0,60.0,0.0,Intermitente,False,"Meses observados o demandas positivas insuficientes para conformar entrenamiento y prueba (umbral operativo: 15 meses observados, 4 demandas positivas).",5.64
ITEM_4880,1,1,0.9833,4.0,0.0,60.0,0.0,Intermitente,False,"Meses observados o demandas positivas insuficientes para conformar entrenamiento y prueba (umbral operativo: 15 meses observados, 4 demandas positivas).",5.64
ITEM_4881,2,2,0.9667,30.0,0.0,4.0,0.0,Intermitente,False,"Meses observados o demandas positivas insuficientes para conformar entrenamiento y prueba (umbral operativo: 15 meses observados, 4 demandas positivas).",11.26
ITEM_4882,1,1,0.9833,2.0,0.0,60.0,0.0,Intermitente,False,"Meses observados o demandas positivas insuficientes para conformar entrenamiento y prueba (umbral operativo: 15 meses observados, 4 demandas positivas).",5.6
ITEM_4883,4,4,0.9333,1.25,0.25,7.0,0.16,Intermitente,False,"Meses observados o demandas positivas insuficientes para conformar entrenamiento y prueba (umbral operativo: 15 meses observados, 4 demandas positivas).",16.88
ITEM_4884,1,1,0.9833,2.0,0.0,60.0,0.0,Intermitente,False,"Meses observados o demandas positivas insuficientes para conformar entrenamiento y prueba (umbral operativo: 15 meses observados, 4 demandas positivas).",5.59
ITEM_4885,1,1,0.9833,1.0,0.0,60.0,0.0,Intermitente,False,"Meses observados o demandas positivas insuficientes para conformar entrenamiento y prueba (umbral operativo: 15 meses observados, 4 demandas positivas).",5.59
ITEM_4886,2,2,0.9667,1.0,0.0,22.0,0.0,Intermitente,False,"Meses observados o demandas positivas insuficientes para conformar entrenamiento y prueba (umbral operativo: 15 meses observados, 4 demandas positivas).",9.04
ITEM_4887,1,1,0.9833,2.0,0.0,60.0,0.0,Intermitente,False,"Meses observados o demandas positivas insuficientes para conformar entrenamiento y prueba (umbral operativo: 15 meses observados, 4 demandas positivas).",5.54
ITEM_4888,1,1,0.9833,1.0,0.0,60.0,0.0,Intermitente,False,"Meses observados o demandas positivas insuficientes para conformar entrenamiento y prueba (umbral operativo: 15 meses observados, 4 demandas positivas).",5.52
ITEM_4889,1,1,0.9833,1.0,0.0,60.0,0.0,Intermitente,False,"Meses observados o demandas positivas insuficientes para conformar entrenamiento y prueba (umbral operativo: 15 meses observados, 4 demandas positivas).",5.5
ITEM_4890,4,4,0.9333,1.25,0.25,11.3333,0.16,Intermitente,False,"Meses observados o demandas positivas insuficientes para conformar entrenamiento y prueba (umbral operativo: 15 meses observados, 4 demandas positivas).",12.81
ITEM_4891,1,1,0.9833,4.0,0.0,60.0,0.0,Intermitente,False,"Meses observados o demandas positivas insuficientes para conformar entrenamiento y prueba (umbral operativo: 15 meses observados, 4 demandas positivas).",5.48
ITEM_4892,1,1,0.9833,8.0,0.0,60.0,0.0,Intermitente,False,"Meses observados o demandas positivas insuficientes para conformar entrenamiento y prueba (umbral operativo: 15 meses observados, 4 demandas positivas).",5.44
ITEM_4893,1,1,0.9833,4.0,0.0,60.0,0.0,Intermitente,False,"Meses observados o demandas positivas insuficientes para conformar entrenamiento y prueba (umbral operativo: 15 meses observados, 4 demandas positivas).",5.44
ITEM_4894,1,1,0.9833,4.0,0.0,60.0,0.0,Intermitente,False,"Meses observados o demandas positivas insuficientes para conformar entrenamiento y prueba (umbral operativo: 15 meses observados, 4 demandas positivas).",5.44
ITEM_4895,1,1,0.9833,2.0,0.0,60.0,0.0,Intermitente,False,"Meses observados o demandas positivas insuficientes para conformar entrenamiento y prueba (umbral operativo: 15 meses observados, 4 demandas positivas).",5.42
ITEM_4896,1,1,0.9833,1.0,0.0,60.0,0.0,Intermitente,False,"Meses observados o demandas positivas insuficientes para conformar entrenamiento y prueba (umbral operativo: 15 meses observados, 4 demandas positivas).",5.35
ITEM_4897,1,1,0.9833,1.0,0.0,60.0,0.0,Intermitente,False,"Meses observados o demandas positivas insuficientes para conformar entrenamiento y prueba (umbral operativo: 15 meses observados, 4 demandas positivas).",5.35
ITEM_4898,1,1,0.9833,1.0,0.0,60.0,0.0,Intermitente,False,"Meses observados o demandas positivas insuficientes para conformar entrenamiento y prueba (umbral operativo: 15 meses observados, 4 demandas positivas).",5.35
ITEM_4899,1,1,0.9833,2.0,0.0,60.0,0.0,Intermitente,False,"Meses observados o demandas positivas insuficientes para conformar entrenamiento y prueba (umbral operativo: 15 meses observados, 4 demandas positivas).",10.69
ITEM_4900,1,1,0.9833,1.0,0.0,60.0,0.0,Intermitente,False,"Meses observados o demandas positivas insuficientes para conformar entrenamiento y prueba (umbral operativo: 15 meses observados, 4 demandas positivas).",5.3
ITEM_4901,1,1,0.9833,4.0,0.0,60.0,0.0,Intermitente,False,"Meses observados o demandas positivas insuficientes para conformar entrenamiento y prueba (umbral operativo: 15 meses observados, 4 demandas positivas).",5.3
ITEM_4902,1,1,0.9833,6.0,0.0,60.0,0.0,Intermitente,False,"Meses observados o demandas positivas insuficientes para conformar entrenamiento y prueba (umbral operativo: 15 meses observados, 4 demandas positivas).",5.29
ITEM_4903,1,1,0.9833,1.0,0.0,60.0,0.0,Intermitente,False,"Meses observados o demandas positivas insuficientes para conformar entrenamiento y prueba (umbral operativo: 15 meses observados, 4 demandas positivas).",5.25
ITEM_4904,2,2,0.9667,1000.0,0.0,2.0,0.0,Intermitente,False,"Meses observados o demandas positivas insuficientes para conformar entrenamiento y prueba (umbral operativo: 15 meses observados, 4 demandas positivas).",10.44
ITEM_4905,1,1,0.9833,2.0,0.0,60.0,0.0,Intermitente,False,"Meses observados o demandas positivas insuficientes para conformar entrenamiento y prueba (umbral operativo: 15 meses observados, 4 demandas positivas).",10.41
ITEM_4906,1,1,0.9833,2.0,0.0,60.0,0.0,Intermitente,False,"Meses observados o demandas positivas insuficientes para conformar entrenamiento y prueba (umbral operativo: 15 meses observados, 4 demandas positivas).",5.2
ITEM_4907,2,2,0.9667,1.0,0.0,3.0,0.0,Intermitente,False,"Meses observados o demandas positivas insuficientes para conformar entrenamiento y prueba (umbral operativo: 15 meses observados, 4 demandas positivas).",9.6
ITEM_4908,2,2,0.9667,1.5,0.5,2.0,0.2222,Intermitente,False,"Meses observados o demandas positivas insuficientes para conformar entrenamiento y prueba (umbral operativo: 15 meses observados, 4 demandas positivas).",9.9
ITEM_4909,1,1,0.9833,4.0,0.0,60.0,0.0,Intermitente,False,"Meses observados o demandas positivas insuficientes para conformar entrenamiento y prueba (umbral operativo: 15 meses observados, 4 demandas positivas).",5.2
ITEM_4910,1,1,0.9833,2.0,0.0,60.0,0.0,Intermitente,False,"Meses observados o demandas positivas insuficientes para conformar entrenamiento y prueba (umbral operativo: 15 meses observados, 4 demandas positivas).",5.12
ITEM_4911,1,1,0.9833,10.0,0.0,60.0,0.0,Intermitente,False,"Meses observados o demandas positivas insuficientes para conformar entrenamiento y prueba (umbral operativo: 15 meses observados, 4 demandas positivas).",5.1
ITEM_4912,1,1,0.9833,300.0,0.0,60.0,0.0,Intermitente,False,"Meses observados o demandas positivas insuficientes para conformar entrenamiento y prueba (umbral operativo: 15 meses observados, 4 demandas positivas).",5.04
ITEM_4913,1,1,0.9833,3.0,0.0,60.0,0.0,Intermitente,False,"Meses observados o demandas positivas insuficientes para conformar entrenamiento y prueba (umbral operativo: 15 meses observados, 4 demandas positivas).",5.01
ITEM_4914,2,2,0.9667,1.0,0.0,2.0,0.0,Intermitente,False,"Meses observados o demandas positivas insuficientes para conformar entrenamiento y prueba (umbral operativo: 15 meses observados, 4 demandas positivas).",10.0
ITEM_4915,1,1,0.9833,100.0,0.0,60.0,0.0,Intermitente,False,"Meses observados o demandas positivas insuficientes para conformar entrenamiento y prueba (umbral operativo: 15 meses observados, 4 demandas positivas).",5.0
ITEM_4916,2,2,0.9667,3.0,2.0,5.0,0.2222,Intermitente,False,"Meses observados o demandas positivas insuficientes para conformar entrenamiento y prueba (umbral operativo: 15 meses observados, 4 demandas positivas).",9.39
ITEM_4917,3,3,0.95,10.6667,81.3333,14.5,0.7148,Lumpy,False,"Meses observados o demandas positivas insuficientes para conformar entrenamiento y prueba (umbral operativo: 15 meses observados, 4 demandas positivas).",7.9
ITEM_4918,1,1,0.9833,10.0,0.0,60.0,0.0,Intermitente,False,"Meses observados o demandas positivas insuficientes para conformar entrenamiento y prueba (umbral operativo: 15 meses observados, 4 demandas positivas).",5.0
ITEM_4919,1,1,0.9833,30.0,0.0,60.0,0.0,Intermitente,False,"Meses observados o demandas positivas insuficientes para conformar entrenamiento y prueba (umbral operativo: 15 meses observados, 4 demandas positivas).",5.0
ITEM_4920,1,1,0.9833,6.0,0.0,60.0,0.0,Intermitente,False,"Meses observados o demandas positivas insuficientes para conformar entrenamiento y prueba (umbral operativo: 15 meses observados, 4 demandas positivas).",4.86
ITEM_4921,1,1,0.9833,1.0,0.0,60.0,0.0,Intermitente,False,"Meses observados o demandas positivas insuficientes para conformar entrenamiento y prueba (umbral operativo: 15 meses observados, 4 demandas positivas).",4.85
ITEM_4922,1,1,0.9833,1.0,0.0,60.0,0.0,Intermitente,False,"Meses observados o demandas positivas insuficientes para conformar entrenamiento y prueba (umbral operativo: 15 meses observados, 4 demandas positivas).",4.84
ITEM_4923,1,1,0.9833,100.0,0.0,60.0,0.0,Intermitente,False,"Meses observados o demandas positivas insuficientes para conformar entrenamiento y prueba (umbral operativo: 15 meses observados, 4 demandas positivas).",9.0
ITEM_4924,1,1,0.9833,6.0,0.0,60.0,0.0,Intermitente,False,"Meses observados o demandas positivas insuficientes para conformar entrenamiento y prueba (umbral operativo: 15 meses observados, 4 demandas positivas).",4.8
ITEM_4925,2,2,0.9667,16.0,128.0,4.0,0.5,Lumpy,False,"Meses observados o demandas positivas insuficientes para conformar entrenamiento y prueba (umbral operativo: 15 meses observados, 4 demandas positivas).",7.76
ITEM_4926,2,2,0.9667,1.0,0.0,5.0,0.0,Intermitente,False,"Meses observados o demandas positivas insuficientes para conformar entrenamiento y prueba (umbral operativo: 15 meses observados, 4 demandas positivas).",7.78
ITEM_4927,1,1,0.9833,1.0,0.0,60.0,0.0,Intermitente,False,"Meses observados o demandas positivas insuficientes para conformar entrenamiento y prueba (umbral operativo: 15 meses observados, 4 demandas positivas).",4.8
ITEM_4928,1,1,0.9833,1.0,0.0,60.0,0.0,Intermitente,False,"Meses observados o demandas positivas insuficientes para conformar entrenamiento y prueba (umbral operativo: 15 meses observados, 4 demandas positivas).",4.8
ITEM_4929,1,1,0.9833,16.0,0.0,60.0,0.0,Intermitente,False,"Meses observados o demandas positivas insuficientes para conformar entrenamiento y prueba (umbral operativo: 15 meses observados, 4 demandas positivas).",12.16
ITEM_4930,1,1,0.9833,10.0,0.0,60.0,0.0,Intermitente,False,"Meses observados o demandas positivas insuficientes para conformar entrenamiento y prueba (umbral operativo: 15 meses observados, 4 demandas positivas).",4.76
ITEM_4931,1,1,0.9833,1.0,0.0,60.0,0.0,Intermitente,False,"Meses observados o demandas positivas insuficientes para conformar entrenamiento y prueba (umbral operativo: 15 meses observados, 4 demandas positivas).",4.74
ITEM_4932,1,1,0.9833,2.0,0.0,60.0,0.0,Intermitente,False,"Meses observados o demandas positivas insuficientes para conformar entrenamiento y prueba (umbral operativo: 15 meses observados, 4 demandas positivas).",4.72
ITEM_4933,1,1,0.9833,30.0,0.0,60.0,0.0,Intermitente,False,"Meses observados o demandas positivas insuficientes para conformar entrenamiento y prueba (umbral operativo: 15 meses observados, 4 demandas positivas).",4.68
ITEM_4934,2,2,0.9667,8.0,32.0,10.0,0.5,Lumpy,False,"Meses observados o demandas positivas insuficientes para conformar entrenamiento y prueba (umbral operativo: 15 meses observados, 4 demandas positivas).",6.24
ITEM_4935,5,5,0.9167,6.6,10.8,13.25,0.2479,Intermitente,False,"Meses observados o demandas positivas insuficientes para conformar entrenamiento y prueba (umbral operativo: 15 meses observados, 4 demandas positivas).",13.6
ITEM_4936,1,1,0.9833,8.0,0.0,60.0,0.0,Intermitente,False,"Meses observados o demandas positivas insuficientes para conformar entrenamiento y prueba (umbral operativo: 15 meses observados, 4 demandas positivas).",4.52
ITEM_4937,3,3,0.95,1.6667,1.3333,14.5,0.48,Intermitente,False,"Meses observados o demandas positivas insuficientes para conformar entrenamiento y prueba (umbral operativo: 15 meses observados, 4 demandas positivas).",7.5
ITEM_4938,1,1,0.9833,3.0,0.0,60.0,0.0,Intermitente,False,"Meses observados o demandas positivas insuficientes para conformar entrenamiento y prueba (umbral operativo: 15 meses observados, 4 demandas positivas).",4.5
ITEM_4939,1,1,0.9833,1.0,0.0,60.0,0.0,Intermitente,False,"Meses observados o demandas positivas insuficientes para conformar entrenamiento y prueba (umbral operativo: 15 meses observados, 4 demandas positivas).",4.5
ITEM_4940,1,1,0.9833,200.0,0.0,60.0,0.0,Intermitente,False,"Meses observados o demandas positivas insuficientes para conformar entrenamiento y prueba (umbral operativo: 15 meses observados, 4 demandas positivas).",4.48
ITEM_4941,1,1,0.9833,200.0,0.0,60.0,0.0,Intermitente,False,"Meses observados o demandas positivas insuficientes para conformar entrenamiento y prueba (umbral operativo: 15 meses observados, 4 demandas positivas).",4.48
ITEM_4942,1,1,0.9833,200.0,0.0,60.0,0.0,Intermitente,False,"Meses observados o demandas positivas insuficientes para conformar entrenamiento y prueba (umbral operativo: 15 meses observados, 4 demandas positivas).",4.48
ITEM_4943,1,1,0.9833,200.0,0.0,60.0,0.0,Intermitente,False,"Meses observados o demandas positivas insuficientes para conformar entrenamiento y prueba (umbral operativo: 15 meses observados, 4 demandas positivas).",4.48
ITEM_4944,1,1,0.9833,200.0,0.0,60.0,0.0,Intermitente,False,"Meses observados o demandas positivas insuficientes para conformar entrenamiento y prueba (umbral operativo: 15 meses observados, 4 demandas positivas).",4.48
ITEM_4945,1,1,0.9833,200.0,0.0,60.0,0.0,Intermitente,False,"Meses observados o demandas positivas insuficientes para conformar entrenamiento y prueba (umbral operativo: 15 meses observados, 4 demandas positivas).",4.48
ITEM_4946,1,1,0.9833,200.0,0.0,60.0,0.0,Intermitente,False,"Meses observados o demandas positivas insuficientes para conformar entrenamiento y prueba (umbral operativo: 15 meses observados, 4 demandas positivas).",4.48
ITEM_4947,1,1,0.9833,200.0,0.0,60.0,0.0,Intermitente,False,"Meses observados o demandas positivas insuficientes para conformar entrenamiento y prueba (umbral operativo: 15 meses observados, 4 demandas positivas).",4.48
ITEM_4948,1,1,0.9833,4.0,0.0,60.0,0.0,Intermitente,False,"Meses observados o demandas positivas insuficientes para conformar entrenamiento y prueba (umbral operativo: 15 meses observados, 4 demandas positivas).",4.48
ITEM_4949,2,2,0.9667,2.0,0.0,3.0,0.0,Intermitente,False,"Meses observados o demandas positivas insuficientes para conformar entrenamiento y prueba (umbral operativo: 15 meses observados, 4 demandas positivas).",8.92
ITEM_4950,1,1,0.9833,1.0,0.0,60.0,0.0,Intermitente,False,"Meses observados o demandas positivas insuficientes para conformar entrenamiento y prueba (umbral operativo: 15 meses observados, 4 demandas positivas).",4.45
ITEM_4951,2,2,0.9667,3.0,2.0,5.0,0.2222,Intermitente,False,"Meses observados o demandas positivas insuficientes para conformar entrenamiento y prueba (umbral operativo: 15 meses observados, 4 demandas positivas).",6.66
ITEM_4952,2,2,0.9667,20.0,200.0,2.0,0.5,Lumpy,False,"Meses observados o demandas positivas insuficientes para conformar entrenamiento y prueba (umbral operativo: 15 meses observados, 4 demandas positivas).",5.92
ITEM_4953,1,1,0.9833,4.0,0.0,60.0,0.0,Intermitente,False,"Meses observados o demandas positivas insuficientes para conformar entrenamiento y prueba (umbral operativo: 15 meses observados, 4 demandas positivas).",4.4
ITEM_4954,3,3,0.95,3.6667,0.3333,6.5,0.0248,Intermitente,False,"Meses observados o demandas positivas insuficientes para conformar entrenamiento y prueba (umbral operativo: 15 meses observados, 4 demandas positivas).",11.4
ITEM_4955,1,1,0.9833,6.0,0.0,60.0,0.0,Intermitente,False,"Meses observados o demandas positivas insuficientes para conformar entrenamiento y prueba (umbral operativo: 15 meses observados, 4 demandas positivas).",4.26
ITEM_4956,1,1,0.9833,1.0,0.0,60.0,0.0,Intermitente,False,"Meses observados o demandas positivas insuficientes para conformar entrenamiento y prueba (umbral operativo: 15 meses observados, 4 demandas positivas).",4.26
ITEM_4957,1,1,0.9833,1.0,0.0,60.0,0.0,Intermitente,False,"Meses observados o demandas positivas insuficientes para conformar entrenamiento y prueba (umbral operativo: 15 meses observados, 4 demandas positivas).",4.25
ITEM_4958,1,1,0.9833,2.0,0.0,60.0,0.0,Intermitente,False,"Meses observados o demandas positivas insuficientes para conformar entrenamiento y prueba (umbral operativo: 15 meses observados, 4 demandas positivas).",4.25
ITEM_4959,1,1,0.9833,10.0,0.0,60.0,0.0,Intermitente,False,"Meses observados o demandas positivas insuficientes para conformar entrenamiento y prueba (umbral operativo: 15 meses observados, 4 demandas positivas).",4.23
ITEM_4960,1,1,0.9833,12.0,0.0,60.0,0.0,Intermitente,False,"Meses observados o demandas positivas insuficientes para conformar entrenamiento y prueba (umbral operativo: 15 meses observados, 4 demandas positivas).",4.2
ITEM_4961,1,1,0.9833,12.0,0.0,60.0,0.0,Intermitente,False,"Meses observados o demandas positivas insuficientes para conformar entrenamiento y prueba (umbral operativo: 15 meses observados, 4 demandas positivas).",4.2
ITEM_4962,1,1,0.9833,12.0,0.0,60.0,0.0,Intermitente,False,"Meses observados o demandas positivas insuficientes para conformar entrenamiento y prueba (umbral operativo: 15 meses observados, 4 demandas positivas).",4.2
ITEM_4963,1,1,0.9833,1.0,0.0,60.0,0.0,Intermitente,False,"Meses observados o demandas positivas insuficientes para conformar entrenamiento y prueba (umbral operativo: 15 meses observados, 4 demandas positivas).",4.19
ITEM_4964,1,1,0.9833,15.0,0.0,60.0,0.0,Intermitente,False,"Meses observados o demandas positivas insuficientes para conformar entrenamiento y prueba (umbral operativo: 15 meses observados, 4 demandas positivas).",4.05
ITEM_4965,1,1,0.9833,2.0,0.0,60.0,0.0,Intermitente,False,"Meses observados o demandas positivas insuficientes para conformar entrenamiento y prueba (umbral operativo: 15 meses observados, 4 demandas positivas).",4.02
ITEM_4966,1,1,0.9833,50.0,0.0,60.0,0.0,Intermitente,False,"Meses observados o demandas positivas insuficientes para conformar entrenamiento y prueba (umbral operativo: 15 meses observados, 4 demandas positivas).",4.0
ITEM_4967,4,4,0.9333,74.75,2116.9167,7.6667,0.3789,Intermitente,False,"Meses observados o demandas positivas insuficientes para conformar entrenamiento y prueba (umbral operativo: 15 meses observados, 4 demandas positivas).",8.39
ITEM_4968,1,1,0.9833,40.0,0.0,60.0,0.0,Intermitente,False,"Meses observados o demandas positivas insuficientes para conformar entrenamiento y prueba (umbral operativo: 15 meses observados, 4 demandas positivas).",4.0
ITEM_4969,1,1,0.9833,1.0,0.0,60.0,0.0,Intermitente,False,"Meses observados o demandas positivas insuficientes para conformar entrenamiento y prueba (umbral operativo: 15 meses observados, 4 demandas positivas).",3.98
ITEM_4970,1,1,0.9833,1.0,0.0,60.0,0.0,Intermitente,False,"Meses observados o demandas positivas insuficientes para conformar entrenamiento y prueba (umbral operativo: 15 meses observados, 4 demandas positivas).",3.98
ITEM_4971,1,1,0.9833,4.0,0.0,60.0,0.0,Intermitente,False,"Meses observados o demandas positivas insuficientes para conformar entrenamiento y prueba (umbral operativo: 15 meses observados, 4 demandas positivas).",3.94
ITEM_4972,1,1,0.9833,1.0,0.0,60.0,0.0,Intermitente,False,"Meses observados o demandas positivas insuficientes para conformar entrenamiento y prueba (umbral operativo: 15 meses observados, 4 demandas positivas).",3.93
ITEM_4973,1,1,0.9833,2.0,0.0,60.0,0.0,Intermitente,False,"Meses observados o demandas positivas insuficientes para conformar entrenamiento y prueba (umbral operativo: 15 meses observados, 4 demandas positivas).",3.9
ITEM_4974,1,1,0.9833,20.0,0.0,60.0,0.0,Intermitente,False,"Meses observados o demandas positivas insuficientes para conformar entrenamiento y prueba (umbral operativo: 15 meses observados, 4 demandas positivas).",4.06
ITEM_4975,1,1,0.9833,1.0,0.0,60.0,0.0,Intermitente,False,"Meses observados o demandas positivas insuficientes para conformar entrenamiento y prueba (umbral operativo: 15 meses observados, 4 demandas positivas).",3.76
ITEM_4976,2,2,0.9667,2.0,0.0,3.0,0.0,Intermitente,False,"Meses observados o demandas positivas insuficientes para conformar entrenamiento y prueba (umbral operativo: 15 meses observados, 4 demandas positivas).",7.01
ITEM_4977,1,1,0.9833,1.0,0.0,60.0,0.0,Intermitente,False,"Meses observados o demandas positivas insuficientes para conformar entrenamiento y prueba (umbral operativo: 15 meses observados, 4 demandas positivas).",3.73
ITEM_4978,7,7,0.8833,9.0,15.0,6.1667,0.1852,Intermitente,False,"Meses observados o demandas positivas insuficientes para conformar entrenamiento y prueba (umbral operativo: 15 meses observados, 4 demandas positivas).",19.74
ITEM_4979,1,1,0.9833,4.0,0.0,60.0,0.0,Intermitente,False,"Meses observados o demandas positivas insuficientes para conformar entrenamiento y prueba (umbral operativo: 15 meses observados, 4 demandas positivas).",3.68
ITEM_4980,1,1,0.9833,80.0,0.0,60.0,0.0,Intermitente,False,"Meses observados o demandas positivas insuficientes para conformar entrenamiento y prueba (umbral operativo: 15 meses observados, 4 demandas positivas).",3.68
ITEM_4981,1,1,0.9833,2.0,0.0,60.0,0.0,Intermitente,False,"Meses observados o demandas positivas insuficientes para conformar entrenamiento y prueba (umbral operativo: 15 meses observados, 4 demandas positivas).",7.29
ITEM_4982,1,1,0.9833,1.0,0.0,60.0,0.0,Intermitente,False,"Meses observados o demandas positivas insuficientes para conformar entrenamiento y prueba (umbral operativo: 15 meses observados, 4 demandas positivas).",3.63
ITEM_4983,1,1,0.9833,3.0,0.0,60.0,0.0,Intermitente,False,"Meses observados o demandas positivas insuficientes para conformar entrenamiento y prueba (umbral operativo: 15 meses observados, 4 demandas positivas).",3.6
ITEM_4984,3,3,0.95,5.0,3.0,11.5,0.12,Intermitente,False,"Meses observados o demandas positivas insuficientes para conformar entrenamiento y prueba (umbral operativo: 15 meses observados, 4 demandas positivas).",8.11
ITEM_4985,2,2,0.9667,24.5,0.5,4.0,0.0008,Intermitente,False,"Meses observados o demandas positivas insuficientes para conformar entrenamiento y prueba (umbral operativo: 15 meses observados, 4 demandas positivas).",6.2
ITEM_4986,1,1,0.9833,6.0,0.0,60.0,0.0,Intermitente,False,"Meses observados o demandas positivas insuficientes para conformar entrenamiento y prueba (umbral operativo: 15 meses observados, 4 demandas positivas).",3.6
ITEM_4987,1,1,0.9833,2.0,0.0,60.0,0.0,Intermitente,False,"Meses observados o demandas positivas insuficientes para conformar entrenamiento y prueba (umbral operativo: 15 meses observados, 4 demandas positivas).",3.6
ITEM_4988,1,1,0.9833,550.0,0.0,60.0,0.0,Intermitente,False,"Meses observados o demandas positivas insuficientes para conformar entrenamiento y prueba (umbral operativo: 15 meses observados, 4 demandas positivas).",3.58
ITEM_4989,2,2,0.9667,1.0,0.0,12.0,0.0,Intermitente,False,"Meses observados o demandas positivas insuficientes para conformar entrenamiento y prueba (umbral operativo: 15 meses observados, 4 demandas positivas).",6.5
ITEM_4990,1,1,0.9833,1.0,0.0,60.0,0.0,Intermitente,False,"Meses observados o demandas positivas insuficientes para conformar entrenamiento y prueba (umbral operativo: 15 meses observados, 4 demandas positivas).",3.5
ITEM_4991,1,1,0.9833,10.0,0.0,60.0,0.0,Intermitente,False,"Meses observados o demandas positivas insuficientes para conformar entrenamiento y prueba (umbral operativo: 15 meses observados, 4 demandas positivas).",3.5
ITEM_4992,1,1,0.9833,1.0,0.0,60.0,0.0,Intermitente,False,"Meses observados o demandas positivas insuficientes para conformar entrenamiento y prueba (umbral operativo: 15 meses observados, 4 demandas positivas).",3.47
ITEM_4993,4,4,0.9333,10.75,14.25,8.3333,0.1233,Intermitente,False,"Meses observados o demandas positivas insuficientes para conformar entrenamiento y prueba (umbral operativo: 15 meses observados, 4 demandas positivas).",9.68
ITEM_4994,2,2,0.9667,3.0,2.0,2.0,0.2222,Intermitente,False,"Meses observados o demandas positivas insuficientes para conformar entrenamiento y prueba (umbral operativo: 15 meses observados, 4 demandas positivas).",5.18
ITEM_4995,1,1,0.9833,40.0,0.0,60.0,0.0,Intermitente,False,"Meses observados o demandas positivas insuficientes para conformar entrenamiento y prueba (umbral operativo: 15 meses observados, 4 demandas positivas).",3.38
ITEM_4996,2,2,0.9667,2.0,0.0,3.0,0.0,Intermitente,False,"Meses observados o demandas positivas insuficientes para conformar entrenamiento y prueba (umbral operativo: 15 meses observados, 4 demandas positivas).",4.1
ITEM_4997,2,2,0.9667,2.0,0.0,3.0,0.0,Intermitente,False,"Meses observados o demandas positivas insuficientes para conformar entrenamiento y prueba (umbral operativo: 15 meses observados, 4 demandas positivas).",6.6
ITEM_4998,2,2,0.9667,2.0,0.0,3.0,0.0,Intermitente,False,"Meses observados o demandas positivas insuficientes para conformar entrenamiento y prueba (umbral operativo: 15 meses observados, 4 demandas positivas).",6.02
ITEM_4999,1,1,0.9833,2.0,0.0,60.0,0.0,Intermitente,False,"Meses observados o demandas positivas insuficientes para conformar entrenamiento y prueba (umbral operativo: 15 meses observados, 4 demandas positivas).",3.2
ITEM_5000,1,1,0.9833,8.0,0.0,60.0,0.0,Intermitente,False,"Meses observados o demandas positivas insuficientes para conformar entrenamiento y prueba (umbral operativo: 15 meses observados, 4 demandas positivas).",6.39
ITEM_5001,1,1,0.9833,1.0,0.0,60.0,0.0,Intermitente,False,"Meses observados o demandas positivas insuficientes para conformar entrenamiento y prueba (umbral operativo: 15 meses observados, 4 demandas positivas).",3.18
ITEM_5003,1,1,0.9833,1.0,0.0,60.0,0.0,Intermitente,False,"Meses observados o demandas positivas insuficientes para conformar entrenamiento y prueba (umbral operativo: 15 meses observados, 4 demandas positivas).",3.14
ITEM_5004,2,2,0.9667,1.0,0.0,16.0,0.0,Intermitente,False,"Meses observados o demandas positivas insuficientes para conformar entrenamiento y prueba (umbral operativo: 15 meses observados, 4 demandas positivas).",6.09
ITEM_5005,1,1,0.9833,2.0,0.0,60.0,0.0,Intermitente,False,"Meses observados o demandas positivas insuficientes para conformar entrenamiento y prueba (umbral operativo: 15 meses observados, 4 demandas positivas).",3.12
ITEM_5006,7,7,0.8833,99.8571,3150.1429,6.3333,0.3159,Intermitente,False,"Meses observados o demandas positivas insuficientes para conformar entrenamiento y prueba (umbral operativo: 15 meses observados, 4 demandas positivas).",11.85
ITEM_5007,1,1,0.9833,2.0,0.0,60.0,0.0,Intermitente,False,"Meses observados o demandas positivas insuficientes para conformar entrenamiento y prueba (umbral operativo: 15 meses observados, 4 demandas positivas).",3.06
ITEM_5008,1,1,0.9833,2.0,0.0,60.0,0.0,Intermitente,False,"Meses observados o demandas positivas insuficientes para conformar entrenamiento y prueba (umbral operativo: 15 meses observados, 4 demandas positivas).",3.06
ITEM_5009,1,1,0.9833,2.0,0.0,60.0,0.0,Intermitente,False,"Meses observados o demandas positivas insuficientes para conformar entrenamiento y prueba (umbral operativo: 15 meses observados, 4 demandas positivas).",3.06
ITEM_5010,1,1,0.9833,10.0,0.0,60.0,0.0,Intermitente,False,"Meses observados o demandas positivas insuficientes para conformar entrenamiento y prueba (umbral operativo: 15 meses observados, 4 demandas positivas).",3.05
ITEM_5011,1,1,0.9833,10.0,0.0,60.0,0.0,Intermitente,False,"Meses observados o demandas positivas insuficientes para conformar entrenamiento y prueba (umbral operativo: 15 meses observados, 4 demandas positivas).",3.02
ITEM_5012,1,1,0.9833,10.0,0.0,60.0,0.0,Intermitente,False,"Meses observados o demandas positivas insuficientes para conformar entrenamiento y prueba (umbral operativo: 15 meses observados, 4 demandas positivas).",3.02
ITEM_5013,1,1,0.9833,6.0,0.0,60.0,0.0,Intermitente,False,"Meses observados o demandas positivas insuficientes para conformar entrenamiento y prueba (umbral operativo: 15 meses observados, 4 demandas positivas).",3.0
ITEM_5014,2,2,0.9667,2.0,0.0,19.0,0.0,Intermitente,False,"Meses observados o demandas positivas insuficientes para conformar entrenamiento y prueba (umbral operativo: 15 meses observados, 4 demandas positivas).",5.5
ITEM_5015,1,1,0.9833,10.0,0.0,60.0,0.0,Intermitente,False,"Meses observados o demandas positivas insuficientes para conformar entrenamiento y prueba (umbral operativo: 15 meses observados, 4 demandas positivas).",3.0
ITEM_5016,2,2,0.9667,1.0,0.0,5.0,0.0,Intermitente,False,"Meses observados o demandas positivas insuficientes para conformar entrenamiento y prueba (umbral operativo: 15 meses observados, 4 demandas positivas).",5.48
ITEM_5017,1,1,0.9833,1.0,0.0,60.0,0.0,Intermitente,False,"Meses observados o demandas positivas insuficientes para conformar entrenamiento y prueba (umbral operativo: 15 meses observados, 4 demandas positivas).",2.94
ITEM_5018,1,1,0.9833,3.0,0.0,60.0,0.0,Intermitente,False,"Meses observados o demandas positivas insuficientes para conformar entrenamiento y prueba (umbral operativo: 15 meses observados, 4 demandas positivas).",2.91
ITEM_5019,1,1,0.9833,1.0,0.0,60.0,0.0,Intermitente,False,"Meses observados o demandas positivas insuficientes para conformar entrenamiento y prueba (umbral operativo: 15 meses observados, 4 demandas positivas).",2.91
ITEM_5020,1,1,0.9833,25.0,0.0,60.0,0.0,Intermitente,False,"Meses observados o demandas positivas insuficientes para conformar entrenamiento y prueba (umbral operativo: 15 meses observados, 4 demandas positivas).",2.88
ITEM_5021,1,1,0.9833,1.0,0.0,60.0,0.0,Intermitente,False,"Meses observados o demandas positivas insuficientes para conformar entrenamiento y prueba (umbral operativo: 15 meses observados, 4 demandas positivas).",2.87
ITEM_5022,2,2,0.9667,1.0,0.0,18.0,0.0,Intermitente,False,"Meses observados o demandas positivas insuficientes para conformar entrenamiento y prueba (umbral operativo: 15 meses observados, 4 demandas positivas).",3.88
ITEM_5023,1,1,0.9833,2.0,0.0,60.0,0.0,Intermitente,False,"Meses observados o demandas positivas insuficientes para conformar entrenamiento y prueba (umbral operativo: 15 meses observados, 4 demandas positivas).",2.8
ITEM_5024,1,1,0.9833,2.0,0.0,60.0,0.0,Intermitente,False,"Meses observados o demandas positivas insuficientes para conformar entrenamiento y prueba (umbral operativo: 15 meses observados, 4 demandas positivas).",2.8
ITEM_5025,2,2,0.9667,5.0,2.0,4.0,0.08,Intermitente,False,"Meses observados o demandas positivas insuficientes para conformar entrenamiento y prueba (umbral operativo: 15 meses observados, 4 demandas positivas).",4.7
ITEM_5026,1,1,0.9833,2.0,0.0,60.0,0.0,Intermitente,False,"Meses observados o demandas positivas insuficientes para conformar entrenamiento y prueba (umbral operativo: 15 meses observados, 4 demandas positivas).",2.7
ITEM_5027,1,1,0.9833,1.0,0.0,60.0,0.0,Intermitente,False,"Meses observados o demandas positivas insuficientes para conformar entrenamiento y prueba (umbral operativo: 15 meses observados, 4 demandas positivas).",2.7
ITEM_5028,1,1,0.9833,2.0,0.0,60.0,0.0,Intermitente,False,"Meses observados o demandas positivas insuficientes para conformar entrenamiento y prueba (umbral operativo: 15 meses observados, 4 demandas positivas).",2.7
ITEM_5029,2,2,0.9667,2.0,0.0,3.0,0.0,Intermitente,False,"Meses observados o demandas positivas insuficientes para conformar entrenamiento y prueba (umbral operativo: 15 meses observados, 4 demandas positivas).",4.05
ITEM_5030,1,1,0.9833,1.0,0.0,60.0,0.0,Intermitente,False,"Meses observados o demandas positivas insuficientes para conformar entrenamiento y prueba (umbral operativo: 15 meses observados, 4 demandas positivas).",2.68
ITEM_5031,1,1,0.9833,1.0,0.0,60.0,0.0,Intermitente,False,"Meses observados o demandas positivas insuficientes para conformar entrenamiento y prueba (umbral operativo: 15 meses observados, 4 demandas positivas).",2.61
ITEM_5032,1,1,0.9833,1.0,0.0,60.0,0.0,Intermitente,False,"Meses observados o demandas positivas insuficientes para conformar entrenamiento y prueba (umbral operativo: 15 meses observados, 4 demandas positivas).",2.6
ITEM_5033,1,1,0.9833,1.0,0.0,60.0,0.0,Intermitente,False,"Meses observados o demandas positivas insuficientes para conformar entrenamiento y prueba (umbral operativo: 15 meses observados, 4 demandas positivas).",2.55
ITEM_5034,1,1,0.9833,1.0,0.0,60.0,0.0,Intermitente,False,"Meses observados o demandas positivas insuficientes para conformar entrenamiento y prueba (umbral operativo: 15 meses observados, 4 demandas positivas).",2.55
ITEM_5035,1,1,0.9833,4.0,0.0,60.0,0.0,Intermitente,False,"Meses observados o demandas positivas insuficientes para conformar entrenamiento y prueba (umbral operativo: 15 meses observados, 4 demandas positivas).",2.48
ITEM_5036,1,1,0.9833,2.0,0.0,60.0,0.0,Intermitente,False,"Meses observados o demandas positivas insuficientes para conformar entrenamiento y prueba (umbral operativo: 15 meses observados, 4 demandas positivas).",2.47
ITEM_5037,1,1,0.9833,1.0,0.0,60.0,0.0,Intermitente,False,"Meses observados o demandas positivas insuficientes para conformar entrenamiento y prueba (umbral operativo: 15 meses observados, 4 demandas positivas).",2.47
ITEM_5038,1,1,0.9833,2.0,0.0,60.0,0.0,Intermitente,False,"Meses observados o demandas positivas insuficientes para conformar entrenamiento y prueba (umbral operativo: 15 meses observados, 4 demandas positivas).",2.42
ITEM_5039,1,1,0.9833,1.0,0.0,60.0,0.0,Intermitente,False,"Meses observados o demandas positivas insuficientes para conformar entrenamiento y prueba (umbral operativo: 15 meses observados, 4 demandas positivas).",2.4
ITEM_5040,1,1,0.9833,2.0,0.0,60.0,0.0,Intermitente,False,"Meses observados o demandas positivas insuficientes para conformar entrenamiento y prueba (umbral operativo: 15 meses observados, 4 demandas positivas).",2.4
ITEM_5041,2,2,0.9667,11.0,2.0,30.0,0.0165,Intermitente,False,"Meses observados o demandas positivas insuficientes para conformar entrenamiento y prueba (umbral operativo: 15 meses observados, 4 demandas positivas).",3.8
ITEM_5042,2,2,0.9667,3.5,0.5,6.0,0.0408,Intermitente,False,"Meses observados o demandas positivas insuficientes para conformar entrenamiento y prueba (umbral operativo: 15 meses observados, 4 demandas positivas).",4.32
ITEM_5043,1,1,0.9833,10.0,0.0,60.0,0.0,Intermitente,False,"Meses observados o demandas positivas insuficientes para conformar entrenamiento y prueba (umbral operativo: 15 meses observados, 4 demandas positivas).",2.4
ITEM_5044,1,1,0.9833,12.0,0.0,60.0,0.0,Intermitente,False,"Meses observados o demandas positivas insuficientes para conformar entrenamiento y prueba (umbral operativo: 15 meses observados, 4 demandas positivas).",2.4
ITEM_5045,1,1,0.9833,1.0,0.0,60.0,0.0,Intermitente,False,"Meses observados o demandas positivas insuficientes para conformar entrenamiento y prueba (umbral operativo: 15 meses observados, 4 demandas positivas).",2.4
ITEM_5046,2,2,0.9667,1.0,0.0,18.0,0.0,Intermitente,False,"Meses observados o demandas positivas insuficientes para conformar entrenamiento y prueba (umbral operativo: 15 meses observados, 4 demandas positivas).",3.17
ITEM_5047,1,1,0.9833,6.0,0.0,60.0,0.0,Intermitente,False,"Meses observados o demandas positivas insuficientes para conformar entrenamiento y prueba (umbral operativo: 15 meses observados, 4 demandas positivas).",2.35
ITEM_5048,1,1,0.9833,8.0,0.0,60.0,0.0,Intermitente,False,"Meses observados o demandas positivas insuficientes para conformar entrenamiento y prueba (umbral operativo: 15 meses observados, 4 demandas positivas).",4.29
ITEM_5049,2,2,0.9667,1.0,0.0,11.0,0.0,Intermitente,False,"Meses observados o demandas positivas insuficientes para conformar entrenamiento y prueba (umbral operativo: 15 meses observados, 4 demandas positivas).",4.07
ITEM_5050,2,2,0.9667,62.0,2888.0,20.0,0.7513,Lumpy,False,"Meses observados o demandas positivas insuficientes para conformar entrenamiento y prueba (umbral operativo: 15 meses observados, 4 demandas positivas).",3.21
ITEM_5051,2,2,0.9667,62.0,2888.0,20.0,0.7513,Lumpy,False,"Meses observados o demandas positivas insuficientes para conformar entrenamiento y prueba (umbral operativo: 15 meses observados, 4 demandas positivas).",3.45
ITEM_5052,1,1,0.9833,20.0,0.0,60.0,0.0,Intermitente,False,"Meses observados o demandas positivas insuficientes para conformar entrenamiento y prueba (umbral operativo: 15 meses observados, 4 demandas positivas).",2.21
ITEM_5053,1,1,0.9833,36.0,0.0,60.0,0.0,Intermitente,False,"Meses observados o demandas positivas insuficientes para conformar entrenamiento y prueba (umbral operativo: 15 meses observados, 4 demandas positivas).",2.16
ITEM_5054,1,1,0.9833,2.0,0.0,60.0,0.0,Intermitente,False,"Meses observados o demandas positivas insuficientes para conformar entrenamiento y prueba (umbral operativo: 15 meses observados, 4 demandas positivas).",2.12
ITEM_5055,2,2,0.9667,43.0,98.0,15.0,0.053,Intermitente,False,"Meses observados o demandas positivas insuficientes para conformar entrenamiento y prueba (umbral operativo: 15 meses observados, 4 demandas positivas).",2.83
ITEM_5056,1,1,0.9833,1.0,0.0,60.0,0.0,Intermitente,False,"Meses observados o demandas positivas insuficientes para conformar entrenamiento y prueba (umbral operativo: 15 meses observados, 4 demandas positivas).",2.0
ITEM_5057,3,3,0.95,74.6667,1925.3333,17.0,0.3453,Intermitente,False,"Meses observados o demandas positivas insuficientes para conformar entrenamiento y prueba (umbral operativo: 15 meses observados, 4 demandas positivas).",4.7
ITEM_5058,1,1,0.9833,1.0,0.0,60.0,0.0,Intermitente,False,"Meses observados o demandas positivas insuficientes para conformar entrenamiento y prueba (umbral operativo: 15 meses observados, 4 demandas positivas).",2.0
ITEM_5059,1,1,0.9833,20.0,0.0,60.0,0.0,Intermitente,False,"Meses observados o demandas positivas insuficientes para conformar entrenamiento y prueba (umbral operativo: 15 meses observados, 4 demandas positivas).",2.0
ITEM_5060,1,1,0.9833,2.0,0.0,60.0,0.0,Intermitente,False,"Meses observados o demandas positivas insuficientes para conformar entrenamiento y prueba (umbral operativo: 15 meses observados, 4 demandas positivas).",1.98
ITEM_5061,1,1,0.9833,1.0,0.0,60.0,0.0,Intermitente,False,"Meses observados o demandas positivas insuficientes para conformar entrenamiento y prueba (umbral operativo: 15 meses observados, 4 demandas positivas).",1.95
ITEM_5062,1,1,0.9833,36.0,0.0,60.0,0.0,Intermitente,False,"Meses observados o demandas positivas insuficientes para conformar entrenamiento y prueba (umbral operativo: 15 meses observados, 4 demandas positivas).",1.9
ITEM_5063,1,1,0.9833,2.0,0.0,60.0,0.0,Intermitente,False,"Meses observados o demandas positivas insuficientes para conformar entrenamiento y prueba (umbral operativo: 15 meses observados, 4 demandas positivas).",3.78
ITEM_5064,1,1,0.9833,8.0,0.0,60.0,0.0,Intermitente,False,"Meses observados o demandas positivas insuficientes para conformar entrenamiento y prueba (umbral operativo: 15 meses observados, 4 demandas positivas).",1.86
ITEM_5065,1,1,0.9833,1.0,0.0,60.0,0.0,Intermitente,False,"Meses observados o demandas positivas insuficientes para conformar entrenamiento y prueba (umbral operativo: 15 meses observados, 4 demandas positivas).",1.82
ITEM_5066,1,1,0.9833,2.0,0.0,60.0,0.0,Intermitente,False,"Meses observados o demandas positivas insuficientes para conformar entrenamiento y prueba (umbral operativo: 15 meses observados, 4 demandas positivas).",1.81
ITEM_5067,1,1,0.9833,100.0,0.0,60.0,0.0,Intermitente,False,"Meses observados o demandas positivas insuficientes para conformar entrenamiento y prueba (umbral operativo: 15 meses observados, 4 demandas positivas).",3.4
ITEM_5068,1,1,0.9833,100.0,0.0,60.0,0.0,Intermitente,False,"Meses observados o demandas positivas insuficientes para conformar entrenamiento y prueba (umbral operativo: 15 meses observados, 4 demandas positivas).",3.4
ITEM_5069,1,1,0.9833,3.0,0.0,60.0,0.0,Intermitente,False,"Meses observados o demandas positivas insuficientes para conformar entrenamiento y prueba (umbral operativo: 15 meses observados, 4 demandas positivas).",1.8
ITEM_5070,1,1,0.9833,1.0,0.0,60.0,0.0,Intermitente,False,"Meses observados o demandas positivas insuficientes para conformar entrenamiento y prueba (umbral operativo: 15 meses observados, 4 demandas positivas).",1.8
ITEM_5071,1,1,0.9833,10.0,0.0,60.0,0.0,Intermitente,False,"Meses observados o demandas positivas insuficientes para conformar entrenamiento y prueba (umbral operativo: 15 meses observados, 4 demandas positivas).",1.8
ITEM_5072,1,1,0.9833,2.0,0.0,60.0,0.0,Intermitente,False,"Meses observados o demandas positivas insuficientes para conformar entrenamiento y prueba (umbral operativo: 15 meses observados, 4 demandas positivas).",1.79
ITEM_5073,1,1,0.9833,2.0,0.0,60.0,0.0,Intermitente,False,"Meses observados o demandas positivas insuficientes para conformar entrenamiento y prueba (umbral operativo: 15 meses observados, 4 demandas positivas).",1.76
ITEM_5074,1,1,0.9833,40.0,0.0,60.0,0.0,Intermitente,False,"Meses observados o demandas positivas insuficientes para conformar entrenamiento y prueba (umbral operativo: 15 meses observados, 4 demandas positivas).",1.76
ITEM_5075,1,1,0.9833,1.0,0.0,60.0,0.0,Intermitente,False,"Meses observados o demandas positivas insuficientes para conformar entrenamiento y prueba (umbral operativo: 15 meses observados, 4 demandas positivas).",1.73
ITEM_5076,1,1,0.9833,1.0,0.0,60.0,0.0,Intermitente,False,"Meses observados o demandas positivas insuficientes para conformar entrenamiento y prueba (umbral operativo: 15 meses observados, 4 demandas positivas).",1.7
ITEM_5077,1,1,0.9833,1.0,0.0,60.0,0.0,Intermitente,False,"Meses observados o demandas positivas insuficientes para conformar entrenamiento y prueba (umbral operativo: 15 meses observados, 4 demandas positivas).",1.7
ITEM_5078,1,1,0.9833,1.0,0.0,60.0,0.0,Intermitente,False,"Meses observados o demandas positivas insuficientes para conformar entrenamiento y prueba (umbral operativo: 15 meses observados, 4 demandas positivas).",1.55
ITEM_5079,1,1,0.9833,100.0,0.0,60.0,0.0,Intermitente,False,"Meses observados o demandas positivas insuficientes para conformar entrenamiento y prueba (umbral operativo: 15 meses observados, 4 demandas positivas).",1.54
ITEM_5080,1,1,0.9833,1.0,0.0,60.0,0.0,Intermitente,False,"Meses observados o demandas positivas insuficientes para conformar entrenamiento y prueba (umbral operativo: 15 meses observados, 4 demandas positivas).",1.53
ITEM_5081,1,1,0.9833,1.0,0.0,60.0,0.0,Intermitente,False,"Meses observados o demandas positivas insuficientes para conformar entrenamiento y prueba (umbral operativo: 15 meses observados, 4 demandas positivas).",1.53
ITEM_5082,2,2,0.9667,62.5,2812.5,25.0,0.72,Lumpy,False,"Meses observados o demandas positivas insuficientes para conformar entrenamiento y prueba (umbral operativo: 15 meses observados, 4 demandas positivas).",2.0
ITEM_5083,1,1,0.9833,1.0,0.0,60.0,0.0,Intermitente,False,"Meses observados o demandas positivas insuficientes para conformar entrenamiento y prueba (umbral operativo: 15 meses observados, 4 demandas positivas).",1.5
ITEM_5084,1,1,0.9833,24.0,0.0,60.0,0.0,Intermitente,False,"Meses observados o demandas positivas insuficientes para conformar entrenamiento y prueba (umbral operativo: 15 meses observados, 4 demandas positivas).",1.44
ITEM_5085,1,1,0.9833,2.0,0.0,60.0,0.0,Intermitente,False,"Meses observados o demandas positivas insuficientes para conformar entrenamiento y prueba (umbral operativo: 15 meses observados, 4 demandas positivas).",1.4
ITEM_5086,1,1,0.9833,4.0,0.0,60.0,0.0,Intermitente,False,"Meses observados o demandas positivas insuficientes para conformar entrenamiento y prueba (umbral operativo: 15 meses observados, 4 demandas positivas).",1.4
ITEM_5087,1,1,0.9833,36.0,0.0,60.0,0.0,Intermitente,False,"Meses observados o demandas positivas insuficientes para conformar entrenamiento y prueba (umbral operativo: 15 meses observados, 4 demandas positivas).",1.39
ITEM_5088,1,1,0.9833,1.0,0.0,60.0,0.0,Intermitente,False,"Meses observados o demandas positivas insuficientes para conformar entrenamiento y prueba (umbral operativo: 15 meses observados, 4 demandas positivas).",1.38
ITEM_5089,1,1,0.9833,1.0,0.0,60.0,0.0,Intermitente,False,"Meses observados o demandas positivas insuficientes para conformar entrenamiento y prueba (umbral operativo: 15 meses observados, 4 demandas positivas).",1.21
ITEM_5090,1,1,0.9833,6.0,0.0,60.0,0.0,Intermitente,False,"Meses observados o demandas positivas insuficientes para conformar entrenamiento y prueba (umbral operativo: 15 meses observados, 4 demandas positivas).",1.2
ITEM_5091,1,1,0.9833,2.0,0.0,60.0,0.0,Intermitente,False,"Meses observados o demandas positivas insuficientes para conformar entrenamiento y prueba (umbral operativo: 15 meses observados, 4 demandas positivas).",1.2
ITEM_5092,1,1,0.9833,10.0,0.0,60.0,0.0,Intermitente,False,"Meses observados o demandas positivas insuficientes para conformar entrenamiento y prueba (umbral operativo: 15 meses observados, 4 demandas positivas).",1.2
ITEM_5093,1,1,0.9833,1.0,0.0,60.0,0.0,Intermitente,False,"Meses observados o demandas positivas insuficientes para conformar entrenamiento y prueba (umbral operativo: 15 meses observados, 4 demandas positivas).",1.14
ITEM_5094,1,1,0.9833,1.0,0.0,60.0,0.0,Intermitente,False,"Meses observados o demandas positivas insuficientes para conformar entrenamiento y prueba (umbral operativo: 15 meses observados, 4 demandas positivas).",1.12
ITEM_5095,1,1,0.9833,1.0,0.0,60.0,0.0,Intermitente,False,"Meses observados o demandas positivas insuficientes para conformar entrenamiento y prueba (umbral operativo: 15 meses observados, 4 demandas positivas).",1.06
ITEM_5096,1,1,0.9833,2.0,0.0,60.0,0.0,Intermitente,False,"Meses observados o demandas positivas insuficientes para conformar entrenamiento y prueba (umbral operativo: 15 meses observados, 4 demandas positivas).",0.94
ITEM_5097,1,1,0.9833,1.0,0.0,60.0,0.0,Intermitente,False,"Meses observados o demandas positivas insuficientes para conformar entrenamiento y prueba (umbral operativo: 15 meses observados, 4 demandas positivas).",0.94
ITEM_5098,1,1,0.9833,1.0,0.0,60.0,0.0,Intermitente,False,"Meses observados o demandas positivas insuficientes para conformar entrenamiento y prueba (umbral operativo: 15 meses observados, 4 demandas positivas).",0.9
ITEM_5099,1,1,0.9833,2.0,0.0,60.0,0.0,Intermitente,False,"Meses observados o demandas positivas insuficientes para conformar entrenamiento y prueba (umbral operativo: 15 meses observados, 4 demandas positivas).",0.84
ITEM_5100,1,1,0.9833,1.0,0.0,60.0,0.0,Intermitente,False,"Meses observados o demandas positivas insuficientes para conformar entrenamiento y prueba (umbral operativo: 15 meses observados, 4 demandas positivas).",0.79
ITEM_5101,1,1,0.9833,2.0,0.0,60.0,0.0,Intermitente,False,"Meses observados o demandas positivas insuficientes para conformar entrenamiento y prueba (umbral operativo: 15 meses observados, 4 demandas positivas).",0.7
ITEM_5102,1,1,0.9833,3.0,0.0,60.0,0.0,Intermitente,False,"Meses observados o demandas positivas insuficientes para conformar entrenamiento y prueba (umbral operativo: 15 meses observados, 4 demandas positivas).",0.66
ITEM_5103,1,1,0.9833,20.0,0.0,60.0,0.0,Intermitente,False,"Meses observados o demandas positivas insuficientes para conformar entrenamiento y prueba (umbral operativo: 15 meses observados, 4 demandas positivas).",0.53
ITEM_5104,1,1,0.9833,20.0,0.0,60.0,0.0,Intermitente,False,"Meses observados o demandas positivas insuficientes para conformar entrenamiento y prueba (umbral operativo: 15 meses observados, 4 demandas positivas).",0.51
ITEM_5106,1,1,0.9833,2.0,0.0,60.0,0.0,Intermitente,False,"Meses observados o demandas positivas insuficientes para conformar entrenamiento y prueba (umbral operativo: 15 meses observados, 4 demandas positivas).",0.4
ITEM_5107,1,1,0.9833,1.0,0.0,60.0,0.0,Intermitente,False,"Meses observados o demandas positivas insuficientes para conformar entrenamiento y prueba (umbral operativo: 15 meses observados, 4 demandas positivas).",0.34
ITEM_5108,1,1,0.9833,2.0,0.0,60.0,0.0,Intermitente,False,"Meses observados o demandas positivas insuficientes para conformar entrenamiento y prueba (umbral operativo: 15 meses observados, 4 demandas positivas).",0.28
ITEM_5109,1,1,0.9833,2.0,0.0,60.0,0.0,Intermitente,False,"Meses observados o demandas positivas insuficientes para conformar entrenamiento y prueba (umbral operativo: 15 meses observados, 4 demandas positivas).",0.24
ITEM_5110,1,1,0.9833,20.0,0.0,60.0,0.0,Intermitente,False,"Meses observados o demandas positivas insuficientes para conformar entrenamiento y prueba (umbral operativo: 15 meses observados, 4 demandas positivas).",0.17
