Mes,Nivel,Serie,CostoMensualUSD,CantidadMensual,NumeroMovimientos,NumeroItemsDistintos,NumeroProveedores,CostoPromedioMovimiento,CostoMedianoMovimiento,CostoMaximoMovimiento
2021-01,CATEGORIA,ACEITE,14827.929999999998,58.0,14.0,10.0,4.0,1059.137857142857,455.265,4675.44
2021-02,CATEGORIA,ACEITE,8151.4,59.0,8.0,8.0,3.0,1018.925,693.7149999999999,2925.0
2021-03,CATEGORIA,ACEITE,4256.349999999999,54.0,8.0,8.0,5.0,532.0437499999999,173.945,2367.6
2021-04,CATEGORIA,ACEITE,12829.45,80.0,10.0,8.0,4.0,1282.9450000000002,687.4000000000001,4680.0
2021-05,CATEGORIA,ACEITE,2982.4,10.0,5.0,4.0,2.0,596.48,722.55,913.41
2021-06,CATEGORIA,ACEITE,4446.2999930000005,50.0,5.0,5.0,3.0,889.2599986000001,511.453333,2330.8
2021-07,CATEGORIA,ACEITE,20745.638599999995,77.0,10.0,8.0,4.0,2074.5638599999993,1155.3557,8486.918
2021-08,CATEGORIA,ACEITE,5564.889999999999,34.0,8.0,8.0,3.0,695.6112499999999,400.855,2504.7
2021-09,CATEGORIA,ACEITE,13566.38,54.0,10.0,6.0,3.0,1356.638,578.5350000000001,5417.2
2021-10,CATEGORIA,ACEITE,2811.12,28.0,5.0,5.0,2.0,562.2239999999999,588.77,1060.86
2021-11,CATEGORIA,ACEITE,10147.965,19.0,8.0,6.0,3.0,1268.495625,903.385,3713.01
2021-12,CATEGORIA,ACEITE,12718.108960000001,83.0,12.0,10.0,5.0,1059.8424133333335,777.4322,3877.68
2022-01,CATEGORIA,ACEITE,4803.29,32.0,3.0,3.0,2.0,1601.0966666666666,1316.5,3369.45
2022-02,CATEGORIA,ACEITE,38364.028999999995,162.0,32.0,17.0,5.0,1198.8759062499998,571.163,5138.6
2022-03,CATEGORIA,ACEITE,1882.0,10.0,4.0,3.0,3.0,470.5,411.45,944.2
2022-04,CATEGORIA,ACEITE,11337.249999999998,44.0,13.0,9.0,3.0,872.0961538461537,598.53,2832.6
2022-05,CATEGORIA,ACEITE,6893.42,74.0,8.0,7.0,2.0,861.6775,595.235,2652.15
2022-06,CATEGORIA,ACEITE,4475.07,15.0,6.0,6.0,3.0,745.8449999999999,395.53499999999997,2448.92
2022-07,CATEGORIA,ACEITE,9465.910002,35.0,7.0,7.0,2.0,1352.2728574285716,1284.19,4610.410002
2022-08,CATEGORIA,ACEITE,22910.96,79.0,12.0,8.0,3.0,1909.2466666666667,1314.29,4803.28
2022-09,CATEGORIA,ACEITE,5462.63,9.0,5.0,3.0,1.0,1092.526,1197.06,1795.59
2022-10,CATEGORIA,ACEITE,14776.273000000001,42.0,7.0,7.0,3.0,2110.896142857143,680.0,10376.8
2022-11,CATEGORIA,ACEITE,12272.749971000001,90.0,8.0,5.0,3.0,1534.0937463750001,929.6699980000001,5480.699977
2022-12,CATEGORIA,ACEITE,8783.74,50.0,9.0,8.0,2.0,975.9711111111111,412.2,4614.84
2023-01,CATEGORIA,ACEITE,4531.429999999999,9.0,4.0,4.0,1.0,1132.8574999999998,949.915,2441.6
2023-02,CATEGORIA,ACEITE,20693.959984,107.0,15.0,13.0,3.0,1379.5973322666666,357.780001,6135.519985
2023-03,CATEGORIA,ACEITE,12937.370000000003,72.0,17.0,14.0,4.0,761.0217647058826,476.1,4272.8
2023-04,CATEGORIA,ACEITE,4606.66,16.0,8.0,8.0,2.0,575.8325,560.0,1197.06
2023-05,CATEGORIA,ACEITE,12698.849999999999,21.0,6.0,6.0,2.0,2116.475,1763.17,3662.4
2023-06,CATEGORIA,ACEITE,4653.43,77.0,9.0,7.0,1.0,517.0477777777778,299.15,2059.5
2023-07,CATEGORIA,ACEITE,16991.28,43.0,8.0,7.0,4.0,2123.91,754.9,9457.44
2023-08,CATEGORIA,ACEITE,13615.658000000001,66.0,19.0,18.0,4.0,716.6135789473685,596.3,3076.46
2023-09,CATEGORIA,ACEITE,41057.679898,217.0,27.0,20.0,5.0,1520.654811037037,1180.0,7324.8
2023-10,CATEGORIA,ACEITE,5499.19,65.0,7.0,4.0,3.0,785.5985714285714,662.6,2200.0
2023-11,CATEGORIA,ACEITE,45471.19,83.0,5.0,4.0,3.0,9094.238000000001,1020.0,25106.97
2024-01,CATEGORIA,ACEITE,816.0,120.0,1.0,1.0,1.0,816.0,816.0,816.0
2024-03,CATEGORIA,ACEITE,1984.3899999999999,310.0,4.0,3.0,1.0,496.09749999999997,511.45,662.34
2024-04,CATEGORIA,ACEITE,26196.84,500.0,6.0,4.0,2.0,4366.14,3256.5,8686.59
2024-05,CATEGORIA,ACEITE,170.0,2.0,2.0,1.0,1.0,85.0,85.0,136.0
2024-07,CATEGORIA,ACEITE,2504.04,16.0,4.0,4.0,1.0,626.01,624.435,1199.17
2024-08,CATEGORIA,ACEITE,9201.03,100.0,4.0,2.0,2.0,2300.2575,2262.1400000000003,3389.42
2024-09,CATEGORIA,ACEITE,5341.77,14.0,4.0,2.0,1.0,1335.4425,955.6600000000001,2835.97
2024-10,CATEGORIA,ACEITE,11386.44,27.0,7.0,5.0,1.0,1626.6342857142859,1196.44,5947.36
2024-11,CATEGORIA,ACEITE,706.65,3.0,2.0,2.0,1.0,353.325,353.325,650.65
2024-12,CATEGORIA,ACEITE,7883.08,10.0,6.0,3.0,1.0,1313.8466666666666,1197.725,2989.27
2025-01,CATEGORIA,ACEITE,11525.17,30.0,11.0,5.0,1.0,1047.7427272727273,1187.49,2384.7
2025-02,CATEGORIA,ACEITE,9056.939999999999,25.0,8.0,4.0,1.0,1132.1174999999998,652.68,4144.23
2025-03,CATEGORIA,ACEITE,7791.929999999999,33.0,9.0,6.0,1.0,865.77,678.58,1814.36
2025-04,CATEGORIA,ACEITE,13402.890000000001,33.0,7.0,5.0,1.0,1914.6985714285715,1225.21,6126.03
2025-05,CATEGORIA,ACEITE,14048.630000000001,128.0,17.0,13.0,1.0,826.3900000000001,617.73,2892.13
2025-06,CATEGORIA,ACEITE,14619.099999999999,198.0,14.0,9.0,3.0,1044.2214285714285,618.3199999999999,6189.05
2025-07,CATEGORIA,ACEITE,15043.349999999999,41.0,9.0,6.0,2.0,1671.4833333333331,1197.06,4958.42
2025-08,CATEGORIA,ACEITE,15642.96,51.0,15.0,12.0,1.0,1042.864,619.8,5377.14
2025-09,CATEGORIA,ACEITE,10808.71,74.0,10.0,6.0,1.0,1080.8709999999999,906.365,3496.55
2025-10,CATEGORIA,ACEITE,349.41999999999996,15.0,2.0,2.0,1.0,174.70999999999998,174.70999999999998,188.85
2025-11,CATEGORIA,ACEITE,947.09,25.0,2.0,2.0,1.0,473.545,473.545,723.09
2025-12,CATEGORIA,ACEITE,503.6,2.0,1.0,1.0,1.0,503.6,503.6,503.6
2021-01,CATEGORIA,FERRETERIA,9322.455893999999,940.0,124.0,87.0,16.0,75.18109591935483,22.34,669.6429
2021-02,CATEGORIA,FERRETERIA,20326.552578000003,5451.0,300.0,224.0,20.0,67.75517526,26.619999999999997,915.675
2021-03,CATEGORIA,FERRETERIA,39952.72367099999,3102.0,285.0,219.0,31.0,140.1849953368421,28.878,6500.0
2021-04,CATEGORIA,FERRETERIA,51031.24911900001,8797.0,358.0,289.0,31.0,142.54538860055868,44.879999999999995,7980.0
2021-05,CATEGORIA,FERRETERIA,53360.66688000001,5325.42,264.0,214.0,26.0,202.12373818181823,50.334999999999994,6111.0
2021-06,CATEGORIA,FERRETERIA,37832.730398,4339.0,174.0,135.0,23.0,217.429485045977,25.08,7440.0
2021-07,CATEGORIA,FERRETERIA,14424.312100000003,3835.0,124.0,107.0,21.0,116.32509758064518,23.11,2133.0
2021-08,CATEGORIA,FERRETERIA,14804.958852,2403.1,222.0,159.0,18.0,66.68900383783783,24.505,735.0
2021-09,CATEGORIA,FERRETERIA,81704.657923,7409.0,236.0,180.0,25.0,346.2061776398305,35.62875,14370.0
2021-10,CATEGORIA,FERRETERIA,44367.917792,1390.0,133.0,106.0,19.0,333.5933668571429,25.872,18345.0
2021-11,CATEGORIA,FERRETERIA,15667.764715,3594.0,116.0,95.0,18.0,135.06693719827587,27.0,5264.67
2021-12,CATEGORIA,FERRETERIA,35449.310097999994,3091.0,135.0,108.0,17.0,262.5874822074074,30.0,24471.0
2022-01,CATEGORIA,FERRETERIA,30973.521839999998,572.0,63.0,55.0,16.0,491.64320380952375,91.8,9008.0
2022-02,CATEGORIA,FERRETERIA,24895.762228,3006.0,134.0,111.0,20.0,185.78927035820894,60.45,2605.5
2022-03,CATEGORIA,FERRETERIA,36105.321807,3494.0,409.0,174.0,14.0,88.27707043276284,18.0,5481.304
2022-04,CATEGORIA,FERRETERIA,44004.132282,11982.0,248.0,196.0,24.0,177.43601726612903,29.515,13000.0
2022-05,CATEGORIA,FERRETERIA,37365.116519999996,6366.43,184.0,153.0,24.0,203.0712854347826,41.0,9523.8
2022-06,CATEGORIA,FERRETERIA,28496.210003,11886.0,185.0,158.0,30.0,154.0335675837838,26.4,3072.19
2022-07,CATEGORIA,FERRETERIA,18283.331996,1948.0,151.0,133.0,23.0,121.08166884768212,23.76,3052.35
2022-08,CATEGORIA,FERRETERIA,11210.579212,2402.0,122.0,104.0,16.0,91.88999354098361,33.745000000000005,1302.69
2022-09,CATEGORIA,FERRETERIA,74546.57444099999,6503.0,121.0,116.0,19.0,616.0873920743801,48.51,13000.0
2022-10,CATEGORIA,FERRETERIA,15365.135901999998,1647.0,106.0,76.0,12.0,144.95411228301884,45.1376,1324.09
2022-11,CATEGORIA,FERRETERIA,27101.802381999998,3050.0,225.0,168.0,21.0,120.4524550311111,30.0,1597.6
2022-12,CATEGORIA,FERRETERIA,5421.219391,12699.0,49.0,48.0,11.0,110.63713042857142,25.5024,1200.000001
2023-01,CATEGORIA,FERRETERIA,11518.219029000002,3064.0,67.0,61.0,15.0,171.91371685074628,90.78,1475.0
2023-02,CATEGORIA,FERRETERIA,30888.115077000006,3475.5,311.0,229.0,24.0,99.31869799678458,32.73,1280.0
2023-03,CATEGORIA,FERRETERIA,85413.49965499999,3096.0,286.0,222.0,21.0,298.64860019230764,30.0,24502.92
2023-04,CATEGORIA,FERRETERIA,34588.453147,4265.0,181.0,162.0,22.0,191.09642622651933,72.0,7880.0
2023-05,CATEGORIA,FERRETERIA,174609.20090099997,11595.0,427.0,404.0,24.0,408.9208452014051,71.74,24502.92
2023-06,CATEGORIA,FERRETERIA,141343.209331,8494.75,277.0,238.0,40.0,510.2642936137184,36.0,102500.0
2023-07,CATEGORIA,FERRETERIA,178417.80278700002,3150.0,246.0,209.0,37.0,725.275621085366,39.445,42993.3
2023-08,CATEGORIA,FERRETERIA,75452.702926,8106.0,358.0,305.0,31.0,210.76174001675977,44.879999999999995,7080.0
2023-09,CATEGORIA,FERRETERIA,28709.138356000003,3118.0,191.0,160.0,20.0,150.30962490052357,32.04,3869.649984
2023-10,CATEGORIA,FERRETERIA,86190.273573,4777.9,281.0,196.0,29.0,306.7269522170819,29.7,17652.18
2023-11,CATEGORIA,FERRETERIA,27748.610010999997,4300.0,227.0,171.0,30.0,122.2405727356828,29.7,4180.0
2023-12,CATEGORIA,FERRETERIA,22022.535099999997,2370.0,127.0,122.0,20.0,173.40578818897635,33.8,5379.76
2024-01,CATEGORIA,FERRETERIA,358.42,2.0,1.0,1.0,1.0,358.42,358.42,358.42
2024-02,CATEGORIA,FERRETERIA,1446.0,1000.0,3.0,3.0,2.0,482.0,182.4,1207.6
2024-03,CATEGORIA,FERRETERIA,5510.200000000001,5694.0,30.0,27.0,8.0,183.67333333333335,41.44,2222.44
2024-04,CATEGORIA,FERRETERIA,4502.0,25270.0,67.0,60.0,10.0,67.19402985074628,28.82,384.0
2024-05,CATEGORIA,FERRETERIA,1049.6399999999999,40.0,4.0,3.0,2.0,262.40999999999997,259.92499999999995,526.79
2024-06,CATEGORIA,FERRETERIA,9392.789999999999,557.0,25.0,19.0,4.0,375.7116,104.52,3176.25
2024-07,CATEGORIA,FERRETERIA,68966.39000000001,2343.0,81.0,75.0,14.0,851.436913580247,53.58,32770.15
2024-08,CATEGORIA,FERRETERIA,7775.729999999999,795.0,11.0,9.0,4.0,706.8845454545453,316.2,4113.2
2024-09,CATEGORIA,FERRETERIA,42924.090000000004,906.0,69.0,58.0,8.0,622.0882608695653,119.6,5979.0
2024-10,CATEGORIA,FERRETERIA,413.74999999999994,139.0,6.0,2.0,1.0,68.95833333333333,61.64,170.17
2024-11,CATEGORIA,FERRETERIA,3169.63,66.0,3.0,3.0,1.0,1056.5433333333333,124.73,2999.0
2025-01,CATEGORIA,FERRETERIA,71.58,15.0,3.0,1.0,1.0,23.86,23.86,23.86
2025-02,CATEGORIA,FERRETERIA,1494.8799999999999,285.0,20.0,13.0,1.0,74.744,42.06,285.59
2025-03,CATEGORIA,FERRETERIA,940.2199999999998,144.0,23.0,15.0,1.0,40.8791304347826,15.93,291.99
2025-04,CATEGORIA,FERRETERIA,697.93,94.0,14.0,12.0,1.0,49.85214285714285,23.54,315.0
2025-05,CATEGORIA,FERRETERIA,6218.64,988.0,69.0,44.0,2.0,90.12521739130435,16.0,3625.94
2025-06,CATEGORIA,FERRETERIA,17768.870000000003,1346.0,106.0,90.0,15.0,167.6308490566038,26.564999999999998,6669.06
2025-07,CATEGORIA,FERRETERIA,34281.61,3196.0,161.0,110.0,15.0,212.9292546583851,48.51,8802.76
2025-08,CATEGORIA,FERRETERIA,31520.62,4663.0,138.0,119.0,13.0,228.41028985507245,58.95,3624.88
2025-09,CATEGORIA,FERRETERIA,6664.579999999999,2107.0,68.0,42.0,10.0,98.0085294117647,21.92,840.0
2025-10,CATEGORIA,FERRETERIA,1007.4600000000002,262.0,76.0,29.0,1.0,13.25605263157895,8.6,53.4
2025-11,CATEGORIA,FERRETERIA,4324.04,197.0,26.0,19.0,1.0,166.30923076923077,7.225,1809.15
2025-12,CATEGORIA,FERRETERIA,3531.91,690.0,60.0,55.0,3.0,58.86516666666667,18.025,905.62
2021-01,CATEGORIA,FILTROS,1608.4799999999998,60.0,7.0,6.0,3.0,229.78285714285713,135.1,581.52
2021-02,CATEGORIA,FILTROS,2937.65,261.0,19.0,17.0,3.0,154.61315789473684,112.0,490.8
2021-03,CATEGORIA,FILTROS,3842.72,58.0,7.0,7.0,2.0,548.9599999999999,269.2,1695.8
2021-04,CATEGORIA,FILTROS,1053.14,26.0,6.0,4.0,1.0,175.52333333333334,119.57000000000001,561.6
2021-05,CATEGORIA,FILTROS,3685.44,100.0,7.0,7.0,2.0,526.4914285714286,364.68,1467.48
2021-06,CATEGORIA,FILTROS,5096.46,115.0,11.0,8.0,2.0,463.31454545454545,389.4,1362.9
2021-07,CATEGORIA,FILTROS,4969.1900000000005,98.0,11.0,11.0,5.0,451.7445454545455,136.0,2543.7
2021-08,CATEGORIA,FILTROS,10215.3594,86.0,8.0,8.0,3.0,1276.919925,500.86,4274.5652
2021-09,CATEGORIA,FILTROS,4041.432782,88.0,10.0,8.0,3.0,404.1432782,281.3468005,1232.88
2021-10,CATEGORIA,FILTROS,3003.780004,96.0,7.0,7.0,3.0,429.11142914285716,280.0,1482.18
2021-11,CATEGORIA,FILTROS,6898.37,35.0,6.0,4.0,1.0,1149.7283333333332,821.92,2543.7
2021-12,CATEGORIA,FILTROS,1438.48,54.0,4.0,4.0,3.0,359.62,278.71,731.46
2022-01,CATEGORIA,FILTROS,78.7,2.0,1.0,1.0,1.0,78.7,78.7,78.7
2022-02,CATEGORIA,FILTROS,19121.924,552.0,45.0,26.0,5.0,424.93164444444443,283.8,1360.56
2022-03,CATEGORIA,FILTROS,2010.9500000000003,67.0,6.0,6.0,4.0,335.15833333333336,236.725,765.0
2022-04,CATEGORIA,FILTROS,533.4,42.0,3.0,3.0,1.0,177.79999999999998,59.4,432.0
2022-05,CATEGORIA,FILTROS,705.6071999999999,64.0,7.0,7.0,2.0,100.80102857142856,105.4,159.2112
2022-06,CATEGORIA,FILTROS,931.27,30.0,4.0,4.0,2.0,232.8175,209.88,450.0
2022-07,CATEGORIA,FILTROS,4400.34,21.0,8.0,5.0,2.0,550.0425,190.4,1959.6
2022-08,CATEGORIA,FILTROS,6042.43,82.0,15.0,8.0,4.0,402.82866666666666,189.24,1633.0
2022-09,CATEGORIA,FILTROS,1163.14,49.0,5.0,5.0,3.0,232.62800000000001,151.2,523.92
2022-10,CATEGORIA,FILTROS,2572.8100000000004,102.0,7.0,7.0,5.0,367.54428571428576,361.5,551.94
2022-11,CATEGORIA,FILTROS,1800.31,130.0,9.0,9.0,4.0,200.03444444444443,131.82,368.4
2023-01,CATEGORIA,FILTROS,611.16,14.0,2.0,2.0,1.0,305.58,305.58,528.36
2023-02,CATEGORIA,FILTROS,4350.09,128.0,10.0,9.0,5.0,435.009,308.8,1908.0
2023-03,CATEGORIA,FILTROS,2870.56,50.0,9.0,5.0,3.0,318.9511111111111,380.8,969.84
2023-04,CATEGORIA,FILTROS,5107.62,62.0,8.0,4.0,3.0,638.4525,399.90999999999997,2670.9
2023-05,CATEGORIA,FILTROS,587.84,24.0,3.0,3.0,2.0,195.9466666666667,160.9,361.7
2023-06,CATEGORIA,FILTROS,7652.06,190.0,17.0,14.0,4.0,450.12117647058824,196.68,2596.7
2023-07,CATEGORIA,FILTROS,2237.0499999999997,102.0,7.0,7.0,2.0,319.57857142857137,277.8,765.0
2023-08,CATEGORIA,FILTROS,761.04,10.0,1.0,1.0,1.0,761.04,761.04,761.04
2023-09,CATEGORIA,FILTROS,20149.24,429.0,27.0,17.0,5.0,746.2681481481482,508.4,4665.6
2023-10,CATEGORIA,FILTROS,1064.8899999999999,55.0,6.0,5.0,2.0,177.48166666666665,179.1,314.28
2023-11,CATEGORIA,FILTROS,4756.29,100.0,9.0,7.0,3.0,528.4766666666667,314.28,1000.84
2023-12,CATEGORIA,FILTROS,31.44,3.0,1.0,1.0,1.0,31.44,31.44,31.44
2024-04,CATEGORIA,FILTROS,723.74,360.0,4.0,4.0,2.0,180.935,178.26999999999998,272.0
2024-09,CATEGORIA,FILTROS,9613.1,22.0,4.0,2.0,1.0,2403.275,1751.85,6104.0
2025-03,CATEGORIA,FILTROS,270.0,9.0,2.0,2.0,1.0,135.0,135.0,168.0
2025-04,CATEGORIA,FILTROS,1021.4200000000001,14.0,5.0,5.0,1.0,204.28400000000002,126.96,604.44
2025-05,CATEGORIA,FILTROS,6791.38,152.0,21.0,16.0,1.0,323.3990476190476,309.41,832.61
2025-06,CATEGORIA,FILTROS,8569.400000000001,190.0,26.0,18.0,1.0,329.59230769230777,200.07999999999998,1560.96
2025-07,CATEGORIA,FILTROS,5619.049999999999,156.0,20.0,18.0,1.0,280.9525,191.05,916.01
2025-08,CATEGORIA,FILTROS,6631.6900000000005,144.0,16.0,14.0,1.0,414.48062500000003,252.325,1182.24
2025-09,CATEGORIA,FILTROS,5498.9,346.0,23.0,15.0,1.0,239.08260869565217,159.91,1182.24
2025-10,CATEGORIA,FILTROS,1504.6699999999998,75.0,6.0,5.0,1.0,250.7783333333333,189.555,622.72
2025-11,CATEGORIA,FILTROS,4012.5299999999997,68.0,13.0,13.0,1.0,308.6561538461538,170.04,1182.24
2025-12,CATEGORIA,FILTROS,8779.599999999999,169.0,19.0,16.0,1.0,462.0842105263157,182.89,4161.15
2024-03,CATEGORIA,GRASAS,5.55,10.0,1.0,1.0,1.0,5.55,5.55,5.55
2024-04,CATEGORIA,GRASAS,1170.8700000000001,180.0,7.0,5.0,3.0,167.2671428571429,152.0,285.0
2024-07,CATEGORIA,GRASAS,6.6,40.0,1.0,1.0,1.0,6.6,6.6,6.6
2024-08,CATEGORIA,GRASAS,426.83,30.0,3.0,3.0,2.0,142.27666666666667,128.16,178.54
2021-01,CATEGORIA,QUIMICOS,859.64,55.0,11.0,7.0,3.0,78.1490909090909,75.0,141.95
2021-02,CATEGORIA,QUIMICOS,2564.93,218.0,24.0,12.0,9.0,106.87208333333332,52.17,874.4
2021-03,CATEGORIA,QUIMICOS,9733.039999999999,133.0,15.0,11.0,5.0,648.8693333333333,236.39,2982.0
2021-04,CATEGORIA,QUIMICOS,3332.9500000000003,95.0,13.0,8.0,6.0,256.38076923076926,45.0,2385.6
2021-05,CATEGORIA,QUIMICOS,3947.4800020000002,141.0,18.0,8.0,6.0,219.30444455555556,40.71,2385.6
2021-06,CATEGORIA,QUIMICOS,1347.6999999999998,199.0,15.0,10.0,6.0,89.84666666666665,72.0,280.0
2021-07,CATEGORIA,QUIMICOS,980.4100000000001,79.0,9.0,6.0,6.0,108.93444444444445,45.0,551.82
2021-08,CATEGORIA,QUIMICOS,6012.32,109.0,16.0,11.0,4.0,375.77,72.7,2385.6
2021-09,CATEGORIA,QUIMICOS,5614.636,124.0,12.0,9.0,4.0,467.88633333333337,68.926,4771.2
2021-10,CATEGORIA,QUIMICOS,1200.6200000000001,90.0,8.0,5.0,6.0,150.07750000000001,28.86,919.5
2021-11,CATEGORIA,QUIMICOS,1722.0700000000002,136.0,11.0,8.0,5.0,156.5518181818182,112.5,467.2
2021-12,CATEGORIA,QUIMICOS,127.5,13.0,3.0,1.0,2.0,42.5,39.0,58.5
2022-01,CATEGORIA,QUIMICOS,2835.4100000000003,252.0,44.0,12.0,4.0,64.44113636363637,42.0,394.8
2022-02,CATEGORIA,QUIMICOS,8590.27,143.0,49.0,18.0,4.0,175.31163265306122,71.04,2385.6
2022-03,CATEGORIA,QUIMICOS,1308.06,103.0,10.0,6.0,5.0,130.80599999999998,44.86,867.82
2022-04,CATEGORIA,QUIMICOS,7357.12,109.0,11.0,8.0,4.0,668.829090909091,140.22,2797.5
2022-05,CATEGORIA,QUIMICOS,508.79,33.0,8.0,4.0,3.0,63.59875,30.77,295.0
2022-06,CATEGORIA,QUIMICOS,4773.28,99.0,4.0,4.0,4.0,1193.32,384.0,3960.0
2022-07,CATEGORIA,QUIMICOS,3820.2019999999998,236.0,16.0,8.0,6.0,238.76262499999999,30.475,1658.0
2022-08,CATEGORIA,QUIMICOS,649.2349999999999,38.0,7.0,5.0,4.0,92.74785714285713,62.4,223.8
2022-09,CATEGORIA,QUIMICOS,166.26,67.0,3.0,3.0,2.0,55.419999999999995,36.5,114.0
2022-10,CATEGORIA,QUIMICOS,2566.9809999999998,77.0,10.0,8.0,4.0,256.69809999999995,63.32,1119.0
2022-11,CATEGORIA,QUIMICOS,17651.560000000005,176.0,23.0,9.0,7.0,767.4591304347829,94.68,5595.0
2022-12,CATEGORIA,QUIMICOS,3670.0,18.0,3.0,2.0,2.0,1223.3333333333333,1820.0,1820.0
2023-01,CATEGORIA,QUIMICOS,6143.1,37.0,5.0,3.0,3.0,1228.6200000000001,92.16,3150.0
2023-02,CATEGORIA,QUIMICOS,5930.749,378.0,25.0,15.0,6.0,237.22996,90.0,1820.0
2023-03,CATEGORIA,QUIMICOS,1233.152002,138.0,16.0,8.0,6.0,77.072000125,50.13,375.05
2023-04,CATEGORIA,QUIMICOS,4926.572,57.0,9.0,5.0,4.0,547.396888888889,61.022,4476.0
2023-05,CATEGORIA,QUIMICOS,2102.352,60.0,9.0,6.0,6.0,233.59466666666665,67.452,1365.0
2023-06,CATEGORIA,QUIMICOS,3620.19,317.0,9.0,7.0,4.0,402.24333333333334,80.8,2275.0
2023-07,CATEGORIA,QUIMICOS,3131.98,271.0,7.0,7.0,4.0,447.42571428571426,250.0,940.0
2023-08,CATEGORIA,QUIMICOS,5722.870008000001,128.0,14.0,9.0,9.0,408.7764291428572,116.96000000000001,2999.75
2023-09,CATEGORIA,QUIMICOS,11622.574985,2301.0,23.0,16.0,6.0,505.329347173913,169.66,5667.12
2023-10,CATEGORIA,QUIMICOS,7379.75,1740.0,9.0,4.0,5.0,819.9722222222222,102.0,4000.32
2023-11,CATEGORIA,QUIMICOS,4331.9,181.0,10.0,7.0,6.0,433.18999999999994,62.0,2797.5
2023-12,CATEGORIA,QUIMICOS,378.65,24.0,4.0,4.0,3.0,94.6625,90.345,140.0
2024-03,CATEGORIA,QUIMICOS,24.0,30.0,1.0,1.0,1.0,24.0,24.0,24.0
2024-04,CATEGORIA,QUIMICOS,4518.74,2610.0,10.0,7.0,4.0,451.87399999999997,100.08,2384.91
2024-05,CATEGORIA,QUIMICOS,166.65,550.0,1.0,1.0,1.0,166.65,166.65,166.65
2024-07,CATEGORIA,QUIMICOS,56.48,80.0,1.0,1.0,1.0,56.48,56.48,56.48
2024-08,CATEGORIA,QUIMICOS,6226.88,2640.0,2.0,1.0,2.0,3113.44,3113.44,3179.44
2025-04,CATEGORIA,QUIMICOS,37.5,5.0,1.0,1.0,1.0,37.5,37.5,37.5
2025-05,CATEGORIA,QUIMICOS,7139.24,268.0,4.0,4.0,1.0,1784.81,1044.06,5008.39
2025-06,CATEGORIA,QUIMICOS,826.06,151.0,8.0,7.0,2.0,103.2575,47.0,460.0
2025-07,CATEGORIA,QUIMICOS,7517.1,27.0,3.0,2.0,1.0,2505.7000000000003,94.0,7376.1
2025-08,CATEGORIA,QUIMICOS,178.71,16.0,4.0,3.0,1.0,44.6775,47.0,47.21
2025-09,CATEGORIA,QUIMICOS,198.47,14.0,1.0,1.0,1.0,198.47,198.47,198.47
2025-10,CATEGORIA,QUIMICOS,519.35,42.0,12.0,4.0,1.0,43.27916666666667,42.724999999999994,75.0
2025-11,CATEGORIA,QUIMICOS,117.72999999999999,6.0,2.0,2.0,1.0,58.864999999999995,58.864999999999995,75.0
2025-12,CATEGORIA,QUIMICOS,608.73,25.0,4.0,4.0,1.0,152.1825,161.08,214.4
2024-01,CATEGORIA,REPUESTOS ELECTRICOS,12165.06,6.0,1.0,1.0,1.0,12165.06,12165.06,12165.06
2024-02,CATEGORIA,REPUESTOS ELECTRICOS,271.96,1.0,1.0,1.0,1.0,271.96,271.96,271.96
2024-03,CATEGORIA,REPUESTOS ELECTRICOS,2505.08,10572.0,39.0,39.0,6.0,64.23282051282051,20.12,936.32
2024-04,CATEGORIA,REPUESTOS ELECTRICOS,11070.42,10830.0,51.0,46.0,10.0,217.0670588235294,29.9,1705.07
2024-05,CATEGORIA,REPUESTOS ELECTRICOS,197.1,30.0,2.0,2.0,2.0,98.55,98.55,139.5
2024-06,CATEGORIA,REPUESTOS ELECTRICOS,20412.99,99.4,10.0,10.0,2.0,2041.2990000000002,247.23000000000002,11116.87
2024-07,CATEGORIA,REPUESTOS ELECTRICOS,27026.800000000003,1271.6,25.0,25.0,5.0,1081.0720000000001,117.65,9985.68
2024-08,CATEGORIA,REPUESTOS ELECTRICOS,1953.01,322.0,5.0,5.0,2.0,390.602,507.18,653.72
2024-09,CATEGORIA,REPUESTOS ELECTRICOS,2508.5499999999997,213.0,5.0,5.0,2.0,501.7099999999999,83.88,2175.6
2024-10,CATEGORIA,REPUESTOS ELECTRICOS,199.9,4.0,3.0,2.0,1.0,66.63333333333334,21.93,156.73
2024-11,CATEGORIA,REPUESTOS ELECTRICOS,2.4,12.0,1.0,1.0,1.0,2.4,2.4,2.4
2025-01,CATEGORIA,REPUESTOS ELECTRICOS,10636.289999999999,5.0,5.0,3.0,2.0,2127.258,913.67,8217.0
2025-02,CATEGORIA,REPUESTOS ELECTRICOS,15680.42,10.0,4.0,4.0,2.0,3920.105,856.075,13320.27
2025-03,CATEGORIA,REPUESTOS ELECTRICOS,22049.72,13.0,6.0,6.0,1.0,3674.9533333333334,1691.255,13320.27
2025-04,CATEGORIA,REPUESTOS ELECTRICOS,3752.62,21.0,8.0,8.0,1.0,469.0775,288.865,1380.96
2025-05,CATEGORIA,REPUESTOS ELECTRICOS,3166.88,12.0,4.0,4.0,1.0,791.72,1051.78,1051.78
2025-06,CATEGORIA,REPUESTOS ELECTRICOS,29406.14,98.0,17.0,16.0,2.0,1729.7729411764706,88.0,19962.0
2025-07,CATEGORIA,REPUESTOS ELECTRICOS,238.97,5.0,1.0,1.0,1.0,238.97,238.97,238.97
2025-08,CATEGORIA,REPUESTOS ELECTRICOS,12648.889999999998,122.0,11.0,11.0,2.0,1149.8990909090908,267.58,6431.19
2025-09,CATEGORIA,REPUESTOS ELECTRICOS,12832.95,3.0,2.0,2.0,1.0,6416.475,6416.475,7147.57
2025-11,CATEGORIA,REPUESTOS ELECTRICOS,366.0,28.0,4.0,4.0,1.0,91.5,76.35,185.0
2025-12,CATEGORIA,REPUESTOS ELECTRICOS,3190.8700000000003,28.0,8.0,8.0,1.0,398.85875000000004,233.51999999999998,1476.65
2021-01,CATEGORIA,REPUESTOS MECANICOS,74942.47159999999,701.0,58.0,56.0,12.0,1292.1115793103447,121.80000000000001,20905.8
2021-02,CATEGORIA,REPUESTOS MECANICOS,43662.83500000001,556.0,95.0,92.0,15.0,459.6087894736843,53.84,12324.315
2021-03,CATEGORIA,REPUESTOS MECANICOS,41364.627499999995,842.0,141.0,136.0,11.0,293.36615248226946,44.8,10635.0
2021-04,CATEGORIA,REPUESTOS MECANICOS,98482.05500000002,795.2,74.0,70.0,15.0,1330.8385810810814,146.01,21861.88
2021-05,CATEGORIA,REPUESTOS MECANICOS,22438.1073,121.0,24.0,24.0,9.0,934.9211375,408.695,7541.42
2021-06,CATEGORIA,REPUESTOS MECANICOS,95472.46,294.0,66.0,60.0,12.0,1446.5524242424244,648.44,16640.0
2021-07,CATEGORIA,REPUESTOS MECANICOS,70325.17910000001,221.0,32.0,30.0,11.0,2197.6618468750003,599.005,13500.0
2021-08,CATEGORIA,REPUESTOS MECANICOS,224470.48752000002,245.0,43.0,38.0,16.0,5220.243895813954,150.0,62594.0
2021-09,CATEGORIA,REPUESTOS MECANICOS,110039.16037400001,137.0,29.0,29.0,15.0,3794.4538060000004,1102.28,34700.0
2021-10,CATEGORIA,REPUESTOS MECANICOS,20251.810000000005,251.0,19.0,19.0,7.0,1065.8847368421054,858.4,3179.55
2021-11,CATEGORIA,REPUESTOS MECANICOS,56938.577,479.0,76.0,58.0,13.0,749.1918026315789,401.495,3518.05
2021-12,CATEGORIA,REPUESTOS MECANICOS,13385.079999999998,49.0,13.0,13.0,10.0,1029.6215384615384,863.2,2547.91
2022-01,CATEGORIA,REPUESTOS MECANICOS,61278.55141800001,172.0,43.0,42.0,8.0,1425.0825911162792,384.0,9700.0
2022-02,CATEGORIA,REPUESTOS MECANICOS,41196.8876,486.0,101.0,86.0,14.0,407.8899762376238,64.29,5300.0
2022-03,CATEGORIA,REPUESTOS MECANICOS,59201.43,109.0,24.0,22.0,10.0,2466.72625,926.62,11770.37
2022-04,CATEGORIA,REPUESTOS MECANICOS,37392.109997,259.0,51.0,44.0,14.0,733.1786273921568,144.41,4778.019996
2022-05,CATEGORIA,REPUESTOS MECANICOS,35598.3173,573.0,50.0,46.0,13.0,711.966346,295.0,3800.0
2022-06,CATEGORIA,REPUESTOS MECANICOS,79627.31000000001,454.0,66.0,59.0,17.0,1206.474393939394,230.385,13800.0
2022-07,CATEGORIA,REPUESTOS MECANICOS,51788.480001,145.9,46.0,46.0,10.0,1125.8365217608696,536.12,11114.84
2022-08,CATEGORIA,REPUESTOS MECANICOS,12770.484999999999,403.0,26.0,22.0,12.0,491.17249999999996,146.525,3058.668
2022-09,CATEGORIA,REPUESTOS MECANICOS,68301.30150000002,223.0,55.0,55.0,8.0,1241.8418454545458,699.745,16982.94
2022-10,CATEGORIA,REPUESTOS MECANICOS,96693.795002,758.0,73.0,73.0,10.0,1324.5725342739727,137.68,38750.0
2022-11,CATEGORIA,REPUESTOS MECANICOS,186400.743424,1629.0,163.0,160.0,19.0,1143.5628430920244,203.28,17047.03
2022-12,CATEGORIA,REPUESTOS MECANICOS,127112.39,26.0,13.0,11.0,8.0,9777.876153846153,380.0,80000.0
2023-01,CATEGORIA,REPUESTOS MECANICOS,88033.22992999999,258.0,75.0,75.0,7.0,1173.7763990666665,420.0,14926.5
2023-02,CATEGORIA,REPUESTOS MECANICOS,337936.55,83.0,26.0,24.0,11.0,12997.559615384615,403.78499999999997,205742.5
2023-03,CATEGORIA,REPUESTOS MECANICOS,54718.868,247.0,47.0,41.0,10.0,1164.2312340425533,122.64,9900.0
2023-04,CATEGORIA,REPUESTOS MECANICOS,138034.54,478.0,80.0,73.0,15.0,1725.4317500000002,352.04,17370.41
2023-05,CATEGORIA,REPUESTOS MECANICOS,61991.230008,611.0,64.0,49.0,16.0,968.612968875,172.36,19460.82
2023-06,CATEGORIA,REPUESTOS MECANICOS,109385.96250300002,839.0,91.0,76.0,18.0,1202.0435439890111,445.91,18080.85
2023-07,CATEGORIA,REPUESTOS MECANICOS,135531.80600000004,741.0,99.0,97.0,12.0,1369.0081414141418,207.152,88800.0
2023-08,CATEGORIA,REPUESTOS MECANICOS,135102.06999999998,839.0,29.0,26.0,14.0,4658.692068965516,189.0,110827.0
2023-09,CATEGORIA,REPUESTOS MECANICOS,186228.12029999998,1278.0,113.0,97.0,20.0,1648.0364628318582,312.71,48580.71
2023-10,CATEGORIA,REPUESTOS MECANICOS,77672.93,1752.0,173.0,173.0,16.0,448.97647398843924,147.84,4329.42
2023-11,CATEGORIA,REPUESTOS MECANICOS,788680.3600539999,2035.0,238.0,203.0,13.0,3313.7830254369746,212.445,85530.99
2023-12,CATEGORIA,REPUESTOS MECANICOS,248564.60000000003,457.0,108.0,106.0,10.0,2301.524074074074,41.975,214063.5
2024-02,CATEGORIA,REPUESTOS MECANICOS,16263.959999999997,430.0,35.0,35.0,2.0,464.68457142857136,182.36,6300.0
2024-03,CATEGORIA,REPUESTOS MECANICOS,7899.579999999999,423.0,14.0,13.0,4.0,564.2557142857142,205.26,3265.8
2024-04,CATEGORIA,REPUESTOS MECANICOS,18681.28,5899.0,72.0,70.0,6.0,259.4622222222222,128.625,2371.11
2024-05,CATEGORIA,REPUESTOS MECANICOS,155341.84000000003,397.0,45.0,45.0,3.0,3452.0408888888896,251.89,106292.58
2024-06,CATEGORIA,REPUESTOS MECANICOS,21450.84,131.0,8.0,8.0,3.0,2681.355,680.39,11211.74
2024-07,CATEGORIA,REPUESTOS MECANICOS,8814.85,393.0,23.0,23.0,5.0,383.254347826087,17.06,5217.94
2024-08,CATEGORIA,REPUESTOS MECANICOS,324.74,50.0,3.0,3.0,1.0,108.24666666666667,96.3,221.27
2024-09,CATEGORIA,REPUESTOS MECANICOS,10583.560000000001,100.0,17.0,17.0,4.0,622.5623529411765,215.1,6160.8
2024-10,CATEGORIA,REPUESTOS MECANICOS,46964.920000000006,1197.0,41.0,41.0,1.0,1145.4858536585368,257.58,22058.54
2025-01,CATEGORIA,REPUESTOS MECANICOS,3050.05,1.0,1.0,1.0,1.0,3050.05,3050.05,3050.05
2025-02,CATEGORIA,REPUESTOS MECANICOS,8696.130000000001,35.0,10.0,10.0,2.0,869.613,332.97,3432.77
2025-03,CATEGORIA,REPUESTOS MECANICOS,4721.469999999999,48.0,12.0,12.0,1.0,393.45583333333326,173.33,1047.28
2025-04,CATEGORIA,REPUESTOS MECANICOS,29496.309999999998,155.0,57.0,53.0,1.0,517.4791228070175,141.0,5851.21
2025-05,CATEGORIA,REPUESTOS MECANICOS,55290.58,172.0,49.0,42.0,1.0,1128.3791836734695,211.12,15180.0
2025-06,CATEGORIA,REPUESTOS MECANICOS,54035.73,990.0,197.0,195.0,2.0,274.2930456852792,42.75,5388.09
2025-07,CATEGORIA,REPUESTOS MECANICOS,22382.559999999998,11.0,9.0,9.0,2.0,2486.951111111111,841.24,10000.0
2025-08,CATEGORIA,REPUESTOS MECANICOS,184460.06000000003,1251.0,234.0,164.0,1.0,788.2908547008548,108.035,19587.15
2025-09,CATEGORIA,REPUESTOS MECANICOS,17524.54,494.0,32.0,32.0,1.0,547.641875,148.57999999999998,5390.0
2025-10,CATEGORIA,REPUESTOS MECANICOS,895.95,12.0,3.0,3.0,1.0,298.65000000000003,310.57,567.88
2025-11,CATEGORIA,REPUESTOS MECANICOS,8523.359999999999,108.0,4.0,4.0,1.0,2130.8399999999997,244.35500000000002,7963.83
2025-12,CATEGORIA,REPUESTOS MECANICOS,6035.530000000001,19.0,11.0,11.0,1.0,548.6845454545455,219.37,3974.49
2021-01,CATEGORIA,SERVICIOS DE MANTENIMIENTO,57156.840000000004,42.0,42.0,3.0,18.0,1360.8771428571429,400.0,32349.0
2021-02,CATEGORIA,SERVICIOS DE MANTENIMIENTO,58234.54,75.0,75.0,5.0,29.0,776.4605333333334,280.0,5900.0
2021-03,CATEGORIA,SERVICIOS DE MANTENIMIENTO,127277.48,85.0,85.0,5.0,35.0,1497.3821176470587,720.0,24995.0
2021-04,CATEGORIA,SERVICIOS DE MANTENIMIENTO,175327.77,129.0,129.0,7.0,47.0,1359.1299999999999,600.0,10201.5
2021-05,CATEGORIA,SERVICIOS DE MANTENIMIENTO,96071.12,70.0,70.0,7.0,30.0,1372.4445714285714,687.95,8950.0
2021-06,CATEGORIA,SERVICIOS DE MANTENIMIENTO,129151.02,83.0,83.0,6.0,36.0,1556.0363855421688,711.0,9100.0
2021-07,CATEGORIA,SERVICIOS DE MANTENIMIENTO,117990.56000000003,109.0,109.0,6.0,44.0,1082.4822018348627,494.87,18722.0
2021-08,CATEGORIA,SERVICIOS DE MANTENIMIENTO,92020.42000000001,94.0,94.0,5.0,26.0,978.9406382978725,368.235,8320.0
2021-09,CATEGORIA,SERVICIOS DE MANTENIMIENTO,81696.05,79.0,79.0,7.0,27.0,1034.1272151898734,495.0,12116.71
2021-10,CATEGORIA,SERVICIOS DE MANTENIMIENTO,122872.55,61.0,61.0,6.0,30.0,2014.3040983606559,588.0,38507.13
2021-11,CATEGORIA,SERVICIOS DE MANTENIMIENTO,154672.04,87.0,87.0,6.0,37.0,1777.8395402298852,940.5,15900.0
2021-12,CATEGORIA,SERVICIOS DE MANTENIMIENTO,94071.51000000002,70.0,69.0,7.0,37.0,1363.3552173913047,850.0,12316.5
2022-01,CATEGORIA,SERVICIOS DE MANTENIMIENTO,196263.17,83.0,76.0,5.0,28.0,2582.4101315789476,365.0,61233.1
2022-02,CATEGORIA,SERVICIOS DE MANTENIMIENTO,89892.03000000001,78.0,78.0,6.0,31.0,1152.4619230769233,440.0,13819.78
2022-03,CATEGORIA,SERVICIOS DE MANTENIMIENTO,90554.25599999998,87.0,87.0,5.0,36.0,1040.853517241379,633.33,7200.0
2022-04,CATEGORIA,SERVICIOS DE MANTENIMIENTO,146305.41,87.0,87.0,5.0,33.0,1681.671379310345,468.0,28664.0
2022-05,CATEGORIA,SERVICIOS DE MANTENIMIENTO,187615.44,81.0,79.0,7.0,34.0,2374.8789873417722,1050.0,12200.0
2022-06,CATEGORIA,SERVICIOS DE MANTENIMIENTO,113212.95500000002,71.0,71.0,4.0,27.0,1594.5486619718313,691.69,39105.0
2022-07,CATEGORIA,SERVICIOS DE MANTENIMIENTO,381264.240007,105.0,104.0,7.0,32.0,3666.002307759615,570.5,57320.64
2022-08,CATEGORIA,SERVICIOS DE MANTENIMIENTO,110183.25480000001,59.0,59.0,4.0,26.0,1867.512793220339,830.5,15500.0
2022-09,CATEGORIA,SERVICIOS DE MANTENIMIENTO,66869.769994,48.0,48.0,5.0,23.0,1393.1202082083335,755.0,8065.5
2022-10,CATEGORIA,SERVICIOS DE MANTENIMIENTO,85840.86998500001,59.0,59.0,4.0,18.0,1454.9299997457629,600.0,13200.0
2022-11,CATEGORIA,SERVICIOS DE MANTENIMIENTO,187942.22999999998,111.0,111.0,5.0,28.0,1693.1732432432432,415.0,12420.0
2022-12,CATEGORIA,SERVICIOS DE MANTENIMIENTO,44071.549999999996,61.0,55.0,5.0,20.0,801.300909090909,300.0,9545.0
2023-01,CATEGORIA,SERVICIOS DE MANTENIMIENTO,57268.130000000005,60.0,60.0,5.0,37.0,954.4688333333335,525.0,3500.0
2023-02,CATEGORIA,SERVICIOS DE MANTENIMIENTO,165154.19999999998,85.0,85.0,4.0,32.0,1942.990588235294,650.0,29000.0
2023-03,CATEGORIA,SERVICIOS DE MANTENIMIENTO,125874.379998,69.0,69.0,5.0,27.0,1824.2663767826089,530.0,16700.0
2023-04,CATEGORIA,SERVICIOS DE MANTENIMIENTO,292124.08,67.0,67.0,5.0,28.0,4360.060895522388,750.0,186312.92
2023-05,CATEGORIA,SERVICIOS DE MANTENIMIENTO,171743.75,95.0,95.0,5.0,37.0,1807.828947368421,640.0,15000.0
2023-06,CATEGORIA,SERVICIOS DE MANTENIMIENTO,246840.538,121.0,121.0,6.0,47.0,2040.0044462809917,1073.5,29000.0
2023-07,CATEGORIA,SERVICIOS DE MANTENIMIENTO,180764.67332899995,95.0,95.0,7.0,40.0,1902.7860350421047,630.4,19000.0
2023-08,CATEGORIA,SERVICIOS DE MANTENIMIENTO,244377.22,131.0,130.0,7.0,50.0,1879.8247692307693,595.0,29000.0
2023-09,CATEGORIA,SERVICIOS DE MANTENIMIENTO,307510.78999699996,148.0,148.0,6.0,45.0,2077.7756080878376,540.5,30052.87
2023-10,CATEGORIA,SERVICIOS DE MANTENIMIENTO,294684.980011,177.0,120.0,4.0,34.0,2455.7081667583334,500.0,147500.0
2023-11,CATEGORIA,SERVICIOS DE MANTENIMIENTO,457427.78750000003,122.0,122.0,6.0,38.0,3749.4080942622954,1108.0,81815.84
2023-12,CATEGORIA,SERVICIOS DE MANTENIMIENTO,785945.979988,103.0,103.0,5.0,33.0,7630.5434950291265,240.0,274364.2
2024-01,CATEGORIA,SERVICIOS DE MANTENIMIENTO,61212.92,67.0,36.0,1.0,23.0,1700.358888888889,520.63,9800.0
2024-02,CATEGORIA,SERVICIOS DE MANTENIMIENTO,254612.76,69.0,64.0,1.0,30.0,3978.324375,900.0,108414.99
2024-03,CATEGORIA,SERVICIOS DE MANTENIMIENTO,136198.41999999998,70.0,70.0,1.0,29.0,1945.691714285714,890.86,23981.53
2024-04,CATEGORIA,SERVICIOS DE MANTENIMIENTO,139221.93,84.0,84.0,1.0,39.0,1657.4039285714284,1067.5,8721.78
2024-05,CATEGORIA,SERVICIOS DE MANTENIMIENTO,604845.55,63.0,63.0,1.0,36.0,9600.723015873016,1580.0,137352.29
2024-06,CATEGORIA,SERVICIOS DE MANTENIMIENTO,183896.96,91.0,91.0,1.0,39.0,2020.8457142857142,900.0,19500.0
2024-07,CATEGORIA,SERVICIOS DE MANTENIMIENTO,476340.49000000005,110.0,110.0,1.0,56.0,4330.368090909092,1040.51,160040.22
2024-08,CATEGORIA,SERVICIOS DE MANTENIMIENTO,899268.9500000001,128.0,128.0,1.0,55.0,7025.538671875001,1308.0,579869.14
2024-09,CATEGORIA,SERVICIOS DE MANTENIMIENTO,496643.42000000004,85.0,85.0,1.0,49.0,5842.863764705883,1450.0,109500.0
2024-10,CATEGORIA,SERVICIOS DE MANTENIMIENTO,433771.32,90.0,90.0,1.0,44.0,4819.681333333333,1192.5,96250.0
2024-11,CATEGORIA,SERVICIOS DE MANTENIMIENTO,100004.63,62.0,62.0,1.0,29.0,1612.9779032258066,881.5,9000.0
2024-12,CATEGORIA,SERVICIOS DE MANTENIMIENTO,89820.87000000001,55.0,55.0,1.0,24.0,1633.1067272727275,780.0,27158.86
2025-01,CATEGORIA,SERVICIOS DE MANTENIMIENTO,80211.52,52.0,52.0,1.0,31.0,1542.529230769231,767.5,17988.48
2025-02,CATEGORIA,SERVICIOS DE MANTENIMIENTO,145541.03,104.0,104.0,1.0,38.0,1399.4329807692307,600.0,26586.4
2025-03,CATEGORIA,SERVICIOS DE MANTENIMIENTO,76026.03,44.0,44.0,1.0,25.0,1727.8643181818181,696.7,31250.0
2025-04,CATEGORIA,SERVICIOS DE MANTENIMIENTO,162312.21999999997,71.0,71.0,1.0,33.0,2286.0876056338025,1191.0,10857.0
2025-05,CATEGORIA,SERVICIOS DE MANTENIMIENTO,169524.53,86.0,86.0,1.0,42.0,1971.2154651162791,1240.6,12660.0
2025-06,CATEGORIA,SERVICIOS DE MANTENIMIENTO,565237.35,400.0,226.0,16.0,74.0,2501.050221238938,795.0,81863.95
2025-07,CATEGORIA,SERVICIOS DE MANTENIMIENTO,1248514.1399999997,308.0,148.0,11.0,61.0,8435.906351351348,803.0,745508.82
2025-08,CATEGORIA,SERVICIOS DE MANTENIMIENTO,273826.76,210.0,188.0,6.0,55.0,1456.5253191489362,500.12,18287.5
2025-09,CATEGORIA,SERVICIOS DE MANTENIMIENTO,90111.56,93.0,87.0,5.0,37.0,1035.7650574712643,470.0,11589.0
2025-10,CATEGORIA,SERVICIOS DE MANTENIMIENTO,12972.6,25.0,19.0,6.0,10.0,682.7684210526317,544.5,2741.28
2025-11,CATEGORIA,SERVICIOS DE MANTENIMIENTO,13782.150000000001,85.0,26.0,6.0,9.0,530.0826923076924,265.0,5377.13
2025-12,CATEGORIA,SERVICIOS DE MANTENIMIENTO,24554.699999999997,97.0,45.0,11.0,15.0,545.66,314.87,3117.42
2021-01,FLOTA,FLOTA_TOTAL,158717.817494,1856.0,256.0,168.0,47.0,619.9914745859375,85.1525,32349.0
2021-02,FLOTA,FLOTA_TOTAL,135877.90757799998,6620.0,521.0,358.0,61.0,260.80212586948176,51.19,12324.315
2021-03,FLOTA,FLOTA_TOTAL,226426.94117100004,4274.0,541.0,386.0,74.0,418.53408719223665,55.2,24995.0
2021-04,FLOTA,FLOTA_TOTAL,342056.614119,9922.2,590.0,385.0,83.0,579.7569730830508,94.95,21861.88
2021-05,FLOTA,FLOTA_TOTAL,182485.21418200003,5767.42,388.0,263.0,63.0,470.32271696391757,99.25,8950.0
2021-06,FLOTA,FLOTA_TOTAL,273346.670391,5080.0,354.0,224.0,70.0,772.1657355677966,123.42,16640.0
2021-07,FLOTA,FLOTA_TOTAL,229435.28979999997,4419.0,295.0,168.0,75.0,777.7467450847456,180.0,18722.0
2021-08,FLOTA,FLOTA_TOTAL,353088.435772,2971.1,391.0,229.0,57.0,903.0394776777493,73.23,62594.0
2021-09,FLOTA,FLOTA_TOTAL,296662.317079,7891.0,376.0,239.0,65.0,788.9955241462766,102.69,34700.0
2021-10,FLOTA,FLOTA_TOTAL,194507.797796,1916.0,233.0,148.0,60.0,834.7974154334764,79.92,38507.13
2021-11,FLOTA,FLOTA_TOTAL,246046.78671499997,4350.0,304.0,177.0,65.0,809.3644299835526,200.48000000000002,15900.0
2021-12,FLOTA,FLOTA_TOTAL,157189.989058,3360.0,236.0,142.0,63.0,666.0592756694915,101.4,24471.0
2022-01,FLOTA,FLOTA_TOTAL,296232.643258,1113.0,230.0,118.0,52.0,1287.9680141652175,148.63,61233.1
2022-02,FLOTA,FLOTA_TOTAL,222060.90282800002,4427.0,439.0,262.0,64.0,505.8334916355354,120.0,13819.78
2022-03,FLOTA,FLOTA_TOTAL,191062.017807,3870.0,540.0,216.0,57.0,353.8185514944444,28.682,11770.37
2022-04,FLOTA,FLOTA_TOTAL,246929.422279,12523.0,413.0,265.0,67.0,597.89206362954,85.0,28664.0
2022-05,FLOTA,FLOTA_TOTAL,268686.69101999997,7191.43,336.0,224.0,70.0,799.662770892857,120.72,12200.0
2022-06,FLOTA,FLOTA_TOTAL,231516.09500300002,12555.0,336.0,235.0,67.0,689.0359970327381,114.295,39105.0
2022-07,FLOTA,FLOTA_TOTAL,469022.50400600006,2490.9,332.0,206.0,58.0,1412.7183855602411,116.458,57320.64
2022-08,FLOTA,FLOTA_TOTAL,163766.944012,3063.0,241.0,151.0,51.0,679.5308880165975,123.0,15500.0
2022-09,FLOTA,FLOTA_TOTAL,216509.675935,6899.0,237.0,186.0,47.0,913.5429364345991,186.1475,16982.94
2022-10,FLOTA,FLOTA_TOTAL,217815.864889,2685.0,262.0,175.0,42.0,831.3582629351145,147.6,38750.0
2022-11,FLOTA,FLOTA_TOTAL,433169.395777,5186.0,539.0,355.0,65.0,803.6537955046382,111.0,17047.03
2022-12,FLOTA,FLOTA_TOTAL,189058.899391,12854.0,129.0,74.0,38.0,1465.5728634961242,201.453,80000.0
2023-01,FLOTA,FLOTA_TOTAL,168105.268959,3442.0,213.0,150.0,60.0,789.2266148309859,240.0,14926.5
2023-02,FLOTA,FLOTA_TOTAL,564953.664061,4256.5,472.0,294.0,64.0,1196.9357289427967,69.375,205742.5
2023-03,FLOTA,FLOTA_TOTAL,283047.829655,3672.0,444.0,295.0,53.0,637.4951118355856,74.815,24502.92
2023-04,FLOTA,FLOTA_TOTAL,479387.9251470001,4945.0,353.0,256.0,61.0,1358.039448008499,150.0,186312.92
2023-05,FLOTA,FLOTA_TOTAL,423733.222909,12406.0,604.0,469.0,70.0,701.5450710413908,119.764504,24502.92
2023-06,FLOTA,FLOTA_TOTAL,513495.389834,10038.75,524.0,348.0,91.0,979.953034034351,137.0,102500.0
2023-07,FLOTA,FLOTA_TOTAL,517074.59211599996,4402.0,462.0,334.0,84.0,1119.2090738441557,140.54901,88800.0
2023-08,FLOTA,FLOTA_TOTAL,475031.560934,9280.0,551.0,366.0,88.0,862.1262448892923,90.0,110827.0
2023-09,FLOTA,FLOTA_TOTAL,595277.543536,7491.0,529.0,315.0,79.0,1125.2883620718335,218.0,48580.71
2023-10,FLOTA,FLOTA_TOTAL,472492.01358400006,8566.9,596.0,386.0,75.0,792.7718348724833,99.75,147500.0
2023-11,FLOTA,FLOTA_TOTAL,1328416.137565,6821.0,611.0,398.0,76.0,2174.1671645908345,148.63,85530.99
2023-12,FLOTA,FLOTA_TOTAL,1056943.205088,2957.0,343.0,238.0,58.0,3081.467070227405,72.9,274364.2
2024-01,FLOTA,FLOTA_TOTAL,74552.4,195.0,39.0,4.0,25.0,1911.6,541.26,12165.06
2024-02,FLOTA,FLOTA_TOTAL,272594.68,1500.0,103.0,40.0,34.0,2646.550291262136,620.0,108414.99
2024-03,FLOTA,FLOTA_TOTAL,154127.22,17109.0,159.0,85.0,45.0,969.3535849056603,196.35,23981.53
2024-04,FLOTA,FLOTA_TOTAL,206085.82,45733.0,301.0,197.0,60.0,684.6704983388704,138.24,8721.78
2024-05,FLOTA,FLOTA_TOTAL,761770.7800000001,1082.0,117.0,53.0,42.0,6510.861367521369,513.04,137352.29
2024-06,FLOTA,FLOTA_TOTAL,235153.58000000002,878.4,134.0,38.0,46.0,1754.8774626865672,521.25,19500.0
2024-07,FLOTA,FLOTA_TOTAL,583715.65,4253.6,245.0,130.0,73.0,2382.5128571428572,280.0,160040.22
2024-08,FLOTA,FLOTA_TOTAL,925177.17,4065.0,156.0,24.0,62.0,5930.6228846153845,1200.0,579869.14
2024-09,FLOTA,FLOTA_TOTAL,567614.49,1340.0,184.0,85.0,60.0,3084.861358695652,596.24,109500.0
2024-10,FLOTA,FLOTA_TOTAL,492736.32999999996,1457.0,147.0,51.0,45.0,3351.9478231292514,760.0,96250.0
2024-11,FLOTA,FLOTA_TOTAL,103883.30999999998,143.0,68.0,7.0,30.0,1527.6957352941174,711.25,9000.0
2024-12,FLOTA,FLOTA_TOTAL,97703.95000000001,65.0,61.0,4.0,25.0,1601.704098360656,787.56,27158.86
2025-01,FLOTA,FLOTA_TOTAL,105494.61,103.0,72.0,11.0,32.0,1465.2029166666666,767.5,17988.48
2025-02,FLOTA,FLOTA_TOTAL,180469.4,459.0,146.0,32.0,40.0,1236.0917808219178,489.925,26586.4
2025-03,FLOTA,FLOTA_TOTAL,111799.37,291.0,96.0,42.0,26.0,1164.5767708333333,350.0,31250.0
2025-04,FLOTA,FLOTA_TOTAL,210720.89,393.0,163.0,85.0,34.0,1292.7661963190185,450.0,10857.0
2025-05,FLOTA,FLOTA_TOTAL,262179.88,1806.0,250.0,124.0,43.0,1048.71952,287.20500000000004,15180.0
2025-06,FLOTA,FLOTA_TOTAL,690462.6500000001,3373.0,594.0,338.0,80.0,1162.3950336700339,138.195,81863.95
2025-07,FLOTA,FLOTA_TOTAL,1333596.7799999998,3744.0,351.0,151.0,72.0,3799.421025641025,208.0,745508.82
2025-08,FLOTA,FLOTA_TOTAL,524909.6900000001,6457.0,606.0,323.0,59.0,866.1876072607262,166.67000000000002,19587.15
2025-09,FLOTA,FLOTA_TOTAL,143639.71,3131.0,223.0,100.0,39.0,644.1242600896861,195.41,11589.0
2025-10,FLOTA,FLOTA_TOTAL,17249.45,431.0,118.0,47.0,10.0,146.18177966101695,19.1,2741.28
2025-11,FLOTA,FLOTA_TOTAL,32072.9,517.0,77.0,47.0,9.0,416.5311688311688,80.0,7963.83
2025-12,FLOTA,FLOTA_TOTAL,47204.939999999995,1030.0,148.0,101.0,16.0,318.95229729729726,84.04499999999999,4161.15
2021-01,NAVE,NAVE_001,8732.515001999998,167.0,40.0,29.0,13.0,218.31287504999995,43.511499,1800.0
2021-02,NAVE,NAVE_001,35942.845182,1606.0,114.0,95.0,26.0,315.28811563157893,27.439999999999998,8216.21
2021-03,NAVE,NAVE_001,8925.980969999999,348.0,42.0,33.0,18.0,212.5233564285714,46.535002,3700.0
2021-04,NAVE,NAVE_001,25927.12,363.0,29.0,25.0,12.0,894.0386206896551,40.0,14580.0
2021-05,NAVE,NAVE_001,11500.192214,559.0,38.0,33.0,14.0,302.6366372105263,28.529004,3201.0
2021-06,NAVE,NAVE_001,13739.859998,102.0,17.0,16.0,5.0,808.2270587058823,30.0,7210.0
2021-07,NAVE,NAVE_001,21972.9977,1286.0,48.0,39.0,22.0,457.7707854166667,33.25,3440.43
2021-08,NAVE,NAVE_001,229763.279998,550.1,73.0,55.0,19.0,3147.442191753425,65.0,62594.0
2021-09,NAVE,NAVE_001,58201.27511,2757.0,78.0,62.0,22.0,746.1701937179488,310.2868005,5417.2
2021-10,NAVE,NAVE_001,6773.63,68.0,21.0,13.0,13.0,322.55380952380955,75.0,1600.0
2021-11,NAVE,NAVE_001,4459.8791,695.0,26.0,24.0,11.0,171.53381153846155,18.7,2584.43
2021-12,NAVE,NAVE_001,51485.619999999995,1308.0,21.0,7.0,9.0,2451.69619047619,1260.0,24471.0
2022-01,NAVE,NAVE_001,89550.67292,290.0,60.0,54.0,13.0,1492.5112153333332,159.25,23111.6
2022-02,NAVE,NAVE_001,31447.283228,1640.0,82.0,64.0,22.0,383.503454,122.46986,4500.0
2022-03,NAVE,NAVE_001,55137.493612,480.0,69.0,53.0,19.0,799.0941103188405,192.72,9400.0
2022-04,NAVE,NAVE_001,106055.79494400001,10120.0,159.0,124.0,31.0,667.017578264151,110.04,13000.0
2022-05,NAVE,NAVE_001,165960.50982,4114.0,97.0,61.0,33.0,1710.933090927835,577.8,12200.0
2022-06,NAVE,NAVE_001,29529.945,9203.0,27.0,14.0,17.0,1093.7016666666666,400.0,7039.58
2022-07,NAVE,NAVE_001,39887.220005999996,197.0,38.0,13.0,15.0,1049.663684368421,735.65,6400.0
2022-08,NAVE,NAVE_001,48120.239799999996,439.0,35.0,26.0,14.0,1374.8639942857142,26.0,15500.0
2022-09,NAVE,NAVE_001,15205.18,4010.0,9.0,4.0,6.0,1689.4644444444446,150.0,13000.0
2022-10,NAVE,NAVE_001,6105.932699999999,592.0,43.0,43.0,9.0,141.9984348837209,44.7752,1324.09
2022-11,NAVE,NAVE_001,25306.4064,272.0,42.0,23.0,7.0,602.5334857142857,163.0,9570.0
2022-12,NAVE,NAVE_001,90236.36999099999,12160.0,15.0,13.0,7.0,6015.757999399999,400.0,80000.0
2023-01,NAVE,NAVE_001,8043.7300000000005,830.0,7.0,6.0,5.0,1149.1042857142859,500.0,2915.8
2023-02,NAVE,NAVE_001,34418.259984,199.0,19.0,12.0,9.0,1811.4873675789472,875.9,7854.0
2023-03,NAVE,NAVE_001,66846.90795900002,589.0,67.0,61.0,12.0,997.7150441641794,25.41,15980.0
2023-04,NAVE,NAVE_001,187174.36000000004,158.0,7.0,7.0,4.0,26739.194285714293,93.76,186312.92
2023-05,NAVE,NAVE_001,7502.8225,378.0,37.0,33.0,11.0,202.7789864864865,32.571,2900.0
2023-06,NAVE,NAVE_001,25436.726024,661.0,44.0,42.0,18.0,578.1074096363636,186.5450025,2937.0
2023-07,NAVE,NAVE_001,112015.66954599999,1144.0,133.0,114.0,28.0,842.223079293233,219.12,19000.0
2023-08,NAVE,NAVE_001,172967.88999800003,112.0,42.0,24.0,13.0,4118.283095190477,473.51,110827.0
2023-09,NAVE,NAVE_001,29174.653995000008,1359.0,85.0,70.0,19.0,343.2312234705883,66.24,4185.6
2023-10,NAVE,NAVE_001,42547.74,620.0,90.0,81.0,10.0,472.75266666666664,183.07,3869.4
2023-11,NAVE,NAVE_001,39981.440052000005,579.0,80.0,77.0,9.0,499.7680006500001,196.18,4100.020002
2023-12,NAVE,NAVE_001,296658.86,9.0,9.0,2.0,6.0,32962.095555555556,2250.0,274364.2
2024-01,NAVE,NAVE_001,3862.1199999999994,21.0,5.0,1.0,5.0,772.4239999999999,463.6,1754.99
2024-02,NAVE,NAVE_001,4875.0,1.0,1.0,1.0,1.0,4875.0,4875.0,4875.0
2024-03,NAVE,NAVE_001,6743.26,6.0,6.0,1.0,4.0,1123.8766666666668,771.13,3500.0
2024-04,NAVE,NAVE_001,1377.6,2.0,2.0,1.0,2.0,688.8,688.8,1095.0
2024-06,NAVE,NAVE_001,9672.119999999999,13.0,10.0,2.0,5.0,967.2119999999999,555.0,4167.12
2024-07,NAVE,NAVE_001,3119.15,13.0,4.0,2.0,3.0,779.7875,239.575,2600.0
2024-08,NAVE,NAVE_001,305.08,1.0,1.0,1.0,1.0,305.08,305.08,305.08
2024-09,NAVE,NAVE_001,15755.199999999999,26.0,8.0,3.0,5.0,1969.3999999999999,1431.55,6104.0
2024-10,NAVE,NAVE_001,27773.660000000003,1141.0,42.0,36.0,8.0,661.2776190476192,282.32,4107.81
2024-11,NAVE,NAVE_001,19176.170000000002,77.0,14.0,5.0,7.0,1369.7264285714286,545.325,4813.6
2024-12,NAVE,NAVE_001,11099.06,9.0,9.0,2.0,6.0,1233.2288888888888,1301.3,3045.0
2025-01,NAVE,NAVE_001,17959.0,9.0,9.0,2.0,7.0,1995.4444444444443,1062.0,8217.0
2025-02,NAVE,NAVE_001,23237.350000000002,107.0,27.0,14.0,9.0,860.6425925925927,580.0,3432.77
2025-03,NAVE,NAVE_001,38104.05,18.0,8.0,3.0,6.0,4763.00625,1044.73,31250.0
2025-04,NAVE,NAVE_001,38266.56,9.0,9.0,1.0,6.0,4251.84,3366.0,10857.0
2025-05,NAVE,NAVE_001,70978.70000000001,205.0,45.0,22.0,14.0,1577.3044444444447,1314.0,10500.09
2025-06,NAVE,NAVE_001,363008.41000000003,949.0,235.0,166.0,32.0,1544.7166382978726,111.29,30899.78
2025-07,NAVE,NAVE_001,1032043.4899999999,48.0,34.0,3.0,20.0,30354.220294117644,1600.35,745508.82
2025-08,NAVE,NAVE_001,151664.58000000002,1169.0,180.0,111.0,11.0,842.5810000000001,110.285,19587.15
2025-09,NAVE,NAVE_001,15020.289999999997,15.0,8.0,5.0,4.0,1877.5362499999997,1186.5349999999999,5390.0
2021-01,NAVE,NAVE_002,41238.332500000004,270.0,43.0,39.0,19.0,959.0309883720931,98.0,20905.8
2021-02,NAVE,NAVE_002,28116.195,967.0,38.0,29.0,16.0,739.8998684210526,171.0,12324.315
2021-03,NAVE,NAVE_002,47947.932207,600.0,61.0,40.0,22.0,786.0316755245901,146.4,24995.0
2021-04,NAVE,NAVE_002,34049.06640400001,1967.0,124.0,96.0,28.0,274.5892451935485,62.69,5900.0
2021-05,NAVE,NAVE_002,105268.41036800001,4325.42,202.0,153.0,33.0,521.1307443960396,117.58,8950.0
2021-06,NAVE,NAVE_002,181493.3228,3546.0,126.0,79.0,40.0,1440.4231968253969,463.16,16640.0
2021-07,NAVE,NAVE_002,62721.468199999996,1150.0,86.0,51.0,27.0,729.3193976744186,213.53,8486.918
2021-08,NAVE,NAVE_002,37587.676779999994,559.0,95.0,50.0,20.0,395.6597555789473,90.0,7504.0
2021-09,NAVE,NAVE_002,18297.6,547.0,54.0,42.0,12.0,338.84444444444443,25.6,5800.0
2021-10,NAVE,NAVE_002,45933.856792,364.0,28.0,22.0,11.0,1640.4948854285715,101.5,38507.13
2021-11,NAVE,NAVE_002,12554.123,500.0,45.0,41.0,9.0,278.9805111111111,48.0,5080.0
2021-12,NAVE,NAVE_002,8871.01495,572.0,58.0,53.0,13.0,152.94853362068966,25.23,2877.0
2022-01,NAVE,NAVE_002,24551.522602,209.0,35.0,27.0,14.0,701.4720743428571,138.8,7690.0
2022-02,NAVE,NAVE_002,41801.304599999996,553.0,79.0,54.0,26.0,529.1304379746834,120.0,5300.0
2022-03,NAVE,NAVE_002,26401.39,439.0,56.0,48.0,9.0,471.45339285714283,41.7,7105.9
2022-04,NAVE,NAVE_002,11258.6228,943.0,72.0,61.0,16.0,156.3697611111111,19.325,1749.1
2022-05,NAVE,NAVE_002,5591.164000000001,107.0,16.0,11.0,11.0,349.44775000000004,111.2,2800.0
2022-06,NAVE,NAVE_002,22465.390001999996,1035.0,47.0,43.0,12.0,477.9870213191489,28.2,7644.0
2022-07,NAVE,NAVE_002,20373.565000000002,471.0,42.0,36.0,15.0,485.084880952381,88.783,6754.8
2022-08,NAVE,NAVE_002,23249.624499999998,272.0,44.0,34.0,9.0,528.4005568181818,111.608,8900.0
2022-09,NAVE,NAVE_002,16139.314508000001,1304.0,46.0,44.0,10.0,350.8546632173913,70.67,6210.0
2022-10,NAVE,NAVE_002,49941.930002,129.0,24.0,17.0,13.0,2080.9137500833335,245.82,38750.0
2022-11,NAVE,NAVE_002,52142.093462,889.0,90.0,61.0,20.0,579.3565940222222,81.22,12420.0
2022-12,NAVE,NAVE_002,6013.7294,520.0,23.0,23.0,6.0,261.46649565217393,33.0,3403.34
2023-01,NAVE,NAVE_002,41731.148959,629.0,66.0,62.0,13.0,632.2901357424242,156.469195,4704.71839
2023-02,NAVE,NAVE_002,23885.068077000004,1113.0,73.0,67.0,13.0,327.1927133835617,46.99,5205.75
2023-03,NAVE,NAVE_002,33070.746696,208.0,39.0,26.0,17.0,847.9678640000001,200.0,5500.0
2023-04,NAVE,NAVE_002,28037.881888,986.0,55.0,45.0,22.0,509.7796706909091,46.2,7880.0
2023-05,NAVE,NAVE_002,15156.850403999999,2580.0,43.0,35.0,9.0,352.48489311627907,174.0,3649.2
2023-06,NAVE,NAVE_002,157963.95729999998,339.0,53.0,39.0,15.0,2980.4520245283015,60.2496,102500.0
2023-07,NAVE,NAVE_002,8997.568500000001,352.0,36.0,35.0,10.0,249.93245833333336,22.7775,2800.0
2023-08,NAVE,NAVE_002,14345.519999999999,178.0,32.0,26.0,11.0,448.29749999999996,61.0,4996.16
2023-09,NAVE,NAVE_002,99373.444981,699.0,58.0,46.0,23.0,1713.3352582931034,329.62,28500.0
2023-10,NAVE,NAVE_002,74001.362504,2917.0,109.0,83.0,24.0,678.9115826055046,105.0,21400.0
2023-11,NAVE,NAVE_002,190095.00999999998,875.0,67.0,40.0,23.0,2837.23895522388,243.75,49040.0
2023-12,NAVE,NAVE_002,9863.525,47.0,7.0,6.0,4.0,1409.075,378.0,7600.0
2024-01,NAVE,NAVE_002,60.58,5.0,2.0,1.0,1.0,30.29,30.29,39.32
2024-02,NAVE,NAVE_002,14439.07,8.0,8.0,1.0,5.0,1804.88375,1125.0,6000.0
2024-04,NAVE,NAVE_002,3325.0,3.0,3.0,1.0,3.0,1108.3333333333333,200.0,3045.0
2024-05,NAVE,NAVE_002,4150.0,2.0,2.0,1.0,2.0,2075.0,2075.0,2450.0
2024-06,NAVE,NAVE_002,43267.64,397.4,45.0,29.0,10.0,961.5031111111111,340.0,11116.87
2024-07,NAVE,NAVE_002,466781.98,2661.6,143.0,97.0,41.0,3264.20965034965,240.0,160040.22
2024-08,NAVE,NAVE_002,804341.0,119.0,71.0,7.0,33.0,11328.74647887324,1350.0,579869.14
2024-09,NAVE,NAVE_002,482191.16000000003,1180.0,137.0,69.0,40.0,3519.6435036496355,600.0,109500.0
2024-10,NAVE,NAVE_002,282378.96,101.0,37.0,3.0,22.0,7631.863783783784,1550.0,96250.0
2024-11,NAVE,NAVE_002,10595.4,14.0,3.0,2.0,3.0,3531.7999999999997,1593.0,9000.0
2024-12,NAVE,NAVE_002,38040.04,11.0,10.0,2.0,5.0,3804.004,1234.5900000000001,27158.86
2025-01,NAVE,NAVE_002,24319.51,27.0,16.0,4.0,10.0,1519.969375,1251.52,5500.0
2025-02,NAVE,NAVE_002,64500.770000000004,57.0,24.0,8.0,11.0,2687.5320833333335,788.35,26586.4
2025-03,NAVE,NAVE_002,7897.860000000001,85.0,19.0,16.0,3.0,415.6768421052632,25.92,1814.36
2025-04,NAVE,NAVE_002,18537.230000000003,26.0,13.0,5.0,6.0,1425.9407692307695,847.0,6126.03
2025-05,NAVE,NAVE_002,10385.16,5.0,5.0,1.0,4.0,2077.032,2000.0,3400.0
2025-06,NAVE,NAVE_002,18100.39,19.0,10.0,3.0,6.0,1810.039,874.5,6189.05
2025-07,NAVE,NAVE_002,14966.55,436.0,22.0,6.0,5.0,680.2977272727272,234.54500000000002,3480.0
2025-08,NAVE,NAVE_002,6058.949999999999,28.0,11.0,6.0,3.0,550.8136363636363,420.0,1900.0
2025-09,NAVE,NAVE_002,6833.849999999999,128.0,20.0,19.0,2.0,341.6925,101.605,2810.0
2023-07,NAVE,NAVE_003,88800.0,1.0,1.0,1.0,1.0,88800.0,88800.0,88800.0
2023-08,NAVE,NAVE_003,3000.0,1.0,1.0,1.0,1.0,3000.0,3000.0,3000.0
2023-09,NAVE,NAVE_003,15958.55,3.0,3.0,3.0,3.0,5319.516666666666,2858.55,11100.0
2023-10,NAVE,NAVE_003,147500.0,1.0,1.0,1.0,1.0,147500.0,147500.0,147500.0
2023-11,NAVE,NAVE_003,3833.92,1.0,1.0,1.0,1.0,3833.92,3833.92,3833.92
2023-12,NAVE,NAVE_003,422341.5,2.0,2.0,2.0,2.0,211170.75,211170.75,214063.5
2024-02,NAVE,NAVE_003,2909.75,1004.0,7.0,4.0,5.0,415.67857142857144,290.0,1207.6
2024-03,NAVE,NAVE_003,7056.24,2985.0,22.0,18.0,6.0,320.73818181818183,29.15,2000.0
2024-06,NAVE,NAVE_003,2529.59,2.0,2.0,1.0,2.0,1264.795,1264.795,1377.5
2024-07,NAVE,NAVE_003,1886.86,2.0,2.0,1.0,2.0,943.43,943.43,1736.86
2024-10,NAVE,NAVE_003,485.0,1.0,1.0,1.0,1.0,485.0,485.0,485.0
2024-11,NAVE,NAVE_003,815.0,2.0,2.0,1.0,2.0,407.5,407.5,665.0
2025-01,NAVE,NAVE_003,935.0,2.0,2.0,1.0,2.0,467.5,467.5,585.0
2025-03,NAVE,NAVE_003,1604.0,3.0,3.0,1.0,3.0,534.6666666666666,504.0,800.0
2025-04,NAVE,NAVE_003,1570.4199999999998,11.0,4.0,4.0,2.0,392.60499999999996,240.325,987.0
2025-05,NAVE,NAVE_003,2597.44,247.0,15.0,13.0,4.0,173.16266666666667,33.17,810.0
2025-06,NAVE,NAVE_003,1306.57,23.0,5.0,3.0,3.0,261.31399999999996,306.61,520.0
2025-07,NAVE,NAVE_003,3554.36,107.0,17.0,17.0,2.0,209.08,25.6,1386.0
2025-08,NAVE,NAVE_003,2720.37,31.0,13.0,7.0,4.0,209.25923076923075,165.45,700.0
2025-10,NAVE,NAVE_003,1173.92,37.0,8.0,8.0,1.0,146.74,14.254999999999999,622.72
2025-11,NAVE,NAVE_003,1195.84,11.0,6.0,3.0,5.0,199.30666666666664,200.7,400.0
2025-12,NAVE,NAVE_003,4074.33,88.0,12.0,11.0,2.0,339.5275,276.425,750.0
2021-01,NAVE,NAVE_004,39829.0,56.0,17.0,10.0,11.0,2342.8823529411766,388.3,32349.0
2021-02,NAVE,NAVE_004,7296.87,228.0,43.0,37.0,13.0,169.6946511627907,19.5,2200.0
2021-03,NAVE,NAVE_004,15895.43,167.0,24.0,22.0,11.0,662.3095833333333,98.945,12056.52
2021-04,NAVE,NAVE_004,5453.34,89.0,21.0,14.0,10.0,259.68285714285713,50.0,2888.63
2021-05,NAVE,NAVE_004,7989.35,6.0,5.0,5.0,5.0,1597.8700000000001,522.0,6628.35
2021-06,NAVE,NAVE_004,7578.58,32.0,9.0,6.0,6.0,842.0644444444445,417.2,3030.09
2021-07,NAVE,NAVE_004,13343.830000000002,320.0,23.0,21.0,7.0,580.1665217391305,20.79,6060.18
2021-08,NAVE,NAVE_004,3183.12,10.0,5.0,3.0,4.0,636.624,746.14,1254.0
2021-09,NAVE,NAVE_004,28461.631999999994,149.0,22.0,19.0,7.0,1293.7105454545451,26.14,12116.71
2021-10,NAVE,NAVE_004,22234.216,182.0,21.0,16.0,7.0,1058.7721904761904,30.492,15327.91
2021-11,NAVE,NAVE_004,9346.86,4.0,4.0,2.0,3.0,2336.715,876.6,7383.0
2021-12,NAVE,NAVE_004,5476.5244,115.0,20.0,19.0,5.0,273.82622000000003,31.95,1836.28
2022-01,NAVE,NAVE_004,84444.06,26.0,9.0,4.0,6.0,9382.673333333332,1000.0,61233.1
2022-02,NAVE,NAVE_004,6658.35,106.0,15.0,14.0,8.0,443.89000000000004,368.4,2031.72
2022-03,NAVE,NAVE_004,11366.780000000002,383.0,63.0,61.0,12.0,180.4250793650794,23.22,3047.2
2022-04,NAVE,NAVE_004,14616.21,36.0,15.0,12.0,6.0,974.414,187.56,4525.0
2022-05,NAVE,NAVE_004,20109.190000000006,324.0,30.0,26.0,13.0,670.3063333333336,29.064999999999998,8228.25
2022-06,NAVE,NAVE_004,20223.370000000006,394.0,44.0,38.0,10.0,459.62204545454557,17.075,8441.55
2022-07,NAVE,NAVE_004,4832.889999999999,72.0,31.0,26.0,10.0,155.89967741935482,21.87,1658.0
2022-08,NAVE,NAVE_004,5980.01,242.0,13.0,11.0,7.0,460.00076923076927,185.0,2893.96
2022-09,NAVE,NAVE_004,5776.68,168.0,17.0,13.0,8.0,339.80470588235295,40.0,1644.16
2022-10,NAVE,NAVE_004,6805.0,7.0,7.0,2.0,3.0,972.1428571428571,700.0,2265.0
2022-11,NAVE,NAVE_004,3428.46,215.5,33.0,33.0,8.0,103.89272727272727,22.55,892.08
2022-12,NAVE,NAVE_004,1295.99,38.0,14.0,13.0,6.0,92.57071428571429,23.75,412.2
2023-01,NAVE,NAVE_004,13774.4,86.0,24.0,21.0,8.0,573.9333333333333,304.9,3210.0
2023-02,NAVE,NAVE_004,216167.52,51.0,8.0,7.0,7.0,27020.94,1652.875,205742.5
2023-03,NAVE,NAVE_004,36356.71000000001,462.0,53.0,46.0,15.0,685.9756603773586,52.5,7378.94
2023-04,NAVE,NAVE_004,15507.050000000001,92.0,32.0,29.0,12.0,484.59531250000003,56.504999999999995,6319.11
2023-05,NAVE,NAVE_004,31455.93,372.0,52.0,26.0,9.0,604.9217307692307,182.4,12031.0
2023-06,NAVE,NAVE_004,20402.629999999997,46.0,12.0,8.0,8.0,1700.2191666666665,1311.9299999999998,6758.83
2023-07,NAVE,NAVE_004,8173.83,13.0,7.0,6.0,6.0,1167.69,113.5,6211.7
2023-08,NAVE,NAVE_004,4410.58,208.0,35.0,29.0,12.0,126.01657142857142,27.26,850.0
2023-09,NAVE,NAVE_004,96464.83,810.0,74.0,65.0,17.0,1303.5787837837838,65.455,48580.71
2023-10,NAVE,NAVE_004,17930.719999999998,1819.0,33.0,32.0,10.0,543.3551515151514,64.56,4000.32
2023-11,NAVE,NAVE_004,59348.469999999994,2078.0,91.0,71.0,21.0,652.1809890109889,68.0,6800.0
2023-12,NAVE,NAVE_004,260047.08000000005,2231.0,234.0,190.0,31.0,1111.312307692308,39.625,130476.47
2024-01,NAVE,NAVE_004,51030.98,134.0,15.0,2.0,10.0,3402.0653333333335,2850.0,9800.0
2024-02,NAVE,NAVE_004,180681.85000000003,331.0,38.0,18.0,11.0,4754.785526315791,577.6700000000001,108414.99
2024-03,NAVE,NAVE_004,27785.170000000002,8.0,8.0,1.0,6.0,3473.1462500000002,613.62,23981.53
2024-04,NAVE,NAVE_004,1045.56,2.0,2.0,1.0,2.0,522.78,522.78,715.12
2024-05,NAVE,NAVE_004,3234.85,2.0,2.0,1.0,2.0,1617.425,1617.425,2444.85
2024-06,NAVE,NAVE_004,2321.56,3.0,3.0,1.0,3.0,773.8533333333334,971.56,1150.0
2024-07,NAVE,NAVE_004,8008.110000000001,6.0,6.0,1.0,6.0,1334.6850000000002,1008.0,3417.11
2024-08,NAVE,NAVE_004,2536.96,3.0,3.0,1.0,2.0,845.6533333333333,1248.48,1248.48
2024-09,NAVE,NAVE_004,3224.0,2.0,2.0,1.0,2.0,1612.0,1612.0,2780.0
2024-10,NAVE,NAVE_004,1710.0,2.0,2.0,1.0,1.0,855.0,855.0,950.0
2024-11,NAVE,NAVE_004,10997.84,3.0,3.0,1.0,3.0,3665.9466666666667,3887.24,6610.6
2024-12,NAVE,NAVE_004,9676.64,9.0,9.0,1.0,9.0,1075.1822222222222,787.56,2618.0
2025-01,NAVE,NAVE_004,7720.0,5.0,5.0,1.0,4.0,1544.0,1200.0,3285.0
2025-02,NAVE,NAVE_004,2223.0,5.0,5.0,3.0,4.0,444.6,470.0,930.0
2025-03,NAVE,NAVE_004,2104.2,4.0,4.0,1.0,4.0,526.05,562.1,900.0
2025-04,NAVE,NAVE_004,9931.869999999999,39.0,10.0,9.0,3.0,993.1869999999999,93.24,5851.21
2025-05,NAVE,NAVE_004,13063.939999999999,281.0,42.0,39.0,4.0,311.0461904761904,25.265,4875.46
2025-06,NAVE,NAVE_004,14156.43,106.0,23.0,12.0,7.0,615.4969565217391,600.0,2850.0
2025-07,NAVE,NAVE_004,8715.929999999998,125.0,14.0,11.0,5.0,622.5664285714284,368.32,2419.02
2025-08,NAVE,NAVE_004,6056.369999999999,73.0,21.0,19.0,2.0,288.39857142857136,37.5,1536.33
2025-09,NAVE,NAVE_004,7430.08,229.0,15.0,13.0,4.0,495.33866666666665,297.6,1500.0
2025-10,NAVE,NAVE_004,2642.82,47.0,14.0,12.0,4.0,188.77285714285716,95.225,700.0
2025-11,NAVE,NAVE_004,3971.5200000000004,84.0,11.0,9.0,2.0,361.04727272727274,117.6,1809.15
2025-12,NAVE,NAVE_004,3200.0600000000004,346.0,15.0,12.0,2.0,213.33733333333336,32.26,2303.04
2021-01,NAVE,NAVE_005,1118.71,11.0,3.0,2.0,3.0,372.90333333333336,223.21,810.0
2021-02,NAVE,NAVE_005,1890.0,23.0,7.0,7.0,6.0,270.0,250.0,610.0
2021-03,NAVE,NAVE_005,4388.949999999999,134.0,23.0,23.0,6.0,190.8239130434782,45.0,1695.8
2021-04,NAVE,NAVE_005,792.87,4.0,2.0,1.0,2.0,396.435,396.435,642.87
2021-05,NAVE,NAVE_005,8573.14,173.0,19.0,19.0,6.0,451.2178947368421,100.0,2780.08
2021-06,NAVE,NAVE_005,1874.0,17.0,2.0,2.0,2.0,937.0,937.0,1142.4
2021-07,NAVE,NAVE_005,2793.7,7.0,2.0,2.0,2.0,1396.85,1396.85,2543.7
2021-08,NAVE,NAVE_005,8764.56,8.0,8.0,4.0,3.0,1095.57,588.0,3385.6
2021-09,NAVE,NAVE_005,11244.730000000001,82.0,19.0,17.0,9.0,591.8278947368422,116.8,4350.57
2021-10,NAVE,NAVE_005,17784.84,116.0,9.0,9.0,4.0,1976.0933333333332,1482.18,7797.0
2021-11,NAVE,NAVE_005,26052.04,165.0,23.0,19.0,7.0,1132.6973913043478,602.9,6017.45
2021-12,NAVE,NAVE_005,5648.6,285.0,40.0,36.0,10.0,141.215,39.5,1780.0
2022-01,NAVE,NAVE_005,47676.71000000001,10.0,8.0,4.0,3.0,5959.588750000001,4478.0,16532.63
2022-02,NAVE,NAVE_005,13510.92,186.0,17.0,17.0,5.0,794.76,154.0,3546.72
2022-03,NAVE,NAVE_005,8507.970000000001,195.0,35.0,33.0,6.0,243.08485714285717,10.4,2397.14
2022-04,NAVE,NAVE_005,6058.8,5.0,5.0,2.0,4.0,1211.76,850.0,2630.8
2022-05,NAVE,NAVE_005,5532.8,294.43,18.0,18.0,8.0,307.3777777777778,50.489999999999995,2543.4
2022-06,NAVE,NAVE_005,5092.9800000000005,68.0,24.0,22.0,9.0,212.2075,23.1,1873.22
2022-07,NAVE,NAVE_005,24651.38,87.9,27.0,25.0,8.0,913.0140740740741,190.4,14612.6
2022-08,NAVE,NAVE_005,8187.53,54.0,16.0,15.0,8.0,511.720625,154.375,3622.45
2022-09,NAVE,NAVE_005,2292.0,3.0,3.0,1.0,3.0,764.0,950.0,950.0
2022-10,NAVE,NAVE_005,436.36,8.0,2.0,2.0,2.0,218.18,218.18,364.36
2022-11,NAVE,NAVE_005,1137.01,91.0,16.0,13.0,4.0,71.063125,23.974999999999998,263.34
2022-12,NAVE,NAVE_005,41612.99,5.0,5.0,5.0,3.0,8322.598,277.0,38686.8
2023-01,NAVE,NAVE_005,7947.48,28.0,18.0,17.0,4.0,441.52666666666664,74.03,2198.18
2023-02,NAVE,NAVE_005,7350.040000000001,121.0,20.0,14.0,9.0,367.50200000000007,66.31,2273.61
2023-03,NAVE,NAVE_005,8003.83,311.0,47.0,42.0,14.0,170.29425531914893,57.78,1050.0
2023-04,NAVE,NAVE_005,38063.10999999999,62.0,22.0,17.0,8.0,1730.1413636363634,1169.475,14051.0
2023-05,NAVE,NAVE_005,3472.4700000000003,6.0,6.0,3.0,4.0,578.745,433.625,973.22
2023-06,NAVE,NAVE_005,58253.98999999999,152.0,21.0,18.0,8.0,2773.9995238095235,608.83,18080.85
2023-07,NAVE,NAVE_005,47165.060000000005,186.0,23.0,22.0,6.0,2050.6547826086958,15.48,42250.0
2023-08,NAVE,NAVE_005,6202.219999999999,8.0,3.0,2.0,3.0,2067.4066666666663,1881.6,4080.62
2023-09,NAVE,NAVE_005,60513.67999999999,175.0,10.0,8.0,4.0,6051.3679999999995,1166.8600000000001,35500.0
2023-10,NAVE,NAVE_005,1266.74,105.0,18.0,16.0,3.0,70.37444444444445,15.035,700.0
2023-11,NAVE,NAVE_005,506348.46,697.0,92.0,90.0,5.0,5503.787608695652,117.03999999999999,85530.99
2023-12,NAVE,NAVE_005,12620.449999999999,24.0,4.0,4.0,2.0,3155.1124999999997,898.465,10800.0
2024-01,NAVE,NAVE_005,1292.0,1.0,1.0,1.0,1.0,1292.0,1292.0,1292.0
2024-02,NAVE,NAVE_005,17765.0,2.0,2.0,1.0,2.0,8882.5,8882.5,16865.0
2024-03,NAVE,NAVE_005,33158.869999999995,906.0,7.0,2.0,4.0,4736.981428571428,1976.93,19500.0
2024-04,NAVE,NAVE_005,53246.24999999999,27808.0,135.0,120.0,24.0,394.41666666666663,49.5,8686.59
2024-05,NAVE,NAVE_005,291097.48000000004,595.0,19.0,5.0,13.0,15320.920000000002,1250.0,137352.29
2024-06,NAVE,NAVE_005,8007.5,5.0,5.0,1.0,5.0,1601.5,1100.0,3080.0
2024-07,NAVE,NAVE_005,10719.15,3.0,3.0,1.0,3.0,3573.0499999999997,2945.06,7324.09
2024-08,NAVE,NAVE_005,2033.0,4.0,4.0,1.0,3.0,508.25,452.5,720.0
2024-09,NAVE,NAVE_005,640.0,2.0,2.0,1.0,2.0,320.0,320.0,550.0
2024-10,NAVE,NAVE_005,569.0,1.0,1.0,1.0,1.0,569.0,569.0,569.0
2024-11,NAVE,NAVE_005,1195.0,2.0,2.0,1.0,2.0,597.5,597.5,1045.0
2024-12,NAVE,NAVE_005,2664.05,3.0,3.0,1.0,3.0,888.0166666666668,520.0,1684.05
2025-01,NAVE,NAVE_005,6040.0,4.0,4.0,1.0,3.0,1510.0,905.0,3915.0
2025-02,NAVE,NAVE_005,1410.0,3.0,3.0,1.0,3.0,470.0,270.0,950.0
2025-03,NAVE,NAVE_005,7300.16,3.0,3.0,1.0,2.0,2433.3866666666668,950.16,6000.0
2025-04,NAVE,NAVE_005,7540.0,4.0,4.0,1.0,3.0,1885.0,834.5,5421.0
2025-05,NAVE,NAVE_005,9120.24,114.0,33.0,30.0,4.0,276.3709090909091,149.63,1616.0
2025-06,NAVE,NAVE_005,4500.86,42.0,13.0,12.0,2.0,346.21999999999997,133.18,1500.0
2025-07,NAVE,NAVE_005,99.75,18.0,4.0,4.0,1.0,24.9375,18.439999999999998,56.22
2025-08,NAVE,NAVE_005,3772.48,50.0,16.0,15.0,3.0,235.78,10.55,2475.0
2025-09,NAVE,NAVE_005,2266.4900000000002,334.0,13.0,12.0,3.0,174.34538461538463,79.95,660.0
2025-10,NAVE,NAVE_005,1524.1,49.0,16.0,16.0,2.0,95.25625,12.9,1300.0
2025-11,NAVE,NAVE_005,10098.05,161.0,15.0,14.0,2.0,673.2033333333333,278.01,5377.13
2025-12,NAVE,NAVE_005,3982.2299999999996,24.0,3.0,3.0,1.0,1327.4099999999999,5.04,3974.49
2021-01,NAVE,NAVE_006,4040.4300000000003,51.0,15.0,12.0,7.0,269.362,199.08,1021.2
2021-02,NAVE,NAVE_006,3977.08,129.0,26.0,22.0,9.0,152.96461538461537,32.495,842.5
2021-03,NAVE,NAVE_006,9678.52,219.0,43.0,41.0,7.0,225.08186046511628,30.0,4114.33
2021-04,NAVE,NAVE_006,4328.84,38.0,10.0,8.0,3.0,432.884,94.68,2327.2
2021-05,NAVE,NAVE_006,5279.36,67.0,15.0,14.0,6.0,351.95733333333334,94.78,1305.0
2021-06,NAVE,NAVE_006,8976.830000000002,222.0,31.0,30.0,4.0,289.5751612903226,20.0,3260.88
2021-07,NAVE,NAVE_006,2459.66,14.0,6.0,6.0,3.0,409.9433333333333,387.56,1109.08
2021-09,NAVE,NAVE_006,2335.1800000000003,13.0,2.0,2.0,2.0,1167.5900000000001,1167.5900000000001,1195.18
2021-10,NAVE,NAVE_006,967.0799999999999,7.0,7.0,7.0,2.0,138.1542857142857,8.5,848.93
2021-11,NAVE,NAVE_006,11885.11,74.0,7.0,7.0,3.0,1697.8728571428571,1084.8,2956.08
2021-12,NAVE,NAVE_006,4087.5299999999997,22.0,3.0,3.0,2.0,1362.51,142.02,3877.68
2022-01,NAVE,NAVE_006,4074.38,203.0,13.0,12.0,6.0,313.4138461538462,157.5,1316.5
2022-02,NAVE,NAVE_006,46235.04,176.0,19.0,16.0,10.0,2433.423157894737,751.2,13819.78
2022-03,NAVE,NAVE_006,4520.300000000001,193.0,33.0,32.0,5.0,136.9787878787879,10.4,1850.0
2022-04,NAVE,NAVE_006,5532.42,9.0,8.0,5.0,4.0,691.5525,397.27000000000004,1750.0
2022-05,NAVE,NAVE_006,7493.48,76.0,8.0,7.0,7.0,936.685,501.0,2543.4
2022-06,NAVE,NAVE_006,5484.11,143.0,22.0,22.0,5.0,249.27772727272725,14.78,3740.1
2022-07,NAVE,NAVE_006,3740.13,8.0,6.0,6.0,6.0,623.355,445.0,1500.0
2022-08,NAVE,NAVE_006,7552.2300000000005,356.0,44.0,44.0,10.0,171.64159090909092,45.34,3622.45
2022-09,NAVE,NAVE_006,12839.3,7.0,7.0,2.0,6.0,1834.185714285714,600.0,7945.07
2022-10,NAVE,NAVE_006,4250.83,112.0,3.0,3.0,3.0,1416.9433333333334,858.0,2704.4
2022-11,NAVE,NAVE_006,978.59,55.0,6.0,6.0,4.0,163.09833333333333,130.8,368.0
2022-12,NAVE,NAVE_006,487.0,2.0,2.0,2.0,2.0,243.5,243.5,250.0
2023-01,NAVE,NAVE_006,2520.0,4.0,4.0,3.0,3.0,630.0,625.0,850.0
2023-02,NAVE,NAVE_006,17410.870000000003,227.0,31.0,27.0,8.0,561.6409677419356,15.48,12500.0
2023-03,NAVE,NAVE_006,6430.3099999999995,243.0,27.0,27.0,6.0,238.15962962962962,75.0,1987.14
2023-04,NAVE,NAVE_006,4354.2,119.0,15.0,14.0,6.0,290.28,140.0,2341.34
2023-05,NAVE,NAVE_006,3967.4700000000003,57.0,6.0,3.0,4.0,661.245,656.0,1145.47
2023-06,NAVE,NAVE_006,26053.859999999997,180.0,21.0,21.0,6.0,1240.6599999999999,259.04,17315.25
2023-07,NAVE,NAVE_006,23920.12,128.0,7.0,7.0,5.0,3417.16,713.52,12800.16
2023-08,NAVE,NAVE_006,690.0,2.0,2.0,1.0,2.0,345.0,345.0,450.0
2023-09,NAVE,NAVE_006,20563.739999999994,81.0,7.0,6.0,2.0,2937.677142857142,829.89,15461.5
2023-10,NAVE,NAVE_006,7444.83,95.5,16.0,14.0,7.0,465.301875,195.245,2353.34
2023-11,NAVE,NAVE_006,367426.89,635.0,100.0,89.0,6.0,3674.2689,105.535,80436.55
2023-12,NAVE,NAVE_006,2403.37,10.0,4.0,4.0,2.0,600.8425,152.645,2068.59
2024-02,NAVE,NAVE_006,2680.0,3.0,3.0,1.0,3.0,893.3333333333334,500.0,1700.0
2024-03,NAVE,NAVE_006,1512.92,2.0,2.0,1.0,1.0,756.46,756.46,827.92
2024-04,NAVE,NAVE_006,2088.0,2.0,2.0,1.0,2.0,1044.0,1044.0,1138.0
2024-05,NAVE,NAVE_006,120753.12999999999,45.0,6.0,2.0,6.0,20125.521666666664,1399.78,112384.04
2024-06,NAVE,NAVE_006,22955.93,372.0,10.0,9.0,4.0,2295.593,143.5,18800.0
2024-07,NAVE,NAVE_006,8790.14,1187.0,21.0,19.0,7.0,418.5780952380952,30.72,7324.09
2024-08,NAVE,NAVE_006,78465.84999999999,3906.0,45.0,17.0,24.0,1743.6855555555553,1453.12,11000.0
2024-09,NAVE,NAVE_006,2226.33,72.0,4.0,3.0,3.0,556.5825,386.325,1369.8
2024-10,NAVE,NAVE_006,79872.4,5.0,5.0,1.0,5.0,15974.48,2770.0,69916.4
2024-11,NAVE,NAVE_006,3187.5,3.0,3.0,1.0,3.0,1062.5,710.0,2327.5
2024-12,NAVE,NAVE_006,1761.86,2.0,2.0,1.0,2.0,880.93,880.93,1380.36
2025-01,NAVE,NAVE_006,1200.0,2.0,2.0,1.0,2.0,600.0,600.0,700.0
2025-02,NAVE,NAVE_006,1799.0,2.0,2.0,1.0,2.0,899.5,899.5,1230.0
2025-03,NAVE,NAVE_006,1915.0,3.0,3.0,1.0,3.0,638.3333333333334,800.0,845.0
2025-04,NAVE,NAVE_006,6298.32,46.0,15.0,15.0,1.0,419.888,69.19,5152.87
2025-05,NAVE,NAVE_006,8602.949999999999,18.0,7.0,7.0,2.0,1228.992857142857,1051.78,2115.0
2025-06,NAVE,NAVE_006,2826.1299999999997,74.0,15.0,14.0,2.0,188.40866666666665,120.0,698.22
2025-07,NAVE,NAVE_006,2963.16,21.0,4.0,3.0,3.0,740.79,260.655,2439.45
2025-08,NAVE,NAVE_006,13102.43,46.0,7.0,7.0,2.0,1871.7757142857142,912.46,5377.14
2025-09,NAVE,NAVE_006,740.62,334.0,11.0,10.0,1.0,67.32909090909091,19.04,232.74
2025-10,NAVE,NAVE_006,245.06000000000003,58.0,17.0,17.0,1.0,14.415294117647061,11.56,42.73
2025-11,NAVE,NAVE_006,6.880000000000001,33.0,2.0,2.0,1.0,3.4400000000000004,3.4400000000000004,4.48
2025-12,NAVE,NAVE_006,970.89,28.0,7.0,7.0,2.0,138.69857142857143,24.0,450.0
2021-08,NAVE,NAVE_007,931.0,105.0,3.0,3.0,3.0,310.3333333333333,76.0,780.0
2021-09,NAVE,NAVE_007,63663.68,248.5,20.0,19.0,12.0,3183.184,257.5,34700.0
2021-10,NAVE,NAVE_007,65705.80099999998,749.0,85.0,69.0,24.0,773.0094235294115,71.616,18345.0
2021-11,NAVE,NAVE_007,10492.220099999999,287.0,20.0,16.0,10.0,524.611005,166.9,2660.0
2021-12,NAVE,NAVE_007,21321.44,259.0,22.0,18.0,11.0,969.1563636363636,476.1,6037.84
2022-01,NAVE,NAVE_007,11522.715,154.0,25.0,15.0,12.0,460.9086,90.0,6102.5
2022-02,NAVE,NAVE_007,22924.96,696.0,61.0,54.0,19.0,375.8190163934426,32.3,5138.6
2022-03,NAVE,NAVE_007,35815.16419499999,596.0,77.0,55.0,19.0,465.1320025324674,77.28,7200.0
2022-04,NAVE,NAVE_007,57351.49314,732.0,57.0,44.0,19.0,1006.1665463157894,85.5,28664.0
2022-05,NAVE,NAVE_007,15846.77,323.0,22.0,18.0,13.0,720.3077272727273,253.5,6800.0
2022-06,NAVE,NAVE_007,15481.730001000002,357.0,22.0,18.0,16.0,703.7150000454546,250.27000049999998,6400.0
2022-07,NAVE,NAVE_007,34904.57,40.0,16.0,14.0,6.0,2181.535625,1385.805,11114.84
2022-08,NAVE,NAVE_007,31450.189712,1384.0,38.0,29.0,13.0,827.6365713684211,160.365,6460.0
2022-09,NAVE,NAVE_007,80970.270586,150.0,52.0,45.0,13.0,1557.1205881923077,599.8275,11006.735
2022-10,NAVE,NAVE_007,131021.88218700001,1348.0,122.0,104.0,19.0,1073.9498539918034,137.68,13200.0
2022-11,NAVE,NAVE_007,158361.84091199999,2249.0,148.0,111.0,33.0,1070.0124385945944,243.57999999999998,8881.25
2022-12,NAVE,NAVE_007,32182.56,52.0,38.0,16.0,10.0,846.9094736842105,180.0,9545.0
2023-01,NAVE,NAVE_007,44809.25,77.0,19.0,11.0,7.0,2358.3815789473683,1430.56,14926.5
2023-02,NAVE,NAVE_007,183158.83,389.0,72.0,52.0,8.0,2543.8726388888886,108.68,110827.0
2023-03,NAVE,NAVE_007,5580.420000000001,289.0,28.0,17.0,5.0,199.30071428571432,83.12,1735.0
2023-04,NAVE,NAVE_007,19276.5,9.0,9.0,4.0,5.0,2141.8333333333335,510.24,11400.0
2023-05,NAVE,NAVE_007,111614.06151,5599.0,186.0,173.0,12.0,600.075599516129,116.776804,19460.82
2023-06,NAVE,NAVE_007,43843.041000000005,1019.0,54.0,44.0,17.0,811.9081666666667,157.0,11091.26
2023-07,NAVE,NAVE_007,54209.32207,695.0,69.0,49.0,20.0,785.6423488405798,260.0,7830.0
2023-08,NAVE,NAVE_007,208105.794558,6970.0,272.0,197.0,51.0,765.0948329338235,104.63,25833.2
2023-09,NAVE,NAVE_007,146793.29998399998,759.0,92.0,40.0,31.0,1595.5793476521737,446.375,30052.87
2023-10,NAVE,NAVE_007,105772.280025,1080.0,105.0,58.0,18.0,1007.3550478571428,134.0,24000.0
2023-11,NAVE,NAVE_007,59508.42751200001,392.0,47.0,28.0,20.0,1266.1367555744682,411.190005,17000.0
2023-12,NAVE,NAVE_007,37649.80998799999,155.0,36.0,27.0,13.0,1045.828055222222,578.1725,6535.0
2024-01,NAVE,NAVE_007,1780.24,4.0,4.0,1.0,3.0,445.06,475.0,750.0
2024-02,NAVE,NAVE_007,11782.76,14.0,9.0,1.0,6.0,1309.1955555555555,750.0,3700.0
2024-03,NAVE,NAVE_007,6087.09,14.0,7.0,3.0,5.0,869.5842857142858,600.0,3265.8
2024-04,NAVE,NAVE_007,4512.0,6.0,6.0,1.0,6.0,752.0,495.0,2150.0
2024-05,NAVE,NAVE_007,5312.4,5.0,5.0,1.0,5.0,1062.48,320.0,2500.0
2024-06,NAVE,NAVE_007,16610.059999999998,10.0,10.0,1.0,7.0,1661.0059999999999,1450.0,3510.25
2024-07,NAVE,NAVE_007,18410.6,14.0,14.0,1.0,9.0,1315.042857142857,1081.4,3800.0
2024-08,NAVE,NAVE_007,12452.98,8.0,8.0,2.0,7.0,1556.6225,1041.0,5600.0
2024-09,NAVE,NAVE_007,2720.0,3.0,3.0,1.0,2.0,906.6666666666666,830.0,1140.0
2024-10,NAVE,NAVE_007,52197.3,107.0,21.0,10.0,9.0,2485.5857142857144,490.0,22058.54
2024-11,NAVE,NAVE_007,20332.5,7.0,7.0,1.0,4.0,2904.6428571428573,2525.0,8500.0
2024-12,NAVE,NAVE_007,16069.06,10.0,9.0,2.0,7.0,1785.451111111111,1867.0,4035.0
2025-01,NAVE,NAVE_007,7488.61,13.0,6.0,4.0,4.0,1248.1016666666667,875.0,3050.05
2025-02,NAVE,NAVE_007,19052.920000000002,33.0,10.0,4.0,8.0,1905.2920000000001,902.175,7000.0
2025-03,NAVE,NAVE_007,16188.259999999998,65.0,20.0,17.0,5.0,809.4129999999999,305.0,3446.88
2025-04,NAVE,NAVE_007,19863.51,14.0,9.0,4.0,6.0,2207.0566666666664,1225.21,8540.15
2025-05,NAVE,NAVE_007,10271.35,22.0,7.0,3.0,5.0,1467.3357142857144,460.0,7173.24
2025-06,NAVE,NAVE_007,18077.11,11.0,9.0,3.0,7.0,2008.5677777777778,1235.46,4500.0
2025-07,NAVE,NAVE_007,15038.880000000001,9.0,7.0,4.0,4.0,2148.4114285714286,1305.55,4234.72
2025-08,NAVE,NAVE_007,41645.280000000006,157.0,58.0,35.0,6.0,718.0220689655173,278.495,3788.84
2025-09,NAVE,NAVE_007,24107.27,20.0,18.0,4.0,8.0,1339.2927777777777,1197.62,4000.0
2021-01,NAVE,NAVE_008,3707.4399920000005,115.0,14.0,11.0,7.0,264.81714228571434,182.88,774.78
2021-02,NAVE,NAVE_008,6545.267395999999,1048.0,36.0,34.0,9.0,181.81298322222221,19.4,2600.0
2021-03,NAVE,NAVE_008,11515.697993999998,484.0,54.0,51.0,11.0,213.25366655555553,37.977000000000004,2920.0
2021-04,NAVE,NAVE_008,73265.47771500002,400.0,50.0,44.0,20.0,1465.3095543000004,252.81,21861.88
2021-05,NAVE,NAVE_008,8187.171600000001,336.0,15.0,12.0,9.0,545.8114400000001,207.3257,3180.0
2021-06,NAVE,NAVE_008,6556.027593000001,83.0,27.0,26.0,7.0,242.8158367777778,31.17,3420.0
2021-07,NAVE,NAVE_008,64773.2439,708.0,43.0,32.0,13.0,1506.3545093023256,304.5,13500.0
2021-08,NAVE,NAVE_008,8579.728994,959.0,83.0,76.0,13.0,103.37022884337348,69.6,1789.2
2021-09,NAVE,NAVE_008,64304.039969,3433.5,74.0,69.0,19.0,868.9735130945945,175.68,21811.7499
2021-10,NAVE,NAVE_008,16371.094000000001,126.0,11.0,8.0,8.0,1488.2812727272728,202.5,7950.0
2021-11,NAVE,NAVE_008,138415.644515,2380.0,117.0,60.0,36.0,1183.0396967094016,473.0,15900.0
2021-12,NAVE,NAVE_008,39995.058708,97.0,36.0,12.0,19.0,1110.973853,475.0,12316.5
2022-01,NAVE,NAVE_008,26849.432736000002,131.0,48.0,29.0,13.0,559.363182,180.0,3800.0
2022-02,NAVE,NAVE_008,10076.644999999999,253.0,26.0,24.0,10.0,387.56326923076915,119.8045,2652.15
2022-03,NAVE,NAVE_008,2150.6599999999994,235.0,15.0,12.0,6.0,143.3773333333333,91.0,680.0
2022-04,NAVE,NAVE_008,25648.791395,423.0,42.0,40.0,8.0,610.6855094047619,43.07,15746.4
2022-05,NAVE,NAVE_008,6805.2072,62.0,14.0,10.0,7.0,486.08622857142853,154.60559999999998,2770.0
2022-06,NAVE,NAVE_008,4391.45,165.0,10.0,8.0,7.0,439.145,250.32,1600.0
2022-07,NAVE,NAVE_008,10394.439,184.0,30.0,20.0,9.0,346.48130000000003,159.58249999999998,3316.95
2022-08,NAVE,NAVE_008,3250.0,8.0,8.0,1.0,6.0,406.25,370.0,800.0
2022-09,NAVE,NAVE_008,54314.450841,390.0,52.0,52.0,8.0,1044.5086700192307,302.24,16982.94
2022-10,NAVE,NAVE_008,3279.35,63.0,9.0,3.0,3.0,364.3722222222222,350.0,800.0
2022-11,NAVE,NAVE_008,13260.435003,366.0,51.0,41.0,10.0,260.00852947058826,24.05,3300.0
2022-12,NAVE,NAVE_008,2282.0,7.0,7.0,3.0,3.0,326.0,260.0,605.0
2023-01,NAVE,NAVE_008,20300.77,786.0,29.0,24.0,11.0,700.0265517241379,200.0,3430.0
2023-02,NAVE,NAVE_008,12359.296000000002,316.0,41.0,40.0,7.0,301.44624390243905,22.0,4240.0
2023-03,NAVE,NAVE_008,15112.765000000001,226.0,25.0,21.0,7.0,604.5106000000001,43.505,4272.8
2023-04,NAVE,NAVE_008,69801.39325899999,2955.0,128.0,102.0,22.0,545.3233848359374,114.90999,5100.0
2023-05,NAVE,NAVE_008,160070.388495,2220.0,135.0,106.0,32.0,1185.7065814444443,144.0,18550.0
2023-06,NAVE,NAVE_008,97740.26551,6129.0,150.0,124.0,42.0,651.6017700666666,117.45000049999999,12150.0
2023-07,NAVE,NAVE_008,58830.111999999994,472.0,57.0,36.0,25.0,1032.1072280701753,232.309,16640.0
2023-08,NAVE,NAVE_008,33155.606378,1478.0,92.0,85.0,21.0,360.38702584782607,60.4,6610.0
2023-09,NAVE,NAVE_008,57402.904592,920.0,113.0,96.0,23.0,507.9903061238938,102.0,6969.846
2023-10,NAVE,NAVE_008,33370.971056,607.4,65.0,57.0,20.0,513.3995547076923,60.0,7980.0
2023-11,NAVE,NAVE_008,42478.79,245.0,30.0,13.0,14.0,1415.9596666666666,419.63,10567.5
2023-12,NAVE,NAVE_008,3294.6201000000005,428.0,11.0,10.0,5.0,299.5109181818182,42.0,2000.0
2024-01,NAVE,NAVE_008,2374.0,16.0,5.0,1.0,4.0,474.8,541.26,920.0
2024-02,NAVE,NAVE_008,5508.0,2.0,2.0,1.0,2.0,2754.0,2754.0,4308.0
2024-03,NAVE,NAVE_008,5054.02,37.0,6.0,4.0,4.0,842.3366666666667,575.0,2222.44
2024-04,NAVE,NAVE_008,10499.0,7.0,7.0,1.0,6.0,1499.857142857143,1614.0,3010.0
2024-05,NAVE,NAVE_008,193090.96000000002,329.0,54.0,44.0,6.0,3575.758518518519,351.64,106292.58
2024-06,NAVE,NAVE_008,30672.34,19.0,19.0,1.0,11.0,1614.3336842105264,560.0,6000.0
2024-07,NAVE,NAVE_008,8499.13,15.0,15.0,1.0,13.0,566.6086666666666,328.61,1760.85
2024-08,NAVE,NAVE_008,20850.25,16.0,16.0,1.0,9.0,1303.140625,568.65,4061.25
2024-09,NAVE,NAVE_008,51416.4,28.0,15.0,10.0,10.0,3427.76,580.0,28000.0
2024-10,NAVE,NAVE_008,28008.57,53.0,13.0,4.0,9.0,2154.5053846153846,1200.0,8469.78
2024-11,NAVE,NAVE_008,16066.04,11.0,10.0,2.0,9.0,1606.604,825.0,7500.0
2024-12,NAVE,NAVE_008,6414.540000000001,7.0,5.0,3.0,3.0,1282.9080000000001,1196.27,2989.27
2025-01,NAVE,NAVE_008,24716.59,18.0,10.0,7.0,3.0,2471.659,782.595,17988.48
2025-02,NAVE,NAVE_008,50384.95999999999,220.0,48.0,14.0,11.0,1049.6866666666665,284.85,9410.0
2025-03,NAVE,NAVE_008,11080.149999999998,70.0,14.0,10.0,6.0,791.4392857142856,303.645,3745.0
2025-04,NAVE,NAVE_008,16053.5,73.0,22.0,18.0,5.0,729.7045454545455,370.5,5411.2
2025-05,NAVE,NAVE_008,18879.690000000002,11.0,11.0,4.0,6.0,1716.3354545454547,1028.0,4680.0
2025-06,NAVE,NAVE_008,13242.929999999998,15.0,10.0,5.0,5.0,1324.293,634.4549999999999,5355.0
2025-07,NAVE,NAVE_008,163832.9,2280.0,151.0,79.0,32.0,1084.9860927152317,146.54,28908.0
2025-08,NAVE,NAVE_008,84087.61,73.0,55.0,10.0,14.0,1528.8656363636364,483.6,12991.84
2025-09,NAVE,NAVE_008,18943.789999999997,381.0,27.0,17.0,8.0,701.6218518518517,292.32,3800.0
2021-01,NAVE,NAVE_009,41455.770000000004,303.0,40.0,36.0,9.0,1036.39425,42.5,13800.0
2021-02,NAVE,NAVE_009,2613.8300000000004,584.0,23.0,22.0,6.0,113.64478260869566,73.5,262.4
2021-03,NAVE,NAVE_009,64303.70000000001,348.0,77.0,50.0,29.0,835.1129870129872,285.48,6500.0
2021-04,NAVE,NAVE_009,59799.69000000001,634.2,71.0,48.0,23.0,842.2491549295776,206.0,9222.5
2021-05,NAVE,NAVE_009,3350.82,51.0,20.0,19.0,8.0,167.541,29.5,1750.0
2021-06,NAVE,NAVE_009,10504.189999999999,72.0,18.0,16.0,5.0,583.566111111111,253.31,2587.52
2021-07,NAVE,NAVE_009,2976.1600000000003,41.0,9.0,7.0,7.0,330.68444444444447,245.0,1013.32
2021-08,NAVE,NAVE_009,33326.68,21.0,18.0,6.0,8.0,1851.4822222222222,967.5,8320.0
2021-09,NAVE,NAVE_009,3357.49,253.0,17.0,16.0,5.0,197.49941176470588,15.32,1232.88
2021-10,NAVE,NAVE_009,5962.030000000001,42.0,9.0,9.0,5.0,662.4477777777779,426.88,3179.55
2021-11,NAVE,NAVE_009,1104.9599999999998,36.0,11.0,10.0,6.0,100.45090909090908,70.4,480.0
2021-12,NAVE,NAVE_009,1981.0,7.0,3.0,3.0,3.0,660.3333333333334,560.0,1111.0
2022-01,NAVE,NAVE_009,300.0,1.0,1.0,1.0,1.0,300.0,300.0,300.0
2022-02,NAVE,NAVE_009,13404.619999999999,210.0,22.0,21.0,9.0,609.300909090909,195.55,3377.82
2022-03,NAVE,NAVE_009,4314.060000000001,289.0,37.0,35.0,4.0,116.59621621621625,10.4,1156.97
2022-04,NAVE,NAVE_009,2981.25,10.0,5.0,5.0,5.0,596.25,265.0,1436.25
2022-05,NAVE,NAVE_009,2581.3399999999997,525.0,15.0,11.0,5.0,172.08933333333331,120.0,400.0
2022-06,NAVE,NAVE_009,82413.96999999997,140.0,43.0,38.0,7.0,1916.6039534883714,204.15,39105.0
2022-07,NAVE,NAVE_009,318624.1,823.0,65.0,45.0,19.0,4901.909230769231,190.4,57320.64
2022-08,NAVE,NAVE_009,21118.72,74.0,18.0,13.0,8.0,1173.2622222222224,930.8,3622.45
2022-09,NAVE,NAVE_009,3950.3400000000006,45.0,11.0,9.0,6.0,359.12181818181824,77.44,1200.0
2022-10,NAVE,NAVE_009,2093.84,15.0,6.0,4.0,5.0,348.97333333333336,292.0,680.0
2022-11,NAVE,NAVE_009,1466.57,25.0,2.0,2.0,2.0,733.285,733.285,1363.08
2022-12,NAVE,NAVE_009,4037.0,5.0,5.0,2.0,4.0,807.4,875.0,1800.0
2023-01,NAVE,NAVE_009,1432.21,4.0,3.0,3.0,3.0,477.40333333333336,640.0,670.96
2023-02,NAVE,NAVE_009,2414.7999999999997,149.0,34.0,34.0,9.0,71.0235294117647,14.25,900.0
2023-03,NAVE,NAVE_009,7880.1900000000005,32.0,13.0,11.0,7.0,606.1684615384615,476.1,2242.14
2023-04,NAVE,NAVE_009,11312.31,67.0,23.0,21.0,8.0,491.8395652173913,75.0,3300.0
2023-05,NAVE,NAVE_009,1306.0,2.0,2.0,1.0,2.0,653.0,653.0,750.0
2023-06,NAVE,NAVE_009,6146.35,48.0,13.0,11.0,8.0,472.79615384615386,140.8,1513.65
2023-07,NAVE,NAVE_009,3561.09,205.0,14.0,13.0,9.0,254.36357142857145,89.69,1167.5
2023-08,NAVE,NAVE_009,11898.269999999999,46.0,15.0,11.0,9.0,793.218,85.05,5207.48
2023-09,NAVE,NAVE_009,37423.14,2203.0,25.0,23.0,8.0,1496.9256,493.31,15004.0
2023-10,NAVE,NAVE_009,10331.61,185.0,12.0,10.0,6.0,860.9675000000001,85.875,2970.0
2023-11,NAVE,NAVE_009,6316.6,131.0,4.0,2.0,4.0,1579.15,1647.5,2000.0
2023-12,NAVE,NAVE_009,2535.0,4.0,4.0,1.0,2.0,633.75,110.0,2275.0
2024-02,NAVE,NAVE_009,1730.0,3.0,3.0,1.0,3.0,576.6666666666666,680.0,900.0
2024-03,NAVE,NAVE_009,9991.880000000001,5.0,5.0,1.0,4.0,1998.3760000000002,1500.0,3506.44
2024-04,NAVE,NAVE_009,8104.04,1856.0,15.0,9.0,8.0,540.2693333333333,376.0,1705.07
2024-05,NAVE,NAVE_009,2907.45,3.0,3.0,1.0,3.0,969.15,1157.45,1600.0
2024-06,NAVE,NAVE_009,1790.0,2.0,2.0,1.0,2.0,895.0,895.0,950.0
2024-07,NAVE,NAVE_009,6556.4,3.0,3.0,1.0,2.0,2185.4666666666667,2150.0,4340.4
2024-08,NAVE,NAVE_009,220.0,1.0,1.0,1.0,1.0,220.0,220.0,220.0
2024-10,NAVE,NAVE_009,1779.0,2.0,2.0,1.0,2.0,889.5,889.5,1210.0
2024-11,NAVE,NAVE_009,4642.5,6.0,6.0,1.0,5.0,773.75,810.0,1350.0
2024-12,NAVE,NAVE_009,1086.25,2.0,2.0,1.0,2.0,543.125,543.125,950.0
2025-01,NAVE,NAVE_009,300.0,1.0,1.0,1.0,1.0,300.0,300.0,300.0
2025-02,NAVE,NAVE_009,7390.0,7.0,7.0,1.0,6.0,1055.7142857142858,650.0,3900.0
2025-03,NAVE,NAVE_009,842.0,2.0,2.0,1.0,2.0,421.0,421.0,550.0
2025-04,NAVE,NAVE_009,2472.21,17.0,4.0,4.0,1.0,618.0525,610.435,1125.45
2025-05,NAVE,NAVE_009,45237.2,633.0,23.0,19.0,6.0,1966.8347826086956,486.0,15180.0
2025-06,NAVE,NAVE_009,221869.6,1712.0,176.0,97.0,47.0,1260.6227272727274,195.18,81863.95
2025-07,NAVE,NAVE_009,31424.46,78.0,21.0,10.0,12.0,1496.402857142857,268.0,13250.0
2025-08,NAVE,NAVE_009,15591.550000000003,17.0,12.0,8.0,3.0,1299.2958333333336,349.1,6750.0
2025-09,NAVE,NAVE_009,2394.55,324.0,11.0,7.0,4.0,217.68636363636367,19.05,1053.0
2025-10,NAVE,NAVE_009,3135.2999999999997,60.0,19.0,18.0,2.0,165.0157894736842,14.24,2741.28
2025-11,NAVE,NAVE_009,505.0,52.0,8.0,8.0,1.0,63.125,35.92,229.88
2025-12,NAVE,NAVE_009,11576.390000000001,50.0,12.0,8.0,4.0,964.6991666666668,615.0,4161.15
2021-01,NAVE,NAVE_010,3974.65,78.0,16.0,16.0,5.0,248.415625,20.5,3058.54
2021-02,NAVE,NAVE_010,15525.949999999999,47.0,19.0,11.0,12.0,817.1552631578946,258.24,3269.0
2021-03,NAVE,NAVE_010,1165.0,3.0,2.0,2.0,2.0,582.5,582.5,925.0
2021-04,NAVE,NAVE_010,2728.84,8.0,8.0,5.0,4.0,341.105,364.03499999999997,610.1
2021-05,NAVE,NAVE_010,498.0,5.0,5.0,4.0,2.0,99.6,99.5,100.0
2021-06,NAVE,NAVE_010,17218.399999999998,140.0,46.0,46.0,6.0,374.3130434782608,28.21,4739.38
2021-07,NAVE,NAVE_010,19650.13,307.0,48.0,32.0,22.0,409.3777083333334,154.6,2251.3
2021-08,NAVE,NAVE_010,5277.919999999999,33.0,12.0,6.0,4.0,439.8266666666666,265.0,1401.6
2021-09,NAVE,NAVE_010,9476.669999999998,17.0,13.0,4.0,8.0,728.9746153846153,172.0,5800.0
2021-10,NAVE,NAVE_010,638.420004,33.0,4.0,4.0,3.0,159.605001,161.2,280.0
2021-11,NAVE,NAVE_010,8844.98,89.0,24.0,23.0,4.0,368.5408333333333,41.504999999999995,2513.12
2021-12,NAVE,NAVE_010,9695.061,52.0,10.0,8.0,5.0,969.5061,163.2,6300.0
2022-01,NAVE,NAVE_010,1391.2,20.0,8.0,6.0,4.0,173.9,56.0,512.0
2022-02,NAVE,NAVE_010,1935.8000000000002,71.0,9.0,9.0,5.0,215.0888888888889,176.0,576.68
2022-03,NAVE,NAVE_010,12375.95,197.0,42.0,34.0,8.0,294.6654761904762,15.25,5484.0
2022-04,NAVE,NAVE_010,1132.56,3.0,2.0,2.0,2.0,566.28,566.28,1031.0
2022-05,NAVE,NAVE_010,5924.0,65.0,10.0,10.0,4.0,592.4,396.43,1642.02
2022-06,NAVE,NAVE_010,12894.259999999998,94.0,23.0,15.0,13.0,560.6199999999999,178.94,3960.0
2022-07,NAVE,NAVE_010,3653.75,199.0,11.0,11.0,5.0,332.15909090909093,36.8,1850.0
2022-08,NAVE,NAVE_010,1534.26,123.0,5.0,5.0,4.0,306.852,196.0,858.26
2022-09,NAVE,NAVE_010,7691.16,64.0,8.0,8.0,4.0,961.395,140.16,5371.33
2022-10,NAVE,NAVE_010,3080.5,11.0,8.0,3.0,7.0,385.0625,263.0,1009.0
2022-11,NAVE,NAVE_010,10616.09,45.0,7.0,7.0,3.0,1516.5842857142857,131.82,6600.0
2022-12,NAVE,NAVE_010,2747.8599999999997,25.0,6.0,5.0,4.0,457.97666666666663,187.465,1820.0
2023-01,NAVE,NAVE_010,4471.389999999999,6.0,6.0,2.0,5.0,745.2316666666666,671.1949999999999,1350.0
2023-02,NAVE,NAVE_010,7075.47,56.0,10.0,6.0,7.0,707.547,408.58500000000004,3800.0
2023-03,NAVE,NAVE_010,71685.74,818.0,91.0,91.0,6.0,787.7553846153846,85.47,24502.92
2023-04,NAVE,NAVE_010,1808.08,2.0,2.0,2.0,2.0,904.04,904.04,1640.08
2023-05,NAVE,NAVE_010,70946.98000000001,789.0,79.0,77.0,4.0,898.0630379746837,113.0,24502.92
2023-06,NAVE,NAVE_010,5952.150000000001,9.0,6.0,4.0,4.0,992.0250000000001,602.845,3371.88
2023-07,NAVE,NAVE_010,86040.64,54.0,19.0,11.0,6.0,4528.454736842105,500.0,42993.3
2023-08,NAVE,NAVE_010,8923.32,14.0,12.0,5.0,7.0,743.61,795.0,1972.0
2023-10,NAVE,NAVE_010,3905.27,130.0,18.0,17.0,5.0,216.95944444444444,51.2,1140.36
2023-11,NAVE,NAVE_010,23606.01,118.0,22.0,19.0,8.0,1073.0004545454544,122.03,11389.23
2023-12,NAVE,NAVE_010,3073.7400000000002,17.0,15.0,4.0,6.0,204.91600000000003,120.0,850.0
2024-01,NAVE,NAVE_010,420.0,1.0,1.0,1.0,1.0,420.0,420.0,420.0
2024-02,NAVE,NAVE_010,1000.0,2.0,2.0,1.0,2.0,500.0,500.0,500.0
2024-03,NAVE,NAVE_010,18134.569999999996,13108.0,69.0,59.0,19.0,262.8198550724637,57.0,3006.0
2024-04,NAVE,NAVE_010,56755.12,15220.0,89.0,69.0,22.0,637.69797752809,129.45,8721.78
2024-05,NAVE,NAVE_010,93410.55,67.0,11.0,4.0,7.0,8491.868181818181,513.04,68693.88
2024-06,NAVE,NAVE_010,27811.550000000003,34.0,7.0,4.0,4.0,3973.0785714285716,4285.18,11211.74
2024-07,NAVE,NAVE_010,32922.130000000005,341.0,26.0,16.0,9.0,1266.2357692307694,222.93,11589.0
2024-08,NAVE,NAVE_010,2760.0,3.0,3.0,1.0,2.0,920.0,1030.0,1250.0
2024-09,NAVE,NAVE_010,1250.0,1.0,1.0,1.0,1.0,1250.0,1250.0,1250.0
2024-11,NAVE,NAVE_010,2834.5,4.0,4.0,1.0,3.0,708.625,431.25,1822.0
2024-12,NAVE,NAVE_010,392.4,1.0,1.0,1.0,1.0,392.4,392.4,392.4
2025-01,NAVE,NAVE_010,585.0,1.0,1.0,1.0,1.0,585.0,585.0,585.0
2025-02,NAVE,NAVE_010,630.4,2.0,2.0,1.0,2.0,315.2,315.2,450.0
2025-03,NAVE,NAVE_010,434.78,1.0,1.0,1.0,1.0,434.78,434.78,434.78
2025-04,NAVE,NAVE_010,9661.23,12.0,8.0,4.0,4.0,1207.65375,764.25,4800.0
2025-05,NAVE,NAVE_010,2644.73,5.0,5.0,2.0,4.0,528.946,270.0,1576.0
2025-06,NAVE,NAVE_010,1553.88,43.0,14.0,13.0,3.0,110.99142857142859,20.34,950.0
2025-07,NAVE,NAVE_010,2433.36,41.0,10.0,10.0,3.0,243.336,138.965,750.0
2025-08,NAVE,NAVE_010,7001.050000000001,90.0,19.0,19.0,3.0,368.47631578947374,92.49,1881.47
2025-09,NAVE,NAVE_010,13222.0,223.0,8.0,8.0,2.0,1652.75,15.935,7147.57
2025-10,NAVE,NAVE_010,3857.21,65.0,22.0,17.0,5.0,175.3277272727273,40.165,600.0
2025-11,NAVE,NAVE_010,4269.0,107.0,16.0,8.0,5.0,266.8125,140.365,1250.0
2025-12,NAVE,NAVE_010,2984.34,66.0,10.0,9.0,1.0,298.434,130.39,1476.65
2021-01,NAVE,NAVE_011,9734.550000000001,689.0,50.0,50.0,4.0,194.69100000000003,71.0,1614.0
2021-02,NAVE,NAVE_011,21758.700000000004,1648.0,126.0,107.0,24.0,172.6880952380953,60.0,3322.3
2021-03,NAVE,NAVE_011,53887.88,1792.0,191.0,175.0,16.0,282.13549738219893,36.19,10635.0
2021-04,NAVE,NAVE_011,132511.82,6268.0,256.0,186.0,43.0,517.624296875,94.95,10201.5
2021-05,NAVE,NAVE_011,21803.1,77.0,23.0,11.0,10.0,947.9608695652173,360.0,7191.64
2021-06,NAVE,NAVE_011,18767.78,794.0,64.0,47.0,19.0,293.2465625,72.97999999999999,3330.0
2021-07,NAVE,NAVE_011,32506.31,575.0,19.0,10.0,12.0,1710.8584210526317,494.87,18722.0
2021-08,NAVE,NAVE_011,21228.51,722.0,90.0,77.0,16.0,235.8723333333333,34.035,5600.0
2021-09,NAVE,NAVE_011,23273.399999999998,286.0,37.0,35.0,10.0,629.0108108108108,20.1,14370.0
2021-10,NAVE,NAVE_011,6732.92,134.0,24.0,19.0,8.0,280.53833333333336,112.0,1278.24
2021-11,NAVE,NAVE_011,4520.55,65.0,5.0,5.0,4.0,904.11,240.0,3518.05
2021-12,NAVE,NAVE_011,4083.5,603.0,15.0,15.0,7.0,272.23333333333335,29.84,2547.91
2022-01,NAVE,NAVE_011,3983.25,63.0,18.0,15.0,6.0,221.29166666666666,45.09,1398.77
2022-02,NAVE,NAVE_011,8366.529999999999,36.0,16.0,16.0,6.0,522.9081249999999,173.155,1591.29
2022-03,NAVE,NAVE_011,7294.34,462.0,39.0,38.0,7.0,187.03435897435898,42.52,3954.6
2022-04,NAVE,NAVE_011,9576.38,204.0,25.0,22.0,9.0,383.05519999999996,46.8,3250.0
2022-05,NAVE,NAVE_011,29890.739999999998,1068.0,83.0,67.0,17.0,360.1293975903614,45.9,9523.8
2022-06,NAVE,NAVE_011,31708.37,847.0,64.0,48.0,20.0,495.44328125,142.325,3610.0
2022-07,NAVE,NAVE_011,7112.720000000001,341.0,50.0,43.0,9.0,142.25440000000003,28.759999999999998,2132.0
2022-08,NAVE,NAVE_011,8950.0,4.0,4.0,2.0,3.0,2237.5,2000.0,4630.0
2022-09,NAVE,NAVE_011,12340.34,68.0,9.0,6.0,7.0,1371.148888888889,429.86,8065.5
2022-10,NAVE,NAVE_011,9271.980000000001,376.0,31.0,24.0,7.0,299.0961290322581,36.96,2441.6
2022-11,NAVE,NAVE_011,153111.48,868.0,119.0,106.0,13.0,1286.651092436975,204.6,17047.03
2022-12,NAVE,NAVE_011,3927.2,16.0,8.0,6.0,8.0,490.9,469.0,1350.0
2023-01,NAVE,NAVE_011,19859.46,985.0,30.0,22.0,11.0,661.982,134.60000000000002,3500.0
2023-02,NAVE,NAVE_011,17233.77,975.0,69.0,68.0,12.0,249.76478260869567,47.28,3562.18
2023-03,NAVE,NAVE_011,26117.829999999998,457.0,45.0,41.0,15.0,580.3962222222221,37.65,16700.0
2023-04,NAVE,NAVE_011,95227.92,411.0,48.0,40.0,11.0,1983.915,368.52,17370.41
2023-05,NAVE,NAVE_011,14813.840000000002,255.0,34.0,27.0,12.0,435.7011764705883,74.535,6090.0
2023-06,NAVE,NAVE_011,21412.039999999997,587.0,46.0,42.0,18.0,465.4791304347826,104.55,8419.8
2023-07,NAVE,NAVE_011,17211.5,1104.0,88.0,72.0,19.0,195.58522727272728,24.02,2740.0
2023-08,NAVE,NAVE_011,5239.92,26.0,11.0,9.0,7.0,476.35636363636365,404.0,1216.4
2023-09,NAVE,NAVE_011,13218.129984,281.0,32.0,23.0,15.0,413.066562,140.21,2200.0
2023-10,NAVE,NAVE_011,25372.219998999997,765.0,79.0,73.0,11.0,321.16734175949364,101.18,4329.42
2023-11,NAVE,NAVE_011,25098.480001000004,990.0,48.0,42.0,13.0,522.8850000208334,36.3,5680.0
2023-12,NAVE,NAVE_011,4388.25,20.0,7.0,4.0,5.0,626.8928571428571,300.0,1876.25
2024-01,NAVE,NAVE_011,12622.48,10.0,3.0,3.0,2.0,4207.493333333333,358.42,12165.06
2024-02,NAVE,NAVE_011,26186.12,127.0,25.0,20.0,7.0,1047.4448,325.45,7000.0
2024-03,NAVE,NAVE_011,37967.200000000004,36.0,25.0,6.0,12.0,1518.688,892.72,5600.0
2024-04,NAVE,NAVE_011,62113.25,822.0,35.0,13.0,14.0,1774.6642857142858,1065.0,7400.0
2024-05,NAVE,NAVE_011,47018.520000000004,12.0,12.0,1.0,10.0,3918.2100000000005,2433.85,20672.0
2024-06,NAVE,NAVE_011,56107.689999999995,15.0,15.0,2.0,6.0,3740.5126666666665,1880.0,19500.0
2024-07,NAVE,NAVE_011,16840.0,4.0,4.0,1.0,4.0,4210.0,2820.0,9800.0
2024-08,NAVE,NAVE_011,120.0,1.0,1.0,1.0,1.0,120.0,120.0,120.0
2024-09,NAVE,NAVE_011,6541.25,22.0,8.0,6.0,5.0,817.65625,234.08499999999998,4075.0
2024-10,NAVE,NAVE_011,11069.71,33.0,12.0,7.0,5.0,922.4758333333333,328.465,5947.36
2024-11,NAVE,NAVE_011,10368.69,6.0,6.0,1.0,5.0,1728.115,1695.0,3048.67
2024-12,NAVE,NAVE_011,8233.19,4.0,4.0,1.0,4.0,2058.2975,1941.98,4000.0
2025-01,NAVE,NAVE_011,11487.2,16.0,11.0,5.0,8.0,1044.290909090909,750.0,3546.35
2025-02,NAVE,NAVE_011,8194.78,19.0,14.0,4.0,6.0,585.3414285714287,377.25,2010.0
2025-03,NAVE,NAVE_011,4265.64,29.0,12.0,9.0,4.0,355.47,233.66500000000002,1066.21
2025-04,NAVE,NAVE_011,7007.0,5.0,5.0,1.0,5.0,1401.4,847.0,4440.0
2025-05,NAVE,NAVE_011,15717.6,29.0,9.0,6.0,4.0,1746.4,823.0,8407.5
2025-06,NAVE,NAVE_011,2513.68,12.0,4.0,3.0,3.0,628.42,373.5,1725.0
2025-07,NAVE,NAVE_011,4485.15,149.0,17.0,10.0,6.0,263.83235294117645,71.98,1110.0
2025-08,NAVE,NAVE_011,10501.729999999998,32.0,11.0,7.0,4.0,954.7027272727271,652.78,2380.0
2025-09,NAVE,NAVE_011,19409.11,12.0,11.0,2.0,9.0,1764.4645454545455,632.54,7000.0
2025-03,NAVE,NAVE_012,13570.27,3.0,2.0,2.0,2.0,6785.135,6785.135,13320.27
2025-04,NAVE,NAVE_012,67894.44,90.0,32.0,8.0,13.0,2121.70125,1155.5,10500.0
2025-05,NAVE,NAVE_012,50732.49,58.0,22.0,5.0,15.0,2306.0222727272726,1351.085,12660.0
2025-06,NAVE,NAVE_012,18305.84,16.0,16.0,1.0,10.0,1144.115,504.0,3301.0
2025-07,NAVE,NAVE_012,48024.840000000004,245.0,26.0,17.0,8.0,1847.1092307692309,764.52,11903.62
2025-08,NAVE,NAVE_012,176379.77000000002,4165.0,191.0,92.0,33.0,923.4542931937174,178.8,18287.5
2025-09,NAVE,NAVE_012,17301.65,823.0,60.0,33.0,17.0,288.36083333333335,141.61,1800.0
2021-01,NAVE,NAVE_013,261.5,14.0,3.0,3.0,2.0,87.16666666666667,76.0,172.9
2021-02,NAVE,NAVE_013,4301.480000000001,138.0,19.0,18.0,6.0,226.3936842105264,108.0,947.04
2021-03,NAVE,NAVE_013,2800.49,27.0,6.0,6.0,6.0,466.7483333333333,379.35,925.0
2021-04,NAVE,NAVE_013,675.39,143.0,11.0,9.0,3.0,61.39909090909091,39.52,173.36
2021-05,NAVE,NAVE_013,2855.96,50.0,23.0,23.0,7.0,124.17217391304348,17.5,1600.0
2021-06,NAVE,NAVE_013,83.0,20.0,5.0,5.0,1.0,16.6,11.6,36.32
2021-07,NAVE,NAVE_013,3738.55,5.0,5.0,4.0,5.0,747.71,250.0,2000.0
2021-08,NAVE,NAVE_013,2264.6000000000004,2.0,2.0,1.0,1.0,1132.3000000000002,1132.3000000000002,1888.13
2021-09,NAVE,NAVE_013,314.01000000000005,15.0,5.0,5.0,2.0,62.80200000000001,8.43,285.0
2021-10,NAVE,NAVE_013,3881.5,88.0,12.0,12.0,5.0,323.4583333333333,100.95,1348.92
2021-11,NAVE,NAVE_013,5267.1,14.0,8.0,8.0,3.0,658.3875,585.095,1513.07
2021-12,NAVE,NAVE_013,1595.58,3.0,2.0,2.0,2.0,797.79,797.79,1111.0
2022-01,NAVE,NAVE_013,1550.0,3.0,3.0,3.0,2.0,516.6666666666666,491.07,758.93
2022-02,NAVE,NAVE_013,11822.75,273.0,72.0,68.0,4.0,164.20486111111111,44.12,1409.64
2022-03,NAVE,NAVE_013,16134.740000000002,195.0,35.0,34.0,6.0,460.99257142857147,10.4,11770.37
2022-04,NAVE,NAVE_013,2336.78,8.0,8.0,7.0,3.0,292.0975,140.04,1000.0
2022-05,NAVE,NAVE_013,11.2,40.0,1.0,1.0,1.0,11.2,11.2,11.2
2022-06,NAVE,NAVE_013,1667.7,107.0,8.0,8.0,6.0,208.4625,144.465,890.0
2022-07,NAVE,NAVE_013,776.7400000000001,30.0,12.0,12.0,4.0,64.72833333333334,10.254999999999999,360.69
2022-08,NAVE,NAVE_013,419.79,5.0,2.0,2.0,2.0,209.895,209.895,360.69
2022-09,NAVE,NAVE_013,2057.04,34.0,10.0,9.0,5.0,205.704,99.03999999999999,600.0
2022-10,NAVE,NAVE_013,1028.26,23.0,6.0,6.0,2.0,171.37666666666667,163.735,361.5
2022-11,NAVE,NAVE_013,996.7399999999999,27.0,4.0,3.0,3.0,249.18499999999997,151.655,650.0
2022-12,NAVE,NAVE_013,1317.0,4.0,4.0,2.0,3.0,329.25,310.0,460.0
2023-01,NAVE,NAVE_013,1535.4299999999998,4.0,4.0,3.0,4.0,383.85749999999996,345.0,728.83
2023-02,NAVE,NAVE_013,40606.85,628.5,90.0,60.0,25.0,451.1872222222222,88.64,6568.13
2023-03,NAVE,NAVE_013,5962.38,37.0,9.0,7.0,6.0,662.4866666666667,364.0,3472.5
2023-04,NAVE,NAVE_013,6309.4,54.0,7.0,5.0,7.0,901.342857142857,575.0,2063.0
2023-05,NAVE,NAVE_013,1598.27,88.0,15.0,14.0,5.0,106.55133333333333,25.5,364.0
2023-06,NAVE,NAVE_013,2479.5099999999998,13.0,5.0,5.0,5.0,495.90199999999993,216.43,1498.35
2023-07,NAVE,NAVE_013,1724.78,32.0,3.0,2.0,2.0,574.9266666666666,800.4,800.4
2023-08,NAVE,NAVE_013,2668.62,225.0,29.0,29.0,5.0,92.02137931034483,15.48,745.42
2023-09,NAVE,NAVE_013,5227.27,75.0,16.0,11.0,6.0,326.704375,252.53,981.23
2023-10,NAVE,NAVE_013,2761.0,172.0,29.0,27.0,7.0,95.20689655172414,10.0,662.6
2023-11,NAVE,NAVE_013,1334.22,2.0,2.0,1.0,1.0,667.11,667.11,884.15
2023-12,NAVE,NAVE_013,463.0,4.0,4.0,1.0,1.0,115.75,109.0,200.0
2024-01,NAVE,NAVE_013,750.0,2.0,2.0,1.0,2.0,375.0,375.0,500.0
2024-02,NAVE,NAVE_013,2287.13,2.0,2.0,1.0,2.0,1143.565,1143.565,1637.13
2024-03,NAVE,NAVE_013,591.0,1.0,1.0,1.0,1.0,591.0,591.0,591.0
2024-04,NAVE,NAVE_013,200.0,1.0,1.0,1.0,1.0,200.0,200.0,200.0
2024-05,NAVE,NAVE_013,587.84,1.0,1.0,1.0,1.0,587.84,587.84,587.84
2024-06,NAVE,NAVE_013,13407.6,6.0,6.0,1.0,5.0,2234.6,330.0,11589.0
2024-07,NAVE,NAVE_013,1182.0,4.0,4.0,1.0,4.0,295.5,316.0,350.0
2024-08,NAVE,NAVE_013,250.0,1.0,1.0,1.0,1.0,250.0,250.0,250.0
2024-09,NAVE,NAVE_013,1650.1499999999999,4.0,4.0,1.0,3.0,412.53749999999997,206.065,1120.66
2024-10,NAVE,NAVE_013,1220.0,3.0,3.0,1.0,3.0,406.6666666666667,500.0,600.0
2024-11,NAVE,NAVE_013,1485.0,2.0,2.0,1.0,2.0,742.5,742.5,900.0
2024-12,NAVE,NAVE_013,1804.16,5.0,5.0,1.0,5.0,360.832,250.0,685.0
2025-01,NAVE,NAVE_013,108.7,1.0,1.0,1.0,1.0,108.7,108.7,108.7
2025-03,NAVE,NAVE_013,5025.0,4.0,4.0,1.0,3.0,1256.25,1175.0,2375.0
2025-04,NAVE,NAVE_013,4761.83,43.0,25.0,23.0,3.0,190.4732,17.28,1626.0
2025-05,NAVE,NAVE_013,1303.4499999999998,44.0,11.0,11.0,2.0,118.49545454545454,68.3,550.0
2025-06,NAVE,NAVE_013,978.22,37.0,5.0,5.0,2.0,195.644,200.28,306.61
2025-07,NAVE,NAVE_013,3616.2499999999995,166.0,20.0,17.0,3.0,180.81249999999997,30.0,900.0
2025-08,NAVE,NAVE_013,5389.75,524.0,10.0,10.0,3.0,538.975,169.465,2380.0
2025-09,NAVE,NAVE_013,1368.29,54.0,8.0,6.0,3.0,171.03625,141.445,504.6
2025-10,NAVE,NAVE_013,3200.0,2.0,2.0,2.0,1.0,1600.0,1600.0,1800.0
2025-11,NAVE,NAVE_013,10225.79,35.0,13.0,11.0,1.0,786.5992307692309,7.66,7963.83
2025-12,NAVE,NAVE_013,18520.069999999996,409.0,84.0,60.0,14.0,220.47702380952376,45.18,3117.42
2021-01,NAVE,NAVE_014,4624.920000000001,102.0,15.0,14.0,8.0,308.3280000000001,250.0,1037.4
2021-02,NAVE,NAVE_014,7909.69,202.0,70.0,67.0,7.0,112.99557142857142,30.785,1750.0
2021-03,NAVE,NAVE_014,5917.36,152.0,18.0,16.0,7.0,328.7422222222222,38.925,2367.6
2021-04,NAVE,NAVE_014,2524.16,8.0,8.0,6.0,4.0,315.52,57.425,1235.0
2021-05,NAVE,NAVE_014,7179.71,118.0,23.0,22.0,6.0,312.1613043478261,16.86,2747.1
2021-06,NAVE,NAVE_014,6554.679999999999,52.0,9.0,8.0,5.0,728.2977777777777,370.0,2330.8
2021-07,NAVE,NAVE_014,2499.2400000000002,6.0,6.0,4.0,6.0,416.54,185.0,1400.0
2021-08,NAVE,NAVE_014,2181.3599999999997,2.0,2.0,1.0,2.0,1090.6799999999998,1090.6799999999998,1411.36
2021-09,NAVE,NAVE_014,13732.61,90.0,35.0,25.0,9.0,392.36028571428574,75.0,2785.91
2021-10,NAVE,NAVE_014,1522.41,7.0,2.0,2.0,2.0,761.205,761.205,1520.0
2021-11,NAVE,NAVE_014,13103.319999999998,41.0,14.0,14.0,5.0,935.9514285714284,385.095,5264.67
2021-12,NAVE,NAVE_014,2949.0600000000004,37.0,6.0,4.0,4.0,491.51000000000005,361.75,1409.64
2022-01,NAVE,NAVE_014,338.7,3.0,2.0,2.0,2.0,169.35,169.35,260.0
2022-02,NAVE,NAVE_014,13876.699999999999,227.0,21.0,18.0,8.0,660.795238095238,283.8,6500.0
2022-03,NAVE,NAVE_014,7043.17,206.0,39.0,38.0,7.0,180.59410256410257,12.0,3489.5
2022-04,NAVE,NAVE_014,4380.320000000001,30.0,15.0,11.0,6.0,292.02133333333336,280.0,969.15
2022-05,NAVE,NAVE_014,2940.2899999999995,193.0,22.0,22.0,5.0,133.64954545454543,10.59,2302.14
2022-06,NAVE,NAVE_014,162.82,2.0,2.0,2.0,2.0,81.41,81.41,156.0
2022-07,NAVE,NAVE_014,71.0,38.0,4.0,4.0,1.0,17.75,17.5,30.0
2022-08,NAVE,NAVE_014,3954.349999999999,102.0,14.0,14.0,6.0,282.45357142857137,148.285,1628.04
2022-09,NAVE,NAVE_014,2933.6,656.0,13.0,10.0,2.0,225.66153846153844,29.4,922.93
2022-10,NAVE,NAVE_014,500.0,1.0,1.0,1.0,1.0,500.0,500.0,500.0
2022-11,NAVE,NAVE_014,12363.680000000002,83.5,21.0,20.0,4.0,588.7466666666668,24.83,3658.39
2022-12,NAVE,NAVE_014,2919.2,20.0,2.0,2.0,1.0,1459.6,1459.6,1820.0
2023-01,NAVE,NAVE_014,1680.0,3.0,3.0,3.0,3.0,560.0,280.0,1200.0
2023-02,NAVE,NAVE_014,2872.8900000000003,32.0,5.0,5.0,3.0,574.5780000000001,463.8,1383.9
2023-04,NAVE,NAVE_014,2515.72,30.0,5.0,5.0,3.0,503.14399999999995,500.0,1013.76
2023-05,NAVE,NAVE_014,1828.14,60.0,9.0,9.0,4.0,203.12666666666667,23.1,1383.9
2023-06,NAVE,NAVE_014,47810.869999999995,855.75,99.0,66.0,28.0,482.93808080808077,108.22,4121.75
2023-07,NAVE,NAVE_014,6424.9,16.0,5.0,2.0,5.0,1284.98,1157.5,2500.0
2023-08,NAVE,NAVE_014,3423.82,12.0,5.0,4.0,5.0,684.764,600.0,1254.4
2023-09,NAVE,NAVE_014,13163.899999999998,126.0,14.0,10.0,7.0,940.2785714285712,497.225,5794.48
2023-10,NAVE,NAVE_014,287.2699999999999,70.0,21.0,21.0,3.0,13.679523809523806,6.38,82.82
2023-11,NAVE,NAVE_014,3039.4200000000005,78.0,27.0,26.0,7.0,112.57111111111114,12.26,1664.8
2023-12,NAVE,NAVE_014,1604.0,6.0,6.0,1.0,4.0,267.3333333333333,257.0,450.0
2024-01,NAVE,NAVE_014,360.0,1.0,1.0,1.0,1.0,360.0,360.0,360.0
2024-02,NAVE,NAVE_014,750.0,1.0,1.0,1.0,1.0,750.0,750.0,750.0
2024-03,NAVE,NAVE_014,45.0,1.0,1.0,1.0,1.0,45.0,45.0,45.0
2024-04,NAVE,NAVE_014,2820.0,4.0,4.0,1.0,4.0,705.0,700.0,950.0
2024-05,NAVE,NAVE_014,207.6,21.0,2.0,2.0,2.0,103.8,103.8,150.0
2024-08,NAVE,NAVE_014,842.05,2.0,2.0,1.0,2.0,421.025,421.025,638.05
2024-10,NAVE,NAVE_014,5672.73,8.0,8.0,1.0,4.0,709.09125,800.0,1261.73
2024-11,NAVE,NAVE_014,2187.17,6.0,6.0,1.0,5.0,364.52833333333336,332.5,650.0
2024-12,NAVE,NAVE_014,462.7,2.0,2.0,1.0,2.0,231.35,231.35,430.0
2025-01,NAVE,NAVE_014,2635.0,4.0,4.0,1.0,4.0,658.75,642.5,1000.0
2025-02,NAVE,NAVE_014,1646.22,4.0,4.0,1.0,4.0,411.555,315.5,850.0
2025-03,NAVE,NAVE_014,1468.0,1.0,1.0,1.0,1.0,1468.0,1468.0,1468.0
2025-04,NAVE,NAVE_014,862.77,4.0,3.0,3.0,1.0,287.59,305.3,358.47
2025-05,NAVE,NAVE_014,2644.9399999999996,134.0,15.0,12.0,2.0,176.3293333333333,103.8,935.81
2025-06,NAVE,NAVE_014,10022.6,314.0,59.0,51.0,4.0,169.87457627118644,17.58,2850.0
2025-07,NAVE,NAVE_014,2397.7000000000003,21.0,4.0,4.0,3.0,599.4250000000001,438.025,1520.0
2025-08,NAVE,NAVE_014,937.77,2.0,2.0,2.0,2.0,468.885,468.885,750.0
2025-09,NAVE,NAVE_014,14601.72,254.0,13.0,11.0,3.0,1123.2092307692308,51.1,11589.0
2025-10,NAVE,NAVE_014,1471.0400000000002,113.0,20.0,20.0,2.0,73.552,16.765,625.9
2025-11,NAVE,NAVE_014,1800.8200000000002,34.0,6.0,4.0,3.0,300.1366666666667,236.5,723.09
2025-12,NAVE,NAVE_014,1896.6299999999999,19.0,5.0,4.0,2.0,379.32599999999996,360.0,781.19
2021-01,NAVE_CATEGORIA,NAVE_001 | ACEITE,437.01,1.0,1.0,1.0,1.0,437.01,437.01,437.01
2021-02,NAVE_CATEGORIA,NAVE_001 | ACEITE,3398.9,15.0,2.0,2.0,1.0,1699.45,1699.45,2925.0
2021-03,NAVE_CATEGORIA,NAVE_001 | ACEITE,90.0,1.0,1.0,1.0,1.0,90.0,90.0,90.0
2021-04,NAVE_CATEGORIA,NAVE_001 | ACEITE,4680.0,8.0,1.0,1.0,1.0,4680.0,4680.0,4680.0
2021-07,NAVE_CATEGORIA,NAVE_001 | ACEITE,2348.8,4.0,1.0,1.0,1.0,2348.8,2348.8,2348.8
2021-08,NAVE_CATEGORIA,NAVE_001 | ACEITE,801.71,2.0,2.0,2.0,2.0,400.855,400.855,437.01
2021-09,NAVE_CATEGORIA,NAVE_001 | ACEITE,5417.2,8.0,1.0,1.0,1.0,5417.2,5417.2,5417.2
2022-01,NAVE_CATEGORIA,NAVE_001 | ACEITE,3486.79,7.0,2.0,2.0,1.0,1743.395,1743.395,3369.45
2022-02,NAVE_CATEGORIA,NAVE_001 | ACEITE,1432.96,8.0,3.0,2.0,1.0,477.65333333333336,170.28,1177.54
2022-04,NAVE_CATEGORIA,NAVE_001 | ACEITE,2895.8199999999997,7.0,2.0,2.0,1.0,1447.9099999999999,1447.9099999999999,2832.6
2022-05,NAVE_CATEGORIA,NAVE_001 | ACEITE,3008.5,55.0,3.0,3.0,1.0,1002.8333333333334,601.7,1805.1
2022-07,NAVE_CATEGORIA,NAVE_001 | ACEITE,5894.600001999999,8.0,2.0,2.0,1.0,2947.3000009999996,2947.3000009999996,4610.410002
2022-10,NAVE_CATEGORIA,NAVE_001 | ACEITE,589.443,10.0,3.0,3.0,2.0,196.481,225.225,300.0
2022-12,NAVE_CATEGORIA,NAVE_001 | ACEITE,6267.900000000001,13.0,4.0,4.0,2.0,1566.9750000000001,771.53,4614.84
2023-02,NAVE_CATEGORIA,NAVE_001 | ACEITE,9066.979983999998,34.0,6.0,6.0,1.0,1511.1633306666663,543.3900005,6135.519985
2023-03,NAVE_CATEGORIA,NAVE_001 | ACEITE,95.0,1.0,1.0,1.0,1.0,95.0,95.0,95.0
2023-04,NAVE_CATEGORIA,NAVE_001 | ACEITE,358.98,6.0,1.0,1.0,1.0,358.98,358.98,358.98
2023-06,NAVE_CATEGORIA,NAVE_001 | ACEITE,658.13,11.0,1.0,1.0,1.0,658.13,658.13,658.13
2023-07,NAVE_CATEGORIA,NAVE_001 | ACEITE,133.51,8.0,1.0,1.0,1.0,133.51,133.51,133.51
2023-08,NAVE_CATEGORIA,NAVE_001 | ACEITE,5641.77,37.0,6.0,6.0,1.0,940.2950000000001,596.3,3076.46
2024-11,NAVE_CATEGORIA,NAVE_001 | ACEITE,650.65,1.0,1.0,1.0,1.0,650.65,650.65,650.65
2024-12,NAVE_CATEGORIA,NAVE_001 | ACEITE,1301.3,1.0,1.0,1.0,1.0,1301.3,1301.3,1301.3
2025-02,NAVE_CATEGORIA,NAVE_001 | ACEITE,576.34,1.0,1.0,1.0,1.0,576.34,576.34,576.34
2025-03,NAVE_CATEGORIA,NAVE_001 | ACEITE,1446.06,2.0,1.0,1.0,1.0,1446.06,1446.06,1446.06
2025-05,NAVE_CATEGORIA,NAVE_001 | ACEITE,8460.550000000001,71.0,6.0,6.0,1.0,1410.091666666667,1495.4050000000002,2892.13
2025-09,NAVE_CATEGORIA,NAVE_001 | ACEITE,4992.84,10.0,3.0,3.0,1.0,1664.28,1316.87,3496.55
2021-01,NAVE_CATEGORIA,NAVE_001 | FERRETERIA,1275.895002,150.0,27.0,25.0,6.0,47.255370444444445,18.3,294.056004
2021-02,NAVE_CATEGORIA,NAVE_001 | FERRETERIA,5413.455182,1352.0,88.0,80.0,12.0,61.516536159090904,17.4,915.675
2021-03,NAVE_CATEGORIA,NAVE_001 | FERRETERIA,2986.6939700000003,330.0,29.0,27.0,10.0,102.98944724137932,24.0,885.388
2021-04,NAVE_CATEGORIA,NAVE_001 | FERRETERIA,485.19,146.0,17.0,17.0,3.0,28.540588235294116,19.2,117.42
2021-05,NAVE_CATEGORIA,NAVE_001 | FERRETERIA,1499.692212,535.0,27.0,26.0,6.0,55.544155999999994,19.400004,408.0
2021-06,NAVE_CATEGORIA,NAVE_001 | FERRETERIA,511.459998,87.0,11.0,11.0,2.0,46.49636345454545,18.0,264.0
2021-07,NAVE_CATEGORIA,NAVE_001 | FERRETERIA,2507.9611999999997,1218.0,32.0,31.0,10.0,78.37378749999999,20.9,519.0
2021-08,NAVE_CATEGORIA,NAVE_001 | FERRETERIA,3954.9592979999998,486.1,48.0,38.0,9.0,82.39498537499999,22.529998,576.939999
2021-09,NAVE_CATEGORIA,NAVE_001 | FERRETERIA,23631.817854,2673.0,45.0,44.0,14.0,525.1515078666666,111.06,2952.0
2021-10,NAVE_CATEGORIA,NAVE_001 | FERRETERIA,155.44,52.0,8.0,8.0,2.0,19.43,10.395,75.0
2021-11,NAVE_CATEGORIA,NAVE_001 | FERRETERIA,599.0420999999999,682.0,16.0,16.0,7.0,37.44013124999999,14.875,180.0
2021-12,NAVE_CATEGORIA,NAVE_001 | FERRETERIA,25563.0,1290.0,4.0,4.0,1.0,6390.75,455.0,24471.0
2022-01,NAVE_CATEGORIA,NAVE_001 | FERRETERIA,12463.584,111.0,13.0,13.0,3.0,958.7372307692308,212.208,9008.0
2022-02,NAVE_CATEGORIA,NAVE_001 | FERRETERIA,14065.613228000002,1592.0,54.0,51.0,12.0,260.47431903703705,111.8625,1490.4
2022-03,NAVE_CATEGORIA,NAVE_001 | FERRETERIA,15737.487612,451.0,45.0,44.0,5.0,349.72194693333336,65.4,5481.304
2022-04,NAVE_CATEGORIA,NAVE_001 | FERRETERIA,28805.324948000005,9845.0,102.0,93.0,14.0,282.40514654901966,46.2,13000.0
2022-05,NAVE_CATEGORIA,NAVE_001 | FERRETERIA,10177.462520000001,3833.0,31.0,29.0,11.0,328.3052425806452,190.35,3000.0
2022-06,NAVE_CATEGORIA,NAVE_001 | FERRETERIA,1199.5,9183.0,8.0,8.0,5.0,149.9375,150.0,352.2
2022-07,NAVE_CATEGORIA,NAVE_001 | FERRETERIA,3128.7399960000002,145.0,6.0,6.0,5.0,521.456666,182.76,2158.8
2022-08,NAVE_CATEGORIA,NAVE_001 | FERRETERIA,661.54,422.0,22.0,22.0,5.0,30.069999999999997,10.471585,144.0
2022-09,NAVE_CATEGORIA,NAVE_001 | FERRETERIA,13007.5,4003.0,2.0,2.0,2.0,6503.75,6503.75,13000.0
2022-10,NAVE_CATEGORIA,NAVE_001 | FERRETERIA,4944.1937,547.0,34.0,34.0,6.0,145.41746176470588,31.185000000000002,1324.09
2022-11,NAVE_CATEGORIA,NAVE_001 | FERRETERIA,1257.616,233.0,21.0,20.0,3.0,59.88647619047619,31.416,309.54
2022-12,NAVE_CATEGORIA,NAVE_001 | FERRETERIA,2459.8399910000003,12138.0,6.0,6.0,4.0,409.97333183333336,297.639995,1200.000001
2023-01,NAVE_CATEGORIA,NAVE_001 | FERRETERIA,2497.7,828.0,5.0,5.0,3.0,499.53999999999996,300.0,1475.0
2023-02,NAVE_CATEGORIA,NAVE_001 | FERRETERIA,1233.28,109.0,3.0,3.0,3.0,411.0933333333333,429.0,719.28
2023-03,NAVE_CATEGORIA,NAVE_001 | FERRETERIA,4561.157956999999,557.0,53.0,52.0,7.0,86.05958409433961,18.0,746.13
2023-04,NAVE_CATEGORIA,NAVE_001 | FERRETERIA,408.7,150.0,4.0,4.0,1.0,102.175,26.6,350.0
2023-05,NAVE_CATEGORIA,NAVE_001 | FERRETERIA,3458.8605000000002,366.0,32.0,30.0,7.0,108.08939062500001,25.034,630.0
2023-06,NAVE_CATEGORIA,NAVE_001 | FERRETERIA,5228.130024,369.0,25.0,25.0,11.0,209.12520096,40.0,1446.489999
2023-07,NAVE_CATEGORIA,NAVE_001 | FERRETERIA,6345.940217,462.0,27.0,26.0,13.0,235.03482285185186,74.16,1269.530004
2023-08,NAVE_CATEGORIA,NAVE_001 | FERRETERIA,2075.829998,40.0,10.0,10.0,3.0,207.5829998,126.47999999999999,468.72
2023-09,NAVE_CATEGORIA,NAVE_001 | FERRETERIA,6455.973993999999,1279.0,57.0,55.0,6.0,113.26270164912279,31.2,2402.4
2023-11,NAVE_CATEGORIA,NAVE_001 | FERRETERIA,1082.59,44.0,6.0,6.0,3.0,180.43166666666664,186.0,334.775
2024-10,NAVE_CATEGORIA,NAVE_001 | FERRETERIA,189.67,42.0,2.0,2.0,1.0,94.835,94.835,170.17
2024-11,NAVE_CATEGORIA,NAVE_001 | FERRETERIA,3169.63,66.0,3.0,3.0,1.0,1056.5433333333333,124.73,2999.0
2025-02,NAVE_CATEGORIA,NAVE_001 | FERRETERIA,361.17,70.0,5.0,5.0,1.0,72.23400000000001,55.76,148.1
2025-03,NAVE_CATEGORIA,NAVE_001 | FERRETERIA,17.25,10.0,1.0,1.0,1.0,17.25,17.25,17.25
2025-05,NAVE_CATEGORIA,NAVE_001 | FERRETERIA,3872.2099999999996,96.0,10.0,10.0,1.0,387.22099999999995,26.255,3625.94
2025-07,NAVE_CATEGORIA,NAVE_001 | FERRETERIA,44.64,16.0,2.0,2.0,1.0,22.32,22.32,23.63
2025-08,NAVE_CATEGORIA,NAVE_001 | FERRETERIA,568.76,90.0,4.0,4.0,1.0,142.19,82.06,372.85
2021-08,NAVE_CATEGORIA,NAVE_001 | FILTROS,7443.6394,4.0,2.0,2.0,1.0,3721.8197,3721.8197,4274.5652
2021-09,NAVE_CATEGORIA,NAVE_001 | FILTROS,750.302782,4.0,2.0,2.0,1.0,375.151391,375.151391,429.729181
2022-10,NAVE_CATEGORIA,NAVE_001 | FILTROS,263.97,24.0,1.0,1.0,1.0,263.97,263.97,263.97
2023-02,NAVE_CATEGORIA,NAVE_001 | FILTROS,2272.4,48.0,2.0,2.0,2.0,1136.2,1136.2,1908.0
2023-06,NAVE_CATEGORIA,NAVE_001 | FILTROS,964.0,64.0,3.0,3.0,1.0,321.3333333333333,305.04,486.0
2024-09,NAVE_CATEGORIA,NAVE_001 | FILTROS,9613.1,22.0,4.0,2.0,1.0,2403.275,1751.85,6104.0
2025-06,NAVE_CATEGORIA,NAVE_001 | FILTROS,1589.28,2.0,2.0,2.0,1.0,794.64,794.64,1560.96
2025-08,NAVE_CATEGORIA,NAVE_001 | FILTROS,2809.8399999999997,61.0,4.0,2.0,1.0,702.4599999999999,713.9749999999999,1151.58
2021-01,NAVE_CATEGORIA,NAVE_001 | QUIMICOS,91.96,5.0,1.0,1.0,1.0,91.96,91.96,91.96
2021-02,NAVE_CATEGORIA,NAVE_001 | QUIMICOS,227.01999999999998,14.0,4.0,4.0,3.0,56.754999999999995,56.21,89.6
2021-03,NAVE_CATEGORIA,NAVE_001 | QUIMICOS,12.24,6.0,1.0,1.0,1.0,12.24,12.24,12.24
2021-05,NAVE_CATEGORIA,NAVE_001 | QUIMICOS,348.110002,16.0,4.0,4.0,3.0,87.0275005,27.865001,281.6
2021-07,NAVE_CATEGORIA,NAVE_001 | QUIMICOS,45.6,6.0,1.0,1.0,1.0,45.6,45.6,45.6
2021-08,NAVE_CATEGORIA,NAVE_001 | QUIMICOS,28.11,5.0,1.0,1.0,1.0,28.11,28.11,28.11
2021-09,NAVE_CATEGORIA,NAVE_001 | QUIMICOS,105.336,18.0,2.0,2.0,1.0,52.668,52.668,67.452
2021-10,NAVE_CATEGORIA,NAVE_001 | QUIMICOS,27.72,4.0,1.0,1.0,1.0,27.72,27.72,27.72
2022-01,NAVE_CATEGORIA,NAVE_001 | QUIMICOS,572.1,57.0,10.0,10.0,2.0,57.21,38.25,120.0
2022-02,NAVE_CATEGORIA,NAVE_001 | QUIMICOS,3462.0500000000006,25.0,10.0,9.0,1.0,346.20500000000004,69.78,2385.6
2022-03,NAVE_CATEGORIA,NAVE_001 | QUIMICOS,905.74,6.0,2.0,2.0,2.0,452.87,452.87,867.82
2022-04,NAVE_CATEGORIA,NAVE_001 | QUIMICOS,2775.3199999999997,48.0,6.0,5.0,4.0,462.5533333333333,109.66,2238.0
2022-08,NAVE_CATEGORIA,NAVE_001 | QUIMICOS,223.8,4.0,1.0,1.0,1.0,223.8,223.8,223.8
2022-10,NAVE_CATEGORIA,NAVE_001 | QUIMICOS,159.361,9.0,3.0,3.0,2.0,53.12033333333333,52.822,55.95
2022-11,NAVE_CATEGORIA,NAVE_001 | QUIMICOS,48.0,6.0,1.0,1.0,1.0,48.0,48.0,48.0
2023-03,NAVE_CATEGORIA,NAVE_001 | QUIMICOS,167.542002,20.0,3.0,2.0,2.0,55.847334,50.590002,67.452
2023-04,NAVE_CATEGORIA,NAVE_001 | QUIMICOS,93.76,1.0,1.0,1.0,1.0,93.76,93.76,93.76
2023-05,NAVE_CATEGORIA,NAVE_001 | QUIMICOS,67.452,8.0,1.0,1.0,1.0,67.452,67.452,67.452
2023-08,NAVE_CATEGORIA,NAVE_001 | QUIMICOS,2999.75,5.0,1.0,1.0,1.0,2999.75,2999.75,2999.75
2023-09,NAVE_CATEGORIA,NAVE_001 | QUIMICOS,666.75,42.0,5.0,5.0,2.0,133.35,125.0,279.75
2024-06,NAVE_CATEGORIA,NAVE_001 | REPUESTOS ELECTRICOS,85.0,4.0,1.0,1.0,1.0,85.0,85.0,85.0
2024-07,NAVE_CATEGORIA,NAVE_001 | REPUESTOS ELECTRICOS,62.0,10.0,1.0,1.0,1.0,62.0,62.0,62.0
2025-01,NAVE_CATEGORIA,NAVE_001 | REPUESTOS ELECTRICOS,8217.0,1.0,1.0,1.0,1.0,8217.0,8217.0,8217.0
2025-02,NAVE_CATEGORIA,NAVE_001 | REPUESTOS ELECTRICOS,1712.15,7.0,2.0,2.0,1.0,856.075,856.075,1023.58
2025-06,NAVE_CATEGORIA,NAVE_001 | REPUESTOS ELECTRICOS,25837.2,5.0,2.0,2.0,1.0,12918.6,12918.6,19962.0
2021-02,NAVE_CATEGORIA,NAVE_001 | REPUESTOS MECANICOS,11247.47,211.0,6.0,6.0,4.0,1874.5783333333331,139.51,8216.21
2021-03,NAVE_CATEGORIA,NAVE_001 | REPUESTOS MECANICOS,17.367,1.0,1.0,1.0,1.0,17.367,17.367,17.367
2021-04,NAVE_CATEGORIA,NAVE_001 | REPUESTOS MECANICOS,15218.859999999999,202.0,4.0,4.0,3.0,3804.7149999999997,301.78,14580.0
2021-05,NAVE_CATEGORIA,NAVE_001 | REPUESTOS MECANICOS,887.39,3.0,2.0,2.0,2.0,443.695,443.695,490.0
2021-06,NAVE_CATEGORIA,NAVE_001 | REPUESTOS MECANICOS,5698.4,12.0,3.0,3.0,1.0,1899.4666666666665,1824.0,2078.4
2021-07,NAVE_CATEGORIA,NAVE_001 | REPUESTOS MECANICOS,8192.8765,49.0,5.0,4.0,5.0,1638.5753,2200.0,3440.43
2021-08,NAVE_CATEGORIA,NAVE_001 | REPUESTOS MECANICOS,216275.0013,47.0,14.0,10.0,6.0,15448.214378571429,8798.0,62594.0
2021-09,NAVE_CATEGORIA,NAVE_001 | REPUESTOS MECANICOS,14027.638474,36.0,10.0,10.0,2.0,1402.7638474,1101.74,3147.739113
2021-11,NAVE_CATEGORIA,NAVE_001 | REPUESTOS MECANICOS,633.0669999999999,8.0,5.0,5.0,3.0,126.61339999999998,17.0,459.069
2021-12,NAVE_CATEGORIA,NAVE_001 | REPUESTOS MECANICOS,1316.7,2.0,1.0,1.0,1.0,1316.7,1316.7,1316.7
2022-01,NAVE_CATEGORIA,NAVE_001 | REPUESTOS MECANICOS,48049.53892000001,107.0,27.0,27.0,3.0,1779.6125525925931,308.0,9700.0
2022-03,NAVE_CATEGORIA,NAVE_001 | REPUESTOS MECANICOS,13070.230000000001,5.0,4.0,4.0,2.0,3267.5575000000003,1791.555,9400.0
2022-04,NAVE_CATEGORIA,NAVE_001 | REPUESTOS MECANICOS,25747.589996000002,191.0,20.0,20.0,4.0,1287.3794998,575.9,4778.019996
2022-05,NAVE_CATEGORIA,NAVE_001 | REPUESTOS MECANICOS,17532.5573,188.0,25.0,25.0,3.0,701.302292,157.5468,3800.0
2022-06,NAVE_CATEGORIA,NAVE_001 | REPUESTOS MECANICOS,7481.54,3.0,2.0,2.0,2.0,3740.77,3740.77,7039.58
2022-07,NAVE_CATEGORIA,NAVE_001 | REPUESTOS MECANICOS,182.380001,14.0,1.0,1.0,1.0,182.380001,182.380001,182.380001
2022-08,NAVE_CATEGORIA,NAVE_001 | REPUESTOS MECANICOS,365.625,2.0,1.0,1.0,1.0,365.625,365.625,365.625
2022-10,NAVE_CATEGORIA,NAVE_001 | REPUESTOS MECANICOS,3.465,1.0,1.0,1.0,1.0,3.465,3.465,3.465
2022-11,NAVE_CATEGORIA,NAVE_001 | REPUESTOS MECANICOS,3614.7804,14.0,1.0,1.0,1.0,3614.7804,3614.7804,3614.7804
2022-12,NAVE_CATEGORIA,NAVE_001 | REPUESTOS MECANICOS,81508.63000000002,9.0,5.0,3.0,2.0,16301.726000000004,459.57,80000.0
2023-03,NAVE_CATEGORIA,NAVE_001 | REPUESTOS MECANICOS,18005.708,5.0,4.0,4.0,2.0,4501.427,4045.0,9900.0
2023-06,NAVE_CATEGORIA,NAVE_001 | REPUESTOS MECANICOS,13115.015999999996,213.0,11.0,11.0,5.0,1192.2741818181814,1358.9,2937.0
2023-07,NAVE_CATEGORIA,NAVE_001 | REPUESTOS MECANICOS,40768.48599999999,653.0,84.0,83.0,3.0,485.3391190476189,188.106,3696.636
2023-08,NAVE_CATEGORIA,NAVE_001 | REPUESTOS MECANICOS,111285.4,9.0,4.0,4.0,3.0,27821.35,213.0,110827.0
2023-09,NAVE_CATEGORIA,NAVE_001 | REPUESTOS MECANICOS,4161.080001,21.0,6.0,6.0,4.0,693.5133335,247.89499999999998,3153.740001
2023-10,NAVE_CATEGORIA,NAVE_001 | REPUESTOS MECANICOS,36664.99999999999,609.0,79.0,79.0,1.0,464.1139240506328,177.36,3869.4
2023-11,NAVE_CATEGORIA,NAVE_001 | REPUESTOS MECANICOS,34844.330052000005,530.0,69.0,69.0,1.0,504.9902906086957,196.18,4100.020002
2024-10,NAVE_CATEGORIA,NAVE_001 | REPUESTOS MECANICOS,17198.99,1092.0,33.0,33.0,1.0,521.1815151515152,257.58,4107.81
2025-02,NAVE_CATEGORIA,NAVE_001 | REPUESTOS MECANICOS,7704.6900000000005,15.0,5.0,5.0,1.0,1540.938,1281.21,3432.77
2025-05,NAVE_CATEGORIA,NAVE_001 | REPUESTOS MECANICOS,13349.500000000002,14.0,5.0,5.0,1.0,2669.9000000000005,2753.42,3497.97
2025-06,NAVE_CATEGORIA,NAVE_001 | REPUESTOS MECANICOS,42308.59,874.0,163.0,161.0,1.0,259.56190184049075,50.05,5046.14
2025-08,NAVE_CATEGORIA,NAVE_001 | REPUESTOS MECANICOS,118049.23000000001,1001.0,155.0,104.0,1.0,761.6079354838711,89.34,19587.15
2025-09,NAVE_CATEGORIA,NAVE_001 | REPUESTOS MECANICOS,5390.0,1.0,1.0,1.0,1.0,5390.0,5390.0,5390.0
2021-01,NAVE_CATEGORIA,NAVE_001 | SERVICIOS DE MANTENIMIENTO,6927.65,11.0,11.0,2.0,5.0,629.7863636363636,483.75,1800.0
2021-02,NAVE_CATEGORIA,NAVE_001 | SERVICIOS DE MANTENIMIENTO,15656.0,14.0,14.0,3.0,10.0,1118.2857142857142,437.5,5900.0
2021-03,NAVE_CATEGORIA,NAVE_001 | SERVICIOS DE MANTENIMIENTO,5819.68,10.0,10.0,3.0,8.0,581.9680000000001,174.15,3700.0
2021-04,NAVE_CATEGORIA,NAVE_001 | SERVICIOS DE MANTENIMIENTO,5543.07,7.0,7.0,3.0,6.0,791.8671428571428,600.0,2540.0
2021-05,NAVE_CATEGORIA,NAVE_001 | SERVICIOS DE MANTENIMIENTO,8765.0,5.0,5.0,1.0,5.0,1753.0,980.0,3201.0
2021-06,NAVE_CATEGORIA,NAVE_001 | SERVICIOS DE MANTENIMIENTO,7530.0,3.0,3.0,2.0,2.0,2510.0,200.0,7210.0
2021-07,NAVE_CATEGORIA,NAVE_001 | SERVICIOS DE MANTENIMIENTO,8877.759999999998,9.0,9.0,2.0,9.0,986.4177777777776,800.0,2140.0
2021-08,NAVE_CATEGORIA,NAVE_001 | SERVICIOS DE MANTENIMIENTO,1259.86,6.0,6.0,2.0,5.0,209.97666666666666,145.8,600.0
2021-09,NAVE_CATEGORIA,NAVE_001 | SERVICIOS DE MANTENIMIENTO,14268.98,18.0,18.0,3.0,7.0,792.7211111111111,789.8399999999999,2225.2
2021-10,NAVE_CATEGORIA,NAVE_001 | SERVICIOS DE MANTENIMIENTO,6590.47,12.0,12.0,4.0,11.0,549.2058333333333,425.0,1600.0
2021-11,NAVE_CATEGORIA,NAVE_001 | SERVICIOS DE MANTENIMIENTO,3227.7699999999995,5.0,5.0,3.0,3.0,645.5539999999999,167.5,2584.43
2021-12,NAVE_CATEGORIA,NAVE_001 | SERVICIOS DE MANTENIMIENTO,24605.92,16.0,16.0,2.0,7.0,1537.87,1367.5,3900.0
2022-01,NAVE_CATEGORIA,NAVE_001 | SERVICIOS DE MANTENIMIENTO,24978.66,8.0,8.0,2.0,6.0,3122.3325,205.5,23111.6
2022-02,NAVE_CATEGORIA,NAVE_001 | SERVICIOS DE MANTENIMIENTO,12486.66,15.0,15.0,2.0,8.0,832.444,250.0,4500.0
2022-03,NAVE_CATEGORIA,NAVE_001 | SERVICIOS DE MANTENIMIENTO,25424.036,18.0,18.0,3.0,12.0,1412.4464444444445,791.6665,4950.0
2022-04,NAVE_CATEGORIA,NAVE_001 | SERVICIOS DE MANTENIMIENTO,45831.740000000005,29.0,29.0,4.0,15.0,1580.4048275862071,450.0,6955.2
2022-05,NAVE_CATEGORIA,NAVE_001 | SERVICIOS DE MANTENIMIENTO,135241.99000000002,38.0,38.0,4.0,19.0,3558.999736842106,2555.065,12200.0
2022-06,NAVE_CATEGORIA,NAVE_001 | SERVICIOS DE MANTENIMIENTO,20848.905,17.0,17.0,4.0,10.0,1226.4061764705882,850.0,5608.0
2022-07,NAVE_CATEGORIA,NAVE_001 | SERVICIOS DE MANTENIMIENTO,30681.500007,30.0,29.0,4.0,10.0,1057.982758862069,900.0,6400.0
2022-08,NAVE_CATEGORIA,NAVE_001 | SERVICIOS DE MANTENIMIENTO,46869.2748,11.0,11.0,2.0,8.0,4260.843163636364,1700.0,15500.0
2022-09,NAVE_CATEGORIA,NAVE_001 | SERVICIOS DE MANTENIMIENTO,2197.68,7.0,7.0,2.0,4.0,313.9542857142857,150.0,900.0
2022-10,NAVE_CATEGORIA,NAVE_001 | SERVICIOS DE MANTENIMIENTO,145.5,1.0,1.0,1.0,1.0,145.5,145.5,145.5
2022-11,NAVE_CATEGORIA,NAVE_001 | SERVICIOS DE MANTENIMIENTO,20386.01,19.0,19.0,1.0,3.0,1072.947894736842,350.0,9570.0
2023-01,NAVE_CATEGORIA,NAVE_001 | SERVICIOS DE MANTENIMIENTO,5546.030000000001,2.0,2.0,1.0,2.0,2773.0150000000003,2773.0150000000003,2915.8
2023-02,NAVE_CATEGORIA,NAVE_001 | SERVICIOS DE MANTENIMIENTO,21845.6,8.0,8.0,1.0,4.0,2730.7,1885.0,7854.0
2023-03,NAVE_CATEGORIA,NAVE_001 | SERVICIOS DE MANTENIMIENTO,44017.5,6.0,6.0,2.0,3.0,7336.25,6258.75,15980.0
2023-04,NAVE_CATEGORIA,NAVE_001 | SERVICIOS DE MANTENIMIENTO,186312.92,1.0,1.0,1.0,1.0,186312.92,186312.92,186312.92
2023-05,NAVE_CATEGORIA,NAVE_001 | SERVICIOS DE MANTENIMIENTO,3976.51,4.0,4.0,2.0,4.0,994.1275,488.255,2900.0
2023-06,NAVE_CATEGORIA,NAVE_001 | SERVICIOS DE MANTENIMIENTO,5471.45,4.0,4.0,2.0,3.0,1367.8625,1344.25,2700.0
2023-07,NAVE_CATEGORIA,NAVE_001 | SERVICIOS DE MANTENIMIENTO,64767.733329,21.0,21.0,4.0,14.0,3084.1777775714286,1200.0,19000.0
2023-08,NAVE_CATEGORIA,NAVE_001 | SERVICIOS DE MANTENIMIENTO,50965.14,21.0,21.0,3.0,8.0,2426.9114285714286,927.0,29000.0
2023-09,NAVE_CATEGORIA,NAVE_001 | SERVICIOS DE MANTENIMIENTO,17890.85,17.0,17.0,4.0,10.0,1052.4029411764704,520.0,4185.6
2023-10,NAVE_CATEGORIA,NAVE_001 | SERVICIOS DE MANTENIMIENTO,5882.74,11.0,11.0,2.0,9.0,534.7945454545454,260.0,1366.0
2023-11,NAVE_CATEGORIA,NAVE_001 | SERVICIOS DE MANTENIMIENTO,4054.52,5.0,5.0,2.0,5.0,810.904,712.0,1600.0
2023-12,NAVE_CATEGORIA,NAVE_001 | SERVICIOS DE MANTENIMIENTO,296658.86,9.0,9.0,2.0,6.0,32962.095555555556,2250.0,274364.2
2024-01,NAVE_CATEGORIA,NAVE_001 | SERVICIOS DE MANTENIMIENTO,3862.1199999999994,21.0,5.0,1.0,5.0,772.4239999999999,463.6,1754.99
2024-02,NAVE_CATEGORIA,NAVE_001 | SERVICIOS DE MANTENIMIENTO,4875.0,1.0,1.0,1.0,1.0,4875.0,4875.0,4875.0
2024-03,NAVE_CATEGORIA,NAVE_001 | SERVICIOS DE MANTENIMIENTO,6743.26,6.0,6.0,1.0,4.0,1123.8766666666668,771.13,3500.0
2024-04,NAVE_CATEGORIA,NAVE_001 | SERVICIOS DE MANTENIMIENTO,1377.6,2.0,2.0,1.0,2.0,688.8,688.8,1095.0
2024-06,NAVE_CATEGORIA,NAVE_001 | SERVICIOS DE MANTENIMIENTO,9587.119999999999,9.0,9.0,1.0,4.0,1065.2355555555555,600.0,4167.12
2024-07,NAVE_CATEGORIA,NAVE_001 | SERVICIOS DE MANTENIMIENTO,3057.15,3.0,3.0,1.0,2.0,1019.0500000000001,417.15,2600.0
2024-08,NAVE_CATEGORIA,NAVE_001 | SERVICIOS DE MANTENIMIENTO,305.08,1.0,1.0,1.0,1.0,305.08,305.08,305.08
2024-09,NAVE_CATEGORIA,NAVE_001 | SERVICIOS DE MANTENIMIENTO,6142.1,4.0,4.0,1.0,4.0,1535.525,1222.05,3500.0
2024-10,NAVE_CATEGORIA,NAVE_001 | SERVICIOS DE MANTENIMIENTO,10385.0,7.0,7.0,1.0,7.0,1483.5714285714287,1233.0,3000.0
2024-11,NAVE_CATEGORIA,NAVE_001 | SERVICIOS DE MANTENIMIENTO,15355.89,10.0,10.0,1.0,6.0,1535.589,567.5,4813.6
2024-12,NAVE_CATEGORIA,NAVE_001 | SERVICIOS DE MANTENIMIENTO,9797.76,8.0,8.0,1.0,5.0,1224.72,931.38,3045.0
2025-01,NAVE_CATEGORIA,NAVE_001 | SERVICIOS DE MANTENIMIENTO,9742.0,8.0,8.0,1.0,7.0,1217.75,923.5,3700.0
2025-02,NAVE_CATEGORIA,NAVE_001 | SERVICIOS DE MANTENIMIENTO,12883.0,14.0,14.0,1.0,8.0,920.2142857142857,660.0,2140.0
2025-03,NAVE_CATEGORIA,NAVE_001 | SERVICIOS DE MANTENIMIENTO,36640.74,6.0,6.0,1.0,5.0,6106.79,1126.82,31250.0
2025-04,NAVE_CATEGORIA,NAVE_001 | SERVICIOS DE MANTENIMIENTO,38266.56,9.0,9.0,1.0,6.0,4251.84,3366.0,10857.0
2025-05,NAVE_CATEGORIA,NAVE_001 | SERVICIOS DE MANTENIMIENTO,45296.44,24.0,24.0,1.0,13.0,1887.3516666666667,1405.5549999999998,10500.09
2025-06,NAVE_CATEGORIA,NAVE_001 | SERVICIOS DE MANTENIMIENTO,293273.34,68.0,68.0,1.0,31.0,4312.843235294118,2520.2349999999997,30899.78
2025-07,NAVE_CATEGORIA,NAVE_001 | SERVICIOS DE MANTENIMIENTO,1031998.8499999999,32.0,32.0,1.0,19.0,32249.964062499996,1757.5,745508.82
2025-08,NAVE_CATEGORIA,NAVE_001 | SERVICIOS DE MANTENIMIENTO,30236.75,17.0,17.0,1.0,10.0,1778.6323529411766,1120.0,6314.0
2025-09,NAVE_CATEGORIA,NAVE_001 | SERVICIOS DE MANTENIMIENTO,4637.45,4.0,4.0,1.0,3.0,1159.3625,625.6,3280.0
2021-01,NAVE_CATEGORIA,NAVE_002 | ACEITE,9659.399999999998,25.0,4.0,2.0,2.0,2414.8499999999995,2325.0,4675.44
2021-07,NAVE_CATEGORIA,NAVE_002 | ACEITE,16876.838599999995,53.0,7.0,5.0,2.0,2410.976942857142,1510.7114,8486.918
2021-11,NAVE_CATEGORIA,NAVE_002 | ACEITE,98.753,1.0,1.0,1.0,1.0,98.753,98.753,98.753
2022-02,NAVE_CATEGORIA,NAVE_002 | ACEITE,4684.139,18.0,4.0,4.0,2.0,1171.03475,428.125999,3587.887002
2022-03,NAVE_CATEGORIA,NAVE_002 | ACEITE,114.9,2.0,1.0,1.0,1.0,114.9,114.9,114.9
2023-02,NAVE_CATEGORIA,NAVE_002 | ACEITE,95.0,1.0,1.0,1.0,1.0,95.0,95.0,95.0
2023-03,NAVE_CATEGORIA,NAVE_002 | ACEITE,1197.06,2.0,1.0,1.0,1.0,1197.06,1197.06,1197.06
2023-05,NAVE_CATEGORIA,NAVE_002 | ACEITE,4313.05,7.0,2.0,2.0,1.0,2156.525,2156.525,3649.2
2023-09,NAVE_CATEGORIA,NAVE_002 | ACEITE,7111.010005,23.0,7.0,6.0,2.0,1015.8585721428572,648.45,3041.0
2023-10,NAVE_CATEGORIA,NAVE_002 | ACEITE,2200.0,4.0,1.0,1.0,1.0,2200.0,2200.0,2200.0
2024-07,NAVE_CATEGORIA,NAVE_002 | ACEITE,2504.04,16.0,4.0,4.0,1.0,626.01,624.435,1199.17
2024-09,NAVE_CATEGORIA,NAVE_002 | ACEITE,4024.92,2.0,2.0,2.0,1.0,2012.46,2012.46,2835.97
2024-12,NAVE_CATEGORIA,NAVE_002 | ACEITE,1199.18,2.0,1.0,1.0,1.0,1199.18,1199.18,1199.18
2025-01,NAVE_CATEGORIA,NAVE_002 | ACEITE,2533.52,15.0,4.0,3.0,1.0,633.38,547.05,1303.04
2025-02,NAVE_CATEGORIA,NAVE_002 | ACEITE,4822.8099999999995,18.0,2.0,2.0,1.0,2411.4049999999997,2411.4049999999997,4144.23
2025-03,NAVE_CATEGORIA,NAVE_002 | ACEITE,2492.94,14.0,2.0,2.0,1.0,1246.47,1246.47,1814.36
2025-04,NAVE_CATEGORIA,NAVE_002 | ACEITE,6126.03,10.0,1.0,1.0,1.0,6126.03,6126.03,6126.03
2025-06,NAVE_CATEGORIA,NAVE_002 | ACEITE,6765.51,11.0,2.0,2.0,1.0,3382.755,3382.755,6189.05
2021-01,NAVE_CATEGORIA,NAVE_002 | FERRETERIA,2199.6809000000007,192.0,26.0,26.0,6.0,84.60311153846156,15.0,669.6429
2021-02,NAVE_CATEGORIA,NAVE_002 | FERRETERIA,2337.9199999999996,944.0,21.0,21.0,6.0,111.32952380952379,90.0,297.4
2021-03,NAVE_CATEGORIA,NAVE_002 | FERRETERIA,5164.072207,550.0,33.0,33.0,8.0,156.48703657575757,21.0,1065.48
2021-04,NAVE_CATEGORIA,NAVE_002 | FERRETERIA,5843.526404,1909.0,88.0,85.0,12.0,66.40370913636364,38.59,424.8
2021-05,NAVE_CATEGORIA,NAVE_002 | FERRETERIA,47606.934368,4157.42,160.0,137.0,14.0,297.5433398,88.41,6111.0
2021-06,NAVE_CATEGORIA,NAVE_002 | FERRETERIA,31598.3128,3342.0,59.0,55.0,11.0,535.5646237288136,64.0,7440.0
2021-07,NAVE_CATEGORIA,NAVE_002 | FERRETERIA,6519.917,1018.0,40.0,40.0,9.0,162.997925,35.478,2133.0
2021-08,NAVE_CATEGORIA,NAVE_002 | FERRETERIA,2272.2468,362.0,45.0,36.0,8.0,50.49437333333333,24.0,361.6
2021-09,NAVE_CATEGORIA,NAVE_002 | FERRETERIA,4638.46,527.0,39.0,37.0,6.0,118.9348717948718,11.5,2388.0
2021-10,NAVE_CATEGORIA,NAVE_002 | FERRETERIA,3365.5667920000005,343.0,18.0,18.0,5.0,186.9759328888889,41.657,1935.0
2021-11,NAVE_CATEGORIA,NAVE_002 | FERRETERIA,691.16,300.0,18.0,18.0,2.0,38.397777777777776,20.1,236.62
2021-12,NAVE_CATEGORIA,NAVE_002 | FERRETERIA,2214.6149499999997,556.0,50.0,49.0,6.0,44.29229899999999,21.125,178.5
2022-01,NAVE_CATEGORIA,NAVE_002 | FERRETERIA,13434.4826,112.0,16.0,16.0,6.0,839.6551625,132.6105,5398.75
2022-02,NAVE_CATEGORIA,NAVE_002 | FERRETERIA,3268.05,361.0,21.0,21.0,5.0,155.62142857142857,75.0,922.5
2022-03,NAVE_CATEGORIA,NAVE_002 | FERRETERIA,3428.25,418.0,42.0,40.0,3.0,81.625,26.25,1440.0
2022-04,NAVE_CATEGORIA,NAVE_002 | FERRETERIA,3848.2428,919.0,57.0,55.0,11.0,67.51303157894736,16.401,1040.0
2022-05,NAVE_CATEGORIA,NAVE_002 | FERRETERIA,854.6740000000001,88.0,6.0,6.0,4.0,142.44566666666668,72.07499999999999,510.0
2022-06,NAVE_CATEGORIA,NAVE_002 | FERRETERIA,3355.400002,1002.0,38.0,36.0,6.0,88.30000005263157,24.0,1641.4
2022-07,NAVE_CATEGORIA,NAVE_002 | FERRETERIA,1521.1649999999997,415.0,21.0,21.0,4.0,72.43642857142856,14.0,858.26
2022-08,NAVE_CATEGORIA,NAVE_002 | FERRETERIA,1482.6395,206.0,19.0,19.0,2.0,78.03365789473685,35.574,522.0
2022-09,NAVE_CATEGORIA,NAVE_002 | FERRETERIA,3404.704508,1269.0,33.0,33.0,6.0,103.17286387878788,57.0,367.9
2022-10,NAVE_CATEGORIA,NAVE_002 | FERRETERIA,2040.68,54.0,6.0,6.0,4.0,340.11333333333334,153.82,957.84
2022-11,NAVE_CATEGORIA,NAVE_002 | FERRETERIA,5956.2304619999995,736.0,49.0,49.0,8.0,121.5557237142857,27.258,1252.56
2022-12,NAVE_CATEGORIA,NAVE_002 | FERRETERIA,1320.5894,507.0,19.0,19.0,4.0,69.5047052631579,25.5024,455.84
2023-01,NAVE_CATEGORIA,NAVE_002 | FERRETERIA,4043.389029,504.0,26.0,26.0,8.0,155.51496265384614,73.405,1178.442423
2023-02,NAVE_CATEGORIA,NAVE_002 | FERRETERIA,7253.279077,1081.0,59.0,58.0,8.0,122.93693350847458,28.0,890.0
2023-03,NAVE_CATEGORIA,NAVE_002 | FERRETERIA,2624.566698,163.0,18.0,18.0,5.0,145.809261,126.47999999999999,413.92
2023-04,NAVE_CATEGORIA,NAVE_002 | FERRETERIA,9401.501887999999,918.0,35.0,34.0,8.0,268.6143396571428,18.0,7880.0
2023-05,NAVE_CATEGORIA,NAVE_002 | FERRETERIA,6856.690404,2563.0,31.0,31.0,5.0,221.18356141935485,115.114,1085.7
2023-06,NAVE_CATEGORIA,NAVE_002 | FERRETERIA,104421.47529999999,314.0,33.0,33.0,8.0,3164.28713030303,31.219998,102500.0
2023-07,NAVE_CATEGORIA,NAVE_002 | FERRETERIA,3164.2684999999997,323.0,30.0,30.0,6.0,105.47561666666665,17.2575,1448.37
2023-08,NAVE_CATEGORIA,NAVE_002 | FERRETERIA,6433.5999999999985,162.0,22.0,21.0,5.0,292.4363636363636,42.75,4996.16
2023-09,NAVE_CATEGORIA,NAVE_002 | FERRETERIA,7732.989976,450.0,13.0,12.0,4.0,594.8453827692308,308.24,3869.649984
2023-10,NAVE_CATEGORIA,NAVE_002 | FERRETERIA,7310.9955039999995,2465.0,70.0,68.0,8.0,104.4427929142857,47.4,832.5
2023-11,NAVE_CATEGORIA,NAVE_002 | FERRETERIA,3033.5499999999997,815.0,27.0,27.0,9.0,112.35370370370369,100.38,489.7
2023-12,NAVE_CATEGORIA,NAVE_002 | FERRETERIA,1473.525,44.0,4.0,4.0,2.0,368.38125,315.0,756.525
2024-06,NAVE_CATEGORIA,NAVE_002 | FERRETERIA,9264.640000000001,287.0,21.0,19.0,3.0,441.1733333333334,148.8,3176.25
2024-07,NAVE_CATEGORIA,NAVE_002 | FERRETERIA,67535.01,1398.0,66.0,62.0,10.0,1023.2577272727272,56.09,32770.15
2024-08,NAVE_CATEGORIA,NAVE_002 | FERRETERIA,6997.97,55.0,7.0,5.0,2.0,999.71,587.6,4113.2
2024-09,NAVE_CATEGORIA,NAVE_002 | FERRETERIA,42021.44,894.0,67.0,56.0,7.0,627.185671641791,117.2,5979.0
2024-10,NAVE_CATEGORIA,NAVE_002 | FERRETERIA,123.28,66.0,2.0,2.0,1.0,61.64,61.64,70.0
2025-02,NAVE_CATEGORIA,NAVE_002 | FERRETERIA,88.13,18.0,3.0,3.0,1.0,29.376666666666665,15.93,59.24
2025-03,NAVE_CATEGORIA,NAVE_002 | FERRETERIA,187.25,62.0,11.0,10.0,1.0,17.022727272727273,8.49,53.58
2025-07,NAVE_CATEGORIA,NAVE_002 | FERRETERIA,627.1899999999999,419.0,5.0,5.0,1.0,125.43799999999999,143.96,270.91
2025-08,NAVE_CATEGORIA,NAVE_002 | FERRETERIA,208.95000000000002,22.0,5.0,5.0,1.0,41.790000000000006,35.07,93.5
2025-09,NAVE_CATEGORIA,NAVE_002 | FERRETERIA,55.0,1.0,1.0,1.0,1.0,55.0,55.0,55.0
2021-08,NAVE_CATEGORIA,NAVE_002 | FILTROS,606.0,60.0,4.0,4.0,1.0,151.5,156.0,237.6
2022-02,NAVE_CATEGORIA,NAVE_002 | FILTROS,89.76,12.0,1.0,1.0,1.0,89.76,89.76,89.76
2022-05,NAVE_CATEGORIA,NAVE_002 | FILTROS,105.4,10.0,1.0,1.0,1.0,105.4,105.4,105.4
2022-11,NAVE_CATEGORIA,NAVE_002 | FILTROS,450.84,36.0,2.0,2.0,2.0,225.42,225.42,368.4
2023-04,NAVE_CATEGORIA,NAVE_002 | FILTROS,37.26,2.0,1.0,1.0,1.0,37.26,37.26,37.26
2023-09,NAVE_CATEGORIA,NAVE_002 | FILTROS,894.36,60.0,3.0,3.0,1.0,298.12,300.0,368.4
2024-07,NAVE_CATEGORIA,NAVE_002 | GRASAS,6.6,40.0,1.0,1.0,1.0,6.6,6.6,6.6
2021-01,NAVE_CATEGORIA,NAVE_002 | QUIMICOS,98.16,13.0,2.0,2.0,2.0,49.08,49.08,83.16
2021-03,NAVE_CATEGORIA,NAVE_002 | QUIMICOS,90.0,12.0,1.0,1.0,1.0,90.0,90.0,90.0
2021-04,NAVE_CATEGORIA,NAVE_002 | QUIMICOS,2482.8399999999997,16.0,3.0,2.0,3.0,827.6133333333332,68.0,2385.6
2021-05,NAVE_CATEGORIA,NAVE_002 | QUIMICOS,3421.4599999999996,102.0,8.0,4.0,4.0,427.68249999999995,142.452,2385.6
2021-06,NAVE_CATEGORIA,NAVE_002 | QUIMICOS,432.04,41.0,4.0,3.0,3.0,108.01,93.57,217.1
2021-07,NAVE_CATEGORIA,NAVE_002 | QUIMICOS,45.0,6.0,1.0,1.0,1.0,45.0,45.0,45.0
2021-08,NAVE_CATEGORIA,NAVE_002 | QUIMICOS,90.0,9.0,2.0,2.0,2.0,45.0,45.0,45.0
2021-10,NAVE_CATEGORIA,NAVE_002 | QUIMICOS,74.88,12.0,1.0,1.0,1.0,74.88,74.88,74.88
2021-11,NAVE_CATEGORIA,NAVE_002 | QUIMICOS,45.42,6.0,1.0,1.0,1.0,45.42,45.42,45.42
2021-12,NAVE_CATEGORIA,NAVE_002 | QUIMICOS,58.5,6.0,1.0,1.0,1.0,58.5,58.5,58.5
2022-01,NAVE_CATEGORIA,NAVE_002 | QUIMICOS,451.48,55.0,5.0,5.0,2.0,90.296,85.92,186.72
2022-02,NAVE_CATEGORIA,NAVE_002 | QUIMICOS,1813.9499999999998,58.0,15.0,15.0,4.0,120.92999999999999,71.04,596.4
2022-03,NAVE_CATEGORIA,NAVE_002 | QUIMICOS,105.8,8.0,2.0,2.0,1.0,52.9,52.9,54.0
2022-05,NAVE_CATEGORIA,NAVE_002 | QUIMICOS,295.0,1.0,1.0,1.0,1.0,295.0,295.0,295.0
2022-08,NAVE_CATEGORIA,NAVE_002 | QUIMICOS,99.715,5.0,1.0,1.0,1.0,99.715,99.715,99.715
2022-10,NAVE_CATEGORIA,NAVE_002 | QUIMICOS,1225.58,58.0,5.0,5.0,2.0,245.11599999999999,90.0,560.0
2022-11,NAVE_CATEGORIA,NAVE_002 | QUIMICOS,178.2,24.0,2.0,2.0,2.0,89.1,89.1,94.68
2022-12,NAVE_CATEGORIA,NAVE_002 | QUIMICOS,30.0,10.0,1.0,1.0,1.0,30.0,30.0,30.0
2023-01,NAVE_CATEGORIA,NAVE_002 | QUIMICOS,174.72,24.0,2.0,2.0,1.0,87.36,87.36,92.16
2023-02,NAVE_CATEGORIA,NAVE_002 | QUIMICOS,50.589,6.0,1.0,1.0,1.0,50.589,50.589,50.589
2023-04,NAVE_CATEGORIA,NAVE_002 | QUIMICOS,198.0,24.0,2.0,2.0,1.0,99.0,99.0,102.0
2023-08,NAVE_CATEGORIA,NAVE_002 | QUIMICOS,1170.0,8.0,2.0,2.0,2.0,585.0,585.0,1119.0
2023-09,NAVE_CATEGORIA,NAVE_002 | QUIMICOS,2229.805,82.0,8.0,8.0,4.0,278.725625,164.25,1119.0
2023-10,NAVE_CATEGORIA,NAVE_002 | QUIMICOS,102.0,12.0,1.0,1.0,1.0,102.0,102.0,102.0
2024-06,NAVE_CATEGORIA,NAVE_002 | REPUESTOS ELECTRICOS,20327.99,95.4,9.0,9.0,1.0,2258.665555555556,273.6,11116.87
2024-07,NAVE_CATEGORIA,NAVE_002 | REPUESTOS ELECTRICOS,26862.760000000006,1081.6,20.0,20.0,4.0,1343.1380000000004,563.655,9985.68
2024-08,NAVE_CATEGORIA,NAVE_002 | REPUESTOS ELECTRICOS,214.47,1.0,1.0,1.0,1.0,214.47,214.47,214.47
2024-09,NAVE_CATEGORIA,NAVE_002 | REPUESTOS ELECTRICOS,2424.6699999999996,153.0,4.0,4.0,1.0,606.1674999999999,118.985,2175.6
2024-11,NAVE_CATEGORIA,NAVE_002 | REPUESTOS ELECTRICOS,2.4,12.0,1.0,1.0,1.0,2.4,2.4,2.4
2025-02,NAVE_CATEGORIA,NAVE_002 | REPUESTOS ELECTRICOS,13320.27,2.0,1.0,1.0,1.0,13320.27,13320.27,13320.27
2021-01,NAVE_CATEGORIA,NAVE_002 | REPUESTOS MECANICOS,27396.011599999994,36.0,7.0,6.0,6.0,3913.715942857142,376.35,20905.8
2021-02,NAVE_CATEGORIA,NAVE_002 | REPUESTOS MECANICOS,19127.085,12.0,6.0,6.0,3.0,3187.8475,1185.1200000000001,12324.315
2021-03,NAVE_CATEGORIA,NAVE_002 | REPUESTOS MECANICOS,1358.0,14.0,3.0,3.0,2.0,452.6666666666667,306.0,1024.0
2021-04,NAVE_CATEGORIA,NAVE_002 | REPUESTOS MECANICOS,505.50000000000006,13.0,4.0,4.0,2.0,126.37500000000001,63.76,339.29
2021-05,NAVE_CATEGORIA,NAVE_002 | REPUESTOS MECANICOS,13034.516,41.0,9.0,9.0,4.0,1448.2795555555556,134.096,7541.42
2021-06,NAVE_CATEGORIA,NAVE_002 | REPUESTOS MECANICOS,56122.280000000006,117.0,17.0,16.0,5.0,3301.3105882352943,1665.0,16640.0
2021-07,NAVE_CATEGORIA,NAVE_002 | REPUESTOS MECANICOS,7747.1826,38.0,3.0,3.0,2.0,2582.3942,3480.0,3988.287
2021-08,NAVE_CATEGORIA,NAVE_002 | REPUESTOS MECANICOS,1512.14998,89.0,5.0,5.0,4.0,302.42999599999996,131.83998,850.0
2021-09,NAVE_CATEGORIA,NAVE_002 | REPUESTOS MECANICOS,21.0,6.0,1.0,1.0,1.0,21.0,21.0,21.0
2021-11,NAVE_CATEGORIA,NAVE_002 | REPUESTOS MECANICOS,5822.13,187.0,19.0,19.0,3.0,306.4278947368421,180.88,1140.55
2021-12,NAVE_CATEGORIA,NAVE_002 | REPUESTOS MECANICOS,863.2,4.0,1.0,1.0,1.0,863.2,863.2,863.2
2022-01,NAVE_CATEGORIA,NAVE_002 | REPUESTOS MECANICOS,278.340002,32.0,4.0,4.0,1.0,69.5850005,51.500001,138.8
2022-02,NAVE_CATEGORIA,NAVE_002 | REPUESTOS MECANICOS,7869.315600000001,76.0,10.0,9.0,4.0,786.9315600000001,119.6,5300.0
2022-03,NAVE_CATEGORIA,NAVE_002 | REPUESTOS MECANICOS,17381.9,3.0,3.0,3.0,1.0,5793.966666666667,5983.1,7105.9
2022-04,NAVE_CATEGORIA,NAVE_002 | REPUESTOS MECANICOS,1648.72,12.0,3.0,3.0,2.0,549.5733333333334,668.58,918.14
2022-06,NAVE_CATEGORIA,NAVE_002 | REPUESTOS MECANICOS,10241.640000000001,28.0,4.0,4.0,3.0,2560.4100000000003,1064.22,7644.0
2022-07,NAVE_CATEGORIA,NAVE_002 | REPUESTOS MECANICOS,11389.910000000002,45.0,10.0,10.0,3.0,1138.9910000000002,498.84,6754.8
2022-08,NAVE_CATEGORIA,NAVE_002 | REPUESTOS MECANICOS,8408.31,49.0,12.0,12.0,3.0,700.6925,461.827,3058.668
2022-09,NAVE_CATEGORIA,NAVE_002 | REPUESTOS MECANICOS,4373.6900000000005,31.0,9.0,9.0,2.0,485.9655555555556,313.45,1319.46
2022-10,NAVE_CATEGORIA,NAVE_002 | REPUESTOS MECANICOS,39577.210002,7.0,3.0,3.0,3.0,13192.403334,552.210002,38750.0
2022-11,NAVE_CATEGORIA,NAVE_002 | REPUESTOS MECANICOS,1376.8529999999998,62.0,6.0,6.0,3.0,229.47549999999998,69.06,909.6
2023-01,NAVE_CATEGORIA,NAVE_002 | REPUESTOS MECANICOS,34399.19993000001,94.0,31.0,31.0,2.0,1109.6516106451616,484.56839,4704.71839
2023-02,NAVE_CATEGORIA,NAVE_002 | REPUESTOS MECANICOS,4012.0,17.0,4.0,4.0,1.0,1003.0,878.0,1908.0
2023-03,NAVE_CATEGORIA,NAVE_002 | REPUESTOS MECANICOS,158.0,26.0,3.0,3.0,1.0,52.666666666666664,36.0,90.0
2023-04,NAVE_CATEGORIA,NAVE_002 | REPUESTOS MECANICOS,7415.76,31.0,6.0,6.0,4.0,1235.96,654.405,4473.58
2023-06,NAVE_CATEGORIA,NAVE_002 | REPUESTOS MECANICOS,1374.024,7.0,2.0,2.0,2.0,687.012,687.012,1350.0
2023-07,NAVE_CATEGORIA,NAVE_002 | REPUESTOS MECANICOS,369.29999999999995,26.0,3.0,3.0,1.0,123.09999999999998,111.24,249.78
2023-08,NAVE_CATEGORIA,NAVE_002 | REPUESTOS MECANICOS,189.0,1.0,1.0,1.0,1.0,189.0,189.0,189.0
2023-09,NAVE_CATEGORIA,NAVE_002 | REPUESTOS MECANICOS,5352.139999999999,70.0,13.0,13.0,3.0,411.7030769230769,263.14,1477.68
2023-10,NAVE_CATEGORIA,NAVE_002 | REPUESTOS MECANICOS,10480.627,408.0,9.0,9.0,4.0,1164.514111111111,410.0,3100.0
2023-11,NAVE_CATEGORIA,NAVE_002 | REPUESTOS MECANICOS,146119.0,30.0,10.0,10.0,4.0,14611.9,7860.0,49040.0
2024-07,NAVE_CATEGORIA,NAVE_002 | REPUESTOS MECANICOS,5456.12,83.0,9.0,9.0,4.0,606.2355555555555,17.06,5217.94
2024-09,NAVE_CATEGORIA,NAVE_002 | REPUESTOS MECANICOS,6992.76,73.0,6.0,6.0,1.0,1165.46,266.05,6160.8
2025-02,NAVE_CATEGORIA,NAVE_002 | REPUESTOS MECANICOS,776.7,2.0,1.0,1.0,1.0,776.7,776.7,776.7
2025-03,NAVE_CATEGORIA,NAVE_002 | REPUESTOS MECANICOS,1617.6699999999998,6.0,3.0,3.0,1.0,539.2233333333332,801.15,801.15
2025-04,NAVE_CATEGORIA,NAVE_002 | REPUESTOS MECANICOS,2434.2,10.0,6.0,3.0,1.0,405.7,400.58,801.16
2025-09,NAVE_CATEGORIA,NAVE_002 | REPUESTOS MECANICOS,6038.85,125.0,17.0,17.0,1.0,355.2264705882353,64.31,2810.0
2021-01,NAVE_CATEGORIA,NAVE_002 | SERVICIOS DE MANTENIMIENTO,1885.08,4.0,4.0,3.0,4.0,471.27,455.0,800.0
2021-02,NAVE_CATEGORIA,NAVE_002 | SERVICIOS DE MANTENIMIENTO,6651.19,11.0,11.0,2.0,7.0,604.6536363636363,192.0,2500.0
2021-03,NAVE_CATEGORIA,NAVE_002 | SERVICIOS DE MANTENIMIENTO,41335.85999999999,24.0,24.0,3.0,13.0,1722.3274999999996,350.0,24995.0
2021-04,NAVE_CATEGORIA,NAVE_002 | SERVICIOS DE MANTENIMIENTO,25217.199999999997,29.0,29.0,5.0,13.0,869.5586206896551,474.5,5900.0
2021-05,NAVE_CATEGORIA,NAVE_002 | SERVICIOS DE MANTENIMIENTO,41205.5,25.0,25.0,3.0,16.0,1648.22,660.9,8950.0
2021-06,NAVE_CATEGORIA,NAVE_002 | SERVICIOS DE MANTENIMIENTO,93340.69,46.0,46.0,5.0,25.0,2029.1454347826088,997.5,9100.0
2021-07,NAVE_CATEGORIA,NAVE_002 | SERVICIOS DE MANTENIMIENTO,31532.53,35.0,35.0,2.0,15.0,900.9294285714285,480.0,4600.0
2021-08,NAVE_CATEGORIA,NAVE_002 | SERVICIOS DE MANTENIMIENTO,33107.28,39.0,39.0,3.0,10.0,848.9046153846153,300.0,7504.0
2021-09,NAVE_CATEGORIA,NAVE_002 | SERVICIOS DE MANTENIMIENTO,13638.14,14.0,14.0,4.0,7.0,974.1528571428571,256.0,5800.0
2021-10,NAVE_CATEGORIA,NAVE_002 | SERVICIOS DE MANTENIMIENTO,42493.409999999996,9.0,9.0,3.0,6.0,4721.49,300.0,38507.13
2021-11,NAVE_CATEGORIA,NAVE_002 | SERVICIOS DE MANTENIMIENTO,5896.66,6.0,6.0,2.0,5.0,982.7766666666666,205.0,5080.0
2021-12,NAVE_CATEGORIA,NAVE_002 | SERVICIOS DE MANTENIMIENTO,5734.7,6.0,6.0,2.0,6.0,955.7833333333333,420.0,2877.0
2022-01,NAVE_CATEGORIA,NAVE_002 | SERVICIOS DE MANTENIMIENTO,10387.220000000001,10.0,10.0,2.0,6.0,1038.7220000000002,220.0,7690.0
2022-02,NAVE_CATEGORIA,NAVE_002 | SERVICIOS DE MANTENIMIENTO,24076.089999999997,28.0,28.0,4.0,15.0,859.860357142857,345.0,4950.0
2022-03,NAVE_CATEGORIA,NAVE_002 | SERVICIOS DE MANTENIMIENTO,5370.54,8.0,8.0,2.0,5.0,671.3175,451.0,1750.0
2022-04,NAVE_CATEGORIA,NAVE_002 | SERVICIOS DE MANTENIMIENTO,5761.660000000001,12.0,12.0,3.0,5.0,480.1383333333334,459.0,1749.1
2022-05,NAVE_CATEGORIA,NAVE_002 | SERVICIOS DE MANTENIMIENTO,4336.09,8.0,8.0,3.0,5.0,542.01125,148.5,2800.0
2022-06,NAVE_CATEGORIA,NAVE_002 | SERVICIOS DE MANTENIMIENTO,8868.35,5.0,5.0,3.0,4.0,1773.67,700.0,6440.0
2022-07,NAVE_CATEGORIA,NAVE_002 | SERVICIOS DE MANTENIMIENTO,7462.490000000001,11.0,11.0,5.0,8.0,678.4081818181819,399.43,2544.8
2022-08,NAVE_CATEGORIA,NAVE_002 | SERVICIOS DE MANTENIMIENTO,13258.960000000001,12.0,12.0,2.0,5.0,1104.9133333333334,260.0,8900.0
2022-09,NAVE_CATEGORIA,NAVE_002 | SERVICIOS DE MANTENIMIENTO,8360.919999999998,4.0,4.0,2.0,3.0,2090.2299999999996,1062.23,6210.0
2022-10,NAVE_CATEGORIA,NAVE_002 | SERVICIOS DE MANTENIMIENTO,7098.46,10.0,10.0,3.0,4.0,709.846,235.0,2110.0
2022-11,NAVE_CATEGORIA,NAVE_002 | SERVICIOS DE MANTENIMIENTO,44179.969999999994,31.0,31.0,2.0,9.0,1425.160322580645,250.0,12420.0
2022-12,NAVE_CATEGORIA,NAVE_002 | SERVICIOS DE MANTENIMIENTO,4663.14,3.0,3.0,3.0,2.0,1554.38,1130.0,3403.34
2023-01,NAVE_CATEGORIA,NAVE_002 | SERVICIOS DE MANTENIMIENTO,3113.84,7.0,7.0,3.0,3.0,444.8342857142857,200.0,1900.0
2023-02,NAVE_CATEGORIA,NAVE_002 | SERVICIOS DE MANTENIMIENTO,12474.2,8.0,8.0,3.0,4.0,1559.275,800.0,5205.75
2023-03,NAVE_CATEGORIA,NAVE_002 | SERVICIOS DE MANTENIMIENTO,29091.119998,17.0,17.0,4.0,10.0,1711.2423528235292,740.0,5500.0
2023-04,NAVE_CATEGORIA,NAVE_002 | SERVICIOS DE MANTENIMIENTO,10985.359999999999,11.0,11.0,2.0,10.0,998.6690909090908,506.0,4321.8
2023-05,NAVE_CATEGORIA,NAVE_002 | SERVICIOS DE MANTENIMIENTO,3987.11,10.0,10.0,2.0,3.0,398.711,267.5,1039.0
2023-06,NAVE_CATEGORIA,NAVE_002 | SERVICIOS DE MANTENIMIENTO,52168.458000000006,18.0,18.0,4.0,8.0,2898.247666666667,1600.0,29000.0
2023-07,NAVE_CATEGORIA,NAVE_002 | SERVICIOS DE MANTENIMIENTO,5464.0,3.0,3.0,2.0,3.0,1821.3333333333333,2544.0,2800.0
2023-08,NAVE_CATEGORIA,NAVE_002 | SERVICIOS DE MANTENIMIENTO,6552.92,7.0,7.0,2.0,4.0,936.1314285714286,300.0,4900.0
2023-09,NAVE_CATEGORIA,NAVE_002 | SERVICIOS DE MANTENIMIENTO,76053.14000000001,14.0,14.0,4.0,11.0,5432.367142857144,1053.0,28500.0
2023-10,NAVE_CATEGORIA,NAVE_002 | SERVICIOS DE MANTENIMIENTO,53907.73999999999,28.0,28.0,4.0,13.0,1925.2764285714281,653.0,21400.0
2023-11,NAVE_CATEGORIA,NAVE_002 | SERVICIOS DE MANTENIMIENTO,40942.45999999999,30.0,30.0,3.0,13.0,1364.7486666666664,880.0,9620.0
2023-12,NAVE_CATEGORIA,NAVE_002 | SERVICIOS DE MANTENIMIENTO,8390.0,3.0,3.0,2.0,2.0,2796.6666666666665,520.0,7600.0
2024-01,NAVE_CATEGORIA,NAVE_002 | SERVICIOS DE MANTENIMIENTO,60.58,5.0,2.0,1.0,1.0,30.29,30.29,39.32
2024-02,NAVE_CATEGORIA,NAVE_002 | SERVICIOS DE MANTENIMIENTO,14439.07,8.0,8.0,1.0,5.0,1804.88375,1125.0,6000.0
2024-04,NAVE_CATEGORIA,NAVE_002 | SERVICIOS DE MANTENIMIENTO,3325.0,3.0,3.0,1.0,3.0,1108.3333333333333,200.0,3045.0
2024-05,NAVE_CATEGORIA,NAVE_002 | SERVICIOS DE MANTENIMIENTO,4150.0,2.0,2.0,1.0,2.0,2075.0,2075.0,2450.0
2024-06,NAVE_CATEGORIA,NAVE_002 | SERVICIOS DE MANTENIMIENTO,13675.01,15.0,15.0,1.0,7.0,911.6673333333333,600.0,3000.0
2024-07,NAVE_CATEGORIA,NAVE_002 | SERVICIOS DE MANTENIMIENTO,364417.45,43.0,43.0,1.0,25.0,8474.824418604652,2220.0,160040.22
2024-08,NAVE_CATEGORIA,NAVE_002 | SERVICIOS DE MANTENIMIENTO,797128.56,63.0,63.0,1.0,31.0,12652.834285714287,1700.0,579869.14
2024-09,NAVE_CATEGORIA,NAVE_002 | SERVICIOS DE MANTENIMIENTO,426727.37,58.0,58.0,1.0,33.0,7357.368448275862,2416.0,109500.0
2024-10,NAVE_CATEGORIA,NAVE_002 | SERVICIOS DE MANTENIMIENTO,282255.68,35.0,35.0,1.0,21.0,8064.447999999999,1813.0,96250.0
2024-11,NAVE_CATEGORIA,NAVE_002 | SERVICIOS DE MANTENIMIENTO,10593.0,2.0,2.0,1.0,2.0,5296.5,5296.5,9000.0
2024-12,NAVE_CATEGORIA,NAVE_002 | SERVICIOS DE MANTENIMIENTO,36840.86,9.0,9.0,1.0,4.0,4093.428888888889,1270.0,27158.86
2025-01,NAVE_CATEGORIA,NAVE_002 | SERVICIOS DE MANTENIMIENTO,21785.989999999998,12.0,12.0,1.0,9.0,1815.4991666666665,1385.0,5500.0
2025-02,NAVE_CATEGORIA,NAVE_002 | SERVICIOS DE MANTENIMIENTO,45492.86,17.0,17.0,1.0,10.0,2676.050588235294,850.0,26586.4
2025-03,NAVE_CATEGORIA,NAVE_002 | SERVICIOS DE MANTENIMIENTO,3600.0,3.0,3.0,1.0,2.0,1200.0,1200.0,1650.0
2025-04,NAVE_CATEGORIA,NAVE_002 | SERVICIOS DE MANTENIMIENTO,9977.0,6.0,6.0,1.0,5.0,1662.8333333333333,1350.0,3400.0
2025-05,NAVE_CATEGORIA,NAVE_002 | SERVICIOS DE MANTENIMIENTO,10385.16,5.0,5.0,1.0,4.0,2077.032,2000.0,3400.0
2025-06,NAVE_CATEGORIA,NAVE_002 | SERVICIOS DE MANTENIMIENTO,11334.880000000001,8.0,8.0,1.0,5.0,1416.8600000000001,874.5,4636.8
2025-07,NAVE_CATEGORIA,NAVE_002 | SERVICIOS DE MANTENIMIENTO,14339.36,17.0,17.0,1.0,4.0,843.4917647058824,480.0,3480.0
2025-08,NAVE_CATEGORIA,NAVE_002 | SERVICIOS DE MANTENIMIENTO,5850.0,6.0,6.0,1.0,2.0,975.0,850.0,1900.0
2025-09,NAVE_CATEGORIA,NAVE_002 | SERVICIOS DE MANTENIMIENTO,740.0,2.0,2.0,1.0,1.0,370.0,370.0,470.0
2025-05,NAVE_CATEGORIA,NAVE_003 | ACEITE,265.58000000000004,20.0,2.0,2.0,1.0,132.79000000000002,132.79000000000002,139.68
2025-07,NAVE_CATEGORIA,NAVE_003 | ACEITE,430.07,3.0,2.0,2.0,1.0,215.035,215.035,240.85
2025-08,NAVE_CATEGORIA,NAVE_003 | ACEITE,160.56,4.0,2.0,2.0,1.0,80.28,80.28,128.45
2025-10,NAVE_CATEGORIA,NAVE_003 | ACEITE,188.85,5.0,1.0,1.0,1.0,188.85,188.85,188.85
2025-12,NAVE_CATEGORIA,NAVE_003 | ACEITE,503.6,2.0,1.0,1.0,1.0,503.6,503.6,503.6
2024-02,NAVE_CATEGORIA,NAVE_003 | FERRETERIA,1446.0,1000.0,3.0,3.0,2.0,482.0,182.4,1207.6
2024-03,NAVE_CATEGORIA,NAVE_003 | FERRETERIA,3.78,40.0,1.0,1.0,1.0,3.78,3.78,3.78
2025-05,NAVE_CATEGORIA,NAVE_003 | FERRETERIA,102.28,217.0,8.0,8.0,1.0,12.785,4.375,33.17
2025-07,NAVE_CATEGORIA,NAVE_003 | FERRETERIA,115.32000000000001,37.0,10.0,10.0,1.0,11.532,6.45,33.18
2025-10,NAVE_CATEGORIA,NAVE_003 | FERRETERIA,25.68,13.0,4.0,4.0,1.0,6.42,3.705,16.48
2025-12,NAVE_CATEGORIA,NAVE_003 | FERRETERIA,259.7,5.0,2.0,2.0,1.0,129.85,129.85,241.5
2025-04,NAVE_CATEGORIA,NAVE_003 | FILTROS,278.11,8.0,2.0,2.0,1.0,139.055,139.055,175.34
2025-05,NAVE_CATEGORIA,NAVE_003 | FILTROS,469.58,7.0,2.0,2.0,1.0,234.79,234.79,392.5
2025-06,NAVE_CATEGORIA,NAVE_003 | FILTROS,459.85,20.0,2.0,2.0,1.0,229.925,229.925,306.61
2025-07,NAVE_CATEGORIA,NAVE_003 | FILTROS,1109.67,18.0,2.0,2.0,1.0,554.835,554.835,622.72
2025-08,NAVE_CATEGORIA,NAVE_003 | FILTROS,532.3599999999999,17.0,4.0,4.0,1.0,133.08999999999997,124.75,274.34
2025-10,NAVE_CATEGORIA,NAVE_003 | FILTROS,959.39,19.0,3.0,3.0,1.0,319.7966666666667,324.64,622.72
2025-12,NAVE_CATEGORIA,NAVE_003 | FILTROS,1715.44,77.0,5.0,5.0,1.0,343.088,182.89,723.1
2024-03,NAVE_CATEGORIA,NAVE_003 | REPUESTOS ELECTRICOS,1512.88,2940.0,16.0,16.0,2.0,94.555,25.92,936.32
2023-07,NAVE_CATEGORIA,NAVE_003 | REPUESTOS MECANICOS,88800.0,1.0,1.0,1.0,1.0,88800.0,88800.0,88800.0
2023-09,NAVE_CATEGORIA,NAVE_003 | REPUESTOS MECANICOS,11100.0,1.0,1.0,1.0,1.0,11100.0,11100.0,11100.0
2023-12,NAVE_CATEGORIA,NAVE_003 | REPUESTOS MECANICOS,214063.5,1.0,1.0,1.0,1.0,214063.5,214063.5,214063.5
2025-04,NAVE_CATEGORIA,NAVE_003 | REPUESTOS MECANICOS,305.31,2.0,1.0,1.0,1.0,305.31,305.31,305.31
2025-07,NAVE_CATEGORIA,NAVE_003 | REPUESTOS MECANICOS,305.3,3.0,1.0,1.0,1.0,305.3,305.3,305.3
2025-12,NAVE_CATEGORIA,NAVE_003 | REPUESTOS MECANICOS,530.72,2.0,2.0,2.0,1.0,265.36,265.36,311.35
2023-08,NAVE_CATEGORIA,NAVE_003 | SERVICIOS DE MANTENIMIENTO,3000.0,1.0,1.0,1.0,1.0,3000.0,3000.0,3000.0
2023-09,NAVE_CATEGORIA,NAVE_003 | SERVICIOS DE MANTENIMIENTO,4858.55,2.0,2.0,2.0,2.0,2429.275,2429.275,2858.55
2023-10,NAVE_CATEGORIA,NAVE_003 | SERVICIOS DE MANTENIMIENTO,147500.0,1.0,1.0,1.0,1.0,147500.0,147500.0,147500.0
2023-11,NAVE_CATEGORIA,NAVE_003 | SERVICIOS DE MANTENIMIENTO,3833.92,1.0,1.0,1.0,1.0,3833.92,3833.92,3833.92
2023-12,NAVE_CATEGORIA,NAVE_003 | SERVICIOS DE MANTENIMIENTO,208278.0,1.0,1.0,1.0,1.0,208278.0,208278.0,208278.0
2024-02,NAVE_CATEGORIA,NAVE_003 | SERVICIOS DE MANTENIMIENTO,1463.75,4.0,4.0,1.0,3.0,365.9375,395.0,650.0
2024-03,NAVE_CATEGORIA,NAVE_003 | SERVICIOS DE MANTENIMIENTO,5539.58,5.0,5.0,1.0,4.0,1107.916,1401.08,2000.0
2024-06,NAVE_CATEGORIA,NAVE_003 | SERVICIOS DE MANTENIMIENTO,2529.59,2.0,2.0,1.0,2.0,1264.795,1264.795,1377.5
2024-07,NAVE_CATEGORIA,NAVE_003 | SERVICIOS DE MANTENIMIENTO,1886.86,2.0,2.0,1.0,2.0,943.43,943.43,1736.86
2024-10,NAVE_CATEGORIA,NAVE_003 | SERVICIOS DE MANTENIMIENTO,485.0,1.0,1.0,1.0,1.0,485.0,485.0,485.0
2024-11,NAVE_CATEGORIA,NAVE_003 | SERVICIOS DE MANTENIMIENTO,815.0,2.0,2.0,1.0,2.0,407.5,407.5,665.0
2025-01,NAVE_CATEGORIA,NAVE_003 | SERVICIOS DE MANTENIMIENTO,935.0,2.0,2.0,1.0,2.0,467.5,467.5,585.0
2025-03,NAVE_CATEGORIA,NAVE_003 | SERVICIOS DE MANTENIMIENTO,1604.0,3.0,3.0,1.0,3.0,534.6666666666666,504.0,800.0
2025-04,NAVE_CATEGORIA,NAVE_003 | SERVICIOS DE MANTENIMIENTO,987.0,1.0,1.0,1.0,1.0,987.0,987.0,987.0
2025-05,NAVE_CATEGORIA,NAVE_003 | SERVICIOS DE MANTENIMIENTO,1760.0,3.0,3.0,1.0,3.0,586.6666666666666,600.0,810.0
2025-06,NAVE_CATEGORIA,NAVE_003 | SERVICIOS DE MANTENIMIENTO,846.72,3.0,3.0,1.0,3.0,282.24,306.72,520.0
2025-07,NAVE_CATEGORIA,NAVE_003 | SERVICIOS DE MANTENIMIENTO,1594.0,46.0,2.0,2.0,2.0,797.0,797.0,1386.0
2025-08,NAVE_CATEGORIA,NAVE_003 | SERVICIOS DE MANTENIMIENTO,2027.45,10.0,7.0,2.0,4.0,289.6357142857143,256.0,700.0
2025-11,NAVE_CATEGORIA,NAVE_003 | SERVICIOS DE MANTENIMIENTO,1195.84,11.0,6.0,3.0,5.0,199.30666666666664,200.7,400.0
2025-12,NAVE_CATEGORIA,NAVE_003 | SERVICIOS DE MANTENIMIENTO,1064.87,2.0,2.0,1.0,2.0,532.435,532.435,750.0
2021-01,NAVE_CATEGORIA,NAVE_004 | ACEITE,388.3,10.0,1.0,1.0,1.0,388.3,388.3,388.3
2021-02,NAVE_CATEGORIA,NAVE_004 | ACEITE,811.6099999999999,17.0,2.0,2.0,1.0,405.80499999999995,405.80499999999995,552.53
2021-03,NAVE_CATEGORIA,NAVE_004 | ACEITE,92.89,1.0,1.0,1.0,1.0,92.89,92.89,92.89
2021-06,NAVE_CATEGORIA,NAVE_004 | ACEITE,273.18,6.0,1.0,1.0,1.0,273.18,273.18,273.18
2021-08,NAVE_CATEGORIA,NAVE_004 | ACEITE,232.98,6.0,1.0,1.0,1.0,232.98,232.98,232.98
2021-10,NAVE_CATEGORIA,NAVE_004 | ACEITE,142.36,4.0,1.0,1.0,1.0,142.36,142.36,142.36
2021-12,NAVE_CATEGORIA,NAVE_004 | ACEITE,1646.8444,34.0,4.0,4.0,1.0,411.7111,422.90999999999997,610.6644
2022-02,NAVE_CATEGORIA,NAVE_004 | ACEITE,2726.0099999999998,16.0,4.0,4.0,2.0,681.5024999999999,293.76,2031.72
2022-03,NAVE_CATEGORIA,NAVE_004 | ACEITE,297.6,5.0,1.0,1.0,1.0,297.6,297.6,297.6
2022-04,NAVE_CATEGORIA,NAVE_004 | ACEITE,3774.9900000000002,17.0,4.0,4.0,2.0,943.7475000000001,784.9000000000001,2017.63
2022-05,NAVE_CATEGORIA,NAVE_004 | ACEITE,143.37,3.0,1.0,1.0,1.0,143.37,143.37,143.37
2022-06,NAVE_CATEGORIA,NAVE_004 | ACEITE,111.0,1.0,1.0,1.0,1.0,111.0,111.0,111.0
2022-08,NAVE_CATEGORIA,NAVE_004 | ACEITE,4398.749999999999,17.0,4.0,4.0,2.0,1099.6874999999998,616.2149999999999,2893.96
2022-12,NAVE_CATEGORIA,NAVE_004 | ACEITE,684.2,10.0,2.0,2.0,1.0,342.1,342.1,412.2
2023-02,NAVE_CATEGORIA,NAVE_004 | ACEITE,2816.82,45.0,2.0,2.0,1.0,1408.41,1408.41,2748.0
2023-03,NAVE_CATEGORIA,NAVE_004 | ACEITE,685.0,10.0,1.0,1.0,1.0,685.0,685.0,685.0
2023-05,NAVE_CATEGORIA,NAVE_004 | ACEITE,2225.04,4.0,1.0,1.0,1.0,2225.04,2225.04,2225.04
2023-06,NAVE_CATEGORIA,NAVE_004 | ACEITE,2059.5,30.0,1.0,1.0,1.0,2059.5,2059.5,2059.5
2023-09,NAVE_CATEGORIA,NAVE_004 | ACEITE,6599.530000000001,129.0,5.0,5.0,2.0,1319.9060000000002,1195.92,3176.76
2023-10,NAVE_CATEGORIA,NAVE_004 | ACEITE,1478.6,22.0,2.0,2.0,1.0,739.3,739.3,816.0
2023-11,NAVE_CATEGORIA,NAVE_004 | ACEITE,1615.0,26.0,2.0,2.0,1.0,807.5,807.5,1020.0
2024-01,NAVE_CATEGORIA,NAVE_004 | ACEITE,816.0,120.0,1.0,1.0,1.0,816.0,816.0,816.0
2025-04,NAVE_CATEGORIA,NAVE_004 | ACEITE,3561.0699999999997,17.0,3.0,3.0,1.0,1187.0233333333333,382.45,3066.88
2025-06,NAVE_CATEGORIA,NAVE_004 | ACEITE,622.72,10.0,1.0,1.0,1.0,622.72,622.72,622.72
2025-08,NAVE_CATEGORIA,NAVE_004 | ACEITE,2737.1899999999996,7.0,2.0,2.0,1.0,1368.5949999999998,1368.5949999999998,1536.33
2025-09,NAVE_CATEGORIA,NAVE_004 | ACEITE,311.31,55.0,1.0,1.0,1.0,311.31,311.31,311.31
2025-10,NAVE_CATEGORIA,NAVE_004 | ACEITE,160.57,10.0,1.0,1.0,1.0,160.57,160.57,160.57
2025-11,NAVE_CATEGORIA,NAVE_004 | ACEITE,224.0,16.0,1.0,1.0,1.0,224.0,224.0,224.0
2021-01,NAVE_CATEGORIA,NAVE_004 | FERRETERIA,1058.3,35.0,6.0,6.0,4.0,176.38333333333333,62.35,650.0
2021-02,NAVE_CATEGORIA,NAVE_004 | FERRETERIA,1426.3100000000002,168.0,27.0,25.0,5.0,52.826296296296306,13.28,578.9
2021-03,NAVE_CATEGORIA,NAVE_004 | FERRETERIA,528.95,68.0,8.0,8.0,3.0,66.11875,57.95,190.0
2021-04,NAVE_CATEGORIA,NAVE_004 | FERRETERIA,469.75,29.0,10.0,10.0,3.0,46.975,11.245000000000001,235.89
2021-05,NAVE_CATEGORIA,NAVE_004 | FERRETERIA,541.0,3.0,2.0,2.0,2.0,270.5,270.5,522.0
2021-07,NAVE_CATEGORIA,NAVE_004 | FERRETERIA,389.16,309.0,17.0,17.0,3.0,22.891764705882355,15.0,110.5
2021-09,NAVE_CATEGORIA,NAVE_004 | FERRETERIA,181.97,67.0,11.0,11.0,2.0,16.542727272727273,12.96,55.2
2021-10,NAVE_CATEGORIA,NAVE_004 | FERRETERIA,438.84600000000006,166.0,11.0,11.0,2.0,39.89509090909092,17.0,207.284
2021-12,NAVE_CATEGORIA,NAVE_004 | FERRETERIA,250.91,67.0,12.0,12.0,1.0,20.909166666666668,18.9,52.0
2022-01,NAVE_CATEGORIA,NAVE_004 | FERRETERIA,86.88,19.0,2.0,2.0,2.0,43.44,43.44,50.4
2022-02,NAVE_CATEGORIA,NAVE_004 | FERRETERIA,418.0,5.0,1.0,1.0,1.0,418.0,418.0,418.0
2022-03,NAVE_CATEGORIA,NAVE_004 | FERRETERIA,1225.83,251.0,45.0,45.0,3.0,27.240666666666666,12.5,159.0
2022-05,NAVE_CATEGORIA,NAVE_004 | FERRETERIA,650.32,312.0,22.0,22.0,6.0,29.560000000000002,16.0,133.2
2022-06,NAVE_CATEGORIA,NAVE_004 | FERRETERIA,1090.4200000000003,226.0,30.0,29.0,5.0,36.347333333333346,7.45,489.59
2022-07,NAVE_CATEGORIA,NAVE_004 | FERRETERIA,1309.19,52.0,19.0,18.0,3.0,68.90473684210527,10.26,948.9
2022-08,NAVE_CATEGORIA,NAVE_004 | FERRETERIA,58.5,21.0,4.0,4.0,1.0,14.625,10.5,30.0
2022-09,NAVE_CATEGORIA,NAVE_004 | FERRETERIA,311.8399999999999,137.0,10.0,10.0,3.0,31.18399999999999,19.12,148.0
2022-11,NAVE_CATEGORIA,NAVE_004 | FERRETERIA,560.98,152.5,25.0,25.0,4.0,22.4392,18.48,111.0
2022-12,NAVE_CATEGORIA,NAVE_004 | FERRETERIA,271.78999999999996,26.0,10.0,10.0,3.0,27.178999999999995,10.205,144.0
2023-02,NAVE_CATEGORIA,NAVE_004 | FERRETERIA,1280.0,1.0,1.0,1.0,1.0,1280.0,1280.0,1280.0
2023-03,NAVE_CATEGORIA,NAVE_004 | FERRETERIA,824.25,331.0,25.0,25.0,5.0,32.97,11.5,352.0
2023-04,NAVE_CATEGORIA,NAVE_004 | FERRETERIA,796.8299999999999,53.0,13.0,13.0,4.0,61.294615384615376,32.0,255.0
2023-05,NAVE_CATEGORIA,NAVE_004 | FERRETERIA,209.18,6.0,2.0,2.0,1.0,104.59,104.59,136.08
2023-06,NAVE_CATEGORIA,NAVE_004 | FERRETERIA,40.12,3.0,2.0,2.0,1.0,20.06,20.06,38.5
2023-07,NAVE_CATEGORIA,NAVE_004 | FERRETERIA,7529.87,10.0,4.0,4.0,3.0,1882.4675,657.075,6211.7
2023-08,NAVE_CATEGORIA,NAVE_004 | FERRETERIA,1184.73,177.0,23.0,23.0,4.0,51.51,10.16,688.78
2023-09,NAVE_CATEGORIA,NAVE_004 | FERRETERIA,990.03,234.0,32.0,32.0,4.0,30.9384375,11.7,256.0
2023-10,NAVE_CATEGORIA,NAVE_004 | FERRETERIA,3280.64,179.0,17.0,17.0,3.0,192.97882352941176,48.0,1501.0
2023-11,NAVE_CATEGORIA,NAVE_004 | FERRETERIA,9565.07,2019.0,68.0,66.0,14.0,140.66279411764705,47.010000000000005,1827.11
2023-12,NAVE_CATEGORIA,NAVE_004 | FERRETERIA,17004.469999999998,1780.0,98.0,94.0,16.0,173.515,28.15,5379.76
2025-04,NAVE_CATEGORIA,NAVE_004 | FERRETERIA,52.89,13.0,3.0,3.0,1.0,17.63,18.8,23.25
2025-05,NAVE_CATEGORIA,NAVE_004 | FERRETERIA,415.4100000000001,171.0,24.0,23.0,1.0,17.308750000000003,5.37,95.0
2025-06,NAVE_CATEGORIA,NAVE_004 | FERRETERIA,42.690000000000005,34.0,5.0,5.0,1.0,8.538,7.39,20.16
2025-08,NAVE_CATEGORIA,NAVE_004 | FERRETERIA,245.06,46.0,8.0,7.0,1.0,30.6325,9.280000000000001,184.0
2025-09,NAVE_CATEGORIA,NAVE_004 | FERRETERIA,297.6,4.0,1.0,1.0,1.0,297.6,297.6,297.6
2025-10,NAVE_CATEGORIA,NAVE_004 | FERRETERIA,121.0,10.0,4.0,4.0,1.0,30.25,34.5,46.0
2025-11,NAVE_CATEGORIA,NAVE_004 | FERRETERIA,2008.35,37.0,4.0,4.0,1.0,502.0875,93.6,1809.15
2025-12,NAVE_CATEGORIA,NAVE_004 | FERRETERIA,274.31999999999994,333.0,10.0,8.0,1.0,27.431999999999995,15.265,115.0
2021-03,NAVE_CATEGORIA,NAVE_004 | FILTROS,1041.0,46.0,5.0,5.0,1.0,208.2,178.6,424.6
2021-06,NAVE_CATEGORIA,NAVE_004 | FILTROS,806.5999999999999,20.0,2.0,2.0,1.0,403.29999999999995,403.29999999999995,417.2
2021-09,NAVE_CATEGORIA,NAVE_004 | FILTROS,475.68,36.0,4.0,4.0,1.0,118.92,41.34,372.0
2022-02,NAVE_CATEGORIA,NAVE_004 | FILTROS,1285.46,46.0,5.0,5.0,3.0,257.092,200.1,477.16
2022-03,NAVE_CATEGORIA,NAVE_004 | FILTROS,232.5,24.0,2.0,2.0,2.0,116.25,116.25,147.12
2022-09,NAVE_CATEGORIA,NAVE_004 | FILTROS,806.52,26.0,2.0,2.0,2.0,403.26,403.26,523.92
2022-11,NAVE_CATEGORIA,NAVE_004 | FILTROS,385.44,24.0,2.0,2.0,2.0,192.72,192.72,286.08
2023-01,NAVE_CATEGORIA,NAVE_004 | FILTROS,611.16,14.0,2.0,2.0,1.0,305.58,305.58,528.36
2023-05,NAVE_CATEGORIA,NAVE_004 | FILTROS,361.7,10.0,1.0,1.0,1.0,361.7,361.7,361.7
2023-06,NAVE_CATEGORIA,NAVE_004 | FILTROS,2901.12,6.0,2.0,2.0,1.0,1450.56,1450.56,2596.7
2023-08,NAVE_CATEGORIA,NAVE_004 | FILTROS,761.04,10.0,1.0,1.0,1.0,761.04,761.04,761.04
2023-09,NAVE_CATEGORIA,NAVE_004 | FILTROS,7136.1900000000005,83.0,5.0,5.0,3.0,1427.238,1127.37,4665.6
2025-05,NAVE_CATEGORIA,NAVE_004 | FILTROS,3013.17,92.0,7.0,7.0,1.0,430.45285714285717,309.41,832.61
2025-06,NAVE_CATEGORIA,NAVE_004 | FILTROS,1456.5900000000001,32.0,3.0,3.0,1.0,485.53000000000003,221.39,1163.7
2025-07,NAVE_CATEGORIA,NAVE_004 | FILTROS,2304.3600000000006,66.0,9.0,9.0,1.0,256.0400000000001,109.5,758.33
2025-09,NAVE_CATEGORIA,NAVE_004 | FILTROS,2960.7,153.0,9.0,7.0,1.0,328.96666666666664,159.91,1182.24
2025-12,NAVE_CATEGORIA,NAVE_004 | FILTROS,73.8,1.0,1.0,1.0,1.0,73.8,73.8,73.8
2021-02,NAVE_CATEGORIA,NAVE_004 | QUIMICOS,371.42,35.0,6.0,6.0,3.0,61.903333333333336,43.81,190.4
2021-03,NAVE_CATEGORIA,NAVE_004 | QUIMICOS,100.97,8.0,2.0,2.0,2.0,50.485,50.485,91.97
2021-07,NAVE_CATEGORIA,NAVE_004 | QUIMICOS,44.489999999999995,6.0,2.0,2.0,2.0,22.244999999999997,22.244999999999997,23.7
2021-10,NAVE_CATEGORIA,NAVE_004 | QUIMICOS,27.72,4.0,1.0,1.0,1.0,27.72,27.72,27.72
2021-12,NAVE_CATEGORIA,NAVE_004 | QUIMICOS,39.0,4.0,1.0,1.0,1.0,39.0,39.0,39.0
2022-03,NAVE_CATEGORIA,NAVE_004 | QUIMICOS,82.56,14.0,3.0,3.0,2.0,27.52,25.34,34.0
2022-07,NAVE_CATEGORIA,NAVE_004 | QUIMICOS,1703.2399999999998,10.0,3.0,3.0,2.0,567.7466666666666,23.37,1658.0
2022-11,NAVE_CATEGORIA,NAVE_004 | QUIMICOS,50.12,6.0,2.0,2.0,1.0,25.06,25.06,25.29
2023-03,NAVE_CATEGORIA,NAVE_004 | QUIMICOS,251.22000000000003,19.0,4.0,4.0,3.0,62.80500000000001,20.93,192.8
2023-04,NAVE_CATEGORIA,NAVE_004 | QUIMICOS,72.5,11.0,3.0,3.0,2.0,24.166666666666668,24.0,25.5
2023-05,NAVE_CATEGORIA,NAVE_004 | QUIMICOS,1365.0,3.0,1.0,1.0,1.0,1365.0,1365.0,1365.0
2023-08,NAVE_CATEGORIA,NAVE_004 | QUIMICOS,50.260000000000005,8.0,2.0,2.0,2.0,25.130000000000003,25.130000000000003,27.26
2023-10,NAVE_CATEGORIA,NAVE_004 | QUIMICOS,6043.52,1576.0,2.0,2.0,2.0,3021.76,3021.76,4000.32
2023-11,NAVE_CATEGORIA,NAVE_004 | QUIMICOS,114.6,12.0,1.0,1.0,1.0,114.6,114.6,114.6
2023-12,NAVE_CATEGORIA,NAVE_004 | QUIMICOS,138.65,9.0,2.0,2.0,2.0,69.325,69.325,80.69
2025-04,NAVE_CATEGORIA,NAVE_004 | QUIMICOS,37.5,5.0,1.0,1.0,1.0,37.5,37.5,37.5
2025-06,NAVE_CATEGORIA,NAVE_004 | QUIMICOS,75.0,1.0,1.0,1.0,1.0,75.0,75.0,75.0
2025-08,NAVE_CATEGORIA,NAVE_004 | QUIMICOS,37.5,1.0,1.0,1.0,1.0,37.5,37.5,37.5
2025-09,NAVE_CATEGORIA,NAVE_004 | QUIMICOS,198.47,14.0,1.0,1.0,1.0,198.47,198.47,198.47
2025-10,NAVE_CATEGORIA,NAVE_004 | QUIMICOS,117.72999999999999,11.0,2.0,2.0,1.0,58.864999999999995,58.864999999999995,75.0
2025-12,NAVE_CATEGORIA,NAVE_004 | QUIMICOS,72.17,6.0,1.0,1.0,1.0,72.17,72.17,72.17
2025-02,NAVE_CATEGORIA,NAVE_004 | REPUESTOS ELECTRICOS,648.0,1.0,1.0,1.0,1.0,648.0,648.0,648.0
2025-06,NAVE_CATEGORIA,NAVE_004 | REPUESTOS ELECTRICOS,18.82,8.0,1.0,1.0,1.0,18.82,18.82,18.82
2025-08,NAVE_CATEGORIA,NAVE_004 | REPUESTOS ELECTRICOS,297.57,12.0,4.0,4.0,1.0,74.3925,18.505000000000003,250.0
2025-11,NAVE_CATEGORIA,NAVE_004 | REPUESTOS ELECTRICOS,61.0,26.0,2.0,2.0,1.0,30.5,30.5,32.7
2025-12,NAVE_CATEGORIA,NAVE_004 | REPUESTOS ELECTRICOS,15.86,4.0,1.0,1.0,1.0,15.86,15.86,15.86
2021-01,NAVE_CATEGORIA,NAVE_004 | REPUESTOS MECANICOS,461.5,2.0,1.0,1.0,1.0,461.5,461.5,461.5
2021-02,NAVE_CATEGORIA,NAVE_004 | REPUESTOS MECANICOS,147.53,1.0,1.0,1.0,1.0,147.53,147.53,147.53
2021-03,NAVE_CATEGORIA,NAVE_004 | REPUESTOS MECANICOS,768.6,39.0,3.0,3.0,2.0,256.2,252.0,360.0
2021-04,NAVE_CATEGORIA,NAVE_004 | REPUESTOS MECANICOS,2938.63,51.0,2.0,2.0,2.0,1469.315,1469.315,2888.63
2021-05,NAVE_CATEGORIA,NAVE_004 | REPUESTOS MECANICOS,720.0,1.0,1.0,1.0,1.0,720.0,720.0,720.0
2021-06,NAVE_CATEGORIA,NAVE_004 | REPUESTOS MECANICOS,3030.09,1.0,1.0,1.0,1.0,3030.09,3030.09,3030.09
2021-07,NAVE_CATEGORIA,NAVE_004 | REPUESTOS MECANICOS,6060.18,2.0,1.0,1.0,1.0,6060.18,6060.18,6060.18
2021-09,NAVE_CATEGORIA,NAVE_004 | REPUESTOS MECANICOS,9983.272,42.0,3.0,3.0,1.0,3327.7573333333335,2813.12,5212.296
2021-12,NAVE_CATEGORIA,NAVE_004 | REPUESTOS MECANICOS,1836.28,8.0,1.0,1.0,1.0,1836.28,1836.28,1836.28
2022-02,NAVE_CATEGORIA,NAVE_004 | REPUESTOS MECANICOS,998.88,36.0,2.0,2.0,1.0,499.44,499.44,630.48
2022-03,NAVE_CATEGORIA,NAVE_004 | REPUESTOS MECANICOS,8287.83,84.0,7.0,7.0,3.0,1183.9757142857143,490.5,3047.2
2022-04,NAVE_CATEGORIA,NAVE_004 | REPUESTOS MECANICOS,437.04,14.0,6.0,6.0,3.0,72.84,56.88,184.0
2022-06,NAVE_CATEGORIA,NAVE_004 | REPUESTOS MECANICOS,12051.949999999997,161.0,7.0,7.0,4.0,1721.7071428571423,278.32,8441.55
2022-07,NAVE_CATEGORIA,NAVE_004 | REPUESTOS MECANICOS,1057.3200000000002,3.0,2.0,2.0,2.0,528.6600000000001,528.6600000000001,975.32
2022-08,NAVE_CATEGORIA,NAVE_004 | REPUESTOS MECANICOS,652.26,200.0,1.0,1.0,1.0,652.26,652.26,652.26
2022-11,NAVE_CATEGORIA,NAVE_004 | REPUESTOS MECANICOS,1681.9199999999998,32.0,3.0,3.0,2.0,560.64,425.52,892.08
2023-01,NAVE_CATEGORIA,NAVE_004 | REPUESTOS MECANICOS,10936.24,67.0,17.0,17.0,3.0,643.3082352941176,361.7,3210.0
2023-02,NAVE_CATEGORIA,NAVE_004 | REPUESTOS MECANICOS,207768.25,2.0,2.0,2.0,2.0,103884.125,103884.125,205742.5
2023-03,NAVE_CATEGORIA,NAVE_004 | REPUESTOS MECANICOS,25080.01,93.0,14.0,14.0,3.0,1791.4292857142857,744.2249999999999,7378.94
2023-04,NAVE_CATEGORIA,NAVE_004 | REPUESTOS MECANICOS,10619.170000000002,23.0,11.0,10.0,4.0,965.3790909090911,159.0,6319.11
2023-05,NAVE_CATEGORIA,NAVE_004 | REPUESTOS MECANICOS,8006.629999999999,335.0,33.0,19.0,3.0,242.6251515151515,110.24,2873.56
2023-08,NAVE_CATEGORIA,NAVE_004 | REPUESTOS MECANICOS,600.0,5.0,1.0,1.0,1.0,600.0,600.0,600.0
2023-09,NAVE_CATEGORIA,NAVE_004 | REPUESTOS MECANICOS,72564.78000000001,353.0,21.0,21.0,5.0,3455.465714285715,343.51,48580.71
2023-10,NAVE_CATEGORIA,NAVE_004 | REPUESTOS MECANICOS,3292.959999999999,40.0,10.0,10.0,2.0,329.29599999999994,55.11,2304.0
2023-11,NAVE_CATEGORIA,NAVE_004 | REPUESTOS MECANICOS,3672.0,2.0,1.0,1.0,1.0,3672.0,3672.0,3672.0
2023-12,NAVE_CATEGORIA,NAVE_004 | REPUESTOS MECANICOS,15286.199999999999,402.0,94.0,92.0,7.0,162.6191489361702,24.655,2726.4
2024-02,NAVE_CATEGORIA,NAVE_004 | REPUESTOS MECANICOS,3886.8,310.0,17.0,17.0,1.0,228.63529411764708,53.65,1314.54
2025-02,NAVE_CATEGORIA,NAVE_004 | REPUESTOS MECANICOS,75.0,1.0,1.0,1.0,1.0,75.0,75.0,75.0
2025-04,NAVE_CATEGORIA,NAVE_004 | REPUESTOS MECANICOS,5851.21,2.0,1.0,1.0,1.0,5851.21,5851.21,5851.21
2025-05,NAVE_CATEGORIA,NAVE_004 | REPUESTOS MECANICOS,5930.36,15.0,8.0,8.0,1.0,741.295,48.739999999999995,4875.46
2025-06,NAVE_CATEGORIA,NAVE_004 | REPUESTOS MECANICOS,1232.86,3.0,1.0,1.0,1.0,1232.86,1232.86,1232.86
2025-08,NAVE_CATEGORIA,NAVE_004 | REPUESTOS MECANICOS,1944.0500000000002,5.0,4.0,4.0,1.0,486.01250000000005,204.105,1449.72
2025-10,NAVE_CATEGORIA,NAVE_004 | REPUESTOS MECANICOS,328.07,11.0,2.0,2.0,1.0,164.035,164.035,310.57
2025-11,NAVE_CATEGORIA,NAVE_004 | REPUESTOS MECANICOS,255.97,2.0,1.0,1.0,1.0,255.97,255.97,255.97
2021-01,NAVE_CATEGORIA,NAVE_004 | SERVICIOS DE MANTENIMIENTO,37920.9,9.0,9.0,2.0,6.0,4213.433333333333,580.0,32349.0
2021-02,NAVE_CATEGORIA,NAVE_004 | SERVICIOS DE MANTENIMIENTO,4540.0,7.0,7.0,3.0,5.0,648.5714285714286,250.0,2200.0
2021-03,NAVE_CATEGORIA,NAVE_004 | SERVICIOS DE MANTENIMIENTO,13363.02,5.0,5.0,3.0,4.0,2672.6040000000003,300.5,12056.52
2021-04,NAVE_CATEGORIA,NAVE_004 | SERVICIOS DE MANTENIMIENTO,2044.96,9.0,9.0,2.0,6.0,227.21777777777777,190.0,633.0
2021-05,NAVE_CATEGORIA,NAVE_004 | SERVICIOS DE MANTENIMIENTO,6728.35,2.0,2.0,2.0,2.0,3364.175,3364.175,6628.35
2021-06,NAVE_CATEGORIA,NAVE_004 | SERVICIOS DE MANTENIMIENTO,3468.71,5.0,5.0,2.0,4.0,693.742,520.0,1634.0
2021-07,NAVE_CATEGORIA,NAVE_004 | SERVICIOS DE MANTENIMIENTO,6850.0,3.0,3.0,1.0,3.0,2283.3333333333335,950.0,5250.0
2021-08,NAVE_CATEGORIA,NAVE_004 | SERVICIOS DE MANTENIMIENTO,2950.14,4.0,4.0,2.0,3.0,737.535,748.0699999999999,1254.0
2021-09,NAVE_CATEGORIA,NAVE_004 | SERVICIOS DE MANTENIMIENTO,17820.71,4.0,4.0,1.0,3.0,4455.1775,2225.0,12116.71
2021-10,NAVE_CATEGORIA,NAVE_004 | SERVICIOS DE MANTENIMIENTO,21625.29,8.0,8.0,3.0,4.0,2703.16125,732.615,15327.91
2021-11,NAVE_CATEGORIA,NAVE_004 | SERVICIOS DE MANTENIMIENTO,9346.86,4.0,4.0,2.0,3.0,2336.715,876.6,7383.0
2021-12,NAVE_CATEGORIA,NAVE_004 | SERVICIOS DE MANTENIMIENTO,1703.49,2.0,2.0,1.0,2.0,851.745,851.745,1403.49
2022-01,NAVE_CATEGORIA,NAVE_004 | SERVICIOS DE MANTENIMIENTO,84357.18000000001,7.0,7.0,2.0,4.0,12051.025714285715,1060.0,61233.1
2022-02,NAVE_CATEGORIA,NAVE_004 | SERVICIOS DE MANTENIMIENTO,1230.0,3.0,3.0,2.0,3.0,410.0,200.0,850.0
2022-03,NAVE_CATEGORIA,NAVE_004 | SERVICIOS DE MANTENIMIENTO,1240.46,5.0,5.0,3.0,5.0,248.092,160.0,770.0
2022-04,NAVE_CATEGORIA,NAVE_004 | SERVICIOS DE MANTENIMIENTO,10404.18,5.0,5.0,2.0,2.0,2080.8360000000002,1250.0,4525.0
2022-05,NAVE_CATEGORIA,NAVE_004 | SERVICIOS DE MANTENIMIENTO,19315.5,9.0,7.0,3.0,6.0,2759.3571428571427,750.0,8228.25
2022-06,NAVE_CATEGORIA,NAVE_004 | SERVICIOS DE MANTENIMIENTO,6970.0,6.0,6.0,1.0,2.0,1161.6666666666667,1187.5,1945.0
2022-07,NAVE_CATEGORIA,NAVE_004 | SERVICIOS DE MANTENIMIENTO,763.1400000000001,7.0,7.0,3.0,5.0,109.02000000000001,60.5,250.0
2022-08,NAVE_CATEGORIA,NAVE_004 | SERVICIOS DE MANTENIMIENTO,870.5,4.0,4.0,2.0,3.0,217.625,165.25,450.0
2022-09,NAVE_CATEGORIA,NAVE_004 | SERVICIOS DE MANTENIMIENTO,4658.32,5.0,5.0,1.0,4.0,931.664,700.0,1644.16
2022-10,NAVE_CATEGORIA,NAVE_004 | SERVICIOS DE MANTENIMIENTO,6805.0,7.0,7.0,2.0,3.0,972.1428571428571,700.0,2265.0
2022-11,NAVE_CATEGORIA,NAVE_004 | SERVICIOS DE MANTENIMIENTO,750.0,1.0,1.0,1.0,1.0,750.0,750.0,750.0
2022-12,NAVE_CATEGORIA,NAVE_004 | SERVICIOS DE MANTENIMIENTO,340.0,2.0,2.0,1.0,2.0,170.0,170.0,300.0
2023-01,NAVE_CATEGORIA,NAVE_004 | SERVICIOS DE MANTENIMIENTO,2227.0,5.0,5.0,2.0,5.0,445.4,287.0,1360.0
2023-02,NAVE_CATEGORIA,NAVE_004 | SERVICIOS DE MANTENIMIENTO,4302.45,3.0,3.0,2.0,3.0,1434.1499999999999,280.0,3995.99
2023-03,NAVE_CATEGORIA,NAVE_004 | SERVICIOS DE MANTENIMIENTO,9516.23,9.0,9.0,2.0,6.0,1057.358888888889,384.66,3721.41
2023-04,NAVE_CATEGORIA,NAVE_004 | SERVICIOS DE MANTENIMIENTO,4018.5499999999997,5.0,5.0,3.0,4.0,803.7099999999999,850.0,1751.78
2023-05,NAVE_CATEGORIA,NAVE_004 | SERVICIOS DE MANTENIMIENTO,19288.38,14.0,14.0,2.0,5.0,1377.7414285714287,327.5,12031.0
2023-06,NAVE_CATEGORIA,NAVE_004 | SERVICIOS DE MANTENIMIENTO,15401.890000000001,7.0,7.0,3.0,5.0,2200.27,1563.86,6758.83
2023-07,NAVE_CATEGORIA,NAVE_004 | SERVICIOS DE MANTENIMIENTO,643.96,3.0,3.0,2.0,3.0,214.65333333333334,113.5,504.0
2023-08,NAVE_CATEGORIA,NAVE_004 | SERVICIOS DE MANTENIMIENTO,1814.55,8.0,8.0,2.0,6.0,226.81875,152.245,850.0
2023-09,NAVE_CATEGORIA,NAVE_004 | SERVICIOS DE MANTENIMIENTO,9174.3,11.0,11.0,2.0,6.0,834.0272727272727,260.0,4660.0
2023-10,NAVE_CATEGORIA,NAVE_004 | SERVICIOS DE MANTENIMIENTO,3835.0,2.0,2.0,1.0,2.0,1917.5,1917.5,3135.0
2023-11,NAVE_CATEGORIA,NAVE_004 | SERVICIOS DE MANTENIMIENTO,44381.8,19.0,19.0,1.0,6.0,2335.884210526316,1820.0,6800.0
2023-12,NAVE_CATEGORIA,NAVE_004 | SERVICIOS DE MANTENIMIENTO,227617.76,40.0,40.0,2.0,13.0,5690.444,186.0,130476.47
2024-01,NAVE_CATEGORIA,NAVE_004 | SERVICIOS DE MANTENIMIENTO,50214.98,14.0,14.0,1.0,9.0,3586.784285714286,3320.0,9800.0
2024-02,NAVE_CATEGORIA,NAVE_004 | SERVICIOS DE MANTENIMIENTO,176795.05,21.0,21.0,1.0,10.0,8418.811904761904,1604.7,108414.99
2024-03,NAVE_CATEGORIA,NAVE_004 | SERVICIOS DE MANTENIMIENTO,27785.170000000002,8.0,8.0,1.0,6.0,3473.1462500000002,613.62,23981.53
2024-04,NAVE_CATEGORIA,NAVE_004 | SERVICIOS DE MANTENIMIENTO,1045.56,2.0,2.0,1.0,2.0,522.78,522.78,715.12
2024-05,NAVE_CATEGORIA,NAVE_004 | SERVICIOS DE MANTENIMIENTO,3234.85,2.0,2.0,1.0,2.0,1617.425,1617.425,2444.85
2024-06,NAVE_CATEGORIA,NAVE_004 | SERVICIOS DE MANTENIMIENTO,2321.56,3.0,3.0,1.0,3.0,773.8533333333334,971.56,1150.0
2024-07,NAVE_CATEGORIA,NAVE_004 | SERVICIOS DE MANTENIMIENTO,8008.110000000001,6.0,6.0,1.0,6.0,1334.6850000000002,1008.0,3417.11
2024-08,NAVE_CATEGORIA,NAVE_004 | SERVICIOS DE MANTENIMIENTO,2536.96,3.0,3.0,1.0,2.0,845.6533333333333,1248.48,1248.48
2024-09,NAVE_CATEGORIA,NAVE_004 | SERVICIOS DE MANTENIMIENTO,3224.0,2.0,2.0,1.0,2.0,1612.0,1612.0,2780.0
2024-10,NAVE_CATEGORIA,NAVE_004 | SERVICIOS DE MANTENIMIENTO,1710.0,2.0,2.0,1.0,1.0,855.0,855.0,950.0
2024-11,NAVE_CATEGORIA,NAVE_004 | SERVICIOS DE MANTENIMIENTO,10997.84,3.0,3.0,1.0,3.0,3665.9466666666667,3887.24,6610.6
2024-12,NAVE_CATEGORIA,NAVE_004 | SERVICIOS DE MANTENIMIENTO,9676.64,9.0,9.0,1.0,9.0,1075.1822222222222,787.56,2618.0
2025-01,NAVE_CATEGORIA,NAVE_004 | SERVICIOS DE MANTENIMIENTO,7720.0,5.0,5.0,1.0,4.0,1544.0,1200.0,3285.0
2025-02,NAVE_CATEGORIA,NAVE_004 | SERVICIOS DE MANTENIMIENTO,1500.0,3.0,3.0,1.0,3.0,500.0,470.0,930.0
2025-03,NAVE_CATEGORIA,NAVE_004 | SERVICIOS DE MANTENIMIENTO,2104.2,4.0,4.0,1.0,4.0,526.05,562.1,900.0
2025-04,NAVE_CATEGORIA,NAVE_004 | SERVICIOS DE MANTENIMIENTO,429.2,2.0,2.0,1.0,2.0,214.6,214.6,354.46
2025-05,NAVE_CATEGORIA,NAVE_004 | SERVICIOS DE MANTENIMIENTO,3705.0,3.0,3.0,1.0,3.0,1235.0,1150.0,2205.0
2025-06,NAVE_CATEGORIA,NAVE_004 | SERVICIOS DE MANTENIMIENTO,10707.75,18.0,11.0,2.0,7.0,973.4318181818181,787.56,2850.0
2025-07,NAVE_CATEGORIA,NAVE_004 | SERVICIOS DE MANTENIMIENTO,6411.570000000001,59.0,5.0,2.0,5.0,1282.314,870.0,2419.02
2025-08,NAVE_CATEGORIA,NAVE_004 | SERVICIOS DE MANTENIMIENTO,795.0,2.0,2.0,1.0,2.0,397.5,397.5,700.0
2025-09,NAVE_CATEGORIA,NAVE_004 | SERVICIOS DE MANTENIMIENTO,3662.0,3.0,3.0,3.0,3.0,1220.6666666666667,1500.0,1500.0
2025-10,NAVE_CATEGORIA,NAVE_004 | SERVICIOS DE MANTENIMIENTO,1915.45,5.0,5.0,3.0,4.0,383.09000000000003,300.0,700.0
2025-11,NAVE_CATEGORIA,NAVE_004 | SERVICIOS DE MANTENIMIENTO,1422.2,3.0,3.0,1.0,2.0,474.06666666666666,559.36,802.84
2025-12,NAVE_CATEGORIA,NAVE_004 | SERVICIOS DE MANTENIMIENTO,2763.91,2.0,2.0,1.0,1.0,1381.955,1381.955,2303.04
2021-02,NAVE_CATEGORIA,NAVE_005 | ACEITE,222.0,4.0,1.0,1.0,1.0,222.0,222.0,222.0
2021-05,NAVE_CATEGORIA,NAVE_005 | ACEITE,913.41,1.0,1.0,1.0,1.0,913.41,913.41,913.41
2021-09,NAVE_CATEGORIA,NAVE_005 | ACEITE,5140.92,22.0,3.0,2.0,1.0,1713.64,684.97,4350.57
2021-11,NAVE_CATEGORIA,NAVE_005 | ACEITE,862.57,1.0,1.0,1.0,1.0,862.57,862.57,862.57
2021-12,NAVE_CATEGORIA,NAVE_005 | ACEITE,1380.56,3.0,2.0,2.0,2.0,690.28,690.28,1292.56
2022-02,NAVE_CATEGORIA,NAVE_005 | ACEITE,3717.1600000000003,10.0,2.0,2.0,1.0,1858.5800000000002,1858.5800000000002,3377.82
2022-08,NAVE_CATEGORIA,NAVE_005 | ACEITE,3717.45,6.0,2.0,2.0,2.0,1858.725,1858.725,3622.45
2023-03,NAVE_CATEGORIA,NAVE_005 | ACEITE,737.79,10.0,3.0,3.0,2.0,245.92999999999998,320.31,399.48
2023-11,NAVE_CATEGORIA,NAVE_005 | ACEITE,25106.97,32.0,1.0,1.0,1.0,25106.97,25106.97,25106.97
2024-04,NAVE_CATEGORIA,NAVE_005 | ACEITE,26196.84,500.0,6.0,4.0,2.0,4366.14,3256.5,8686.59
2021-01,NAVE_CATEGORIA,NAVE_005 | FERRETERIA,85.5,9.0,1.0,1.0,1.0,85.5,85.5,85.5
2021-02,NAVE_CATEGORIA,NAVE_005 | FERRETERIA,808.0,17.0,4.0,4.0,3.0,202.0,185.75,399.0
2021-03,NAVE_CATEGORIA,NAVE_005 | FERRETERIA,1234.2700000000002,103.0,18.0,18.0,3.0,68.57055555555557,26.1,464.0
2021-04,NAVE_CATEGORIA,NAVE_005 | FERRETERIA,792.87,4.0,2.0,1.0,2.0,396.435,396.435,642.87
2021-05,NAVE_CATEGORIA,NAVE_005 | FERRETERIA,640.37,68.0,9.0,9.0,3.0,71.15222222222222,53.87,255.0
2021-08,NAVE_CATEGORIA,NAVE_005 | FERRETERIA,127.0,1.0,1.0,1.0,1.0,127.0,127.0,127.0
2021-09,NAVE_CATEGORIA,NAVE_005 | FERRETERIA,49.589999999999996,28.0,6.0,6.0,1.0,8.264999999999999,6.625,19.1
2021-10,NAVE_CATEGORIA,NAVE_005 | FERRETERIA,304.0,9.0,3.0,3.0,2.0,101.33333333333333,6.0,295.0
2021-11,NAVE_CATEGORIA,NAVE_005 | FERRETERIA,654.4,23.0,7.0,7.0,2.0,93.48571428571428,10.5,602.9
2021-12,NAVE_CATEGORIA,NAVE_005 | FERRETERIA,2138.04,278.0,36.0,32.0,8.0,59.39,31.25,294.0
2022-01,NAVE_CATEGORIA,NAVE_005 | FERRETERIA,20.25,3.0,1.0,1.0,1.0,20.25,20.25,20.25
2022-02,NAVE_CATEGORIA,NAVE_005 | FERRETERIA,294.14,27.0,2.0,2.0,1.0,147.07,147.07,154.0
2022-03,NAVE_CATEGORIA,NAVE_005 | FERRETERIA,553.7399999999999,188.0,29.0,29.0,1.0,19.094482758620686,6.74,164.24
2022-05,NAVE_CATEGORIA,NAVE_005 | FERRETERIA,812.6199999999999,284.43,13.0,13.0,4.0,62.50923076923076,21.56,230.0
2022-06,NAVE_CATEGORIA,NAVE_005 | FERRETERIA,2949.4600000000005,60.0,18.0,18.0,5.0,163.8588888888889,12.0,1873.22
2022-07,NAVE_CATEGORIA,NAVE_005 | FERRETERIA,737.3,42.0,8.0,8.0,3.0,92.1625,63.07,380.0
2022-08,NAVE_CATEGORIA,NAVE_005 | FERRETERIA,280.35,6.0,3.0,3.0,1.0,93.45,38.0,236.62
2022-11,NAVE_CATEGORIA,NAVE_005 | FERRETERIA,801.9999999999999,88.0,13.0,12.0,3.0,61.692307692307686,11.4,263.34
2023-01,NAVE_CATEGORIA,NAVE_005 | FERRETERIA,217.8,3.0,1.0,1.0,1.0,217.8,217.8,217.8
2023-02,NAVE_CATEGORIA,NAVE_005 | FERRETERIA,294.33,111.0,10.0,10.0,2.0,29.433,8.545,134.4
2023-03,NAVE_CATEGORIA,NAVE_005 | FERRETERIA,2735.05,265.0,33.0,31.0,7.0,82.88030303030304,42.21,680.0
2023-04,NAVE_CATEGORIA,NAVE_005 | FERRETERIA,140.0,1.0,1.0,1.0,1.0,140.0,140.0,140.0
2023-06,NAVE_CATEGORIA,NAVE_005 | FERRETERIA,2310.2400000000002,44.0,8.0,8.0,3.0,288.78000000000003,21.815,1628.46
2023-07,NAVE_CATEGORIA,NAVE_005 | FERRETERIA,44141.46,173.0,19.0,19.0,4.0,2323.234736842105,12.32,42250.0
2023-09,NAVE_CATEGORIA,NAVE_005 | FERRETERIA,42.0,2.0,1.0,1.0,1.0,42.0,42.0,42.0
2023-10,NAVE_CATEGORIA,NAVE_005 | FERRETERIA,566.74,104.0,17.0,15.0,2.0,33.33764705882353,15.0,123.6
2023-11,NAVE_CATEGORIA,NAVE_005 | FERRETERIA,385.53000000000003,103.0,12.0,12.0,2.0,32.127500000000005,9.79,123.6
2023-12,NAVE_CATEGORIA,NAVE_005 | FERRETERIA,50.4,18.0,2.0,2.0,1.0,25.2,25.2,26.88
2024-04,NAVE_CATEGORIA,NAVE_005 | FERRETERIA,2808.77,13400.0,40.0,39.0,7.0,70.21925,28.82,384.0
2024-05,NAVE_CATEGORIA,NAVE_005 | FERRETERIA,9.809999999999999,20.0,2.0,2.0,1.0,4.904999999999999,4.904999999999999,6.81
2025-05,NAVE_CATEGORIA,NAVE_005 | FERRETERIA,50.58,25.0,2.0,2.0,1.0,25.29,25.29,26.4
2025-06,NAVE_CATEGORIA,NAVE_005 | FERRETERIA,503.21999999999997,12.0,5.0,5.0,1.0,100.64399999999999,41.4,269.5
2025-07,NAVE_CATEGORIA,NAVE_005 | FERRETERIA,99.75,18.0,4.0,4.0,1.0,24.9375,18.439999999999998,56.22
2025-08,NAVE_CATEGORIA,NAVE_005 | FERRETERIA,209.64000000000001,46.0,12.0,12.0,1.0,17.470000000000002,9.95,91.41
2025-09,NAVE_CATEGORIA,NAVE_005 | FERRETERIA,21.75,310.0,5.0,5.0,1.0,4.35,2.5,12.8
2025-10,NAVE_CATEGORIA,NAVE_005 | FERRETERIA,143.77,42.0,13.0,13.0,1.0,11.05923076923077,7.84,25.0
2025-12,NAVE_CATEGORIA,NAVE_005 | FERRETERIA,7.74,23.0,2.0,2.0,1.0,3.87,3.87,5.04
2021-03,NAVE_CATEGORIA,NAVE_005 | FILTROS,1695.8,4.0,1.0,1.0,1.0,1695.8,1695.8,1695.8
2021-05,NAVE_CATEGORIA,NAVE_005 | FILTROS,1467.48,42.0,1.0,1.0,1.0,1467.48,1467.48,1467.48
2021-06,NAVE_CATEGORIA,NAVE_005 | FILTROS,1142.4,12.0,1.0,1.0,1.0,1142.4,1142.4,1142.4
2021-07,NAVE_CATEGORIA,NAVE_005 | FILTROS,2543.7,6.0,1.0,1.0,1.0,2543.7,2543.7,2543.7
2021-10,NAVE_CATEGORIA,NAVE_005 | FILTROS,1482.18,42.0,1.0,1.0,1.0,1482.18,1482.18,1482.18
2021-11,NAVE_CATEGORIA,NAVE_005 | FILTROS,6731.24,28.0,4.0,2.0,1.0,1682.81,1682.81,2543.7
2022-02,NAVE_CATEGORIA,NAVE_005 | FILTROS,3302.34,90.0,5.0,5.0,4.0,660.4680000000001,597.66,1360.56
2022-07,NAVE_CATEGORIA,NAVE_005 | FILTROS,1462.25,5.0,2.0,2.0,1.0,731.125,731.125,1271.85
2022-08,NAVE_CATEGORIA,NAVE_005 | FILTROS,1070.35,13.0,3.0,3.0,2.0,356.7833333333333,185.25,761.6
2023-03,NAVE_CATEGORIA,NAVE_005 | FILTROS,450.88,6.0,2.0,2.0,2.0,225.44,225.44,380.8
2023-04,NAVE_CATEGORIA,NAVE_005 | FILTROS,3470.7200000000003,24.0,3.0,3.0,2.0,1156.9066666666668,419.02,2670.9
2023-06,NAVE_CATEGORIA,NAVE_005 | FILTROS,608.83,8.0,1.0,1.0,1.0,608.83,608.83,608.83
2023-09,NAVE_CATEGORIA,NAVE_005 | FILTROS,3541.32,70.0,3.0,3.0,1.0,1180.44,1433.72,1825.76
2023-11,NAVE_CATEGORIA,NAVE_005 | FILTROS,1873.8600000000001,24.0,2.0,2.0,1.0,936.9300000000001,936.9300000000001,1000.84
2025-05,NAVE_CATEGORIA,NAVE_005 | FILTROS,1999.77,38.0,7.0,7.0,1.0,285.68142857142857,341.04,456.23
2025-06,NAVE_CATEGORIA,NAVE_005 | FILTROS,765.64,17.0,3.0,3.0,1.0,255.21333333333334,158.8,465.48
2025-09,NAVE_CATEGORIA,NAVE_005 | FILTROS,669.74,21.0,5.0,5.0,1.0,133.948,158.79,232.74
2025-11,NAVE_CATEGORIA,NAVE_005 | FILTROS,3657.36,52.0,10.0,10.0,1.0,365.736,285.245,1182.24
2024-04,NAVE_CATEGORIA,NAVE_005 | GRASAS,885.8699999999999,150.0,6.0,5.0,3.0,147.64499999999998,144.95499999999998,238.8
2021-03,NAVE_CATEGORIA,NAVE_005 | QUIMICOS,339.8,14.0,2.0,2.0,1.0,169.9,169.9,307.0
2021-05,NAVE_CATEGORIA,NAVE_005 | QUIMICOS,45.42,6.0,1.0,1.0,1.0,45.42,45.42,45.42
2021-09,NAVE_CATEGORIA,NAVE_005 | QUIMICOS,225.07999999999998,16.0,3.0,3.0,2.0,75.02666666666666,70.4,116.8
2021-11,NAVE_CATEGORIA,NAVE_005 | QUIMICOS,280.0,15.0,2.0,2.0,1.0,140.0,140.0,140.8
2022-08,NAVE_CATEGORIA,NAVE_005 | QUIMICOS,91.02000000000001,12.0,2.0,2.0,1.0,45.510000000000005,45.510000000000005,47.28
2023-03,NAVE_CATEGORIA,NAVE_005 | QUIMICOS,100.26,12.0,2.0,2.0,1.0,50.13,50.13,50.59
2023-07,NAVE_CATEGORIA,NAVE_005 | QUIMICOS,60.98,3.0,1.0,1.0,1.0,60.98,60.98,60.98
2024-04,NAVE_CATEGORIA,NAVE_005 | QUIMICOS,4318.58,2370.0,8.0,7.0,4.0,539.8225,202.68,2384.91
2024-05,NAVE_CATEGORIA,NAVE_005 | QUIMICOS,166.65,550.0,1.0,1.0,1.0,166.65,166.65,166.65
2025-10,NAVE_CATEGORIA,NAVE_005 | QUIMICOS,80.33,6.0,2.0,2.0,1.0,40.165,40.165,42.73
2024-03,NAVE_CATEGORIA,NAVE_005 | REPUESTOS ELECTRICOS,121.5,900.0,1.0,1.0,1.0,121.5,121.5,121.5
2024-04,NAVE_CATEGORIA,NAVE_005 | REPUESTOS ELECTRICOS,5088.26,7410.0,39.0,37.0,7.0,130.46820512820514,16.33,1631.04
2024-05,NAVE_CATEGORIA,NAVE_005 | REPUESTOS ELECTRICOS,139.5,10.0,1.0,1.0,1.0,139.5,139.5,139.5
2025-06,NAVE_CATEGORIA,NAVE_005 | REPUESTOS ELECTRICOS,232.0,11.0,3.0,3.0,1.0,77.33333333333333,88.0,112.0
2025-08,NAVE_CATEGORIA,NAVE_005 | REPUESTOS ELECTRICOS,2475.0,1.0,1.0,1.0,1.0,2475.0,2475.0,2475.0
2021-03,NAVE_CATEGORIA,NAVE_005 | REPUESTOS MECANICOS,199.08,12.0,1.0,1.0,1.0,199.08,199.08,199.08
2021-05,NAVE_CATEGORIA,NAVE_005 | REPUESTOS MECANICOS,5406.46,55.0,6.0,6.0,2.0,901.0766666666667,513.48,2780.08
2021-06,NAVE_CATEGORIA,NAVE_005 | REPUESTOS MECANICOS,731.6,5.0,1.0,1.0,1.0,731.6,731.6,731.6
2021-08,NAVE_CATEGORIA,NAVE_005 | REPUESTOS MECANICOS,1100.0,1.0,1.0,1.0,1.0,1100.0,1100.0,1100.0
2021-09,NAVE_CATEGORIA,NAVE_005 | REPUESTOS MECANICOS,4184.139999999999,13.0,4.0,4.0,4.0,1046.0349999999999,770.0,2434.14
2021-10,NAVE_CATEGORIA,NAVE_005 | REPUESTOS MECANICOS,5433.66,63.0,3.0,3.0,1.0,1811.22,2216.7,2284.56
2021-11,NAVE_CATEGORIA,NAVE_005 | REPUESTOS MECANICOS,11056.38,96.0,7.0,6.0,2.0,1579.482857142857,1084.8,3471.36
2021-12,NAVE_CATEGORIA,NAVE_005 | REPUESTOS MECANICOS,2130.0,4.0,2.0,2.0,2.0,1065.0,1065.0,1780.0
2022-02,NAVE_CATEGORIA,NAVE_005 | REPUESTOS MECANICOS,6089.28,58.0,7.0,7.0,3.0,869.8971428571429,122.52,3546.72
2022-03,NAVE_CATEGORIA,NAVE_005 | REPUESTOS MECANICOS,1853.24,3.0,2.0,2.0,2.0,926.62,926.62,1115.79
2022-05,NAVE_CATEGORIA,NAVE_005 | REPUESTOS MECANICOS,3654.18,9.0,4.0,4.0,3.0,913.545,538.65,2543.4
2022-06,NAVE_CATEGORIA,NAVE_005 | REPUESTOS MECANICOS,1850.83,5.0,3.0,3.0,2.0,616.9433333333333,268.44,1352.0
2022-07,NAVE_CATEGORIA,NAVE_005 | REPUESTOS MECANICOS,4809.2300000000005,36.9,13.0,13.0,2.0,369.94076923076926,346.12,815.49
2022-08,NAVE_CATEGORIA,NAVE_005 | REPUESTOS MECANICOS,756.3599999999999,14.0,3.0,3.0,3.0,252.11999999999998,116.04,597.64
2022-10,NAVE_CATEGORIA,NAVE_005 | REPUESTOS MECANICOS,436.36,8.0,2.0,2.0,2.0,218.18,218.18,364.36
2022-12,NAVE_CATEGORIA,NAVE_005 | REPUESTOS MECANICOS,41085.99,3.0,3.0,3.0,2.0,13695.33,2388.27,38686.8
2023-01,NAVE_CATEGORIA,NAVE_005 | REPUESTOS MECANICOS,5790.17,22.0,14.0,14.0,1.0,413.5835714285714,62.019999999999996,2198.18
2023-02,NAVE_CATEGORIA,NAVE_005 | REPUESTOS MECANICOS,2280.1600000000003,2.0,2.0,2.0,1.0,1140.0800000000002,1140.0800000000002,2273.61
2023-03,NAVE_CATEGORIA,NAVE_005 | REPUESTOS MECANICOS,973.85,14.0,3.0,3.0,2.0,324.6166666666667,122.64,751.2
2023-04,NAVE_CATEGORIA,NAVE_005 | REPUESTOS MECANICOS,27712.420000000002,31.0,12.0,12.0,4.0,2309.3683333333333,1698.56,14051.0
2023-05,NAVE_CATEGORIA,NAVE_005 | REPUESTOS MECANICOS,1328.47,2.0,2.0,2.0,2.0,664.235,664.235,973.22
2023-06,NAVE_CATEGORIA,NAVE_005 | REPUESTOS MECANICOS,35138.909999999996,95.0,7.0,7.0,1.0,5019.844285714285,2254.08,18080.85
2023-07,NAVE_CATEGORIA,NAVE_005 | REPUESTOS MECANICOS,2962.62,10.0,3.0,2.0,2.0,987.54,1254.4,1379.84
2023-08,NAVE_CATEGORIA,NAVE_005 | REPUESTOS MECANICOS,1881.6,6.0,1.0,1.0,1.0,1881.6,1881.6,1881.6
2023-09,NAVE_CATEGORIA,NAVE_005 | REPUESTOS MECANICOS,39765.530000000006,100.0,3.0,3.0,2.0,13255.176666666668,3366.41,35500.0
2023-11,NAVE_CATEGORIA,NAVE_005 | REPUESTOS MECANICOS,340255.26,534.0,73.0,72.0,1.0,4661.03095890411,206.93,85530.99
2023-12,NAVE_CATEGORIA,NAVE_005 | REPUESTOS MECANICOS,1770.05,5.0,1.0,1.0,1.0,1770.05,1770.05,1770.05
2024-04,NAVE_CATEGORIA,NAVE_005 | REPUESTOS MECANICOS,4210.139999999999,3970.0,28.0,27.0,3.0,150.36214285714283,92.16,595.68
2025-05,NAVE_CATEGORIA,NAVE_005 | REPUESTOS MECANICOS,4278.89,47.0,20.0,20.0,1.0,213.9445,73.035,1454.01
2025-08,NAVE_CATEGORIA,NAVE_005 | REPUESTOS MECANICOS,616.42,1.0,1.0,1.0,1.0,616.42,616.42,616.42
2025-11,NAVE_CATEGORIA,NAVE_005 | REPUESTOS MECANICOS,303.56,105.0,2.0,2.0,1.0,151.78,151.78,232.74
2025-12,NAVE_CATEGORIA,NAVE_005 | REPUESTOS MECANICOS,3974.49,1.0,1.0,1.0,1.0,3974.49,3974.49,3974.49
2021-01,NAVE_CATEGORIA,NAVE_005 | SERVICIOS DE MANTENIMIENTO,1033.21,2.0,2.0,1.0,2.0,516.605,516.605,810.0
2021-02,NAVE_CATEGORIA,NAVE_005 | SERVICIOS DE MANTENIMIENTO,860.0,2.0,2.0,2.0,2.0,430.0,430.0,610.0
2021-03,NAVE_CATEGORIA,NAVE_005 | SERVICIOS DE MANTENIMIENTO,920.0,1.0,1.0,1.0,1.0,920.0,920.0,920.0
2021-05,NAVE_CATEGORIA,NAVE_005 | SERVICIOS DE MANTENIMIENTO,100.0,1.0,1.0,1.0,1.0,100.0,100.0,100.0
2021-07,NAVE_CATEGORIA,NAVE_005 | SERVICIOS DE MANTENIMIENTO,250.0,1.0,1.0,1.0,1.0,250.0,250.0,250.0
2021-08,NAVE_CATEGORIA,NAVE_005 | SERVICIOS DE MANTENIMIENTO,7537.5599999999995,6.0,6.0,2.0,2.0,1256.26,588.0,3385.6
2021-09,NAVE_CATEGORIA,NAVE_005 | SERVICIOS DE MANTENIMIENTO,1645.0,3.0,3.0,2.0,3.0,548.3333333333334,650.0,855.0
2021-10,NAVE_CATEGORIA,NAVE_005 | SERVICIOS DE MANTENIMIENTO,10565.0,2.0,2.0,2.0,1.0,5282.5,5282.5,7797.0
2021-11,NAVE_CATEGORIA,NAVE_005 | SERVICIOS DE MANTENIMIENTO,6467.45,2.0,2.0,1.0,1.0,3233.725,3233.725,6017.45
2022-01,NAVE_CATEGORIA,NAVE_005 | SERVICIOS DE MANTENIMIENTO,47656.46000000001,7.0,7.0,3.0,2.0,6808.065714285715,4478.0,16532.63
2022-02,NAVE_CATEGORIA,NAVE_005 | SERVICIOS DE MANTENIMIENTO,108.0,1.0,1.0,1.0,1.0,108.0,108.0,108.0
2022-03,NAVE_CATEGORIA,NAVE_005 | SERVICIOS DE MANTENIMIENTO,6100.99,4.0,4.0,2.0,3.0,1525.2475,1446.925,2397.14
2022-04,NAVE_CATEGORIA,NAVE_005 | SERVICIOS DE MANTENIMIENTO,6058.8,5.0,5.0,2.0,4.0,1211.76,850.0,2630.8
2022-05,NAVE_CATEGORIA,NAVE_005 | SERVICIOS DE MANTENIMIENTO,1066.0,1.0,1.0,1.0,1.0,1066.0,1066.0,1066.0
2022-06,NAVE_CATEGORIA,NAVE_005 | SERVICIOS DE MANTENIMIENTO,292.69,3.0,3.0,1.0,3.0,97.56333333333333,35.14,250.0
2022-07,NAVE_CATEGORIA,NAVE_005 | SERVICIOS DE MANTENIMIENTO,17642.6,4.0,4.0,2.0,4.0,4410.65,1390.0,14612.6
2022-08,NAVE_CATEGORIA,NAVE_005 | SERVICIOS DE MANTENIMIENTO,2272.0,3.0,3.0,2.0,2.0,757.3333333333334,1036.0,1036.0
2022-09,NAVE_CATEGORIA,NAVE_005 | SERVICIOS DE MANTENIMIENTO,2292.0,3.0,3.0,1.0,3.0,764.0,950.0,950.0
2022-11,NAVE_CATEGORIA,NAVE_005 | SERVICIOS DE MANTENIMIENTO,335.01,3.0,3.0,1.0,1.0,111.67,50.0,250.0
2022-12,NAVE_CATEGORIA,NAVE_005 | SERVICIOS DE MANTENIMIENTO,527.0,2.0,2.0,2.0,2.0,263.5,263.5,277.0
2023-01,NAVE_CATEGORIA,NAVE_005 | SERVICIOS DE MANTENIMIENTO,1939.51,3.0,3.0,2.0,3.0,646.5033333333333,465.66,1400.0
2023-02,NAVE_CATEGORIA,NAVE_005 | SERVICIOS DE MANTENIMIENTO,4775.55,8.0,8.0,2.0,6.0,596.94375,347.5,2240.0
2023-03,NAVE_CATEGORIA,NAVE_005 | SERVICIOS DE MANTENIMIENTO,3006.0,4.0,4.0,1.0,4.0,751.5,753.0,1050.0
2023-04,NAVE_CATEGORIA,NAVE_005 | SERVICIOS DE MANTENIMIENTO,6739.97,6.0,6.0,1.0,2.0,1123.3283333333334,1169.475,1650.51
2023-05,NAVE_CATEGORIA,NAVE_005 | SERVICIOS DE MANTENIMIENTO,2144.0,4.0,4.0,1.0,3.0,536.0,426.5,950.0
2023-06,NAVE_CATEGORIA,NAVE_005 | SERVICIOS DE MANTENIMIENTO,20196.01,5.0,5.0,2.0,3.0,4039.2019999999998,3785.5,7180.07
2023-08,NAVE_CATEGORIA,NAVE_005 | SERVICIOS DE MANTENIMIENTO,4320.62,2.0,2.0,1.0,2.0,2160.31,2160.31,4080.62
2023-09,NAVE_CATEGORIA,NAVE_005 | SERVICIOS DE MANTENIMIENTO,17164.83,3.0,3.0,1.0,3.0,5721.610000000001,900.0,15461.5
2023-10,NAVE_CATEGORIA,NAVE_005 | SERVICIOS DE MANTENIMIENTO,700.0,1.0,1.0,1.0,1.0,700.0,700.0,700.0
2023-11,NAVE_CATEGORIA,NAVE_005 | SERVICIOS DE MANTENIMIENTO,138726.84,4.0,4.0,3.0,3.0,34681.71,28418.0,81815.84
2023-12,NAVE_CATEGORIA,NAVE_005 | SERVICIOS DE MANTENIMIENTO,10800.0,1.0,1.0,1.0,1.0,10800.0,10800.0,10800.0
2024-01,NAVE_CATEGORIA,NAVE_005 | SERVICIOS DE MANTENIMIENTO,1292.0,1.0,1.0,1.0,1.0,1292.0,1292.0,1292.0
2024-02,NAVE_CATEGORIA,NAVE_005 | SERVICIOS DE MANTENIMIENTO,17765.0,2.0,2.0,1.0,2.0,8882.5,8882.5,16865.0
2024-03,NAVE_CATEGORIA,NAVE_005 | SERVICIOS DE MANTENIMIENTO,33037.369999999995,6.0,6.0,1.0,3.0,5506.228333333333,2038.4650000000001,19500.0
2024-04,NAVE_CATEGORIA,NAVE_005 | SERVICIOS DE MANTENIMIENTO,9737.79,8.0,8.0,1.0,6.0,1217.22375,1204.5,2570.0
2024-05,NAVE_CATEGORIA,NAVE_005 | SERVICIOS DE MANTENIMIENTO,290781.52,15.0,15.0,1.0,10.0,19385.434666666668,3680.0,137352.29
2024-06,NAVE_CATEGORIA,NAVE_005 | SERVICIOS DE MANTENIMIENTO,8007.5,5.0,5.0,1.0,5.0,1601.5,1100.0,3080.0
2024-07,NAVE_CATEGORIA,NAVE_005 | SERVICIOS DE MANTENIMIENTO,10719.15,3.0,3.0,1.0,3.0,3573.0499999999997,2945.06,7324.09
2024-08,NAVE_CATEGORIA,NAVE_005 | SERVICIOS DE MANTENIMIENTO,2033.0,4.0,4.0,1.0,3.0,508.25,452.5,720.0
2024-09,NAVE_CATEGORIA,NAVE_005 | SERVICIOS DE MANTENIMIENTO,640.0,2.0,2.0,1.0,2.0,320.0,320.0,550.0
2024-10,NAVE_CATEGORIA,NAVE_005 | SERVICIOS DE MANTENIMIENTO,569.0,1.0,1.0,1.0,1.0,569.0,569.0,569.0
2024-11,NAVE_CATEGORIA,NAVE_005 | SERVICIOS DE MANTENIMIENTO,1195.0,2.0,2.0,1.0,2.0,597.5,597.5,1045.0
2024-12,NAVE_CATEGORIA,NAVE_005 | SERVICIOS DE MANTENIMIENTO,2664.05,3.0,3.0,1.0,3.0,888.0166666666668,520.0,1684.05
2025-01,NAVE_CATEGORIA,NAVE_005 | SERVICIOS DE MANTENIMIENTO,6040.0,4.0,4.0,1.0,3.0,1510.0,905.0,3915.0
2025-02,NAVE_CATEGORIA,NAVE_005 | SERVICIOS DE MANTENIMIENTO,1410.0,3.0,3.0,1.0,3.0,470.0,270.0,950.0
2025-03,NAVE_CATEGORIA,NAVE_005 | SERVICIOS DE MANTENIMIENTO,7300.16,3.0,3.0,1.0,2.0,2433.3866666666668,950.16,6000.0
2025-04,NAVE_CATEGORIA,NAVE_005 | SERVICIOS DE MANTENIMIENTO,7540.0,4.0,4.0,1.0,3.0,1885.0,834.5,5421.0
2025-05,NAVE_CATEGORIA,NAVE_005 | SERVICIOS DE MANTENIMIENTO,2791.0,4.0,4.0,1.0,3.0,697.75,565.0,1616.0
2025-06,NAVE_CATEGORIA,NAVE_005 | SERVICIOS DE MANTENIMIENTO,3000.0,2.0,2.0,1.0,1.0,1500.0,1500.0,1500.0
2025-08,NAVE_CATEGORIA,NAVE_005 | SERVICIOS DE MANTENIMIENTO,471.41999999999996,2.0,2.0,1.0,2.0,235.70999999999998,235.70999999999998,466.08
2025-09,NAVE_CATEGORIA,NAVE_005 | SERVICIOS DE MANTENIMIENTO,1575.0,3.0,3.0,2.0,2.0,525.0,660.0,660.0
2025-10,NAVE_CATEGORIA,NAVE_005 | SERVICIOS DE MANTENIMIENTO,1300.0,1.0,1.0,1.0,1.0,1300.0,1300.0,1300.0
2025-11,NAVE_CATEGORIA,NAVE_005 | SERVICIOS DE MANTENIMIENTO,6137.13,4.0,3.0,2.0,2.0,2045.71,570.0,5377.13
2021-01,NAVE_CATEGORIA,NAVE_006 | ACEITE,2092.8,6.0,3.0,3.0,1.0,697.6,849.6,1021.2
2021-03,NAVE_CATEGORIA,NAVE_006 | ACEITE,255.0,6.0,1.0,1.0,1.0,255.0,255.0,255.0
2021-05,NAVE_CATEGORIA,NAVE_006 | ACEITE,2068.9900000000002,9.0,4.0,4.0,2.0,517.2475000000001,530.4,913.41
2021-10,NAVE_CATEGORIA,NAVE_006 | ACEITE,848.93,1.0,1.0,1.0,1.0,848.93,848.93,848.93
2021-11,NAVE_CATEGORIA,NAVE_006 | ACEITE,862.57,1.0,1.0,1.0,1.0,862.57,862.57,862.57
2021-12,NAVE_CATEGORIA,NAVE_006 | ACEITE,3877.68,6.0,1.0,1.0,1.0,3877.68,3877.68,3877.68
2022-01,NAVE_CATEGORIA,NAVE_006 | ACEITE,1316.5,25.0,1.0,1.0,1.0,1316.5,1316.5,1316.5
2022-02,NAVE_CATEGORIA,NAVE_006 | ACEITE,339.34,5.0,1.0,1.0,1.0,339.34,339.34,339.34
2022-08,NAVE_CATEGORIA,NAVE_006 | ACEITE,3622.45,5.0,1.0,1.0,1.0,3622.45,3622.45,3622.45
2022-10,NAVE_CATEGORIA,NAVE_006 | ACEITE,688.43,1.0,1.0,1.0,1.0,688.43,688.43,688.43
2023-03,NAVE_CATEGORIA,NAVE_006 | ACEITE,95.0,1.0,1.0,1.0,1.0,95.0,95.0,95.0
2023-07,NAVE_CATEGORIA,NAVE_006 | ACEITE,9457.44,12.0,1.0,1.0,1.0,9457.44,9457.44,9457.44
2023-11,NAVE_CATEGORIA,NAVE_006 | ACEITE,18600.02,24.0,1.0,1.0,1.0,18600.02,18600.02,18600.02
2024-08,NAVE_CATEGORIA,NAVE_006 | ACEITE,9201.03,100.0,4.0,2.0,2.0,2300.2575,2262.1400000000003,3389.42
2025-08,NAVE_CATEGORIA,NAVE_006 | ACEITE,5377.14,15.0,1.0,1.0,1.0,5377.14,5377.14,5377.14
2021-01,NAVE_CATEGORIA,NAVE_006 | FERRETERIA,193.54999999999998,28.0,6.0,6.0,2.0,32.25833333333333,23.16,85.5
2021-02,NAVE_CATEGORIA,NAVE_006 | FERRETERIA,482.34000000000003,116.0,18.0,18.0,4.0,26.796666666666667,16.75,121.5
2021-03,NAVE_CATEGORIA,NAVE_006 | FERRETERIA,2603.8599999999997,190.0,36.0,35.0,5.0,72.32944444444443,19.75,602.83
2021-04,NAVE_CATEGORIA,NAVE_006 | FERRETERIA,48.0,20.0,4.0,4.0,1.0,12.0,9.0,24.0
2021-05,NAVE_CATEGORIA,NAVE_006 | FERRETERIA,500.36999999999995,55.0,8.0,8.0,2.0,62.54624999999999,11.07,399.0
2021-06,NAVE_CATEGORIA,NAVE_006 | FERRETERIA,849.8099999999998,118.0,23.0,23.0,3.0,36.94826086956521,14.1,255.0
2021-07,NAVE_CATEGORIA,NAVE_006 | FERRETERIA,45.46,4.0,2.0,2.0,1.0,22.73,22.73,29.66
2021-10,NAVE_CATEGORIA,NAVE_006 | FERRETERIA,118.15,6.0,6.0,6.0,1.0,19.691666666666666,7.225,85.0
2021-12,NAVE_CATEGORIA,NAVE_006 | FERRETERIA,209.85000000000002,16.0,2.0,2.0,1.0,104.92500000000001,104.92500000000001,142.02
2022-01,NAVE_CATEGORIA,NAVE_006 | FERRETERIA,960.45,172.0,8.0,7.0,3.0,120.05625,132.25,225.0
2022-02,NAVE_CATEGORIA,NAVE_006 | FERRETERIA,311.78,15.0,2.0,2.0,2.0,155.89,155.89,168.14
2022-03,NAVE_CATEGORIA,NAVE_006 | FERRETERIA,600.3,190.0,30.0,30.0,2.0,20.009999999999998,6.74,164.24
2022-04,NAVE_CATEGORIA,NAVE_006 | FERRETERIA,231.98,2.0,2.0,2.0,1.0,115.99,115.99,131.07
2022-05,NAVE_CATEGORIA,NAVE_006 | FERRETERIA,71.6,70.0,3.0,3.0,2.0,23.866666666666664,18.4,42.0
2022-06,NAVE_CATEGORIA,NAVE_006 | FERRETERIA,751.1800000000002,134.0,18.0,18.0,3.0,41.732222222222234,11.899999999999999,178.94
2022-07,NAVE_CATEGORIA,NAVE_006 | FERRETERIA,1683.7,3.0,2.0,2.0,2.0,841.85,841.85,1043.7
2022-08,NAVE_CATEGORIA,NAVE_006 | FERRETERIA,1511.2399999999998,212.0,33.0,33.0,5.0,45.79515151515151,26.5,171.0
2022-09,NAVE_CATEGORIA,NAVE_006 | FERRETERIA,64.0,1.0,1.0,1.0,1.0,64.0,64.0,64.0
2022-10,NAVE_CATEGORIA,NAVE_006 | FERRETERIA,858.0,110.0,1.0,1.0,1.0,858.0,858.0,858.0
2022-11,NAVE_CATEGORIA,NAVE_006 | FERRETERIA,896.99,54.0,5.0,5.0,3.0,179.398,180.0,368.0
2023-02,NAVE_CATEGORIA,NAVE_006 | FERRETERIA,1360.2800000000002,217.0,26.0,25.0,4.0,52.31846153846155,14.09,429.0
2023-03,NAVE_CATEGORIA,NAVE_006 | FERRETERIA,901.02,197.0,15.0,15.0,3.0,60.068,36.86,195.0
2023-04,NAVE_CATEGORIA,NAVE_006 | FERRETERIA,162.24,45.0,4.0,4.0,2.0,40.56,8.469999999999999,140.0
2023-05,NAVE_CATEGORIA,NAVE_006 | FERRETERIA,660.0,50.0,2.0,1.0,1.0,330.0,330.0,330.0
2023-06,NAVE_CATEGORIA,NAVE_006 | FERRETERIA,75.64,31.0,2.0,2.0,1.0,37.82,37.82,62.09
2023-07,NAVE_CATEGORIA,NAVE_006 | FERRETERIA,837.52,5.0,4.0,4.0,2.0,209.38,56.0,713.52
2023-10,NAVE_CATEGORIA,NAVE_006 | FERRETERIA,2504.49,92.5,13.0,13.0,4.0,192.6530769230769,99.75,815.99
2023-11,NAVE_CATEGORIA,NAVE_006 | FERRETERIA,1410.32,117.0,24.0,13.0,5.0,58.76333333333333,11.85,470.0
2023-12,NAVE_CATEGORIA,NAVE_006 | FERRETERIA,84.78,6.0,2.0,2.0,1.0,42.39,42.39,55.29
2024-06,NAVE_CATEGORIA,NAVE_006 | FERRETERIA,128.15,270.0,4.0,4.0,1.0,32.0375,27.3,64.8
2024-07,NAVE_CATEGORIA,NAVE_006 | FERRETERIA,1281.5300000000002,925.0,14.0,13.0,4.0,91.53785714285716,26.625,815.99
2024-08,NAVE_CATEGORIA,NAVE_006 | FERRETERIA,777.76,740.0,4.0,4.0,3.0,194.44,97.64,552.4
2024-09,NAVE_CATEGORIA,NAVE_006 | FERRETERIA,137.65,10.0,1.0,1.0,1.0,137.65,137.65,137.65
2025-06,NAVE_CATEGORIA,NAVE_006 | FERRETERIA,87.78999999999999,21.0,3.0,3.0,1.0,29.263333333333332,26.88,40.56
2025-07,NAVE_CATEGORIA,NAVE_006 | FERRETERIA,2.4,17.0,1.0,1.0,1.0,2.4,2.4,2.4
2025-09,NAVE_CATEGORIA,NAVE_006 | FERRETERIA,41.52,319.0,6.0,5.0,1.0,6.920000000000001,2.75,19.04
2025-10,NAVE_CATEGORIA,NAVE_006 | FERRETERIA,164.73999999999998,52.0,15.0,15.0,1.0,10.982666666666665,7.83,25.0
2025-11,NAVE_CATEGORIA,NAVE_006 | FERRETERIA,6.880000000000001,33.0,2.0,2.0,1.0,3.4400000000000004,3.4400000000000004,4.48
2025-12,NAVE_CATEGORIA,NAVE_006 | FERRETERIA,120.89,21.0,5.0,5.0,1.0,24.178,10.43,71.2
2021-04,NAVE_CATEGORIA,NAVE_006 | FILTROS,561.6,10.0,1.0,1.0,1.0,561.6,561.6,561.6
2021-06,NAVE_CATEGORIA,NAVE_006 | FILTROS,1757.7600000000002,54.0,3.0,3.0,1.0,585.9200000000001,226.38,1362.9
2021-09,NAVE_CATEGORIA,NAVE_006 | FILTROS,1195.18,12.0,1.0,1.0,1.0,1195.18,1195.18,1195.18
2022-02,NAVE_CATEGORIA,NAVE_006 | FILTROS,3335.34,90.0,5.0,5.0,4.0,667.068,597.66,1360.56
2022-07,NAVE_CATEGORIA,NAVE_006 | FILTROS,190.4,2.0,1.0,1.0,1.0,190.4,190.4,190.4
2022-08,NAVE_CATEGORIA,NAVE_006 | FILTROS,1070.35,13.0,3.0,3.0,2.0,356.7833333333333,185.25,761.6
2023-03,NAVE_CATEGORIA,NAVE_006 | FILTROS,450.88,6.0,2.0,2.0,2.0,225.44,225.44,380.8
2023-04,NAVE_CATEGORIA,NAVE_006 | FILTROS,799.8199999999999,18.0,2.0,2.0,2.0,399.90999999999997,399.90999999999997,419.02
2023-06,NAVE_CATEGORIA,NAVE_006 | FILTROS,608.83,8.0,1.0,1.0,1.0,608.83,608.83,608.83
2023-09,NAVE_CATEGORIA,NAVE_006 | FILTROS,1763.36,34.0,3.0,3.0,1.0,587.7866666666666,651.69,829.89
2023-11,NAVE_CATEGORIA,NAVE_006 | FILTROS,1848.99,24.0,2.0,2.0,1.0,924.495,924.495,987.87
2025-06,NAVE_CATEGORIA,NAVE_006 | FILTROS,2171.6099999999997,40.0,6.0,6.0,1.0,361.93499999999995,260.46500000000003,698.22
2025-08,NAVE_CATEGORIA,NAVE_006 | FILTROS,2926.29,25.0,4.0,4.0,1.0,731.5725,733.77,1182.24
2025-09,NAVE_CATEGORIA,NAVE_006 | FILTROS,466.36,14.0,4.0,4.0,1.0,116.59,119.375,188.49
2024-08,NAVE_CATEGORIA,NAVE_006 | GRASAS,426.83,30.0,3.0,3.0,2.0,142.27666666666667,128.16,178.54
2021-02,NAVE_CATEGORIA,NAVE_006 | QUIMICOS,44.85,5.0,1.0,1.0,1.0,44.85,44.85,44.85
2021-03,NAVE_CATEGORIA,NAVE_006 | QUIMICOS,303.22999999999996,20.0,3.0,3.0,1.0,101.07666666666665,41.58,236.39
2022-08,NAVE_CATEGORIA,NAVE_006 | QUIMICOS,122.69999999999999,12.0,2.0,2.0,1.0,61.349999999999994,61.349999999999994,62.4
2023-02,NAVE_CATEGORIA,NAVE_006 | QUIMICOS,50.59,6.0,1.0,1.0,1.0,50.59,50.59,50.59
2023-07,NAVE_CATEGORIA,NAVE_006 | QUIMICOS,825.0,110.0,1.0,1.0,1.0,825.0,825.0,825.0
2024-07,NAVE_CATEGORIA,NAVE_006 | QUIMICOS,56.48,80.0,1.0,1.0,1.0,56.48,56.48,56.48
2024-08,NAVE_CATEGORIA,NAVE_006 | QUIMICOS,6226.88,2640.0,2.0,1.0,2.0,3113.44,3113.44,3179.44
2025-10,NAVE_CATEGORIA,NAVE_006 | QUIMICOS,80.32,6.0,2.0,2.0,1.0,40.16,40.16,42.73
2024-07,NAVE_CATEGORIA,NAVE_006 | REPUESTOS ELECTRICOS,102.03999999999999,180.0,4.0,4.0,2.0,25.509999999999998,27.86,30.72
2024-08,NAVE_CATEGORIA,NAVE_006 | REPUESTOS ELECTRICOS,1231.36,320.0,3.0,3.0,1.0,410.4533333333333,553.04,653.72
2024-09,NAVE_CATEGORIA,NAVE_006 | REPUESTOS ELECTRICOS,83.88,60.0,1.0,1.0,1.0,83.88,83.88,83.88
2025-05,NAVE_CATEGORIA,NAVE_006 | REPUESTOS ELECTRICOS,3155.34,6.0,3.0,3.0,1.0,1051.78,1051.78,1051.78
2025-06,NAVE_CATEGORIA,NAVE_006 | REPUESTOS ELECTRICOS,196.73,11.0,4.0,4.0,1.0,49.1825,45.349999999999994,88.0
2021-01,NAVE_CATEGORIA,NAVE_006 | REPUESTOS MECANICOS,199.08,12.0,1.0,1.0,1.0,199.08,199.08,199.08
2021-02,NAVE_CATEGORIA,NAVE_006 | REPUESTOS MECANICOS,220.18,2.0,1.0,1.0,1.0,220.18,220.18,220.18
2021-04,NAVE_CATEGORIA,NAVE_006 | REPUESTOS MECANICOS,585.28,4.0,1.0,1.0,1.0,585.28,585.28,585.28
2021-06,NAVE_CATEGORIA,NAVE_006 | REPUESTOS MECANICOS,6369.26,50.0,5.0,4.0,1.0,1273.852,646.88,3260.88
2021-07,NAVE_CATEGORIA,NAVE_006 | REPUESTOS MECANICOS,1634.1999999999998,8.0,2.0,2.0,1.0,817.0999999999999,817.0999999999999,1109.08
2021-11,NAVE_CATEGORIA,NAVE_006 | REPUESTOS MECANICOS,10122.54,72.0,5.0,5.0,1.0,2024.5080000000003,2467.92,2956.08
2022-01,NAVE_CATEGORIA,NAVE_006 | REPUESTOS MECANICOS,873.76,4.0,2.0,2.0,1.0,436.88,436.88,804.38
2022-02,NAVE_CATEGORIA,NAVE_006 | REPUESTOS MECANICOS,9953.84,62.0,7.0,7.0,5.0,1421.9771428571428,751.2,3560.0
2022-04,NAVE_CATEGORIA,NAVE_006 | REPUESTOS MECANICOS,657.46,2.0,1.0,1.0,1.0,657.46,657.46,657.46
2022-05,NAVE_CATEGORIA,NAVE_006 | REPUESTOS MECANICOS,2576.88,3.0,2.0,2.0,2.0,1288.44,1288.44,2543.4
2022-06,NAVE_CATEGORIA,NAVE_006 | REPUESTOS MECANICOS,4202.93,8.0,3.0,3.0,2.0,1400.9766666666667,232.44,3740.1
2022-08,NAVE_CATEGORIA,NAVE_006 | REPUESTOS MECANICOS,375.49,113.0,4.0,4.0,4.0,93.8725,82.02000000000001,168.77
2022-11,NAVE_CATEGORIA,NAVE_006 | REPUESTOS MECANICOS,81.6,1.0,1.0,1.0,1.0,81.6,81.6,81.6
2023-01,NAVE_CATEGORIA,NAVE_006 | REPUESTOS MECANICOS,420.0,1.0,1.0,1.0,1.0,420.0,420.0,420.0
2023-03,NAVE_CATEGORIA,NAVE_006 | REPUESTOS MECANICOS,4471.41,38.0,8.0,8.0,3.0,558.92625,111.325,1987.14
2023-04,NAVE_CATEGORIA,NAVE_006 | REPUESTOS MECANICOS,3392.1400000000003,56.0,9.0,8.0,3.0,376.9044444444445,147.06,2341.34
2023-05,NAVE_CATEGORIA,NAVE_006 | REPUESTOS MECANICOS,1145.47,4.0,1.0,1.0,1.0,1145.47,1145.47,1145.47
2023-06,NAVE_CATEGORIA,NAVE_006 | REPUESTOS MECANICOS,24286.39,140.0,17.0,17.0,3.0,1428.6111764705881,259.04,17315.25
2023-09,NAVE_CATEGORIA,NAVE_006 | REPUESTOS MECANICOS,1938.88,45.0,2.0,2.0,1.0,969.44,969.44,1530.19
2023-11,NAVE_CATEGORIA,NAVE_006 | REPUESTOS MECANICOS,232431.00999999998,468.0,71.0,71.0,1.0,3273.6761971830983,159.97,63274.76
2023-12,NAVE_CATEGORIA,NAVE_006 | REPUESTOS MECANICOS,2068.59,3.0,1.0,1.0,1.0,2068.59,2068.59,2068.59
2024-05,NAVE_CATEGORIA,NAVE_006 | REPUESTOS MECANICOS,2269.56,40.0,1.0,1.0,1.0,2269.56,2269.56,2269.56
2024-06,NAVE_CATEGORIA,NAVE_006 | REPUESTOS MECANICOS,1647.78,100.0,4.0,4.0,2.0,411.945,244.305,1046.2
2024-08,NAVE_CATEGORIA,NAVE_006 | REPUESTOS MECANICOS,324.74,50.0,3.0,3.0,1.0,108.24666666666667,96.3,221.27
2025-04,NAVE_CATEGORIA,NAVE_006 | REPUESTOS MECANICOS,6298.32,46.0,15.0,15.0,1.0,419.888,69.19,5152.87
2025-05,NAVE_CATEGORIA,NAVE_006 | REPUESTOS MECANICOS,3332.61,11.0,3.0,3.0,1.0,1110.8700000000001,1342.15,1538.48
2025-08,NAVE_CATEGORIA,NAVE_006 | REPUESTOS MECANICOS,299.0,1.0,1.0,1.0,1.0,299.0,299.0,299.0
2021-01,NAVE_CATEGORIA,NAVE_006 | SERVICIOS DE MANTENIMIENTO,1555.0,5.0,5.0,2.0,3.0,311.0,350.0,450.0
2021-02,NAVE_CATEGORIA,NAVE_006 | SERVICIOS DE MANTENIMIENTO,3229.71,6.0,6.0,2.0,4.0,538.285,553.0,842.5
2021-03,NAVE_CATEGORIA,NAVE_006 | SERVICIOS DE MANTENIMIENTO,6516.43,3.0,3.0,2.0,2.0,2172.1433333333334,1482.1,4114.33
2021-04,NAVE_CATEGORIA,NAVE_006 | SERVICIOS DE MANTENIMIENTO,3133.96,4.0,4.0,2.0,1.0,783.49,361.08,2327.2
2021-05,NAVE_CATEGORIA,NAVE_006 | SERVICIOS DE MANTENIMIENTO,2710.0,3.0,3.0,2.0,2.0,903.3333333333334,1305.0,1305.0
2021-07,NAVE_CATEGORIA,NAVE_006 | SERVICIOS DE MANTENIMIENTO,780.0,2.0,2.0,2.0,2.0,390.0,390.0,530.0
2021-09,NAVE_CATEGORIA,NAVE_006 | SERVICIOS DE MANTENIMIENTO,1140.0,1.0,1.0,1.0,1.0,1140.0,1140.0,1140.0
2021-11,NAVE_CATEGORIA,NAVE_006 | SERVICIOS DE MANTENIMIENTO,900.0,1.0,1.0,1.0,1.0,900.0,900.0,900.0
2022-01,NAVE_CATEGORIA,NAVE_006 | SERVICIOS DE MANTENIMIENTO,923.67,2.0,2.0,2.0,2.0,461.835,461.835,623.67
2022-02,NAVE_CATEGORIA,NAVE_006 | SERVICIOS DE MANTENIMIENTO,32294.739999999998,4.0,4.0,1.0,2.0,8073.6849999999995,8789.98,13819.78
2022-03,NAVE_CATEGORIA,NAVE_006 | SERVICIOS DE MANTENIMIENTO,3920.0,3.0,3.0,2.0,3.0,1306.6666666666667,1150.0,1850.0
2022-04,NAVE_CATEGORIA,NAVE_006 | SERVICIOS DE MANTENIMIENTO,4642.98,5.0,5.0,2.0,2.0,928.5959999999999,1346.9,1750.0
2022-05,NAVE_CATEGORIA,NAVE_006 | SERVICIOS DE MANTENIMIENTO,4845.0,3.0,3.0,2.0,3.0,1615.0,1435.0,2450.0
2022-06,NAVE_CATEGORIA,NAVE_006 | SERVICIOS DE MANTENIMIENTO,530.0,1.0,1.0,1.0,1.0,530.0,530.0,530.0
2022-07,NAVE_CATEGORIA,NAVE_006 | SERVICIOS DE MANTENIMIENTO,1866.03,3.0,3.0,3.0,3.0,622.01,250.0,1500.0
2022-08,NAVE_CATEGORIA,NAVE_006 | SERVICIOS DE MANTENIMIENTO,850.0,1.0,1.0,1.0,1.0,850.0,850.0,850.0
2022-09,NAVE_CATEGORIA,NAVE_006 | SERVICIOS DE MANTENIMIENTO,12775.3,6.0,6.0,1.0,5.0,2129.2166666666667,1050.0,7945.07
2022-10,NAVE_CATEGORIA,NAVE_006 | SERVICIOS DE MANTENIMIENTO,2704.4,1.0,1.0,1.0,1.0,2704.4,2704.4,2704.4
2022-12,NAVE_CATEGORIA,NAVE_006 | SERVICIOS DE MANTENIMIENTO,487.0,2.0,2.0,2.0,2.0,243.5,243.5,250.0
2023-01,NAVE_CATEGORIA,NAVE_006 | SERVICIOS DE MANTENIMIENTO,2100.0,3.0,3.0,2.0,2.0,700.0,750.0,850.0
2023-02,NAVE_CATEGORIA,NAVE_006 | SERVICIOS DE MANTENIMIENTO,16000.0,4.0,4.0,1.0,4.0,4000.0,1425.0,12500.0
2023-03,NAVE_CATEGORIA,NAVE_006 | SERVICIOS DE MANTENIMIENTO,512.0,1.0,1.0,1.0,1.0,512.0,512.0,512.0
2023-05,NAVE_CATEGORIA,NAVE_006 | SERVICIOS DE MANTENIMIENTO,2162.0,3.0,3.0,1.0,2.0,720.6666666666666,800.0,850.0
2023-06,NAVE_CATEGORIA,NAVE_006 | SERVICIOS DE MANTENIMIENTO,1083.0,1.0,1.0,1.0,1.0,1083.0,1083.0,1083.0
2023-07,NAVE_CATEGORIA,NAVE_006 | SERVICIOS DE MANTENIMIENTO,12800.16,1.0,1.0,1.0,1.0,12800.16,12800.16,12800.16
2023-08,NAVE_CATEGORIA,NAVE_006 | SERVICIOS DE MANTENIMIENTO,690.0,2.0,2.0,1.0,2.0,345.0,345.0,450.0
2023-09,NAVE_CATEGORIA,NAVE_006 | SERVICIOS DE MANTENIMIENTO,16861.5,2.0,2.0,1.0,2.0,8430.75,8430.75,15461.5
2023-10,NAVE_CATEGORIA,NAVE_006 | SERVICIOS DE MANTENIMIENTO,4940.34,3.0,3.0,1.0,3.0,1646.78,1600.0,2353.34
2023-11,NAVE_CATEGORIA,NAVE_006 | SERVICIOS DE MANTENIMIENTO,113136.55,2.0,2.0,2.0,1.0,56568.275,56568.275,80436.55
2023-12,NAVE_CATEGORIA,NAVE_006 | SERVICIOS DE MANTENIMIENTO,250.0,1.0,1.0,1.0,1.0,250.0,250.0,250.0
2024-02,NAVE_CATEGORIA,NAVE_006 | SERVICIOS DE MANTENIMIENTO,2680.0,3.0,3.0,1.0,3.0,893.3333333333334,500.0,1700.0
2024-03,NAVE_CATEGORIA,NAVE_006 | SERVICIOS DE MANTENIMIENTO,1512.92,2.0,2.0,1.0,1.0,756.46,756.46,827.92
2024-04,NAVE_CATEGORIA,NAVE_006 | SERVICIOS DE MANTENIMIENTO,2088.0,2.0,2.0,1.0,2.0,1044.0,1044.0,1138.0
2024-05,NAVE_CATEGORIA,NAVE_006 | SERVICIOS DE MANTENIMIENTO,118483.56999999999,5.0,5.0,1.0,5.0,23696.714,530.0,112384.04
2024-06,NAVE_CATEGORIA,NAVE_006 | SERVICIOS DE MANTENIMIENTO,21180.0,2.0,2.0,1.0,1.0,10590.0,10590.0,18800.0
2024-07,NAVE_CATEGORIA,NAVE_006 | SERVICIOS DE MANTENIMIENTO,7350.09,2.0,2.0,1.0,2.0,3675.045,3675.045,7324.09
2024-08,NAVE_CATEGORIA,NAVE_006 | SERVICIOS DE MANTENIMIENTO,60277.25,26.0,26.0,1.0,16.0,2318.355769230769,1760.0,11000.0
2024-09,NAVE_CATEGORIA,NAVE_006 | SERVICIOS DE MANTENIMIENTO,2004.8,2.0,2.0,1.0,1.0,1002.4,1002.4,1369.8
2024-10,NAVE_CATEGORIA,NAVE_006 | SERVICIOS DE MANTENIMIENTO,79872.4,5.0,5.0,1.0,5.0,15974.48,2770.0,69916.4
2024-11,NAVE_CATEGORIA,NAVE_006 | SERVICIOS DE MANTENIMIENTO,3187.5,3.0,3.0,1.0,3.0,1062.5,710.0,2327.5
2024-12,NAVE_CATEGORIA,NAVE_006 | SERVICIOS DE MANTENIMIENTO,1761.86,2.0,2.0,1.0,2.0,880.93,880.93,1380.36
2025-01,NAVE_CATEGORIA,NAVE_006 | SERVICIOS DE MANTENIMIENTO,1200.0,2.0,2.0,1.0,2.0,600.0,600.0,700.0
2025-02,NAVE_CATEGORIA,NAVE_006 | SERVICIOS DE MANTENIMIENTO,1799.0,2.0,2.0,1.0,2.0,899.5,899.5,1230.0
2025-03,NAVE_CATEGORIA,NAVE_006 | SERVICIOS DE MANTENIMIENTO,1915.0,3.0,3.0,1.0,3.0,638.3333333333334,800.0,845.0
2025-05,NAVE_CATEGORIA,NAVE_006 | SERVICIOS DE MANTENIMIENTO,2115.0,1.0,1.0,1.0,1.0,2115.0,2115.0,2115.0
2025-06,NAVE_CATEGORIA,NAVE_006 | SERVICIOS DE MANTENIMIENTO,370.0,2.0,2.0,1.0,1.0,185.0,185.0,250.0
2025-07,NAVE_CATEGORIA,NAVE_006 | SERVICIOS DE MANTENIMIENTO,2960.7599999999998,4.0,3.0,2.0,3.0,986.92,480.0,2439.45
2025-08,NAVE_CATEGORIA,NAVE_006 | SERVICIOS DE MANTENIMIENTO,4500.0,5.0,1.0,1.0,1.0,4500.0,4500.0,4500.0
2025-09,NAVE_CATEGORIA,NAVE_006 | SERVICIOS DE MANTENIMIENTO,232.74,1.0,1.0,1.0,1.0,232.74,232.74,232.74
2025-12,NAVE_CATEGORIA,NAVE_006 | SERVICIOS DE MANTENIMIENTO,850.0,7.0,2.0,2.0,1.0,425.0,425.0,450.0
2021-09,NAVE_CATEGORIA,NAVE_007 | ACEITE,472.1,1.0,1.0,1.0,1.0,472.1,472.1,472.1
2021-12,NAVE_CATEGORIA,NAVE_007 | ACEITE,4243.46,8.0,3.0,3.0,1.0,1414.4866666666667,1177.54,2121.72
2022-02,NAVE_CATEGORIA,NAVE_007 | ACEITE,10204.190000000002,19.0,3.0,3.0,2.0,3401.3966666666674,4121.39,5138.6
2022-03,NAVE_CATEGORIA,NAVE_007 | ACEITE,1469.5,3.0,2.0,1.0,2.0,734.75,734.75,944.2
2022-04,NAVE_CATEGORIA,NAVE_007 | ACEITE,1639.1200000000001,4.0,2.0,2.0,2.0,819.5600000000001,819.5600000000001,1575.9
2022-07,NAVE_CATEGORIA,NAVE_007 | ACEITE,598.53,1.0,1.0,1.0,1.0,598.53,598.53,598.53
2022-08,NAVE_CATEGORIA,NAVE_007 | ACEITE,6626.78,33.0,2.0,2.0,1.0,3313.39,3313.39,4803.28
2022-09,NAVE_CATEGORIA,NAVE_007 | ACEITE,3591.1799999999994,6.0,3.0,1.0,1.0,1197.0599999999997,1197.06,1795.59
2022-10,NAVE_CATEGORIA,NAVE_007 | ACEITE,10376.8,17.0,1.0,1.0,1.0,10376.8,10376.8,10376.8
2022-11,NAVE_CATEGORIA,NAVE_007 | ACEITE,9802.759968,86.0,5.0,5.0,3.0,1960.5519936,1210.159996,5480.699977
2023-05,NAVE_CATEGORIA,NAVE_007 | ACEITE,6160.76,10.0,3.0,3.0,1.0,2053.5866666666666,1301.3,3662.4
2023-07,NAVE_CATEGORIA,NAVE_007 | ACEITE,3052.0,5.0,1.0,1.0,1.0,3052.0,3052.0,3052.0
2023-08,NAVE_CATEGORIA,NAVE_007 | ACEITE,1910.828,11.0,4.0,4.0,4.0,477.707,112.914,1590.0
2023-09,NAVE_CATEGORIA,NAVE_007 | ACEITE,13312.34,22.0,5.0,3.0,2.0,2662.468,1795.59,7324.8
2024-12,NAVE_CATEGORIA,NAVE_007 | ACEITE,1197.06,3.0,2.0,1.0,1.0,598.53,598.53,598.53
2025-01,NAVE_CATEGORIA,NAVE_007 | ACEITE,2384.7,4.0,1.0,1.0,1.0,2384.7,2384.7,2384.7
2025-03,NAVE_CATEGORIA,NAVE_007 | ACEITE,1209.57,2.0,1.0,1.0,1.0,1209.57,1209.57,1209.57
2025-04,NAVE_CATEGORIA,NAVE_007 | ACEITE,1877.98,3.0,2.0,2.0,1.0,938.99,938.99,1225.21
2025-06,NAVE_CATEGORIA,NAVE_007 | ACEITE,2388.3900000000003,4.0,2.0,2.0,1.0,1194.1950000000002,1194.1950000000002,1235.46
2025-07,NAVE_CATEGORIA,NAVE_007 | ACEITE,2545.16,4.0,2.0,2.0,1.0,1272.58,1272.58,1305.55
2025-09,NAVE_CATEGORIA,NAVE_007 | ACEITE,3053.6699999999996,5.0,3.0,3.0,1.0,1017.8899999999999,1154.3,1240.94
2021-08,NAVE_CATEGORIA,NAVE_007 | FERRETERIA,151.0,104.0,2.0,2.0,2.0,75.5,75.5,76.0
2021-09,NAVE_CATEGORIA,NAVE_007 | FERRETERIA,6838.0,223.5,9.0,9.0,5.0,759.7777777777778,60.0,6320.0
2021-10,NAVE_CATEGORIA,NAVE_007 | FERRETERIA,37584.30100000001,520.0,59.0,54.0,9.0,637.0220508474578,30.03,18345.0
2021-11,NAVE_CATEGORIA,NAVE_007 | FERRETERIA,1871.7200999999998,248.0,12.0,12.0,5.0,155.97667499999997,34.525,720.0
2021-12,NAVE_CATEGORIA,NAVE_007 | FERRETERIA,2936.2,236.0,11.0,10.0,3.0,266.92727272727274,250.0,750.0
2022-01,NAVE_CATEGORIA,NAVE_007 | FERRETERIA,622.8249999999999,85.0,3.0,3.0,1.0,207.60833333333332,269.115,301.84
2022-02,NAVE_CATEGORIA,NAVE_007 | FERRETERIA,3633.2100000000005,606.0,37.0,37.0,6.0,98.19486486486488,13.0,2605.5
2022-03,NAVE_CATEGORIA,NAVE_007 | FERRETERIA,4436.074195000001,557.0,50.0,49.0,6.0,88.72148390000002,29.979997499999996,640.89
2022-04,NAVE_CATEGORIA,NAVE_007 | FERRETERIA,6556.223139999999,711.0,38.0,38.0,8.0,172.5321878947368,43.5,2312.9299
2022-05,NAVE_CATEGORIA,NAVE_007 | FERRETERIA,3785.5099999999998,304.0,13.0,12.0,5.0,291.1930769230769,231.0,798.0
2022-06,NAVE_CATEGORIA,NAVE_007 | FERRETERIA,2483.7700010000003,219.0,10.0,9.0,7.0,248.37700010000003,191.4,885.39
2022-08,NAVE_CATEGORIA,NAVE_007 | FERRETERIA,5348.409712,1343.0,28.0,26.0,6.0,191.01463257142856,122.98,1302.69
2022-09,NAVE_CATEGORIA,NAVE_007 | FERRETERIA,53034.121091999994,118.0,33.0,32.0,7.0,1607.0945785454544,150.9525,11006.735
2022-10,NAVE_CATEGORIA,NAVE_007 | FERRETERIA,4220.882202,509.0,36.0,32.0,4.0,117.24672783333332,62.25,429.0
2022-11,NAVE_CATEGORIA,NAVE_007 | FERRETERIA,15706.47092,1436.0,61.0,56.0,13.0,257.4831298360656,119.260002,1597.6
2022-12,NAVE_CATEGORIA,NAVE_007 | FERRETERIA,623.1999999999999,18.0,12.0,12.0,2.0,51.93333333333333,15.2,344.4
2023-02,NAVE_CATEGORIA,NAVE_007 | FERRETERIA,7756.620000000001,343.0,53.0,46.0,1.0,146.351320754717,76.96,806.05
2023-03,NAVE_CATEGORIA,NAVE_007 | FERRETERIA,1916.3000000000002,257.0,15.0,15.0,2.0,127.75333333333334,35.0,634.48
2023-05,NAVE_CATEGORIA,NAVE_007 | FERRETERIA,59177.80150999999,5564.0,164.0,163.0,3.0,360.840253109756,75.911802,12065.0
2023-06,NAVE_CATEGORIA,NAVE_007 | FERRETERIA,4913.801,789.0,26.0,25.0,8.0,188.99234615384617,46.445,1144.47
2023-07,NAVE_CATEGORIA,NAVE_007 | FERRETERIA,22949.062069999996,672.0,50.0,45.0,11.0,458.98124139999993,186.05,3421.11
2023-08,NAVE_CATEGORIA,NAVE_007 | FERRETERIA,43056.44655,6648.0,197.0,178.0,24.0,218.5606423857868,56.0,7080.0
2023-09,NAVE_CATEGORIA,NAVE_007 | FERRETERIA,9243.620001999998,425.0,15.0,15.0,6.0,616.2413334666666,335.45,3421.11
2023-10,NAVE_CATEGORIA,NAVE_007 | FERRETERIA,46596.700014,775.0,49.0,49.0,9.0,950.9530615102041,26.19,17652.18
2023-11,NAVE_CATEGORIA,NAVE_007 | FERRETERIA,3424.350012,350.0,18.0,18.0,4.0,190.24166733333334,87.190005,933.75
2023-12,NAVE_CATEGORIA,NAVE_007 | FERRETERIA,2614.74,96.0,12.0,12.0,3.0,217.89499999999998,174.07999999999998,560.64
2024-10,NAVE_CATEGORIA,NAVE_007 | FERRETERIA,100.8,31.0,2.0,2.0,1.0,50.4,50.4,84.0
2025-01,NAVE_CATEGORIA,NAVE_007 | FERRETERIA,23.86,5.0,1.0,1.0,1.0,23.86,23.86,23.86
2025-02,NAVE_CATEGORIA,NAVE_007 | FERRETERIA,47.09,10.0,1.0,1.0,1.0,47.09,47.09,47.09
2025-03,NAVE_CATEGORIA,NAVE_007 | FERRETERIA,339.76000000000005,26.0,7.0,7.0,1.0,48.53714285714286,12.96,210.0
2025-04,NAVE_CATEGORIA,NAVE_007 | FERRETERIA,23.54,5.0,1.0,1.0,1.0,23.54,23.54,23.54
2025-05,NAVE_CATEGORIA,NAVE_007 | FERRETERIA,40.61,17.0,2.0,2.0,1.0,20.305,20.305,23.54
2025-08,NAVE_CATEGORIA,NAVE_007 | FERRETERIA,281.09,4.0,1.0,1.0,1.0,281.09,281.09,281.09
2022-02,NAVE_CATEGORIA,NAVE_007 | FILTROS,975.0,35.0,2.0,2.0,2.0,487.5,487.5,690.0
2022-06,NAVE_CATEGORIA,NAVE_007 | FILTROS,765.0,22.0,2.0,2.0,1.0,382.5,382.5,450.0
2022-10,NAVE_CATEGORIA,NAVE_007 | FILTROS,1438.14,59.0,3.0,3.0,3.0,479.38000000000005,466.2,551.94
2022-11,NAVE_CATEGORIA,NAVE_007 | FILTROS,324.45,30.0,1.0,1.0,1.0,324.45,324.45,324.45
2021-09,NAVE_CATEGORIA,NAVE_007 | QUIMICOS,150.0,10.0,1.0,1.0,1.0,150.0,150.0,150.0
2021-10,NAVE_CATEGORIA,NAVE_007 | QUIMICOS,1024.5,62.0,3.0,3.0,2.0,341.5,75.0,919.5
2022-01,NAVE_CATEGORIA,NAVE_007 | QUIMICOS,572.1,57.0,10.0,10.0,2.0,57.21,38.25,120.0
2022-02,NAVE_CATEGORIA,NAVE_007 | QUIMICOS,1061.4499999999998,20.0,8.0,8.0,1.0,132.68124999999998,69.78,596.4
2022-03,NAVE_CATEGORIA,NAVE_007 | QUIMICOS,83.16,12.0,1.0,1.0,1.0,83.16,83.16,83.16
2022-10,NAVE_CATEGORIA,NAVE_007 | QUIMICOS,1182.04,10.0,2.0,2.0,2.0,591.02,591.02,1119.0
2022-11,NAVE_CATEGORIA,NAVE_007 | QUIMICOS,11106.5,40.0,5.0,2.0,3.0,2221.3,1904.0,5595.0
2023-02,NAVE_CATEGORIA,NAVE_007 | QUIMICOS,549.3,30.0,3.0,3.0,1.0,183.1,195.26,231.52
2023-06,NAVE_CATEGORIA,NAVE_007 | QUIMICOS,80.8,10.0,1.0,1.0,1.0,80.8,80.8,80.8
2023-08,NAVE_CATEGORIA,NAVE_007 | QUIMICOS,1055.9700079999998,80.0,6.0,5.0,4.0,175.9950013333333,177.56,355.0
2023-09,NAVE_CATEGORIA,NAVE_007 | QUIMICOS,1448.699985,105.0,6.0,6.0,2.0,241.4499975,206.72,454.999985
2023-10,NAVE_CATEGORIA,NAVE_007 | QUIMICOS,106.2,12.0,1.0,1.0,1.0,106.2,106.2,106.2
2023-11,NAVE_CATEGORIA,NAVE_007 | QUIMICOS,2981.5,17.0,4.0,4.0,2.0,745.375,62.0,2797.5
2025-08,NAVE_CATEGORIA,NAVE_007 | QUIMICOS,47.0,5.0,1.0,1.0,1.0,47.0,47.0,47.0
2024-08,NAVE_CATEGORIA,NAVE_007 | REPUESTOS ELECTRICOS,507.18,1.0,1.0,1.0,1.0,507.18,507.18,507.18
2024-10,NAVE_CATEGORIA,NAVE_007 | REPUESTOS ELECTRICOS,156.73,1.0,1.0,1.0,1.0,156.73,156.73,156.73
2025-03,NAVE_CATEGORIA,NAVE_007 | REPUESTOS ELECTRICOS,7663.24,7.0,4.0,4.0,1.0,1915.81,1691.255,3446.88
2021-09,NAVE_CATEGORIA,NAVE_007 | REPUESTOS MECANICOS,52408.58,9.0,4.0,4.0,3.0,13102.145,8494.29,34700.0
2021-10,NAVE_CATEGORIA,NAVE_007 | REPUESTOS MECANICOS,8114.0,154.0,10.0,10.0,5.0,811.4,384.28499999999997,2550.0
2021-11,NAVE_CATEGORIA,NAVE_007 | REPUESTOS MECANICOS,1470.0,33.0,2.0,2.0,2.0,735.0,735.0,750.0
2021-12,NAVE_CATEGORIA,NAVE_007 | REPUESTOS MECANICOS,122.48,8.0,1.0,1.0,1.0,122.48,122.48,122.48
2022-02,NAVE_CATEGORIA,NAVE_007 | REPUESTOS MECANICOS,2456.3,7.0,2.0,2.0,2.0,1228.15,1228.15,2000.0
2022-05,NAVE_CATEGORIA,NAVE_007 | REPUESTOS MECANICOS,1238.4,14.0,4.0,4.0,3.0,309.6,160.37,893.0
2022-06,NAVE_CATEGORIA,NAVE_007 | REPUESTOS MECANICOS,762.96,111.0,5.0,5.0,4.0,152.592,135.6,229.77
2022-07,NAVE_CATEGORIA,NAVE_007 | REPUESTOS MECANICOS,31983.639999999996,36.0,12.0,12.0,2.0,2665.303333333333,1917.33,11114.84
2022-09,NAVE_CATEGORIA,NAVE_007 | REPUESTOS MECANICOS,10975.1095,20.0,10.0,10.0,3.0,1097.51095,952.116,2480.54
2022-10,NAVE_CATEGORIA,NAVE_007 | REPUESTOS MECANICOS,54123.2,736.0,63.0,63.0,3.0,859.0984126984126,137.68,8517.28
2022-11,NAVE_CATEGORIA,NAVE_007 | REPUESTOS MECANICOS,41369.760024,624.0,43.0,43.0,5.0,962.0874424186047,263.530526,7077.33
2022-12,NAVE_CATEGORIA,NAVE_007 | REPUESTOS MECANICOS,3709.84,9.0,2.0,2.0,1.0,1854.92,1854.92,3368.08
2023-01,NAVE_CATEGORIA,NAVE_007 | REPUESTOS MECANICOS,31109.379999999997,66.0,8.0,8.0,1.0,3888.6724999999997,1911.6799999999998,14926.5
2023-02,NAVE_CATEGORIA,NAVE_007 | REPUESTOS MECANICOS,110827.0,1.0,1.0,1.0,1.0,110827.0,110827.0,110827.0
2023-03,NAVE_CATEGORIA,NAVE_007 | REPUESTOS MECANICOS,80.0,20.0,1.0,1.0,1.0,80.0,80.0,80.0
2023-04,NAVE_CATEGORIA,NAVE_007 | REPUESTOS MECANICOS,14700.0,2.0,2.0,2.0,1.0,7350.0,7350.0,11400.0
2023-05,NAVE_CATEGORIA,NAVE_007 | REPUESTOS MECANICOS,33947.9,10.0,4.0,4.0,2.0,8486.975,6736.889999999999,19460.82
2023-06,NAVE_CATEGORIA,NAVE_007 | REPUESTOS MECANICOS,10780.12,207.0,14.0,14.0,4.0,770.0085714285715,311.81,2937.0
2023-08,NAVE_CATEGORIA,NAVE_007 | REPUESTOS MECANICOS,12722.46,172.0,7.0,6.0,3.0,1817.4942857142855,153.0,8014.14
2023-09,NAVE_CATEGORIA,NAVE_007 | REPUESTOS MECANICOS,15172.909999999998,152.0,11.0,11.0,5.0,1379.3554545454544,350.0,8736.0
2023-10,NAVE_CATEGORIA,NAVE_007 | REPUESTOS MECANICOS,1362.7500000000002,185.0,4.0,4.0,2.0,340.68750000000006,234.015,880.32
2023-11,NAVE_CATEGORIA,NAVE_007 | REPUESTOS MECANICOS,17000.0,1.0,1.0,1.0,1.0,17000.0,17000.0,17000.0
2023-12,NAVE_CATEGORIA,NAVE_007 | REPUESTOS MECANICOS,15376.259999999998,46.0,11.0,11.0,1.0,1397.841818181818,962.522,4134.32
2024-03,NAVE_CATEGORIA,NAVE_007 | REPUESTOS MECANICOS,4327.09,9.0,2.0,2.0,1.0,2163.545,2163.545,3265.8
2024-10,NAVE_CATEGORIA,NAVE_007 | REPUESTOS MECANICOS,29742.440000000002,63.0,6.0,6.0,1.0,4957.073333333334,1676.0649999999998,22058.54
2025-01,NAVE_CATEGORIA,NAVE_007 | REPUESTOS MECANICOS,3050.05,1.0,1.0,1.0,1.0,3050.05,3050.05,3050.05
2025-02,NAVE_CATEGORIA,NAVE_007 | REPUESTOS MECANICOS,99.48,16.0,2.0,2.0,1.0,49.74,49.74,62.28
2025-03,NAVE_CATEGORIA,NAVE_007 | REPUESTOS MECANICOS,1610.69,26.0,4.0,4.0,1.0,402.6725,400.925,771.64
2025-07,NAVE_CATEGORIA,NAVE_007 | REPUESTOS MECANICOS,4234.72,1.0,1.0,1.0,1.0,4234.72,4234.72,4234.72
2025-08,NAVE_CATEGORIA,NAVE_007 | REPUESTOS MECANICOS,35143.19,140.0,48.0,32.0,1.0,732.1497916666667,255.33999999999997,3788.84
2021-08,NAVE_CATEGORIA,NAVE_007 | SERVICIOS DE MANTENIMIENTO,780.0,1.0,1.0,1.0,1.0,780.0,780.0,780.0
2021-09,NAVE_CATEGORIA,NAVE_007 | SERVICIOS DE MANTENIMIENTO,3795.0,5.0,5.0,4.0,3.0,759.0,380.0,1500.0
2021-10,NAVE_CATEGORIA,NAVE_007 | SERVICIOS DE MANTENIMIENTO,18983.0,13.0,13.0,2.0,9.0,1460.2307692307693,1300.0,3570.0
2021-11,NAVE_CATEGORIA,NAVE_007 | SERVICIOS DE MANTENIMIENTO,7150.5,6.0,6.0,2.0,3.0,1191.75,1345.5349999999999,2660.0
2021-12,NAVE_CATEGORIA,NAVE_007 | SERVICIOS DE MANTENIMIENTO,14019.3,7.0,7.0,4.0,6.0,2002.7571428571428,1400.0,6037.84
2022-01,NAVE_CATEGORIA,NAVE_007 | SERVICIOS DE MANTENIMIENTO,10327.789999999999,12.0,12.0,2.0,9.0,860.6491666666666,390.0,6102.5
2022-02,NAVE_CATEGORIA,NAVE_007 | SERVICIOS DE MANTENIMIENTO,4594.81,9.0,9.0,2.0,7.0,510.5344444444445,470.0,1270.0
2022-03,NAVE_CATEGORIA,NAVE_007 | SERVICIOS DE MANTENIMIENTO,29826.43,24.0,24.0,4.0,11.0,1242.7679166666667,612.0,7200.0
2022-04,NAVE_CATEGORIA,NAVE_007 | SERVICIOS DE MANTENIMIENTO,49156.15,17.0,17.0,4.0,9.0,2891.538235294118,920.0,28664.0
2022-05,NAVE_CATEGORIA,NAVE_007 | SERVICIOS DE MANTENIMIENTO,10822.86,5.0,5.0,2.0,5.0,2164.572,750.0,6800.0
2022-06,NAVE_CATEGORIA,NAVE_007 | SERVICIOS DE MANTENIMIENTO,11470.0,5.0,5.0,2.0,5.0,2294.0,740.0,6400.0
2022-07,NAVE_CATEGORIA,NAVE_007 | SERVICIOS DE MANTENIMIENTO,2322.4,3.0,3.0,1.0,3.0,774.1333333333333,1040.0,1082.4
2022-08,NAVE_CATEGORIA,NAVE_007 | SERVICIOS DE MANTENIMIENTO,19475.0,8.0,8.0,1.0,6.0,2434.375,1300.0,6460.0
2022-09,NAVE_CATEGORIA,NAVE_007 | SERVICIOS DE MANTENIMIENTO,13369.859994,6.0,6.0,2.0,5.0,2228.309999,1191.2499975,6373.36
2022-10,NAVE_CATEGORIA,NAVE_007 | SERVICIOS DE MANTENIMIENTO,59680.819985,17.0,17.0,3.0,9.0,3510.6364697058825,2750.0,13200.0
2022-11,NAVE_CATEGORIA,NAVE_007 | SERVICIOS DE MANTENIMIENTO,80051.90000000001,33.0,33.0,4.0,13.0,2425.8151515151517,1975.0,8881.25
2022-12,NAVE_CATEGORIA,NAVE_007 | SERVICIOS DE MANTENIMIENTO,27849.52,25.0,24.0,2.0,7.0,1160.3966666666668,444.0,9545.0
2023-01,NAVE_CATEGORIA,NAVE_007 | SERVICIOS DE MANTENIMIENTO,13699.869999999997,11.0,11.0,3.0,6.0,1245.442727272727,705.0,3234.0
2023-02,NAVE_CATEGORIA,NAVE_007 | SERVICIOS DE MANTENIMIENTO,64025.909999999996,15.0,15.0,2.0,7.0,4268.393999999999,305.0,29000.0
2023-03,NAVE_CATEGORIA,NAVE_007 | SERVICIOS DE MANTENIMIENTO,3584.12,12.0,12.0,1.0,3.0,298.6766666666667,175.0,1735.0
2023-04,NAVE_CATEGORIA,NAVE_007 | SERVICIOS DE MANTENIMIENTO,4576.5,7.0,7.0,2.0,4.0,653.7857142857143,275.0,2950.0
2023-05,NAVE_CATEGORIA,NAVE_007 | SERVICIOS DE MANTENIMIENTO,12327.6,15.0,15.0,3.0,7.0,821.84,275.0,4900.0
2023-06,NAVE_CATEGORIA,NAVE_007 | SERVICIOS DE MANTENIMIENTO,28068.32,13.0,13.0,4.0,8.0,2159.1015384615384,910.0,11091.26
2023-07,NAVE_CATEGORIA,NAVE_007 | SERVICIOS DE MANTENIMIENTO,28208.26,18.0,18.0,3.0,8.0,1567.1255555555554,341.69,7830.0
2023-08,NAVE_CATEGORIA,NAVE_007 | SERVICIOS DE MANTENIMIENTO,149360.08999999997,59.0,58.0,4.0,25.0,2575.173965517241,805.0,25833.2
2023-09,NAVE_CATEGORIA,NAVE_007 | SERVICIOS DE MANTENIMIENTO,107615.729997,55.0,55.0,5.0,18.0,1956.649636309091,500.0,30052.87
2023-10,NAVE_CATEGORIA,NAVE_007 | SERVICIOS DE MANTENIMIENTO,57706.630011,108.0,51.0,4.0,9.0,1131.502549235294,360.0,24000.0
2023-11,NAVE_CATEGORIA,NAVE_007 | SERVICIOS DE MANTENIMIENTO,36102.5775,24.0,24.0,5.0,14.0,1504.2740625,958.0,8284.1
2023-12,NAVE_CATEGORIA,NAVE_007 | SERVICIOS DE MANTENIMIENTO,19658.809987999997,13.0,13.0,4.0,9.0,1512.2161529230766,1097.39,6535.0
2024-01,NAVE_CATEGORIA,NAVE_007 | SERVICIOS DE MANTENIMIENTO,1780.24,4.0,4.0,1.0,3.0,445.06,475.0,750.0
2024-02,NAVE_CATEGORIA,NAVE_007 | SERVICIOS DE MANTENIMIENTO,11782.76,14.0,9.0,1.0,6.0,1309.1955555555555,750.0,3700.0
2024-03,NAVE_CATEGORIA,NAVE_007 | SERVICIOS DE MANTENIMIENTO,1760.0,5.0,5.0,1.0,4.0,352.0,180.0,830.0
2024-04,NAVE_CATEGORIA,NAVE_007 | SERVICIOS DE MANTENIMIENTO,4512.0,6.0,6.0,1.0,6.0,752.0,495.0,2150.0
2024-05,NAVE_CATEGORIA,NAVE_007 | SERVICIOS DE MANTENIMIENTO,5312.4,5.0,5.0,1.0,5.0,1062.48,320.0,2500.0
2024-06,NAVE_CATEGORIA,NAVE_007 | SERVICIOS DE MANTENIMIENTO,16610.059999999998,10.0,10.0,1.0,7.0,1661.0059999999999,1450.0,3510.25
2024-07,NAVE_CATEGORIA,NAVE_007 | SERVICIOS DE MANTENIMIENTO,18410.6,14.0,14.0,1.0,9.0,1315.042857142857,1081.4,3800.0
2024-08,NAVE_CATEGORIA,NAVE_007 | SERVICIOS DE MANTENIMIENTO,11945.8,7.0,7.0,1.0,7.0,1706.542857142857,1382.0,5600.0
2024-09,NAVE_CATEGORIA,NAVE_007 | SERVICIOS DE MANTENIMIENTO,2720.0,3.0,3.0,1.0,2.0,906.6666666666666,830.0,1140.0
2024-10,NAVE_CATEGORIA,NAVE_007 | SERVICIOS DE MANTENIMIENTO,22197.33,12.0,12.0,1.0,8.0,1849.7775000000001,1900.0,4050.0
2024-11,NAVE_CATEGORIA,NAVE_007 | SERVICIOS DE MANTENIMIENTO,20332.5,7.0,7.0,1.0,4.0,2904.6428571428573,2525.0,8500.0
2024-12,NAVE_CATEGORIA,NAVE_007 | SERVICIOS DE MANTENIMIENTO,14872.0,7.0,7.0,1.0,6.0,2124.5714285714284,1900.0,4035.0
2025-01,NAVE_CATEGORIA,NAVE_007 | SERVICIOS DE MANTENIMIENTO,2030.0,3.0,3.0,1.0,3.0,676.6666666666666,850.0,900.0
2025-02,NAVE_CATEGORIA,NAVE_007 | SERVICIOS DE MANTENIMIENTO,18906.35,7.0,7.0,1.0,7.0,2700.907142857143,2602.0,7000.0
2025-03,NAVE_CATEGORIA,NAVE_007 | SERVICIOS DE MANTENIMIENTO,5365.0,4.0,4.0,1.0,4.0,1341.25,950.0,3325.0
2025-04,NAVE_CATEGORIA,NAVE_007 | SERVICIOS DE MANTENIMIENTO,17961.989999999998,6.0,6.0,1.0,5.0,2993.6649999999995,1827.92,8540.15
2025-05,NAVE_CATEGORIA,NAVE_007 | SERVICIOS DE MANTENIMIENTO,10230.74,5.0,5.0,1.0,4.0,2046.148,522.5,7173.24
2025-06,NAVE_CATEGORIA,NAVE_007 | SERVICIOS DE MANTENIMIENTO,15688.72,7.0,7.0,1.0,6.0,2241.2457142857143,2025.0,4500.0
2025-07,NAVE_CATEGORIA,NAVE_007 | SERVICIOS DE MANTENIMIENTO,8259.0,4.0,4.0,1.0,3.0,2064.75,1849.5,3700.0
2025-08,NAVE_CATEGORIA,NAVE_007 | SERVICIOS DE MANTENIMIENTO,6174.0,8.0,8.0,1.0,5.0,771.75,705.0,1700.0
2025-09,NAVE_CATEGORIA,NAVE_007 | SERVICIOS DE MANTENIMIENTO,21053.6,15.0,15.0,1.0,7.0,1403.5733333333333,1275.0,4000.0
2021-01,NAVE_CATEGORIA,NAVE_008 | ACEITE,1556.46,4.0,3.0,3.0,1.0,518.82,437.01,774.78
2021-02,NAVE_CATEGORIA,NAVE_008 | ACEITE,1936.95,5.0,1.0,1.0,1.0,1936.95,1936.95,1936.95
2021-04,NAVE_CATEGORIA,NAVE_008 | ACEITE,65.6,5.0,1.0,1.0,1.0,65.6,65.6,65.6
2021-06,NAVE_CATEGORIA,NAVE_008 | ACEITE,1842.319993,4.0,3.0,3.0,1.0,614.1066643333334,511.453333,932.93333
2021-09,NAVE_CATEGORIA,NAVE_008 | ACEITE,1532.96,3.0,2.0,2.0,1.0,766.48,766.48,1060.86
2021-11,NAVE_CATEGORIA,NAVE_008 | ACEITE,8324.072,16.0,5.0,4.0,1.0,1664.8144,944.2,3713.01
2021-12,NAVE_CATEGORIA,NAVE_008 | ACEITE,42.90356,2.0,1.0,1.0,1.0,42.90356,42.90356,42.90356
2022-02,NAVE_CATEGORIA,NAVE_008 | ACEITE,4151.98,16.0,4.0,4.0,2.0,1037.995,695.1949999999999,2652.15
2022-04,NAVE_CATEGORIA,NAVE_008 | ACEITE,2248.16,4.0,3.0,3.0,2.0,749.3866666666667,598.53,1060.86
2022-06,NAVE_CATEGORIA,NAVE_008 | ACEITE,854.29,8.0,3.0,3.0,1.0,284.7633333333333,260.64,530.43
2022-09,NAVE_CATEGORIA,NAVE_008 | ACEITE,1871.45,3.0,2.0,2.0,1.0,935.725,935.725,1219.7
2022-11,NAVE_CATEGORIA,NAVE_008 | ACEITE,2469.990003,4.0,3.0,3.0,1.0,823.3300009999999,649.18,1223.740003
2023-01,NAVE_CATEGORIA,NAVE_008 | ACEITE,4531.429999999999,9.0,4.0,4.0,1.0,1132.8574999999998,949.915,2441.6
2023-02,NAVE_CATEGORIA,NAVE_008 | ACEITE,4240.0,8.0,1.0,1.0,1.0,4240.0,4240.0,4240.0
2023-03,NAVE_CATEGORIA,NAVE_008 | ACEITE,4272.8,7.0,1.0,1.0,1.0,4272.8,4272.8,4272.8
2023-04,NAVE_CATEGORIA,NAVE_008 | ACEITE,2410.0,6.0,5.0,5.0,2.0,482.0,530.0,1100.0
2023-06,NAVE_CATEGORIA,NAVE_008 | ACEITE,61.02,5.0,1.0,1.0,1.0,61.02,61.02,61.02
2023-07,NAVE_CATEGORIA,NAVE_008 | ACEITE,1208.9299999999998,2.0,2.0,2.0,1.0,604.4649999999999,604.4649999999999,610.4
2023-08,NAVE_CATEGORIA,NAVE_008 | ACEITE,2589.6400000000003,6.0,4.0,4.0,1.0,647.4100000000001,622.3900000000001,1225.6
2023-09,NAVE_CATEGORIA,NAVE_008 | ACEITE,8797.409893,27.0,5.0,5.0,2.0,1759.4819786,658.45,6093.2
2023-10,NAVE_CATEGORIA,NAVE_008 | ACEITE,554.69,20.0,1.0,1.0,1.0,554.69,554.69,554.69
2024-05,NAVE_CATEGORIA,NAVE_008 | ACEITE,170.0,2.0,2.0,1.0,1.0,85.0,85.0,136.0
2024-09,NAVE_CATEGORIA,NAVE_008 | ACEITE,1316.85,12.0,2.0,2.0,1.0,658.425,658.425,722.37
2024-10,NAVE_CATEGORIA,NAVE_008 | ACEITE,2396.24,3.0,2.0,2.0,1.0,1198.12,1198.12,1199.18
2024-11,NAVE_CATEGORIA,NAVE_008 | ACEITE,56.0,2.0,1.0,1.0,1.0,56.0,56.0,56.0
2024-12,NAVE_CATEGORIA,NAVE_008 | ACEITE,4185.54,4.0,2.0,2.0,1.0,2092.77,2092.77,2989.27
2025-01,NAVE_CATEGORIA,NAVE_008 | ACEITE,5414.5999999999985,9.0,5.0,3.0,1.0,1082.9199999999996,1187.49,1732.59
2025-02,NAVE_CATEGORIA,NAVE_008 | ACEITE,1821.0500000000002,3.0,3.0,3.0,1.0,607.0166666666668,592.03,652.68
2025-03,NAVE_CATEGORIA,NAVE_008 | ACEITE,2053.89,14.0,4.0,4.0,1.0,513.4725,593.7349999999999,729.96
2025-04,NAVE_CATEGORIA,NAVE_008 | ACEITE,1837.81,3.0,1.0,1.0,1.0,1837.81,1837.81,1837.81
2025-05,NAVE_CATEGORIA,NAVE_008 | ACEITE,1846.97,3.0,3.0,3.0,1.0,615.6566666666666,617.73,652.77
2025-06,NAVE_CATEGORIA,NAVE_008 | ACEITE,1236.6399999999999,2.0,2.0,1.0,1.0,618.3199999999999,618.3199999999999,618.91
2025-07,NAVE_CATEGORIA,NAVE_008 | ACEITE,11563.519999999999,19.0,4.0,2.0,2.0,2890.8799999999997,2992.6499999999996,4958.42
2025-08,NAVE_CATEGORIA,NAVE_008 | ACEITE,1272.57,2.0,2.0,2.0,1.0,636.285,636.285,652.77
2025-09,NAVE_CATEGORIA,NAVE_008 | ACEITE,2450.89,4.0,3.0,3.0,1.0,816.9633333333333,653.66,1220.08
2021-01,NAVE_CATEGORIA,NAVE_008 | FERRETERIA,538.629992,96.0,4.0,4.0,1.0,134.657498,141.504996,196.8
2021-02,NAVE_CATEGORIA,NAVE_008 | FERRETERIA,1069.5173959999997,972.0,27.0,27.0,5.0,39.6117554074074,16.49,395.5
2021-03,NAVE_CATEGORIA,NAVE_008 | FERRETERIA,6038.3874940000005,473.0,49.0,47.0,8.0,123.2323978367347,30.0,1895.25
2021-04,NAVE_CATEGORIA,NAVE_008 | FERRETERIA,3010.912715,336.0,12.0,12.0,6.0,250.90939291666666,190.00009749999998,787.5855
2021-05,NAVE_CATEGORIA,NAVE_008 | FERRETERIA,818.4003,328.0,7.0,7.0,5.0,116.91432857142857,110.6,213.5673
2021-06,NAVE_CATEGORIA,NAVE_008 | FERRETERIA,743.3976,69.0,19.0,19.0,3.0,39.126189473684214,17.5,198.0
2021-07,NAVE_CATEGORIA,NAVE_008 | FERRETERIA,1098.1939,558.0,8.0,8.0,4.0,137.2742375,54.975,367.5
2021-08,NAVE_CATEGORIA,NAVE_008 | FERRETERIA,4231.502754,842.0,58.0,53.0,8.0,72.95694403448276,50.495,434.28
2021-09,NAVE_CATEGORIA,NAVE_008 | FERRETERIA,28953.810068999996,3392.5,62.0,62.0,10.0,466.9969365967741,117.6,2952.0
2021-10,NAVE_CATEGORIA,NAVE_008 | FERRETERIA,1079.154,121.0,6.0,6.0,4.0,179.859,221.5625,294.975
2021-11,NAVE_CATEGORIA,NAVE_008 | FERRETERIA,6228.2225149999995,2251.0,44.0,42.0,12.0,141.55051170454544,91.14,1040.26002
2021-12,NAVE_CATEGORIA,NAVE_008 | FERRETERIA,1713.7651480000002,64.0,5.0,5.0,3.0,342.75302960000005,198.967582,852.600006
2022-01,NAVE_CATEGORIA,NAVE_008 | FERRETERIA,2202.81024,45.0,12.0,12.0,4.0,183.56751999999997,41.96,1040.0
2022-02,NAVE_CATEGORIA,NAVE_008 | FERRETERIA,1226.469,204.0,6.0,6.0,3.0,204.41150000000002,44.95,952.0
2022-03,NAVE_CATEGORIA,NAVE_008 | FERRETERIA,1357.59,229.0,9.0,9.0,3.0,150.84333333333333,105.0,680.0
2022-04,NAVE_CATEGORIA,NAVE_008 | FERRETERIA,2081.961394,356.0,31.0,29.0,3.0,67.16004496774194,20.0,450.0
2022-06,NAVE_CATEGORIA,NAVE_008 | FERRETERIA,112.16,153.0,3.0,3.0,2.0,37.38666666666666,30.0,60.0
2022-07,NAVE_CATEGORIA,NAVE_008 | FERRETERIA,1645.1670000000001,166.0,15.0,15.0,3.0,109.6778,32.34,553.5
2022-09,NAVE_CATEGORIA,NAVE_008 | FERRETERIA,1707.698841,252.0,19.0,19.0,5.0,89.87888636842105,13.167,981.12
2022-10,NAVE_CATEGORIA,NAVE_008 | FERRETERIA,429.0,55.0,1.0,1.0,1.0,429.0,429.0,429.0
2022-11,NAVE_CATEGORIA,NAVE_008 | FERRETERIA,1119.225,230.0,34.0,30.0,4.0,32.91838235294117,9.875,344.0
2023-01,NAVE_CATEGORIA,NAVE_008 | FERRETERIA,2248.71,760.0,16.0,16.0,4.0,140.544375,106.23,348.81
2023-02,NAVE_CATEGORIA,NAVE_008 | FERRETERIA,2990.2959999999994,306.0,38.0,37.0,4.0,78.69199999999998,20.775,1020.0
2023-03,NAVE_CATEGORIA,NAVE_008 | FERRETERIA,2244.835,209.0,18.0,18.0,3.0,124.71305555555556,31.904,746.13
2023-04,NAVE_CATEGORIA,NAVE_008 | FERRETERIA,20049.651259000002,2911.0,103.0,92.0,12.0,194.65680833980585,102.06,1800.0
2023-05,NAVE_CATEGORIA,NAVE_008 | FERRETERIA,35314.818487000004,1961.0,90.0,87.0,12.0,392.3868720777778,58.519999999999996,18550.0
2023-06,NAVE_CATEGORIA,NAVE_008 | FERRETERIA,14160.383007,5979.0,101.0,100.0,24.0,140.20181195049506,37.17,1350.0
2023-07,NAVE_CATEGORIA,NAVE_008 | FERRETERIA,5329.652,312.0,24.0,17.0,5.0,222.06883333333334,93.5275,1728.0
2023-08,NAVE_CATEGORIA,NAVE_008 | FERRETERIA,14804.976377999998,830.0,69.0,69.0,10.0,214.56487504347822,28.0,6610.0
2023-09,NAVE_CATEGORIA,NAVE_008 | FERRETERIA,2849.3244,468.0,53.0,51.0,8.0,53.76083773584906,23.2,489.3658
2023-10,NAVE_CATEGORIA,NAVE_008 | FERRETERIA,20798.788056,557.4,46.0,46.0,10.0,452.1475664347826,34.650000000000006,7980.0
2023-11,NAVE_CATEGORIA,NAVE_008 | FERRETERIA,4899.8,219.0,7.0,7.0,5.0,699.9714285714286,168.0,4180.0
2023-12,NAVE_CATEGORIA,NAVE_008 | FERRETERIA,794.6201,426.0,9.0,9.0,3.0,88.29112222222221,34.58,384.75
2024-03,NAVE_CATEGORIA,NAVE_008 | FERRETERIA,2404.02,34.0,3.0,3.0,1.0,801.34,159.5,2222.44
2024-09,NAVE_CATEGORIA,NAVE_008 | FERRETERIA,765.0,2.0,1.0,1.0,1.0,765.0,765.0,765.0
2025-01,NAVE_CATEGORIA,NAVE_008 | FERRETERIA,23.86,5.0,1.0,1.0,1.0,23.86,23.86,23.86
2025-02,NAVE_CATEGORIA,NAVE_008 | FERRETERIA,974.95,182.0,10.0,9.0,1.0,97.495,49.89,285.59
2025-03,NAVE_CATEGORIA,NAVE_008 | FERRETERIA,103.97,42.0,3.0,3.0,1.0,34.656666666666666,35.75,47.09
2025-06,NAVE_CATEGORIA,NAVE_008 | FERRETERIA,449.28999999999996,3.0,2.0,2.0,1.0,224.64499999999998,224.64499999999998,415.89
2025-07,NAVE_CATEGORIA,NAVE_008 | FERRETERIA,19503.769999999997,2190.0,100.0,73.0,15.0,195.03769999999997,79.7,2678.8
2025-08,NAVE_CATEGORIA,NAVE_008 | FERRETERIA,1663.36,10.0,3.0,3.0,1.0,554.4533333333333,365.82,1151.94
2021-02,NAVE_CATEGORIA,NAVE_008 | FILTROS,584.8,68.0,5.0,5.0,1.0,116.96,100.0,245.4
2021-07,NAVE_CATEGORIA,NAVE_008 | FILTROS,441.0,36.0,3.0,3.0,1.0,147.0,103.2,240.0
2022-02,NAVE_CATEGORIA,NAVE_008 | FILTROS,147.174,2.0,1.0,1.0,1.0,147.174,147.174,147.174
2022-05,NAVE_CATEGORIA,NAVE_008 | FILTROS,600.2072,54.0,6.0,6.0,1.0,100.03453333333333,100.5976,159.2112
2023-07,NAVE_CATEGORIA,NAVE_008 | FILTROS,1472.05,90.0,6.0,6.0,2.0,245.34166666666667,226.4,562.1
2025-03,NAVE_CATEGORIA,NAVE_008 | FILTROS,270.0,9.0,2.0,2.0,1.0,135.0,135.0,168.0
2021-01,NAVE_CATEGORIA,NAVE_008 | QUIMICOS,287.35,11.0,3.0,3.0,1.0,95.78333333333335,75.0,141.95
2021-03,NAVE_CATEGORIA,NAVE_008 | QUIMICOS,1789.2,3.0,1.0,1.0,1.0,1789.2,1789.2,1789.2
2021-04,NAVE_CATEGORIA,NAVE_008 | QUIMICOS,248.44,11.0,3.0,3.0,1.0,82.81333333333333,19.84,218.6
2021-06,NAVE_CATEGORIA,NAVE_008 | QUIMICOS,42.35,7.0,2.0,2.0,2.0,21.175,21.175,23.6
2021-08,NAVE_CATEGORIA,NAVE_008 | QUIMICOS,2124.6,13.0,3.0,3.0,1.0,708.1999999999999,218.6,1789.2
2021-09,NAVE_CATEGORIA,NAVE_008 | QUIMICOS,4771.2,8.0,1.0,1.0,1.0,4771.2,4771.2,4771.2
2021-11,NAVE_CATEGORIA,NAVE_008 | QUIMICOS,1039.55,40.0,3.0,3.0,2.0,346.51666666666665,437.2,467.2
2022-01,NAVE_CATEGORIA,NAVE_008 | QUIMICOS,456.0,42.0,10.0,10.0,2.0,45.6,38.25,120.0
2022-02,NAVE_CATEGORIA,NAVE_008 | QUIMICOS,1061.4499999999998,20.0,8.0,8.0,1.0,132.68124999999998,69.78,596.4
2022-04,NAVE_CATEGORIA,NAVE_008 | QUIMICOS,1784.3,56.0,4.0,4.0,2.0,446.075,392.65000000000003,920.0
2022-07,NAVE_CATEGORIA,NAVE_008 | QUIMICOS,32.032,4.0,1.0,1.0,1.0,32.032,32.032,32.032
2022-11,NAVE_CATEGORIA,NAVE_008 | QUIMICOS,3797.02,27.0,8.0,5.0,4.0,474.6275,93.0,2797.5
2023-01,NAVE_CATEGORIA,NAVE_008 | QUIMICOS,5947.5,10.0,2.0,1.0,2.0,2973.75,2973.75,3150.0
2023-03,NAVE_CATEGORIA,NAVE_008 | QUIMICOS,60.0,5.0,1.0,1.0,1.0,60.0,60.0,60.0
2023-04,NAVE_CATEGORIA,NAVE_008 | QUIMICOS,4562.312,21.0,3.0,2.0,3.0,1520.7706666666666,61.022,4476.0
2023-05,NAVE_CATEGORIA,NAVE_008 | QUIMICOS,636.9,45.0,5.0,5.0,4.0,127.38,95.0,280.0
2023-08,NAVE_CATEGORIA,NAVE_008 | QUIMICOS,421.6,24.0,2.0,2.0,2.0,210.8,210.8,387.6
2023-09,NAVE_CATEGORIA,NAVE_008 | QUIMICOS,77.8,10.0,2.0,2.0,2.0,38.9,38.9,52.8
2025-06,NAVE_CATEGORIA,NAVE_008 | QUIMICOS,47.0,5.0,1.0,1.0,1.0,47.0,47.0,47.0
2025-07,NAVE_CATEGORIA,NAVE_008 | QUIMICOS,7517.1,27.0,3.0,2.0,1.0,2505.7000000000003,94.0,7376.1
2025-01,NAVE_CATEGORIA,NAVE_008 | REPUESTOS ELECTRICOS,1209.65,2.0,2.0,2.0,1.0,604.825,604.825,913.67
2025-04,NAVE_CATEGORIA,NAVE_008 | REPUESTOS ELECTRICOS,234.49,1.0,1.0,1.0,1.0,234.49,234.49,234.49
2021-03,NAVE_CATEGORIA,NAVE_008 | REPUESTOS MECANICOS,68.1105,6.0,2.0,2.0,1.0,34.05525,34.05525,42.5085
2021-04,NAVE_CATEGORIA,NAVE_008 | REPUESTOS MECANICOS,54678.05500000001,39.0,25.0,24.0,5.0,2187.1222000000002,210.45,21861.88
2021-05,NAVE_CATEGORIA,NAVE_008 | REPUESTOS MECANICOS,328.7713,2.0,2.0,2.0,1.0,164.38565,164.38565,207.3257
2021-07,NAVE_CATEGORIA,NAVE_008 | REPUESTOS MECANICOS,44981.200000000004,99.0,17.0,17.0,2.0,2645.9529411764706,588.0,13500.0
2021-08,NAVE_CATEGORIA,NAVE_008 | REPUESTOS MECANICOS,1932.02624,102.0,20.0,19.0,4.0,96.601312,78.119,268.92
2021-09,NAVE_CATEGORIA,NAVE_008 | REPUESTOS MECANICOS,22488.3099,23.0,2.0,2.0,2.0,11244.15495,11244.15495,21811.7499
2021-11,NAVE_CATEGORIA,NAVE_008 | REPUESTOS MECANICOS,3251.0,16.0,8.0,7.0,1.0,406.375,358.0,1110.0
2021-12,NAVE_CATEGORIA,NAVE_008 | REPUESTOS MECANICOS,2364.29,3.0,3.0,3.0,1.0,788.0966666666667,200.0,2014.29
2022-01,NAVE_CATEGORIA,NAVE_008 | REPUESTOS MECANICOS,9381.342496,17.0,6.0,5.0,2.0,1563.5570826666665,1381.8579165,2900.313333
2022-02,NAVE_CATEGORIA,NAVE_008 | REPUESTOS MECANICOS,1018.572,6.0,2.0,2.0,2.0,509.286,509.286,528.572
2022-04,NAVE_CATEGORIA,NAVE_008 | REPUESTOS MECANICOS,3761.510001,5.0,2.0,2.0,2.0,1880.7550005,1880.7550005,3730.32
2022-05,NAVE_CATEGORIA,NAVE_008 | REPUESTOS MECANICOS,295.0,1.0,1.0,1.0,1.0,295.0,295.0,295.0
2022-09,NAVE_CATEGORIA,NAVE_008 | REPUESTOS MECANICOS,50735.302,135.0,31.0,31.0,2.0,1636.6226451612904,699.745,16982.94
2022-11,NAVE_CATEGORIA,NAVE_008 | REPUESTOS MECANICOS,1444.2,101.0,2.0,2.0,2.0,722.1,722.1,1400.0
2023-02,NAVE_CATEGORIA,NAVE_008 | REPUESTOS MECANICOS,4029.0,1.0,1.0,1.0,1.0,4029.0,4029.0,4029.0
2023-05,NAVE_CATEGORIA,NAVE_008 | REPUESTOS MECANICOS,12939.680008000001,185.0,11.0,11.0,6.0,1176.3345461818183,210.42,9120.0
2023-06,NAVE_CATEGORIA,NAVE_008 | REPUESTOS MECANICOS,16843.912503000003,118.0,21.0,21.0,4.0,802.0910715714288,477.85,2937.0
2023-07,NAVE_CATEGORIA,NAVE_008 | REPUESTOS MECANICOS,2288.24,49.0,6.0,6.0,3.0,381.3733333333333,343.4,1120.0
2023-08,NAVE_CATEGORIA,NAVE_008 | REPUESTOS MECANICOS,4824.610000000001,609.0,8.0,8.0,4.0,603.0762500000001,280.35,1898.78
2023-09,NAVE_CATEGORIA,NAVE_008 | REPUESTOS MECANICOS,17899.630298999997,397.0,35.0,35.0,4.0,511.418008542857,247.74,6969.846
2023-10,NAVE_CATEGORIA,NAVE_008 | REPUESTOS MECANICOS,5213.293,20.0,8.0,8.0,4.0,651.661625,58.0,4200.0
2023-11,NAVE_CATEGORIA,NAVE_008 | REPUESTOS MECANICOS,2991.14,6.0,3.0,3.0,2.0,997.0466666666666,820.0,1599.7
2024-05,NAVE_CATEGORIA,NAVE_008 | REPUESTOS MECANICOS,152820.54,317.0,42.0,42.0,1.0,3638.584285714286,268.28999999999996,106292.58
2024-09,NAVE_CATEGORIA,NAVE_008 | REPUESTOS MECANICOS,2874.55,8.0,6.0,6.0,3.0,479.0916666666667,286.785,1416.67
2024-10,NAVE_CATEGORIA,NAVE_008 | REPUESTOS MECANICOS,2.55,40.0,1.0,1.0,1.0,2.55,2.55,2.55
2025-02,NAVE_CATEGORIA,NAVE_008 | REPUESTOS MECANICOS,40.26,1.0,1.0,1.0,1.0,40.26,40.26,40.26
2025-04,NAVE_CATEGORIA,NAVE_008 | REPUESTOS MECANICOS,11174.2,64.0,15.0,15.0,1.0,744.9466666666667,279.0,5411.2
2025-07,NAVE_CATEGORIA,NAVE_008 | REPUESTOS MECANICOS,10000.0,1.0,1.0,1.0,1.0,10000.0,10000.0,10000.0
2025-08,NAVE_CATEGORIA,NAVE_008 | REPUESTOS MECANICOS,15484.18,15.0,4.0,4.0,1.0,3871.045,1241.67,12991.84
2025-09,NAVE_CATEGORIA,NAVE_008 | REPUESTOS MECANICOS,5463.15,366.0,13.0,13.0,1.0,420.2423076923077,158.26,2320.39
2021-01,NAVE_CATEGORIA,NAVE_008 | SERVICIOS DE MANTENIMIENTO,1325.0,4.0,4.0,1.0,4.0,331.25,315.0,560.0
2021-02,NAVE_CATEGORIA,NAVE_008 | SERVICIOS DE MANTENIMIENTO,2954.0,3.0,3.0,1.0,2.0,984.6666666666666,192.0,2600.0
2021-03,NAVE_CATEGORIA,NAVE_008 | SERVICIOS DE MANTENIMIENTO,3620.0,2.0,2.0,1.0,2.0,1810.0,1810.0,2920.0
2021-04,NAVE_CATEGORIA,NAVE_008 | SERVICIOS DE MANTENIMIENTO,15262.470000000001,9.0,9.0,4.0,8.0,1695.8300000000002,473.0,9500.0
2021-05,NAVE_CATEGORIA,NAVE_008 | SERVICIOS DE MANTENIMIENTO,7040.0,6.0,6.0,3.0,4.0,1173.3333333333333,750.0,3180.0
2021-06,NAVE_CATEGORIA,NAVE_008 | SERVICIOS DE MANTENIMIENTO,3927.96,3.0,3.0,2.0,3.0,1309.32,267.96,3420.0
2021-07,NAVE_CATEGORIA,NAVE_008 | SERVICIOS DE MANTENIMIENTO,18252.85,15.0,15.0,4.0,7.0,1216.8566666666666,371.43,8312.8
2021-08,NAVE_CATEGORIA,NAVE_008 | SERVICIOS DE MANTENIMIENTO,291.6,2.0,2.0,1.0,1.0,145.8,145.8,165.6
2021-09,NAVE_CATEGORIA,NAVE_008 | SERVICIOS DE MANTENIMIENTO,6557.76,7.0,7.0,2.0,6.0,936.8228571428572,388.0,4035.0
2021-10,NAVE_CATEGORIA,NAVE_008 | SERVICIOS DE MANTENIMIENTO,15291.94,5.0,5.0,2.0,4.0,3058.388,50.0,7950.0
2021-11,NAVE_CATEGORIA,NAVE_008 | SERVICIOS DE MANTENIMIENTO,119572.80000000002,57.0,57.0,4.0,23.0,2097.7684210526318,1400.0,15900.0
2021-12,NAVE_CATEGORIA,NAVE_008 | SERVICIOS DE MANTENIMIENTO,35874.1,28.0,27.0,3.0,16.0,1328.6703703703704,525.0,12316.5
2022-01,NAVE_CATEGORIA,NAVE_008 | SERVICIOS DE MANTENIMIENTO,14809.279999999999,27.0,20.0,2.0,6.0,740.4639999999999,250.0,3800.0
2022-02,NAVE_CATEGORIA,NAVE_008 | SERVICIOS DE MANTENIMIENTO,2471.0,5.0,5.0,3.0,3.0,494.2,250.0,1150.0
2022-03,NAVE_CATEGORIA,NAVE_008 | SERVICIOS DE MANTENIMIENTO,793.0699999999999,6.0,6.0,3.0,4.0,132.1783333333333,55.0,330.0
2022-04,NAVE_CATEGORIA,NAVE_008 | SERVICIOS DE MANTENIMIENTO,15772.859999999999,2.0,2.0,2.0,2.0,7886.429999999999,7886.429999999999,15746.4
2022-05,NAVE_CATEGORIA,NAVE_008 | SERVICIOS DE MANTENIMIENTO,5910.0,7.0,7.0,3.0,5.0,844.2857142857143,300.0,2770.0
2022-06,NAVE_CATEGORIA,NAVE_008 | SERVICIOS DE MANTENIMIENTO,3425.0,4.0,4.0,2.0,4.0,856.25,792.5,1600.0
2022-07,NAVE_CATEGORIA,NAVE_008 | SERVICIOS DE MANTENIMIENTO,8717.24,14.0,14.0,4.0,6.0,622.66,334.645,3316.95
2022-08,NAVE_CATEGORIA,NAVE_008 | SERVICIOS DE MANTENIMIENTO,3250.0,8.0,8.0,1.0,6.0,406.25,370.0,800.0
2022-10,NAVE_CATEGORIA,NAVE_008 | SERVICIOS DE MANTENIMIENTO,2850.35,8.0,8.0,2.0,2.0,356.29375,325.0,800.0
2022-11,NAVE_CATEGORIA,NAVE_008 | SERVICIOS DE MANTENIMIENTO,4430.0,4.0,4.0,1.0,4.0,1107.5,550.0,3300.0
2022-12,NAVE_CATEGORIA,NAVE_008 | SERVICIOS DE MANTENIMIENTO,2282.0,7.0,7.0,3.0,3.0,326.0,260.0,605.0
2023-01,NAVE_CATEGORIA,NAVE_008 | SERVICIOS DE MANTENIMIENTO,7573.13,7.0,7.0,3.0,5.0,1081.8757142857144,200.0,3430.0
2023-02,NAVE_CATEGORIA,NAVE_008 | SERVICIOS DE MANTENIMIENTO,1100.0,1.0,1.0,1.0,1.0,1100.0,1100.0,1100.0
2023-03,NAVE_CATEGORIA,NAVE_008 | SERVICIOS DE MANTENIMIENTO,8535.13,5.0,5.0,1.0,4.0,1707.0259999999998,1889.56,3405.0
2023-04,NAVE_CATEGORIA,NAVE_008 | SERVICIOS DE MANTENIMIENTO,42779.43,17.0,17.0,3.0,8.0,2516.4370588235292,3400.0,5100.0
2023-05,NAVE_CATEGORIA,NAVE_008 | SERVICIOS DE MANTENIMIENTO,111178.99,29.0,29.0,3.0,15.0,3833.7582758620692,3000.0,15000.0
2023-06,NAVE_CATEGORIA,NAVE_008 | SERVICIOS DE MANTENIMIENTO,66674.95,27.0,27.0,2.0,15.0,2469.4425925925925,700.0,12150.0
2023-07,NAVE_CATEGORIA,NAVE_008 | SERVICIOS DE MANTENIMIENTO,48531.24,19.0,19.0,5.0,16.0,2554.275789473684,860.0,16640.0
2023-08,NAVE_CATEGORIA,NAVE_008 | SERVICIOS DE MANTENIMIENTO,10514.78,9.0,9.0,2.0,7.0,1168.308888888889,580.0,3000.0
2023-09,NAVE_CATEGORIA,NAVE_008 | SERVICIOS DE MANTENIMIENTO,27778.739999999998,18.0,18.0,3.0,11.0,1543.2633333333333,606.5,5868.0
2023-10,NAVE_CATEGORIA,NAVE_008 | SERVICIOS DE MANTENIMIENTO,6804.2,10.0,10.0,2.0,7.0,680.42,500.0,1700.0
2023-11,NAVE_CATEGORIA,NAVE_008 | SERVICIOS DE MANTENIMIENTO,34587.85,20.0,20.0,3.0,8.0,1729.3925,472.85,10567.5
2023-12,NAVE_CATEGORIA,NAVE_008 | SERVICIOS DE MANTENIMIENTO,2500.0,2.0,2.0,1.0,2.0,1250.0,1250.0,2000.0
2024-01,NAVE_CATEGORIA,NAVE_008 | SERVICIOS DE MANTENIMIENTO,2374.0,16.0,5.0,1.0,4.0,474.8,541.26,920.0
2024-02,NAVE_CATEGORIA,NAVE_008 | SERVICIOS DE MANTENIMIENTO,5508.0,2.0,2.0,1.0,2.0,2754.0,2754.0,4308.0
2024-03,NAVE_CATEGORIA,NAVE_008 | SERVICIOS DE MANTENIMIENTO,2650.0,3.0,3.0,1.0,3.0,883.3333333333334,670.0,1500.0
2024-04,NAVE_CATEGORIA,NAVE_008 | SERVICIOS DE MANTENIMIENTO,10499.0,7.0,7.0,1.0,6.0,1499.857142857143,1614.0,3010.0
2024-05,NAVE_CATEGORIA,NAVE_008 | SERVICIOS DE MANTENIMIENTO,40100.42,10.0,10.0,1.0,5.0,4010.042,2287.0,18056.42
2024-06,NAVE_CATEGORIA,NAVE_008 | SERVICIOS DE MANTENIMIENTO,30672.34,19.0,19.0,1.0,11.0,1614.3336842105264,560.0,6000.0
2024-07,NAVE_CATEGORIA,NAVE_008 | SERVICIOS DE MANTENIMIENTO,8499.13,15.0,15.0,1.0,13.0,566.6086666666666,328.61,1760.85
2024-08,NAVE_CATEGORIA,NAVE_008 | SERVICIOS DE MANTENIMIENTO,20850.25,16.0,16.0,1.0,9.0,1303.140625,568.65,4061.25
2024-09,NAVE_CATEGORIA,NAVE_008 | SERVICIOS DE MANTENIMIENTO,46460.0,6.0,6.0,1.0,6.0,7743.333333333333,830.0,28000.0
2024-10,NAVE_CATEGORIA,NAVE_008 | SERVICIOS DE MANTENIMIENTO,25609.78,10.0,10.0,1.0,8.0,2560.978,2100.0,8469.78
2024-11,NAVE_CATEGORIA,NAVE_008 | SERVICIOS DE MANTENIMIENTO,16010.04,9.0,9.0,1.0,8.0,1778.8933333333334,1400.0,7500.0
2024-12,NAVE_CATEGORIA,NAVE_008 | SERVICIOS DE MANTENIMIENTO,2229.0,3.0,3.0,1.0,2.0,743.0,594.0,1485.0
2025-01,NAVE_CATEGORIA,NAVE_008 | SERVICIOS DE MANTENIMIENTO,18068.48,2.0,2.0,1.0,2.0,9034.24,9034.24,17988.48
2025-02,NAVE_CATEGORIA,NAVE_008 | SERVICIOS DE MANTENIMIENTO,47548.7,34.0,34.0,1.0,10.0,1398.4911764705882,420.0,9410.0
2025-03,NAVE_CATEGORIA,NAVE_008 | SERVICIOS DE MANTENIMIENTO,8652.29,5.0,5.0,1.0,5.0,1730.458,2000.0,3745.0
2025-04,NAVE_CATEGORIA,NAVE_008 | SERVICIOS DE MANTENIMIENTO,2807.0,5.0,5.0,1.0,4.0,561.4,460.0,960.0
2025-05,NAVE_CATEGORIA,NAVE_008 | SERVICIOS DE MANTENIMIENTO,17032.72,8.0,8.0,1.0,5.0,2129.09,1433.6,4680.0
2025-06,NAVE_CATEGORIA,NAVE_008 | SERVICIOS DE MANTENIMIENTO,11510.0,5.0,5.0,1.0,4.0,2302.0,2070.0,5355.0
2025-07,NAVE_CATEGORIA,NAVE_008 | SERVICIOS DE MANTENIMIENTO,115248.51000000001,43.0,43.0,1.0,20.0,2680.1979069767444,734.88,28908.0
2025-08,NAVE_CATEGORIA,NAVE_008 | SERVICIOS DE MANTENIMIENTO,65667.5,46.0,46.0,1.0,13.0,1427.554347826087,475.725,6914.75
2025-09,NAVE_CATEGORIA,NAVE_008 | SERVICIOS DE MANTENIMIENTO,11029.75,11.0,11.0,1.0,7.0,1002.7045454545455,468.0,3800.0
2021-03,NAVE_CATEGORIA,NAVE_009 | ACEITE,72.49,1.0,1.0,1.0,1.0,72.49,72.49,72.49
2021-04,NAVE_CATEGORIA,NAVE_009 | ACEITE,3524.05,57.0,4.0,4.0,3.0,881.0125,831.335,1560.0
2022-02,NAVE_CATEGORIA,NAVE_009 | ACEITE,3581.42,8.0,2.0,2.0,1.0,1790.71,1790.71,3377.82
2022-07,NAVE_CATEGORIA,NAVE_009 | ACEITE,2972.78,26.0,4.0,4.0,2.0,743.195,739.69,1358.2
2022-08,NAVE_CATEGORIA,NAVE_009 | ACEITE,3622.45,5.0,1.0,1.0,1.0,3622.45,3622.45,3622.45
2022-10,NAVE_CATEGORIA,NAVE_009 | ACEITE,680.0,10.0,1.0,1.0,1.0,680.0,680.0,680.0
2023-02,NAVE_CATEGORIA,NAVE_009 | ACEITE,190.0,2.0,1.0,1.0,1.0,190.0,190.0,190.0
2023-03,NAVE_CATEGORIA,NAVE_009 | ACEITE,476.1,7.0,1.0,1.0,1.0,476.1,476.1,476.1
2023-09,NAVE_CATEGORIA,NAVE_009 | ACEITE,201.43,2.0,1.0,1.0,1.0,201.43,201.43,201.43
2025-05,NAVE_CATEGORIA,NAVE_009 | ACEITE,176.0,4.0,1.0,1.0,1.0,176.0,176.0,176.0
2025-06,NAVE_CATEGORIA,NAVE_009 | ACEITE,2383.58,116.0,3.0,3.0,2.0,794.5266666666666,835.12,1194.86
2021-01,NAVE_CATEGORIA,NAVE_009 | FERRETERIA,2188.6,273.0,30.0,28.0,4.0,72.95333333333333,30.0,393.18
2021-02,NAVE_CATEGORIA,NAVE_009 | FERRETERIA,2060.62,581.0,20.0,20.0,3.0,103.03099999999999,66.11500000000001,262.4
2021-03,NAVE_CATEGORIA,NAVE_009 | FERRETERIA,14722.199999999999,286.0,28.0,28.0,8.0,525.7928571428571,34.065,6500.0
2021-04,NAVE_CATEGORIA,NAVE_009 | FERRETERIA,2130.54,141.0,18.0,17.0,5.0,118.36333333333333,43.215,630.12
2021-05,NAVE_CATEGORIA,NAVE_009 | FERRETERIA,635.8,41.0,13.0,13.0,3.0,48.9076923076923,9.0,255.0
2021-06,NAVE_CATEGORIA,NAVE_009 | FERRETERIA,245.79,8.0,4.0,4.0,2.0,61.4475,49.225,131.54
2021-07,NAVE_CATEGORIA,NAVE_009 | FERRETERIA,14.64,4.0,1.0,1.0,1.0,14.64,14.64,14.64
2021-08,NAVE_CATEGORIA,NAVE_009 | FERRETERIA,782.98,2.0,2.0,2.0,1.0,391.49,391.49,735.0
2021-09,NAVE_CATEGORIA,NAVE_009 | FERRETERIA,163.78,233.0,11.0,11.0,1.0,14.889090909090909,9.0,45.92
2021-10,NAVE_CATEGORIA,NAVE_009 | FERRETERIA,581.1999999999999,31.0,4.0,4.0,2.0,145.29999999999998,25.2,525.0
2021-11,NAVE_CATEGORIA,NAVE_009 | FERRETERIA,173.7,23.0,5.0,5.0,2.0,34.739999999999995,27.0,85.0
2022-02,NAVE_CATEGORIA,NAVE_009 | FERRETERIA,402.5,55.0,3.0,3.0,1.0,134.16666666666666,185.0,187.5
2022-03,NAVE_CATEGORIA,NAVE_009 | FERRETERIA,1427.09,285.0,34.0,32.0,1.0,41.97323529411764,8.895,282.0
2022-04,NAVE_CATEGORIA,NAVE_009 | FERRETERIA,1592.25,7.0,2.0,2.0,2.0,796.125,796.125,1436.25
2022-05,NAVE_CATEGORIA,NAVE_009 | FERRETERIA,726.8199999999999,512.0,8.0,8.0,4.0,90.85249999999999,12.85,380.0
2022-06,NAVE_CATEGORIA,NAVE_009 | FERRETERIA,119.0,3.0,2.0,2.0,1.0,59.5,59.5,65.0
2022-07,NAVE_CATEGORIA,NAVE_009 | FERRETERIA,6178.269999999999,742.0,31.0,29.0,6.0,199.29903225806447,51.6,3052.35
2022-08,NAVE_CATEGORIA,NAVE_009 | FERRETERIA,167.0,34.0,3.0,3.0,1.0,55.666666666666664,44.0,114.0
2022-09,NAVE_CATEGORIA,NAVE_009 | FERRETERIA,1312.34,41.0,7.0,7.0,3.0,187.47714285714284,17.25,1139.65
2022-10,NAVE_CATEGORIA,NAVE_009 | FERRETERIA,328.0,2.0,2.0,2.0,1.0,164.0,164.0,184.0
2022-11,NAVE_CATEGORIA,NAVE_009 | FERRETERIA,103.49,24.0,1.0,1.0,1.0,103.49,103.49,103.49
2023-01,NAVE_CATEGORIA,NAVE_009 | FERRETERIA,761.25,3.0,2.0,2.0,2.0,380.625,380.625,640.0
2023-02,NAVE_CATEGORIA,NAVE_009 | FERRETERIA,916.36,126.0,26.0,26.0,5.0,35.244615384615386,10.0,382.13
2023-03,NAVE_CATEGORIA,NAVE_009 | FERRETERIA,1592.94,1.0,1.0,1.0,1.0,1592.94,1592.94,1592.94
2023-04,NAVE_CATEGORIA,NAVE_009 | FERRETERIA,665.8199999999999,29.0,12.0,12.0,4.0,55.48499999999999,21.0,180.0
2023-06,NAVE_CATEGORIA,NAVE_009 | FERRETERIA,1672.0,25.0,4.0,4.0,3.0,418.0,76.17500000000001,1513.65
2023-07,NAVE_CATEGORIA,NAVE_009 | FERRETERIA,1485.0700000000002,72.0,9.0,9.0,5.0,165.0077777777778,22.5,1167.5
2023-08,NAVE_CATEGORIA,NAVE_009 | FERRETERIA,5790.490000000001,19.0,7.0,7.0,4.0,827.2128571428573,80.6,5207.48
2023-09,NAVE_CATEGORIA,NAVE_009 | FERRETERIA,164.85000000000002,5.0,4.0,4.0,1.0,41.212500000000006,1.675,160.0
2023-10,NAVE_CATEGORIA,NAVE_009 | FERRETERIA,2838.01,54.0,8.0,8.0,3.0,354.75125,54.5,2500.0
2024-04,NAVE_CATEGORIA,NAVE_009 | FERRETERIA,9.6,10.0,1.0,1.0,1.0,9.6,9.6,9.6
2025-05,NAVE_CATEGORIA,NAVE_009 | FERRETERIA,129.94,312.0,7.0,7.0,2.0,18.562857142857144,4.0,95.91
2025-06,NAVE_CATEGORIA,NAVE_009 | FERRETERIA,16177.64,1103.0,59.0,56.0,15.0,274.1972881355932,54.55,6669.06
2025-07,NAVE_CATEGORIA,NAVE_009 | FERRETERIA,43.64,5.0,2.0,2.0,1.0,21.82,21.82,41.11
2025-08,NAVE_CATEGORIA,NAVE_009 | FERRETERIA,5.7,2.0,2.0,2.0,1.0,2.85,2.85,2.85
2025-09,NAVE_CATEGORIA,NAVE_009 | FERRETERIA,41.55,319.0,6.0,6.0,1.0,6.925,2.75,19.05
2025-10,NAVE_CATEGORIA,NAVE_009 | FERRETERIA,164.76000000000002,52.0,15.0,15.0,1.0,10.984000000000002,7.83,25.0
2025-11,NAVE_CATEGORIA,NAVE_009 | FERRETERIA,155.12,50.0,6.0,6.0,1.0,25.853333333333335,14.785,62.4
2025-12,NAVE_CATEGORIA,NAVE_009 | FERRETERIA,6.82,18.0,1.0,1.0,1.0,6.82,6.82,6.82
2021-06,NAVE_CATEGORIA,NAVE_009 | FILTROS,1389.6999999999998,29.0,5.0,4.0,1.0,277.93999999999994,256.72,454.3
2021-07,NAVE_CATEGORIA,NAVE_009 | FILTROS,1155.52,15.0,2.0,2.0,1.0,577.76,577.76,1013.32
2021-09,NAVE_CATEGORIA,NAVE_009 | FILTROS,1232.88,12.0,1.0,1.0,1.0,1232.88,1232.88,1232.88
2022-02,NAVE_CATEGORIA,NAVE_009 | FILTROS,4849.82,108.0,8.0,8.0,4.0,606.2275,438.45,1360.56
2022-07,NAVE_CATEGORIA,NAVE_009 | FILTROS,2314.0,9.0,3.0,2.0,2.0,771.3333333333334,190.4,1959.6
2022-08,NAVE_CATEGORIA,NAVE_009 | FILTROS,2641.6,17.0,4.0,4.0,3.0,660.4,442.55,1633.0
2023-03,NAVE_CATEGORIA,NAVE_009 | FILTROS,450.88,6.0,2.0,2.0,2.0,225.44,225.44,380.8
2023-04,NAVE_CATEGORIA,NAVE_009 | FILTROS,799.8199999999999,18.0,2.0,2.0,2.0,399.90999999999997,399.90999999999997,419.02
2023-06,NAVE_CATEGORIA,NAVE_009 | FILTROS,608.83,8.0,1.0,1.0,1.0,608.83,608.83,608.83
2023-09,NAVE_CATEGORIA,NAVE_009 | FILTROS,3217.2599999999998,64.0,5.0,5.0,2.0,643.452,782.03,995.87
2025-04,NAVE_CATEGORIA,NAVE_009 | FILTROS,604.44,4.0,1.0,1.0,1.0,604.44,604.44,604.44
2025-05,NAVE_CATEGORIA,NAVE_009 | FILTROS,559.43,2.0,1.0,1.0,1.0,559.43,559.43,559.43
2025-06,NAVE_CATEGORIA,NAVE_009 | FILTROS,1025.64,13.0,3.0,3.0,1.0,341.88000000000005,109.49,862.52
2025-12,NAVE_CATEGORIA,NAVE_009 | FILTROS,5239.57,24.0,4.0,4.0,1.0,1309.8925,441.415,4161.15
2021-01,NAVE_CATEGORIA,NAVE_009 | QUIMICOS,307.17,21.0,4.0,4.0,2.0,76.7925,83.485,95.2
2021-03,NAVE_CATEGORIA,NAVE_009 | QUIMICOS,2775.0,5.0,1.0,1.0,1.0,2775.0,2775.0,2775.0
2021-05,NAVE_CATEGORIA,NAVE_009 | QUIMICOS,24.0,4.0,1.0,1.0,1.0,24.0,24.0,24.0
2021-09,NAVE_CATEGORIA,NAVE_009 | QUIMICOS,38.230000000000004,5.0,2.0,2.0,1.0,19.115000000000002,19.115000000000002,22.71
2021-11,NAVE_CATEGORIA,NAVE_009 | QUIMICOS,178.60000000000002,6.0,2.0,2.0,1.0,89.30000000000001,89.30000000000001,108.2
2022-05,NAVE_CATEGORIA,NAVE_009 | QUIMICOS,58.519999999999996,8.0,2.0,2.0,1.0,29.259999999999998,29.259999999999998,30.34
2022-07,NAVE_CATEGORIA,NAVE_009 | QUIMICOS,448.8,20.0,1.0,1.0,1.0,448.8,448.8,448.8
2023-02,NAVE_CATEGORIA,NAVE_009 | QUIMICOS,241.0,12.0,2.0,2.0,2.0,120.5,120.5,224.0
2023-07,NAVE_CATEGORIA,NAVE_009 | QUIMICOS,1190.0,130.0,2.0,2.0,2.0,595.0,595.0,940.0
2023-09,NAVE_CATEGORIA,NAVE_009 | QUIMICOS,7199.52,2062.0,2.0,2.0,2.0,3599.76,3599.76,5667.12
2023-10,NAVE_CATEGORIA,NAVE_009 | QUIMICOS,1021.6,128.0,1.0,1.0,1.0,1021.6,1021.6,1021.6
2023-11,NAVE_CATEGORIA,NAVE_009 | QUIMICOS,1021.6,128.0,1.0,1.0,1.0,1021.6,1021.6,1021.6
2025-05,NAVE_CATEGORIA,NAVE_009 | QUIMICOS,7051.59,258.0,2.0,2.0,1.0,3525.795,3525.795,5008.39
2025-06,NAVE_CATEGORIA,NAVE_009 | QUIMICOS,535.0,130.0,2.0,2.0,2.0,267.5,267.5,460.0
2025-10,NAVE_CATEGORIA,NAVE_009 | QUIMICOS,80.33,6.0,2.0,2.0,1.0,40.165,40.165,42.73
2024-04,NAVE_CATEGORIA,NAVE_009 | REPUESTOS ELECTRICOS,4731.44,1840.0,8.0,7.0,4.0,591.43,341.85,1705.07
2025-04,NAVE_CATEGORIA,NAVE_009 | REPUESTOS ELECTRICOS,125.89,10.0,1.0,1.0,1.0,125.89,125.89,125.89
2025-06,NAVE_CATEGORIA,NAVE_009 | REPUESTOS ELECTRICOS,2748.77,16.0,3.0,3.0,2.0,916.2566666666667,195.18,2552.31
2025-08,NAVE_CATEGORIA,NAVE_009 | REPUESTOS ELECTRICOS,349.1,1.0,1.0,1.0,1.0,349.1,349.1,349.1
2025-11,NAVE_CATEGORIA,NAVE_009 | REPUESTOS ELECTRICOS,120.0,1.0,1.0,1.0,1.0,120.0,120.0,120.0
2021-01,NAVE_CATEGORIA,NAVE_009 | REPUESTOS MECANICOS,33800.0,6.0,3.0,3.0,1.0,11266.666666666666,12200.0,13800.0
2021-03,NAVE_CATEGORIA,NAVE_009 | REPUESTOS MECANICOS,3252.16,28.0,19.0,18.0,4.0,171.16631578947369,64.0,602.5
2021-04,NAVE_CATEGORIA,NAVE_009 | REPUESTOS MECANICOS,23308.1,413.2,26.0,26.0,2.0,896.4653846153846,170.47,5790.1
2021-05,NAVE_CATEGORIA,NAVE_009 | REPUESTOS MECANICOS,738.05,2.0,2.0,2.0,1.0,369.025,369.025,554.54
2021-06,NAVE_CATEGORIA,NAVE_009 | REPUESTOS MECANICOS,5766.900000000001,32.0,6.0,6.0,3.0,961.1500000000001,308.46,2587.52
2021-07,NAVE_CATEGORIA,NAVE_009 | REPUESTOS MECANICOS,606.9,17.0,1.0,1.0,1.0,606.9,606.9,606.9
2021-08,NAVE_CATEGORIA,NAVE_009 | REPUESTOS MECANICOS,3560.0,4.0,1.0,1.0,1.0,3560.0,3560.0,3560.0
2021-09,NAVE_CATEGORIA,NAVE_009 | REPUESTOS MECANICOS,337.6,1.0,1.0,1.0,1.0,337.6,337.6,337.6
2021-10,NAVE_CATEGORIA,NAVE_009 | REPUESTOS MECANICOS,4986.830000000001,10.0,4.0,4.0,2.0,1246.7075000000002,690.2,3179.55
2021-11,NAVE_CATEGORIA,NAVE_009 | REPUESTOS MECANICOS,572.66,5.0,2.0,2.0,2.0,286.33,286.33,480.0
2021-12,NAVE_CATEGORIA,NAVE_009 | REPUESTOS MECANICOS,310.0,5.0,1.0,1.0,1.0,310.0,310.0,310.0
2022-02,NAVE_CATEGORIA,NAVE_009 | REPUESTOS MECANICOS,3490.88,37.0,7.0,7.0,5.0,498.69714285714286,100.0,2683.8
2022-03,NAVE_CATEGORIA,NAVE_009 | REPUESTOS MECANICOS,1156.97,2.0,1.0,1.0,1.0,1156.97,1156.97,1156.97
2022-04,NAVE_CATEGORIA,NAVE_009 | REPUESTOS MECANICOS,1365.0,2.0,2.0,2.0,2.0,682.5,682.5,1100.0
2022-06,NAVE_CATEGORIA,NAVE_009 | REPUESTOS MECANICOS,42435.26000000001,132.0,36.0,34.0,2.0,1178.7572222222225,211.45,13800.0
2022-07,NAVE_CATEGORIA,NAVE_009 | REPUESTOS MECANICOS,1478.0,5.0,5.0,5.0,2.0,295.6,45.0,750.0
2022-08,NAVE_CATEGORIA,NAVE_009 | REPUESTOS MECANICOS,158.72,10.0,2.0,2.0,2.0,79.36,79.36,116.04
2023-02,NAVE_CATEGORIA,NAVE_009 | REPUESTOS MECANICOS,167.44000000000003,8.0,4.0,4.0,1.0,41.86000000000001,25.5,107.78
2023-03,NAVE_CATEGORIA,NAVE_009 | REPUESTOS MECANICOS,3480.27,15.0,6.0,6.0,3.0,580.045,298.225,2242.14
2023-04,NAVE_CATEGORIA,NAVE_009 | REPUESTOS MECANICOS,2906.59,17.0,6.0,6.0,2.0,484.4316666666667,144.71,2178.07
2023-06,NAVE_CATEGORIA,NAVE_009 | REPUESTOS MECANICOS,1315.52,12.0,5.0,5.0,3.0,263.104,34.02,1209.84
2023-07,NAVE_CATEGORIA,NAVE_009 | REPUESTOS MECANICOS,86.02,1.0,1.0,1.0,1.0,86.02,86.02,86.02
2023-08,NAVE_CATEGORIA,NAVE_009 | REPUESTOS MECANICOS,133.12,22.0,3.0,3.0,2.0,44.373333333333335,40.0,82.32
2023-09,NAVE_CATEGORIA,NAVE_009 | REPUESTOS MECANICOS,10048.52,67.0,10.0,10.0,3.0,1004.8520000000001,387.34000000000003,4357.36
2025-04,NAVE_CATEGORIA,NAVE_009 | REPUESTOS MECANICOS,1741.88,3.0,2.0,2.0,1.0,870.94,870.94,1125.45
2025-05,NAVE_CATEGORIA,NAVE_009 | REPUESTOS MECANICOS,26749.4,52.0,7.0,7.0,1.0,3821.342857142857,1026.0,15180.0
2025-06,NAVE_CATEGORIA,NAVE_009 | REPUESTOS MECANICOS,10293.99,83.0,17.0,17.0,2.0,605.5288235294117,199.97,5388.09
2025-07,NAVE_CATEGORIA,NAVE_009 | REPUESTOS MECANICOS,209.79000000000002,2.0,2.0,2.0,1.0,104.89500000000001,104.89500000000001,165.74
2025-08,NAVE_CATEGORIA,NAVE_009 | REPUESTOS MECANICOS,7899.650000000001,10.0,5.0,5.0,1.0,1579.93,1332.72,3739.25
2021-01,NAVE_CATEGORIA,NAVE_009 | SERVICIOS DE MANTENIMIENTO,5160.0,3.0,3.0,1.0,3.0,1720.0,1010.0,3800.0
2021-02,NAVE_CATEGORIA,NAVE_009 | SERVICIOS DE MANTENIMIENTO,553.21,3.0,3.0,2.0,3.0,184.40333333333334,223.21,250.0
2021-03,NAVE_CATEGORIA,NAVE_009 | SERVICIOS DE MANTENIMIENTO,43481.85,28.0,28.0,2.0,15.0,1552.9232142857143,1125.0,6209.0
2021-04,NAVE_CATEGORIA,NAVE_009 | SERVICIOS DE MANTENIMIENTO,30837.0,23.0,23.0,1.0,15.0,1340.7391304347825,489.0,9222.5
2021-05,NAVE_CATEGORIA,NAVE_009 | SERVICIOS DE MANTENIMIENTO,1952.97,4.0,4.0,3.0,4.0,488.2425,82.25,1750.0
2021-06,NAVE_CATEGORIA,NAVE_009 | SERVICIOS DE MANTENIMIENTO,3101.8,3.0,3.0,2.0,2.0,1033.9333333333334,660.0,1963.8
2021-07,NAVE_CATEGORIA,NAVE_009 | SERVICIOS DE MANTENIMIENTO,1199.1,5.0,5.0,3.0,5.0,239.82,245.0,490.0
2021-08,NAVE_CATEGORIA,NAVE_009 | SERVICIOS DE MANTENIMIENTO,28983.7,15.0,15.0,3.0,6.0,1932.2466666666667,1200.0,8320.0
2021-09,NAVE_CATEGORIA,NAVE_009 | SERVICIOS DE MANTENIMIENTO,1585.0,2.0,2.0,1.0,2.0,792.5,792.5,1045.0
2021-10,NAVE_CATEGORIA,NAVE_009 | SERVICIOS DE MANTENIMIENTO,394.0,1.0,1.0,1.0,1.0,394.0,394.0,394.0
2021-11,NAVE_CATEGORIA,NAVE_009 | SERVICIOS DE MANTENIMIENTO,180.0,2.0,2.0,1.0,1.0,90.0,90.0,150.0
2021-12,NAVE_CATEGORIA,NAVE_009 | SERVICIOS DE MANTENIMIENTO,1671.0,2.0,2.0,2.0,2.0,835.5,835.5,1111.0
2022-01,NAVE_CATEGORIA,NAVE_009 | SERVICIOS DE MANTENIMIENTO,300.0,1.0,1.0,1.0,1.0,300.0,300.0,300.0
2022-02,NAVE_CATEGORIA,NAVE_009 | SERVICIOS DE MANTENIMIENTO,1080.0,2.0,2.0,1.0,2.0,540.0,540.0,570.0
2022-03,NAVE_CATEGORIA,NAVE_009 | SERVICIOS DE MANTENIMIENTO,1730.0,2.0,2.0,2.0,2.0,865.0,865.0,920.0
2022-04,NAVE_CATEGORIA,NAVE_009 | SERVICIOS DE MANTENIMIENTO,24.0,1.0,1.0,1.0,1.0,24.0,24.0,24.0
2022-05,NAVE_CATEGORIA,NAVE_009 | SERVICIOS DE MANTENIMIENTO,1796.0,5.0,5.0,1.0,1.0,359.2,400.0,400.0
2022-06,NAVE_CATEGORIA,NAVE_009 | SERVICIOS DE MANTENIMIENTO,39859.71,5.0,5.0,2.0,5.0,7971.942,209.0,39105.0
2022-07,NAVE_CATEGORIA,NAVE_009 | SERVICIOS DE MANTENIMIENTO,305232.25,21.0,21.0,4.0,8.0,14534.869047619048,3097.0,57320.64
2022-08,NAVE_CATEGORIA,NAVE_009 | SERVICIOS DE MANTENIMIENTO,14528.95,8.0,8.0,3.0,4.0,1816.11875,1588.44,3244.25
2022-09,NAVE_CATEGORIA,NAVE_009 | SERVICIOS DE MANTENIMIENTO,2638.0,4.0,4.0,2.0,3.0,659.5,635.0,1200.0
2022-10,NAVE_CATEGORIA,NAVE_009 | SERVICIOS DE MANTENIMIENTO,1085.8400000000001,3.0,3.0,1.0,3.0,361.9466666666667,400.0,605.84
2022-11,NAVE_CATEGORIA,NAVE_009 | SERVICIOS DE MANTENIMIENTO,1363.08,1.0,1.0,1.0,1.0,1363.08,1363.08,1363.08
2022-12,NAVE_CATEGORIA,NAVE_009 | SERVICIOS DE MANTENIMIENTO,4037.0,5.0,5.0,2.0,4.0,807.4,875.0,1800.0
2023-01,NAVE_CATEGORIA,NAVE_009 | SERVICIOS DE MANTENIMIENTO,670.96,1.0,1.0,1.0,1.0,670.96,670.96,670.96
2023-02,NAVE_CATEGORIA,NAVE_009 | SERVICIOS DE MANTENIMIENTO,900.0,1.0,1.0,1.0,1.0,900.0,900.0,900.0
2023-03,NAVE_CATEGORIA,NAVE_009 | SERVICIOS DE MANTENIMIENTO,1880.0,3.0,3.0,1.0,3.0,626.6666666666666,592.0,800.0
2023-04,NAVE_CATEGORIA,NAVE_009 | SERVICIOS DE MANTENIMIENTO,6940.08,3.0,3.0,1.0,3.0,2313.36,2000.0,3300.0
2023-05,NAVE_CATEGORIA,NAVE_009 | SERVICIOS DE MANTENIMIENTO,1306.0,2.0,2.0,1.0,2.0,653.0,653.0,750.0
2023-06,NAVE_CATEGORIA,NAVE_009 | SERVICIOS DE MANTENIMIENTO,2550.0,3.0,3.0,1.0,2.0,850.0,850.0,1400.0
2023-07,NAVE_CATEGORIA,NAVE_009 | SERVICIOS DE MANTENIMIENTO,800.0,2.0,2.0,1.0,2.0,400.0,400.0,650.0
2023-08,NAVE_CATEGORIA,NAVE_009 | SERVICIOS DE MANTENIMIENTO,5974.66,5.0,5.0,1.0,5.0,1194.932,1360.0,1711.66
2023-09,NAVE_CATEGORIA,NAVE_009 | SERVICIOS DE MANTENIMIENTO,16591.56,3.0,3.0,1.0,2.0,5530.52,900.0,15004.0
2023-10,NAVE_CATEGORIA,NAVE_009 | SERVICIOS DE MANTENIMIENTO,6472.0,3.0,3.0,1.0,3.0,2157.3333333333335,2950.0,2970.0
2023-11,NAVE_CATEGORIA,NAVE_009 | SERVICIOS DE MANTENIMIENTO,5295.0,3.0,3.0,1.0,3.0,1765.0,1800.0,2000.0
2023-12,NAVE_CATEGORIA,NAVE_009 | SERVICIOS DE MANTENIMIENTO,2535.0,4.0,4.0,1.0,2.0,633.75,110.0,2275.0
2024-02,NAVE_CATEGORIA,NAVE_009 | SERVICIOS DE MANTENIMIENTO,1730.0,3.0,3.0,1.0,3.0,576.6666666666666,680.0,900.0
2024-03,NAVE_CATEGORIA,NAVE_009 | SERVICIOS DE MANTENIMIENTO,9991.880000000001,5.0,5.0,1.0,4.0,1998.3760000000002,1500.0,3506.44
2024-04,NAVE_CATEGORIA,NAVE_009 | SERVICIOS DE MANTENIMIENTO,3363.0,6.0,6.0,1.0,4.0,560.5,390.0,1138.0
2024-05,NAVE_CATEGORIA,NAVE_009 | SERVICIOS DE MANTENIMIENTO,2907.45,3.0,3.0,1.0,3.0,969.15,1157.45,1600.0
2024-06,NAVE_CATEGORIA,NAVE_009 | SERVICIOS DE MANTENIMIENTO,1790.0,2.0,2.0,1.0,2.0,895.0,895.0,950.0
2024-07,NAVE_CATEGORIA,NAVE_009 | SERVICIOS DE MANTENIMIENTO,6556.4,3.0,3.0,1.0,2.0,2185.4666666666667,2150.0,4340.4
2024-08,NAVE_CATEGORIA,NAVE_009 | SERVICIOS DE MANTENIMIENTO,220.0,1.0,1.0,1.0,1.0,220.0,220.0,220.0
2024-10,NAVE_CATEGORIA,NAVE_009 | SERVICIOS DE MANTENIMIENTO,1779.0,2.0,2.0,1.0,2.0,889.5,889.5,1210.0
2024-11,NAVE_CATEGORIA,NAVE_009 | SERVICIOS DE MANTENIMIENTO,4642.5,6.0,6.0,1.0,5.0,773.75,810.0,1350.0
2024-12,NAVE_CATEGORIA,NAVE_009 | SERVICIOS DE MANTENIMIENTO,1086.25,2.0,2.0,1.0,2.0,543.125,543.125,950.0
2025-01,NAVE_CATEGORIA,NAVE_009 | SERVICIOS DE MANTENIMIENTO,300.0,1.0,1.0,1.0,1.0,300.0,300.0,300.0
2025-02,NAVE_CATEGORIA,NAVE_009 | SERVICIOS DE MANTENIMIENTO,7390.0,7.0,7.0,1.0,6.0,1055.7142857142858,650.0,3900.0
2025-03,NAVE_CATEGORIA,NAVE_009 | SERVICIOS DE MANTENIMIENTO,842.0,2.0,2.0,1.0,2.0,421.0,421.0,550.0
2025-05,NAVE_CATEGORIA,NAVE_009 | SERVICIOS DE MANTENIMIENTO,10570.84,5.0,5.0,1.0,5.0,2114.168,2655.59,3739.25
2025-06,NAVE_CATEGORIA,NAVE_009 | SERVICIOS DE MANTENIMIENTO,188704.98,251.0,89.0,14.0,40.0,2120.2806741573036,470.0,81863.95
2025-07,NAVE_CATEGORIA,NAVE_009 | SERVICIOS DE MANTENIMIENTO,31171.030000000002,71.0,17.0,6.0,12.0,1833.5900000000001,420.0,13250.0
2025-08,NAVE_CATEGORIA,NAVE_009 | SERVICIOS DE MANTENIMIENTO,7337.1,4.0,4.0,1.0,3.0,1834.275,243.55,6750.0
2025-09,NAVE_CATEGORIA,NAVE_009 | SERVICIOS DE MANTENIMIENTO,2353.0,5.0,5.0,1.0,3.0,470.6,400.0,1053.0
2025-10,NAVE_CATEGORIA,NAVE_009 | SERVICIOS DE MANTENIMIENTO,2890.21,2.0,2.0,1.0,2.0,1445.105,1445.105,2741.28
2025-11,NAVE_CATEGORIA,NAVE_009 | SERVICIOS DE MANTENIMIENTO,229.88,1.0,1.0,1.0,1.0,229.88,229.88,229.88
2025-12,NAVE_CATEGORIA,NAVE_009 | SERVICIOS DE MANTENIMIENTO,6330.0,8.0,7.0,3.0,3.0,904.2857142857143,800.0,1900.0
2021-07,NAVE_CATEGORIA,NAVE_010 | ACEITE,1520.0,20.0,2.0,2.0,1.0,760.0,760.0,800.0
2021-08,NAVE_CATEGORIA,NAVE_010 | ACEITE,112.48,2.0,1.0,1.0,1.0,112.48,112.48,112.48
2021-09,NAVE_CATEGORIA,NAVE_010 | ACEITE,212.85,5.0,1.0,1.0,1.0,212.85,212.85,212.85
2021-12,NAVE_CATEGORIA,NAVE_010 | ACEITE,1526.661,30.0,1.0,1.0,1.0,1526.661,1526.661,1526.661
2022-02,NAVE_CATEGORIA,NAVE_010 | ACEITE,576.68,13.0,1.0,1.0,1.0,576.68,576.68,576.68
2022-04,NAVE_CATEGORIA,NAVE_010 | ACEITE,101.56,2.0,1.0,1.0,1.0,101.56,101.56,101.56
2022-05,NAVE_CATEGORIA,NAVE_010 | ACEITE,405.05,8.0,1.0,1.0,1.0,405.05,405.05,405.05
2022-12,NAVE_CATEGORIA,NAVE_010 | ACEITE,122.04,10.0,1.0,1.0,1.0,122.04,122.04,122.04
2023-03,NAVE_CATEGORIA,NAVE_010 | ACEITE,641.62,10.0,3.0,3.0,2.0,213.87333333333333,62.62,548.0
2024-03,NAVE_CATEGORIA,NAVE_010 | ACEITE,1984.3899999999999,310.0,4.0,3.0,1.0,496.09749999999997,511.45,662.34
2025-06,NAVE_CATEGORIA,NAVE_010 | ACEITE,396.0,11.0,2.0,2.0,1.0,198.0,198.0,220.0
2025-08,NAVE_CATEGORIA,NAVE_010 | ACEITE,563.31,2.0,1.0,1.0,1.0,563.31,563.31,563.31
2021-01,NAVE_CATEGORIA,NAVE_010 | FERRETERIA,203.75,53.0,10.0,10.0,1.0,20.375,8.5,76.0
2021-02,NAVE_CATEGORIA,NAVE_010 | FERRETERIA,688.0,10.0,2.0,2.0,2.0,344.0,344.0,580.0
2021-04,NAVE_CATEGORIA,NAVE_010 | FERRETERIA,147.15,2.0,2.0,2.0,1.0,73.575,73.575,144.65
2021-05,NAVE_CATEGORIA,NAVE_010 | FERRETERIA,398.0,4.0,4.0,3.0,1.0,99.5,99.5,99.5
2021-06,NAVE_CATEGORIA,NAVE_010 | FERRETERIA,685.0800000000002,72.0,17.0,17.0,3.0,40.29882352941178,6.0,272.85
2021-07,NAVE_CATEGORIA,NAVE_010 | FERRETERIA,3244.1500000000005,190.0,17.0,17.0,5.0,190.8323529411765,75.0,1180.8
2021-11,NAVE_CATEGORIA,NAVE_010 | FERRETERIA,137.75,41.0,8.0,8.0,1.0,17.21875,13.5,45.0
2021-12,NAVE_CATEGORIA,NAVE_010 | FERRETERIA,68.4,15.0,4.0,4.0,1.0,17.1,9.5,46.4
2022-01,NAVE_CATEGORIA,NAVE_010 | FERRETERIA,439.2,17.0,5.0,5.0,1.0,87.84,20.0,370.0
2022-03,NAVE_CATEGORIA,NAVE_010 | FERRETERIA,542.6000000000001,185.0,30.0,30.0,1.0,18.08666666666667,8.0,120.0
2022-05,NAVE_CATEGORIA,NAVE_010 | FERRETERIA,1157.2,41.0,2.0,2.0,2.0,578.6,578.6,1146.0
2022-06,NAVE_CATEGORIA,NAVE_010 | FERRETERIA,542.11,40.0,6.0,6.0,3.0,90.35166666666667,86.095,178.94
2022-07,NAVE_CATEGORIA,NAVE_010 | FERRETERIA,78.8,25.0,4.0,4.0,2.0,19.7,15.0,36.8
2022-08,NAVE_CATEGORIA,NAVE_010 | FERRETERIA,1422.26,118.0,4.0,4.0,3.0,355.565,196.0,858.26
2022-09,NAVE_CATEGORIA,NAVE_010 | FERRETERIA,123.48,8.0,1.0,1.0,1.0,123.48,123.48,123.48
2022-10,NAVE_CATEGORIA,NAVE_010 | FERRETERIA,276.0,4.0,1.0,1.0,1.0,276.0,276.0,276.0
2023-03,NAVE_CATEGORIA,NAVE_010 | FERRETERIA,65994.77,772.0,77.0,77.0,3.0,857.0749350649351,99.22,24502.92
2023-05,NAVE_CATEGORIA,NAVE_010 | FERRETERIA,65823.44000000002,758.0,69.0,69.0,1.0,953.9628985507248,113.0,24502.92
2023-07,NAVE_CATEGORIA,NAVE_010 | FERRETERIA,80414.25,22.0,7.0,7.0,2.0,11487.75,5951.4,42993.3
2023-08,NAVE_CATEGORIA,NAVE_010 | FERRETERIA,51.84,4.0,2.0,2.0,1.0,25.92,25.92,29.6
2023-10,NAVE_CATEGORIA,NAVE_010 | FERRETERIA,814.5,65.0,11.0,11.0,2.0,74.04545454545455,11.25,480.0
2023-11,NAVE_CATEGORIA,NAVE_010 | FERRETERIA,814.5,65.0,11.0,11.0,2.0,74.04545454545455,11.25,480.0
2024-03,NAVE_CATEGORIA,NAVE_010 | FERRETERIA,3102.4,5620.0,26.0,25.0,7.0,119.32307692307693,41.44,694.88
2024-04,NAVE_CATEGORIA,NAVE_010 | FERRETERIA,1683.6299999999999,11860.0,26.0,25.0,5.0,64.755,38.14,316.2
2024-05,NAVE_CATEGORIA,NAVE_010 | FERRETERIA,1039.83,20.0,2.0,1.0,1.0,519.915,519.915,526.79
2024-07,NAVE_CATEGORIA,NAVE_010 | FERRETERIA,149.85,20.0,1.0,1.0,1.0,149.85,149.85,149.85
2025-05,NAVE_CATEGORIA,NAVE_010 | FERRETERIA,2.53,1.0,1.0,1.0,1.0,2.53,2.53,2.53
2025-06,NAVE_CATEGORIA,NAVE_010 | FERRETERIA,67.47999999999999,25.0,8.0,8.0,1.0,8.434999999999999,6.635,28.88
2025-07,NAVE_CATEGORIA,NAVE_010 | FERRETERIA,9.26,17.0,2.0,2.0,1.0,4.63,4.63,7.61
2025-09,NAVE_CATEGORIA,NAVE_010 | FERRETERIA,39.050000000000004,219.0,5.0,5.0,1.0,7.8100000000000005,3.0,19.07
2025-10,NAVE_CATEGORIA,NAVE_010 | FERRETERIA,237.53,49.0,12.0,12.0,1.0,19.794166666666666,19.07,53.4
2025-11,NAVE_CATEGORIA,NAVE_010 | FERRETERIA,4.73,27.0,2.0,2.0,1.0,2.365,2.365,3.08
2025-12,NAVE_CATEGORIA,NAVE_010 | FERRETERIA,2.7,1.0,1.0,1.0,1.0,2.7,2.7,2.7
2021-01,NAVE_CATEGORIA,NAVE_010 | FILTROS,216.36,12.0,2.0,2.0,1.0,108.18,108.18,130.08
2021-02,NAVE_CATEGORIA,NAVE_010 | FILTROS,538.24,22.0,3.0,3.0,1.0,179.41333333333333,168.0,258.24
2021-07,NAVE_CATEGORIA,NAVE_010 | FILTROS,828.97,41.0,5.0,5.0,3.0,165.794,130.08,387.36
2021-08,NAVE_CATEGORIA,NAVE_010 | FILTROS,2165.72,22.0,2.0,2.0,1.0,1082.86,1082.86,1401.6
2021-10,NAVE_CATEGORIA,NAVE_010 | FILTROS,398.42000399999995,32.0,3.0,3.0,2.0,132.80666799999997,82.4,280.0
2021-11,NAVE_CATEGORIA,NAVE_010 | FILTROS,167.13,7.0,2.0,2.0,1.0,83.565,83.565,129.12
2022-02,NAVE_CATEGORIA,NAVE_010 | FILTROS,859.12,56.0,6.0,6.0,2.0,143.18666666666667,144.24,258.24
2022-06,NAVE_CATEGORIA,NAVE_010 | FILTROS,166.27,8.0,2.0,2.0,1.0,83.135,83.135,104.76
2022-09,NAVE_CATEGORIA,NAVE_010 | FILTROS,356.62,23.0,3.0,3.0,2.0,118.87333333333333,129.12,151.2
2022-11,NAVE_CATEGORIA,NAVE_010 | FILTROS,639.58,40.0,4.0,4.0,1.0,159.895,123.44999999999999,354.48
2023-02,NAVE_CATEGORIA,NAVE_010 | FILTROS,1357.8999999999999,50.0,5.0,4.0,2.0,271.58,260.0,616.0
2023-10,NAVE_CATEGORIA,NAVE_010 | FILTROS,982.0699999999999,47.0,5.0,4.0,2.0,196.414,227.64,314.28
2023-11,NAVE_CATEGORIA,NAVE_010 | FILTROS,950.6400000000001,44.0,4.0,4.0,2.0,237.66000000000003,252.9,314.28
2023-12,NAVE_CATEGORIA,NAVE_010 | FILTROS,31.44,3.0,1.0,1.0,1.0,31.44,31.44,31.44
2024-04,NAVE_CATEGORIA,NAVE_010 | FILTROS,723.74,360.0,4.0,4.0,2.0,180.935,178.26999999999998,272.0
2025-07,NAVE_CATEGORIA,NAVE_010 | FILTROS,594.1,21.0,5.0,5.0,1.0,118.82000000000001,86.88,206.46
2025-11,NAVE_CATEGORIA,NAVE_010 | FILTROS,355.17,16.0,3.0,3.0,1.0,118.39,110.69,170.04
2025-12,NAVE_CATEGORIA,NAVE_010 | FILTROS,1369.77,62.0,7.0,6.0,1.0,195.68142857142857,125.56,398.2
2024-03,NAVE_CATEGORIA,NAVE_010 | GRASAS,5.55,10.0,1.0,1.0,1.0,5.55,5.55,5.55
2024-04,NAVE_CATEGORIA,NAVE_010 | GRASAS,285.0,30.0,1.0,1.0,1.0,285.0,285.0,285.0
2021-01,NAVE_CATEGORIA,NAVE_010 | QUIMICOS,75.0,5.0,1.0,1.0,1.0,75.0,75.0,75.0
2021-06,NAVE_CATEGORIA,NAVE_010 | QUIMICOS,50.75,9.0,2.0,2.0,1.0,25.375,25.375,26.0
2021-07,NAVE_CATEGORIA,NAVE_010 | QUIMICOS,293.5,31.0,4.0,4.0,2.0,73.375,56.0,166.5
2021-11,NAVE_CATEGORIA,NAVE_010 | QUIMICOS,66.0,9.0,2.0,2.0,1.0,33.0,33.0,45.0
2021-12,NAVE_CATEGORIA,NAVE_010 | QUIMICOS,30.0,3.0,1.0,1.0,1.0,30.0,30.0,30.0
2022-06,NAVE_CATEGORIA,NAVE_010 | QUIMICOS,4614.0,33.0,2.0,2.0,2.0,2307.0,2307.0,3960.0
2022-07,NAVE_CATEGORIA,NAVE_010 | QUIMICOS,1354.95,170.0,4.0,4.0,2.0,338.7375,200.225,940.0
2022-08,NAVE_CATEGORIA,NAVE_010 | QUIMICOS,112.0,5.0,1.0,1.0,1.0,112.0,112.0,112.0
2022-11,NAVE_CATEGORIA,NAVE_010 | QUIMICOS,69.6,3.0,1.0,1.0,1.0,69.6,69.6,69.6
2022-12,NAVE_CATEGORIA,NAVE_010 | QUIMICOS,1820.0,4.0,1.0,1.0,1.0,1820.0,1820.0,1820.0
2023-03,NAVE_CATEGORIA,NAVE_010 | QUIMICOS,77.91,6.0,2.0,2.0,2.0,38.955,38.955,44.8
2023-07,NAVE_CATEGORIA,NAVE_010 | QUIMICOS,1002.0,22.0,2.0,2.0,1.0,501.0,501.0,910.0
2024-03,NAVE_CATEGORIA,NAVE_010 | QUIMICOS,24.0,30.0,1.0,1.0,1.0,24.0,24.0,24.0
2024-04,NAVE_CATEGORIA,NAVE_010 | QUIMICOS,200.16,240.0,2.0,2.0,1.0,100.08,100.08,100.32
2025-06,NAVE_CATEGORIA,NAVE_010 | QUIMICOS,37.65,4.0,1.0,1.0,1.0,37.65,37.65,37.65
2025-10,NAVE_CATEGORIA,NAVE_010 | QUIMICOS,80.33,6.0,2.0,2.0,1.0,40.165,40.165,42.73
2024-03,NAVE_CATEGORIA,NAVE_010 | REPUESTOS ELECTRICOS,739.3000000000001,6730.0,21.0,21.0,5.0,35.20476190476191,16.81,175.0
2024-04,NAVE_CATEGORIA,NAVE_010 | REPUESTOS ELECTRICOS,1250.72,1580.0,4.0,4.0,3.0,312.68,300.35,584.02
2025-04,NAVE_CATEGORIA,NAVE_010 | REPUESTOS ELECTRICOS,2152.87,7.0,3.0,3.0,1.0,717.6233333333333,428.67,1380.96
2025-08,NAVE_CATEGORIA,NAVE_010 | REPUESTOS ELECTRICOS,150.0,6.0,1.0,1.0,1.0,150.0,150.0,150.0
2025-09,NAVE_CATEGORIA,NAVE_010 | REPUESTOS ELECTRICOS,12832.95,3.0,2.0,2.0,1.0,6416.475,6416.475,7147.57
2025-12,NAVE_CATEGORIA,NAVE_010 | REPUESTOS ELECTRICOS,1611.8700000000001,3.0,2.0,2.0,1.0,805.9350000000001,805.9350000000001,1476.65
2021-01,NAVE_CATEGORIA,NAVE_010 | REPUESTOS MECANICOS,3079.54,7.0,2.0,2.0,2.0,1539.77,1539.77,3058.54
2021-02,NAVE_CATEGORIA,NAVE_010 | REPUESTOS MECANICOS,537.04,3.0,2.0,2.0,2.0,268.52,268.52,340.0
2021-03,NAVE_CATEGORIA,NAVE_010 | REPUESTOS MECANICOS,240.0,2.0,1.0,1.0,1.0,240.0,240.0,240.0
2021-06,NAVE_CATEGORIA,NAVE_010 | REPUESTOS MECANICOS,16259.36,58.0,26.0,26.0,2.0,625.36,111.89,4739.38
2021-07,NAVE_CATEGORIA,NAVE_010 | REPUESTOS MECANICOS,591.11,6.0,1.0,1.0,1.0,591.11,591.11,591.11
2021-11,NAVE_CATEGORIA,NAVE_010 | REPUESTOS MECANICOS,8474.1,32.0,12.0,11.0,2.0,706.1750000000001,355.95,2513.12
2022-03,NAVE_CATEGORIA,NAVE_010 | REPUESTOS MECANICOS,636.62,1.0,1.0,1.0,1.0,636.62,636.62,636.62
2022-05,NAVE_CATEGORIA,NAVE_010 | REPUESTOS MECANICOS,4361.75,16.0,7.0,7.0,1.0,623.1071428571429,395.69,1642.02
2022-06,NAVE_CATEGORIA,NAVE_010 | REPUESTOS MECANICOS,356.18,3.0,3.0,3.0,2.0,118.72666666666667,93.5,230.38
2022-07,NAVE_CATEGORIA,NAVE_010 | REPUESTOS MECANICOS,170.0,2.0,1.0,1.0,1.0,170.0,170.0,170.0
2022-09,NAVE_CATEGORIA,NAVE_010 | REPUESTOS MECANICOS,1839.73,32.0,3.0,3.0,1.0,613.2433333333333,313.26,1404.24
2022-12,NAVE_CATEGORIA,NAVE_010 | REPUESTOS MECANICOS,234.93,3.0,1.0,1.0,1.0,234.93,234.93,234.93
2023-02,NAVE_CATEGORIA,NAVE_010 | REPUESTOS MECANICOS,459.57,2.0,1.0,1.0,1.0,459.57,459.57,459.57
2023-03,NAVE_CATEGORIA,NAVE_010 | REPUESTOS MECANICOS,2399.5400000000004,28.0,7.0,7.0,1.0,342.79142857142864,60.8,2005.0
2023-04,NAVE_CATEGORIA,NAVE_010 | REPUESTOS MECANICOS,168.0,1.0,1.0,1.0,1.0,168.0,168.0,168.0
2023-05,NAVE_CATEGORIA,NAVE_010 | REPUESTOS MECANICOS,2399.5400000000004,28.0,7.0,7.0,1.0,342.79142857142864,60.8,2005.0
2023-06,NAVE_CATEGORIA,NAVE_010 | REPUESTOS MECANICOS,955.69,4.0,1.0,1.0,1.0,955.69,955.69,955.69
2023-08,NAVE_CATEGORIA,NAVE_010 | REPUESTOS MECANICOS,1011.48,1.0,1.0,1.0,1.0,1011.48,1011.48,1011.48
2023-10,NAVE_CATEGORIA,NAVE_010 | REPUESTOS MECANICOS,2108.7,18.0,2.0,2.0,1.0,1054.35,1054.35,1140.36
2023-11,NAVE_CATEGORIA,NAVE_010 | REPUESTOS MECANICOS,10311.68,6.0,4.0,2.0,1.0,2577.92,2577.92,3990.9
2024-03,NAVE_CATEGORIA,NAVE_010 | REPUESTOS MECANICOS,3384.93,400.0,8.0,7.0,2.0,423.11625,271.245,1425.77
2024-04,NAVE_CATEGORIA,NAVE_010 | REPUESTOS MECANICOS,12545.05,1130.0,32.0,32.0,2.0,392.0328125,192.94,2371.11
2024-05,NAVE_CATEGORIA,NAVE_010 | REPUESTOS MECANICOS,251.74,40.0,2.0,2.0,1.0,125.87,125.87,145.54
2024-06,NAVE_CATEGORIA,NAVE_010 | REPUESTOS MECANICOS,19782.12,30.0,3.0,3.0,1.0,6594.04,4285.2,11211.74
2024-07,NAVE_CATEGORIA,NAVE_010 | REPUESTOS MECANICOS,3358.7300000000005,310.0,14.0,14.0,1.0,239.90928571428574,25.345,1259.28
2025-06,NAVE_CATEGORIA,NAVE_010 | REPUESTOS MECANICOS,42.75,1.0,1.0,1.0,1.0,42.75,42.75,42.75
2025-08,NAVE_CATEGORIA,NAVE_010 | REPUESTOS MECANICOS,3501.12,76.0,15.0,15.0,1.0,233.408,56.11,1881.47
2025-10,NAVE_CATEGORIA,NAVE_010 | REPUESTOS MECANICOS,567.88,1.0,1.0,1.0,1.0,567.88,567.88,567.88
2021-01,NAVE_CATEGORIA,NAVE_010 | SERVICIOS DE MANTENIMIENTO,400.0,1.0,1.0,1.0,1.0,400.0,400.0,400.0
2021-02,NAVE_CATEGORIA,NAVE_010 | SERVICIOS DE MANTENIMIENTO,13762.669999999998,12.0,12.0,4.0,7.0,1146.8891666666666,600.0,3269.0
2021-03,NAVE_CATEGORIA,NAVE_010 | SERVICIOS DE MANTENIMIENTO,925.0,1.0,1.0,1.0,1.0,925.0,925.0,925.0
2021-04,NAVE_CATEGORIA,NAVE_010 | SERVICIOS DE MANTENIMIENTO,2581.69,6.0,6.0,3.0,3.0,430.2816666666667,411.075,610.1
2021-05,NAVE_CATEGORIA,NAVE_010 | SERVICIOS DE MANTENIMIENTO,100.0,1.0,1.0,1.0,1.0,100.0,100.0,100.0
2021-06,NAVE_CATEGORIA,NAVE_010 | SERVICIOS DE MANTENIMIENTO,223.21,1.0,1.0,1.0,1.0,223.21,223.21,223.21
2021-07,NAVE_CATEGORIA,NAVE_010 | SERVICIOS DE MANTENIMIENTO,13172.4,19.0,19.0,3.0,13.0,693.2842105263157,546.0,2251.3
2021-08,NAVE_CATEGORIA,NAVE_010 | SERVICIOS DE MANTENIMIENTO,2999.7200000000003,9.0,9.0,3.0,3.0,333.30222222222227,170.0,1116.0
2021-09,NAVE_CATEGORIA,NAVE_010 | SERVICIOS DE MANTENIMIENTO,9263.819999999998,12.0,12.0,3.0,7.0,771.9849999999998,133.0,5800.0
2021-10,NAVE_CATEGORIA,NAVE_010 | SERVICIOS DE MANTENIMIENTO,240.0,1.0,1.0,1.0,1.0,240.0,240.0,240.0
2021-12,NAVE_CATEGORIA,NAVE_010 | SERVICIOS DE MANTENIMIENTO,8070.0,4.0,4.0,2.0,3.0,2017.5,745.0,6300.0
2022-01,NAVE_CATEGORIA,NAVE_010 | SERVICIOS DE MANTENIMIENTO,952.0,3.0,3.0,1.0,3.0,317.3333333333333,350.0,512.0
2022-02,NAVE_CATEGORIA,NAVE_010 | SERVICIOS DE MANTENIMIENTO,500.0,2.0,2.0,2.0,2.0,250.0,250.0,300.0
2022-03,NAVE_CATEGORIA,NAVE_010 | SERVICIOS DE MANTENIMIENTO,11196.73,11.0,11.0,3.0,6.0,1017.8845454545454,475.0,5484.0
2022-04,NAVE_CATEGORIA,NAVE_010 | SERVICIOS DE MANTENIMIENTO,1031.0,1.0,1.0,1.0,1.0,1031.0,1031.0,1031.0
2022-06,NAVE_CATEGORIA,NAVE_010 | SERVICIOS DE MANTENIMIENTO,7215.7,10.0,10.0,2.0,7.0,721.5699999999999,570.845,1995.0
2022-07,NAVE_CATEGORIA,NAVE_010 | SERVICIOS DE MANTENIMIENTO,2050.0,2.0,2.0,2.0,2.0,1025.0,1025.0,1850.0
2022-09,NAVE_CATEGORIA,NAVE_010 | SERVICIOS DE MANTENIMIENTO,5371.33,1.0,1.0,1.0,1.0,5371.33,5371.33,5371.33
2022-10,NAVE_CATEGORIA,NAVE_010 | SERVICIOS DE MANTENIMIENTO,2804.5,7.0,7.0,2.0,6.0,400.64285714285717,250.0,1009.0
2022-11,NAVE_CATEGORIA,NAVE_010 | SERVICIOS DE MANTENIMIENTO,9906.91,2.0,2.0,2.0,1.0,4953.455,4953.455,6600.0
2022-12,NAVE_CATEGORIA,NAVE_010 | SERVICIOS DE MANTENIMIENTO,570.89,8.0,3.0,2.0,2.0,190.29666666666665,140.0,358.89
2023-01,NAVE_CATEGORIA,NAVE_010 | SERVICIOS DE MANTENIMIENTO,4471.389999999999,6.0,6.0,2.0,5.0,745.2316666666666,671.1949999999999,1350.0
2023-02,NAVE_CATEGORIA,NAVE_010 | SERVICIOS DE MANTENIMIENTO,5258.0,4.0,4.0,1.0,4.0,1314.5,679.0,3800.0
2023-03,NAVE_CATEGORIA,NAVE_010 | SERVICIOS DE MANTENIMIENTO,2571.9,2.0,2.0,2.0,1.0,1285.95,1285.95,1465.0
2023-04,NAVE_CATEGORIA,NAVE_010 | SERVICIOS DE MANTENIMIENTO,1640.08,1.0,1.0,1.0,1.0,1640.08,1640.08,1640.08
2023-05,NAVE_CATEGORIA,NAVE_010 | SERVICIOS DE MANTENIMIENTO,2724.0,3.0,3.0,1.0,3.0,908.0,800.0,1600.0
2023-06,NAVE_CATEGORIA,NAVE_010 | SERVICIOS DE MANTENIMIENTO,4996.46,5.0,5.0,3.0,3.0,999.292,250.0,3371.88
2023-07,NAVE_CATEGORIA,NAVE_010 | SERVICIOS DE MANTENIMIENTO,4624.39,10.0,10.0,2.0,3.0,462.439,267.5,1687.1
2023-08,NAVE_CATEGORIA,NAVE_010 | SERVICIOS DE MANTENIMIENTO,7860.0,9.0,9.0,2.0,5.0,873.3333333333334,1000.0,1972.0
2023-11,NAVE_CATEGORIA,NAVE_010 | SERVICIOS DE MANTENIMIENTO,11529.189999999999,3.0,3.0,2.0,3.0,3843.063333333333,113.5,11389.23
2023-12,NAVE_CATEGORIA,NAVE_010 | SERVICIOS DE MANTENIMIENTO,3042.3,14.0,14.0,3.0,5.0,217.30714285714288,120.0,850.0
2024-01,NAVE_CATEGORIA,NAVE_010 | SERVICIOS DE MANTENIMIENTO,420.0,1.0,1.0,1.0,1.0,420.0,420.0,420.0
2024-02,NAVE_CATEGORIA,NAVE_010 | SERVICIOS DE MANTENIMIENTO,1000.0,2.0,2.0,1.0,2.0,500.0,500.0,500.0
2024-03,NAVE_CATEGORIA,NAVE_010 | SERVICIOS DE MANTENIMIENTO,8894.0,8.0,8.0,1.0,6.0,1111.75,510.0,3006.0
2024-04,NAVE_CATEGORIA,NAVE_010 | SERVICIOS DE MANTENIMIENTO,40066.82,20.0,20.0,1.0,14.0,2003.341,1110.0,8721.78
2024-05,NAVE_CATEGORIA,NAVE_010 | SERVICIOS DE MANTENIMIENTO,92118.98000000001,7.0,7.0,1.0,7.0,13159.854285714287,560.0,68693.88
2024-06,NAVE_CATEGORIA,NAVE_010 | SERVICIOS DE MANTENIMIENTO,8029.429999999999,4.0,4.0,1.0,3.0,2007.3574999999998,497.495,6734.44
2024-07,NAVE_CATEGORIA,NAVE_010 | SERVICIOS DE MANTENIMIENTO,29413.55,11.0,11.0,1.0,9.0,2673.9590909090907,450.0,11589.0
2024-08,NAVE_CATEGORIA,NAVE_010 | SERVICIOS DE MANTENIMIENTO,2760.0,3.0,3.0,1.0,2.0,920.0,1030.0,1250.0
2024-09,NAVE_CATEGORIA,NAVE_010 | SERVICIOS DE MANTENIMIENTO,1250.0,1.0,1.0,1.0,1.0,1250.0,1250.0,1250.0
2024-11,NAVE_CATEGORIA,NAVE_010 | SERVICIOS DE MANTENIMIENTO,2834.5,4.0,4.0,1.0,3.0,708.625,431.25,1822.0
2024-12,NAVE_CATEGORIA,NAVE_010 | SERVICIOS DE MANTENIMIENTO,392.4,1.0,1.0,1.0,1.0,392.4,392.4,392.4
2025-01,NAVE_CATEGORIA,NAVE_010 | SERVICIOS DE MANTENIMIENTO,585.0,1.0,1.0,1.0,1.0,585.0,585.0,585.0
2025-02,NAVE_CATEGORIA,NAVE_010 | SERVICIOS DE MANTENIMIENTO,630.4,2.0,2.0,1.0,2.0,315.2,315.2,450.0
2025-03,NAVE_CATEGORIA,NAVE_010 | SERVICIOS DE MANTENIMIENTO,434.78,1.0,1.0,1.0,1.0,434.78,434.78,434.78
2025-04,NAVE_CATEGORIA,NAVE_010 | SERVICIOS DE MANTENIMIENTO,7508.36,5.0,5.0,1.0,3.0,1501.672,864.0,4800.0
2025-05,NAVE_CATEGORIA,NAVE_010 | SERVICIOS DE MANTENIMIENTO,2642.2,4.0,4.0,1.0,3.0,660.55,420.6,1576.0
2025-06,NAVE_CATEGORIA,NAVE_010 | SERVICIOS DE MANTENIMIENTO,1010.0,2.0,2.0,1.0,2.0,505.0,505.0,950.0
2025-07,NAVE_CATEGORIA,NAVE_010 | SERVICIOS DE MANTENIMIENTO,1830.0,3.0,3.0,3.0,2.0,610.0,560.0,750.0
2025-08,NAVE_CATEGORIA,NAVE_010 | SERVICIOS DE MANTENIMIENTO,2786.62,6.0,2.0,2.0,2.0,1393.31,1393.31,1800.0
2025-09,NAVE_CATEGORIA,NAVE_010 | SERVICIOS DE MANTENIMIENTO,350.0,1.0,1.0,1.0,1.0,350.0,350.0,350.0
2025-10,NAVE_CATEGORIA,NAVE_010 | SERVICIOS DE MANTENIMIENTO,2971.47,9.0,7.0,3.0,5.0,424.49571428571426,544.5,600.0
2025-11,NAVE_CATEGORIA,NAVE_010 | SERVICIOS DE MANTENIMIENTO,3909.1000000000004,64.0,11.0,3.0,4.0,355.37272727272733,200.0,1250.0
2021-02,NAVE_CATEGORIA,NAVE_011 | ACEITE,834.9,2.0,1.0,1.0,1.0,834.9,834.9,834.9
2021-03,NAVE_CATEGORIA,NAVE_011 | ACEITE,1378.37,5.0,3.0,3.0,2.0,459.45666666666665,470.91,834.9
2021-04,NAVE_CATEGORIA,NAVE_011 | ACEITE,4559.8,10.0,4.0,2.0,2.0,1139.95,687.4000000000001,2730.0
2021-08,NAVE_CATEGORIA,NAVE_011 | ACEITE,4417.72,24.0,4.0,4.0,2.0,1104.43,921.615,2504.7
2021-10,NAVE_CATEGORIA,NAVE_011 | ACEITE,1819.83,23.0,3.0,3.0,1.0,606.61,588.77,1060.86
2022-02,NAVE_CATEGORIA,NAVE_011 | ACEITE,4550.16,13.0,5.0,5.0,2.0,910.0319999999999,1177.54,1591.29
2022-05,NAVE_CATEGORIA,NAVE_011 | ACEITE,3240.92,6.0,2.0,2.0,1.0,1620.46,1620.46,2652.15
2022-06,NAVE_CATEGORIA,NAVE_011 | ACEITE,3509.7799999999997,6.0,2.0,2.0,2.0,1754.8899999999999,1754.8899999999999,2448.92
2022-10,NAVE_CATEGORIA,NAVE_011 | ACEITE,2441.6,4.0,1.0,1.0,1.0,2441.6,2441.6,2441.6
2022-12,NAVE_CATEGORIA,NAVE_011 | ACEITE,610.4,1.0,1.0,1.0,1.0,610.4,610.4,610.4
2023-02,NAVE_CATEGORIA,NAVE_011 | ACEITE,3242.0,7.0,2.0,2.0,1.0,1621.0,1621.0,3052.0
2023-03,NAVE_CATEGORIA,NAVE_011 | ACEITE,3340.0,6.0,2.0,2.0,1.0,1670.0,1670.0,2750.0
2023-04,NAVE_CATEGORIA,NAVE_011 | ACEITE,1837.6799999999998,4.0,2.0,2.0,1.0,918.8399999999999,918.8399999999999,1197.06
2023-06,NAVE_CATEGORIA,NAVE_011 | ACEITE,424.53,10.0,2.0,2.0,1.0,212.265,212.265,364.7
2023-07,NAVE_CATEGORIA,NAVE_011 | ACEITE,2240.0,4.0,2.0,2.0,1.0,1120.0,1120.0,1650.0
2023-08,NAVE_CATEGORIA,NAVE_011 | ACEITE,3007.86,5.0,3.0,3.0,2.0,1002.62,1201.46,1216.4
2023-09,NAVE_CATEGORIA,NAVE_011 | ACEITE,5035.96,14.0,4.0,4.0,2.0,1258.99,1385.0,2200.0
2023-11,NAVE_CATEGORIA,NAVE_011 | ACEITE,149.2,1.0,1.0,1.0,1.0,149.2,149.2,149.2
2024-10,NAVE_CATEGORIA,NAVE_011 | ACEITE,8990.199999999999,24.0,5.0,4.0,1.0,1798.0399999999997,1189.47,5947.36
2025-01,NAVE_CATEGORIA,NAVE_011 | ACEITE,1192.35,2.0,1.0,1.0,1.0,1192.35,1192.35,1192.35
2025-02,NAVE_CATEGORIA,NAVE_011 | ACEITE,1836.7399999999998,3.0,2.0,2.0,1.0,918.3699999999999,918.3699999999999,1184.06
2025-03,NAVE_CATEGORIA,NAVE_011 | ACEITE,589.47,1.0,1.0,1.0,1.0,589.47,589.47,589.47
2025-05,NAVE_CATEGORIA,NAVE_011 | ACEITE,3052.16,10.0,3.0,3.0,1.0,1017.3866666666667,617.73,2366.2
2025-08,NAVE_CATEGORIA,NAVE_011 | ACEITE,5092.12,18.0,5.0,4.0,1.0,1018.424,652.78,2366.2
2021-01,NAVE_CATEGORIA,NAVE_011 | FERRETERIA,1371.95,68.0,8.0,8.0,2.0,171.49375,34.19,592.9
2021-02,NAVE_CATEGORIA,NAVE_011 | FERRETERIA,4104.900000000001,1174.0,76.0,67.0,10.0,54.01184210526316,36.480000000000004,336.0
2021-03,NAVE_CATEGORIA,NAVE_011 | FERRETERIA,5776.77,986.0,71.0,60.0,9.0,81.36295774647888,30.8,880.0
2021-04,NAVE_CATEGORIA,NAVE_011 | FERRETERIA,37980.70999999999,6092.0,201.0,170.0,17.0,188.95875621890542,60.0,7980.0
2021-05,NAVE_CATEGORIA,NAVE_011 | FERRETERIA,128.88,59.0,5.0,5.0,2.0,25.776,26.25,37.6
2021-06,NAVE_CATEGORIA,NAVE_011 | FERRETERIA,1838.53,621.0,34.0,32.0,5.0,54.07441176470588,23.115000000000002,600.0
2021-07,NAVE_CATEGORIA,NAVE_011 | FERRETERIA,451.72,532.0,5.0,5.0,2.0,90.34400000000001,30.0,304.5
2021-08,NAVE_CATEGORIA,NAVE_011 | FERRETERIA,3285.27,606.0,66.0,61.0,6.0,49.77681818181818,19.725,580.0
2021-09,NAVE_CATEGORIA,NAVE_011 | FERRETERIA,16818.120000000003,216.0,32.0,31.0,6.0,525.5662500000001,16.05,14370.0
2021-10,NAVE_CATEGORIA,NAVE_011 | FERRETERIA,620.8500000000001,100.0,12.0,12.0,3.0,51.73750000000001,22.84,212.31
2021-12,NAVE_CATEGORIA,NAVE_011 | FERRETERIA,354.53,569.0,11.0,11.0,3.0,32.23,24.0,90.0
2022-01,NAVE_CATEGORIA,NAVE_011 | FERRETERIA,743.04,8.0,3.0,3.0,1.0,247.67999999999998,34.24,696.0
2022-03,NAVE_CATEGORIA,NAVE_011 | FERRETERIA,5618.0199999999995,358.0,33.0,32.0,5.0,170.24303030303028,40.0,3954.6
2022-04,NAVE_CATEGORIA,NAVE_011 | FERRETERIA,858.4,141.0,15.0,15.0,3.0,57.22666666666667,28.0,260.0
2022-05,NAVE_CATEGORIA,NAVE_011 | FERRETERIA,18775.07,704.0,69.0,56.0,10.0,272.1024637681159,36.13,9523.8
2022-06,NAVE_CATEGORIA,NAVE_011 | FERRETERIA,15352.71,762.0,47.0,42.0,10.0,326.6534042553191,102.53,3072.19
2022-07,NAVE_CATEGORIA,NAVE_011 | FERRETERIA,1906.9199999999996,308.0,35.0,35.0,5.0,54.48342857142856,18.15,306.45
2022-09,NAVE_CATEGORIA,NAVE_011 | FERRETERIA,919.45,2.0,2.0,2.0,1.0,459.725,459.725,489.59
2022-10,NAVE_CATEGORIA,NAVE_011 | FERRETERIA,2268.38,366.0,25.0,20.0,2.0,90.7352,30.95,429.0
2022-12,NAVE_CATEGORIA,NAVE_011 | FERRETERIA,745.8,10.0,2.0,2.0,2.0,372.9,372.9,592.8
2023-01,NAVE_CATEGORIA,NAVE_011 | FERRETERIA,1020.54,965.0,16.0,16.0,2.0,63.78375,40.695,304.5
2023-02,NAVE_CATEGORIA,NAVE_011 | FERRETERIA,4201.02,884.0,51.0,51.0,7.0,82.37294117647059,36.96,678.0
2023-03,NAVE_CATEGORIA,NAVE_011 | FERRETERIA,2018.6100000000001,344.0,31.0,31.0,5.0,65.11645161290323,20.33,480.0
2023-04,NAVE_CATEGORIA,NAVE_011 | FERRETERIA,743.7100000000002,109.0,7.0,7.0,3.0,106.24428571428574,91.2,211.88
2023-05,NAVE_CATEGORIA,NAVE_011 | FERRETERIA,2773.6800000000003,245.0,24.0,24.0,5.0,115.57000000000001,50.515,452.08
2023-06,NAVE_CATEGORIA,NAVE_011 | FERRETERIA,3332.7400000000002,448.0,25.0,25.0,6.0,133.30960000000002,41.4,979.08
2023-07,NAVE_CATEGORIA,NAVE_011 | FERRETERIA,6096.7300000000005,1069.0,71.0,65.0,12.0,85.86943661971831,17.53,2300.0
2023-08,NAVE_CATEGORIA,NAVE_011 | FERRETERIA,201.6,16.0,3.0,3.0,1.0,67.2,68.0,73.6
2023-09,NAVE_CATEGORIA,NAVE_011 | FERRETERIA,1230.349984,255.0,16.0,16.0,5.0,76.896874,62.354996,184.86
2023-10,NAVE_CATEGORIA,NAVE_011 | FERRETERIA,756.2899990000001,285.0,10.0,10.0,4.0,75.62899990000001,57.735,250.0
2023-11,NAVE_CATEGORIA,NAVE_011 | FERRETERIA,2604.839999,508.0,33.0,33.0,6.0,78.93454542424242,29.7,495.0
2024-01,NAVE_CATEGORIA,NAVE_011 | FERRETERIA,358.42,2.0,1.0,1.0,1.0,358.42,358.42,358.42
2025-01,NAVE_CATEGORIA,NAVE_011 | FERRETERIA,23.86,5.0,1.0,1.0,1.0,23.86,23.86,23.86
2025-02,NAVE_CATEGORIA,NAVE_011 | FERRETERIA,23.54,5.0,1.0,1.0,1.0,23.54,23.54,23.54
2025-03,NAVE_CATEGORIA,NAVE_011 | FERRETERIA,291.99,4.0,1.0,1.0,1.0,291.99,291.99,291.99
2025-05,NAVE_CATEGORIA,NAVE_011 | FERRETERIA,47.09,10.0,1.0,1.0,1.0,47.09,47.09,47.09
2025-07,NAVE_CATEGORIA,NAVE_011 | FERRETERIA,285.15000000000003,141.0,9.0,9.0,2.0,31.683333333333337,25.78,71.98
2021-02,NAVE_CATEGORIA,NAVE_011 | FILTROS,1251.3,150.0,8.0,8.0,2.0,156.4125,90.0,490.8
2021-12,NAVE_CATEGORIA,NAVE_011 | FILTROS,881.0600000000001,32.0,2.0,2.0,2.0,440.53000000000003,440.53000000000003,731.46
2022-03,NAVE_CATEGORIA,NAVE_011 | FILTROS,1503.0,36.0,3.0,3.0,1.0,501.0,540.0,765.0
2022-04,NAVE_CATEGORIA,NAVE_011 | FILTROS,533.4,42.0,3.0,3.0,1.0,177.79999999999998,59.4,432.0
2023-03,NAVE_CATEGORIA,NAVE_011 | FILTROS,969.84,24.0,1.0,1.0,1.0,969.84,969.84,969.84
2023-06,NAVE_CATEGORIA,NAVE_011 | FILTROS,986.3499999999999,84.0,7.0,7.0,3.0,140.90714285714284,152.52,196.68
2023-07,NAVE_CATEGORIA,NAVE_011 | FILTROS,765.0,12.0,1.0,1.0,1.0,765.0,765.0,765.0
2021-02,NAVE_CATEGORIA,NAVE_011 | QUIMICOS,1870.6399999999999,156.0,11.0,8.0,7.0,170.0581818181818,58.48,874.4
2021-03,NAVE_CATEGORIA,NAVE_011 | QUIMICOS,4322.6,65.0,4.0,4.0,1.0,1080.65,479.9,2982.0
2021-04,NAVE_CATEGORIA,NAVE_011 | QUIMICOS,540.42,59.0,5.0,4.0,4.0,108.08399999999999,112.8,242.4
2021-06,NAVE_CATEGORIA,NAVE_011 | QUIMICOS,730.6,137.0,6.0,6.0,3.0,121.76666666666667,108.42,280.0
2021-07,NAVE_CATEGORIA,NAVE_011 | QUIMICOS,551.82,30.0,1.0,1.0,1.0,551.82,551.82,551.82
2021-08,NAVE_CATEGORIA,NAVE_011 | QUIMICOS,3769.61,82.0,10.0,8.0,4.0,376.961,72.7,2385.6
2021-09,NAVE_CATEGORIA,NAVE_011 | QUIMICOS,304.0,64.0,2.0,2.0,2.0,152.0,152.0,184.0
2021-10,NAVE_CATEGORIA,NAVE_011 | QUIMICOS,22.8,3.0,1.0,1.0,1.0,22.8,22.8,22.8
2021-11,NAVE_CATEGORIA,NAVE_011 | QUIMICOS,112.5,60.0,1.0,1.0,1.0,112.5,112.5,112.5
2022-01,NAVE_CATEGORIA,NAVE_011 | QUIMICOS,783.73,41.0,9.0,9.0,2.0,87.08111111111111,43.5,394.8
2022-02,NAVE_CATEGORIA,NAVE_011 | QUIMICOS,1191.37,20.0,8.0,8.0,1.0,148.92125,69.78,596.4
2022-03,NAVE_CATEGORIA,NAVE_011 | QUIMICOS,130.8,63.0,2.0,2.0,2.0,65.4,65.4,112.8
2022-04,NAVE_CATEGORIA,NAVE_011 | QUIMICOS,2797.5,5.0,1.0,1.0,1.0,2797.5,2797.5,2797.5
2022-05,NAVE_CATEGORIA,NAVE_011 | QUIMICOS,121.74,16.0,3.0,2.0,1.0,40.58,43.8,46.74
2022-06,NAVE_CATEGORIA,NAVE_011 | QUIMICOS,159.28,66.0,2.0,2.0,2.0,79.64,79.64,114.0
2022-07,NAVE_CATEGORIA,NAVE_011 | QUIMICOS,211.21,20.0,4.0,4.0,3.0,52.8025,31.015,119.66
2022-09,NAVE_CATEGORIA,NAVE_011 | QUIMICOS,114.0,60.0,1.0,1.0,1.0,114.0,114.0,114.0
2022-11,NAVE_CATEGORIA,NAVE_011 | QUIMICOS,2352.0,64.0,2.0,2.0,2.0,1176.0,1176.0,2238.0
2023-01,NAVE_CATEGORIA,NAVE_011 | QUIMICOS,20.88,3.0,1.0,1.0,1.0,20.88,20.88,20.88
2023-02,NAVE_CATEGORIA,NAVE_011 | QUIMICOS,2164.77,78.0,11.0,11.0,4.0,196.7972727272727,90.0,910.0
2023-03,NAVE_CATEGORIA,NAVE_011 | QUIMICOS,576.22,76.0,4.0,3.0,3.0,144.055,82.295,375.05
2023-06,NAVE_CATEGORIA,NAVE_011 | QUIMICOS,190.0,17.0,2.0,2.0,2.0,95.0,95.0,100.0
2023-07,NAVE_CATEGORIA,NAVE_011 | QUIMICOS,54.0,6.0,1.0,1.0,1.0,54.0,54.0,54.0
2023-11,NAVE_CATEGORIA,NAVE_011 | QUIMICOS,159.3,18.0,2.0,1.0,1.0,79.65,79.65,106.2
2023-12,NAVE_CATEGORIA,NAVE_011 | QUIMICOS,240.0,15.0,2.0,2.0,1.0,120.0,120.0,140.0
2025-05,NAVE_CATEGORIA,NAVE_011 | QUIMICOS,44.92,5.0,1.0,1.0,1.0,44.92,44.92,44.92
2025-06,NAVE_CATEGORIA,NAVE_011 | QUIMICOS,88.68,10.0,2.0,2.0,1.0,44.34,44.34,47.0
2025-08,NAVE_CATEGORIA,NAVE_011 | QUIMICOS,94.21000000000001,10.0,2.0,2.0,1.0,47.105000000000004,47.105000000000004,47.21
2024-01,NAVE_CATEGORIA,NAVE_011 | REPUESTOS ELECTRICOS,12165.06,6.0,1.0,1.0,1.0,12165.06,12165.06,12165.06
2024-02,NAVE_CATEGORIA,NAVE_011 | REPUESTOS ELECTRICOS,271.96,1.0,1.0,1.0,1.0,271.96,271.96,271.96
2024-03,NAVE_CATEGORIA,NAVE_011 | REPUESTOS ELECTRICOS,131.4,2.0,1.0,1.0,1.0,131.4,131.4,131.4
2024-10,NAVE_CATEGORIA,NAVE_011 | REPUESTOS ELECTRICOS,43.17,3.0,2.0,1.0,1.0,21.585,21.585,21.93
2025-01,NAVE_CATEGORIA,NAVE_011 | REPUESTOS ELECTRICOS,1209.6399999999999,2.0,2.0,2.0,1.0,604.8199999999999,604.8199999999999,913.67
2025-03,NAVE_CATEGORIA,NAVE_011 | REPUESTOS ELECTRICOS,1066.21,4.0,1.0,1.0,1.0,1066.21,1066.21,1066.21
2021-01,NAVE_CATEGORIA,NAVE_011 | REPUESTOS MECANICOS,8062.599999999999,620.0,41.0,41.0,1.0,196.64878048780486,80.8,1614.0
2021-02,NAVE_CATEGORIA,NAVE_011 | REPUESTOS MECANICOS,7359.88,156.0,20.0,20.0,6.0,367.994,130.84,3322.3
2021-03,NAVE_CATEGORIA,NAVE_011 | REPUESTOS MECANICOS,33420.49999999999,729.0,106.0,106.0,1.0,315.28773584905656,37.900000000000006,10635.0
2021-04,NAVE_CATEGORIA,NAVE_011 | REPUESTOS MECANICOS,1072.47,68.0,7.0,6.0,4.0,153.21,146.0,257.14
2021-05,NAVE_CATEGORIA,NAVE_011 | REPUESTOS MECANICOS,345.0,1.0,1.0,1.0,1.0,345.0,345.0,345.0
2021-06,NAVE_CATEGORIA,NAVE_011 | REPUESTOS MECANICOS,1190.0,16.0,4.0,4.0,2.0,297.5,190.0,650.0
2021-07,NAVE_CATEGORIA,NAVE_011 | REPUESTOS MECANICOS,498.0,1.0,1.0,1.0,1.0,498.0,498.0,498.0
2021-08,NAVE_CATEGORIA,NAVE_011 | REPUESTOS MECANICOS,91.31,2.0,2.0,2.0,1.0,45.655,45.655,87.33
2021-09,NAVE_CATEGORIA,NAVE_011 | REPUESTOS MECANICOS,5315.28,4.0,1.0,1.0,1.0,5315.28,5315.28,5315.28
2021-11,NAVE_CATEGORIA,NAVE_011 | REPUESTOS MECANICOS,3968.05,3.0,2.0,2.0,1.0,1984.025,1984.025,3518.05
2021-12,NAVE_CATEGORIA,NAVE_011 | REPUESTOS MECANICOS,2547.91,1.0,1.0,1.0,1.0,2547.91,2547.91,2547.91
2022-01,NAVE_CATEGORIA,NAVE_011 | REPUESTOS MECANICOS,1445.57,10.0,2.0,2.0,1.0,722.785,722.785,1398.77
2022-02,NAVE_CATEGORIA,NAVE_011 | REPUESTOS MECANICOS,1150.0,1.0,1.0,1.0,1.0,1150.0,1150.0,1150.0
2022-03,NAVE_CATEGORIA,NAVE_011 | REPUESTOS MECANICOS,42.52,5.0,1.0,1.0,1.0,42.52,42.52,42.52
2022-04,NAVE_CATEGORIA,NAVE_011 | REPUESTOS MECANICOS,847.0799999999999,13.0,3.0,2.0,3.0,282.35999999999996,320.0,492.58
2022-05,NAVE_CATEGORIA,NAVE_011 | REPUESTOS MECANICOS,3627.01,338.0,5.0,5.0,3.0,725.402,270.0,2901.36
2022-07,NAVE_CATEGORIA,NAVE_011 | REPUESTOS MECANICOS,718.0,4.0,2.0,2.0,1.0,359.0,359.0,690.0
2022-08,NAVE_CATEGORIA,NAVE_011 | REPUESTOS MECANICOS,320.0,1.0,1.0,1.0,1.0,320.0,320.0,320.0
2022-09,NAVE_CATEGORIA,NAVE_011 | REPUESTOS MECANICOS,360.39,1.0,1.0,1.0,1.0,360.39,360.39,360.39
2022-10,NAVE_CATEGORIA,NAVE_011 | REPUESTOS MECANICOS,2396.0,2.0,1.0,1.0,1.0,2396.0,2396.0,2396.0
2022-11,NAVE_CATEGORIA,NAVE_011 | REPUESTOS MECANICOS,134120.97999999998,792.0,105.0,102.0,6.0,1277.3426666666664,157.64,17047.03
2022-12,NAVE_CATEGORIA,NAVE_011 | REPUESTOS MECANICOS,573.0,2.0,2.0,2.0,2.0,286.5,286.5,380.0
2023-01,NAVE_CATEGORIA,NAVE_011 | REPUESTOS MECANICOS,5098.24,7.0,3.0,3.0,2.0,1699.4133333333332,1350.0,2951.49
2023-02,NAVE_CATEGORIA,NAVE_011 | REPUESTOS MECANICOS,3609.46,3.0,2.0,2.0,2.0,1804.73,1804.73,3562.18
2023-04,NAVE_CATEGORIA,NAVE_011 | REPUESTOS MECANICOS,68553.33999999998,287.0,28.0,28.0,2.0,2448.333571428571,434.88,17370.41
2023-05,NAVE_CATEGORIA,NAVE_011 | REPUESTOS MECANICOS,95.0,1.0,1.0,1.0,1.0,95.0,95.0,95.0
2023-06,NAVE_CATEGORIA,NAVE_011 | REPUESTOS MECANICOS,1481.58,22.0,4.0,4.0,3.0,370.395,330.315,650.95
2023-07,NAVE_CATEGORIA,NAVE_011 | REPUESTOS MECANICOS,257.14,1.0,1.0,1.0,1.0,257.14,257.14,257.14
2023-10,NAVE_CATEGORIA,NAVE_011 | REPUESTOS MECANICOS,18549.6,472.0,61.0,61.0,4.0,304.0918032786885,101.18,4329.42
2023-11,NAVE_CATEGORIA,NAVE_011 | REPUESTOS MECANICOS,422.08000200000004,456.0,5.0,5.0,2.0,84.4160004,22.5,248.22
2024-02,NAVE_CATEGORIA,NAVE_011 | REPUESTOS MECANICOS,12377.16,120.0,18.0,18.0,1.0,687.62,231.93,6300.0
2024-03,NAVE_CATEGORIA,NAVE_011 | REPUESTOS MECANICOS,187.56,14.0,4.0,4.0,1.0,46.89,30.16,125.51
2024-04,NAVE_CATEGORIA,NAVE_011 | REPUESTOS MECANICOS,1926.0900000000001,799.0,12.0,12.0,1.0,160.50750000000002,161.44,411.59
2024-06,NAVE_CATEGORIA,NAVE_011 | REPUESTOS MECANICOS,20.94,1.0,1.0,1.0,1.0,20.94,20.94,20.94
2024-09,NAVE_CATEGORIA,NAVE_011 | REPUESTOS MECANICOS,716.2499999999999,19.0,5.0,5.0,3.0,143.24999999999997,120.27,254.13
2024-10,NAVE_CATEGORIA,NAVE_011 | REPUESTOS MECANICOS,20.94,2.0,1.0,1.0,1.0,20.94,20.94,20.94
2025-03,NAVE_CATEGORIA,NAVE_011 | REPUESTOS MECANICOS,1493.11,16.0,5.0,5.0,1.0,298.62199999999996,119.33,1047.28
2025-09,NAVE_CATEGORIA,NAVE_011 | REPUESTOS MECANICOS,632.54,2.0,1.0,1.0,1.0,632.54,632.54,632.54
2021-01,NAVE_CATEGORIA,NAVE_011 | SERVICIOS DE MANTENIMIENTO,300.0,1.0,1.0,1.0,1.0,300.0,300.0,300.0
2021-02,NAVE_CATEGORIA,NAVE_011 | SERVICIOS DE MANTENIMIENTO,6337.08,10.0,10.0,3.0,6.0,633.708,177.0,2795.0
2021-03,NAVE_CATEGORIA,NAVE_011 | SERVICIOS DE MANTENIMIENTO,8989.64,7.0,7.0,2.0,4.0,1284.2342857142855,240.0,7250.0
2021-04,NAVE_CATEGORIA,NAVE_011 | SERVICIOS DE MANTENIMIENTO,88358.42000000001,39.0,39.0,4.0,21.0,2265.6005128205134,1476.0,10201.5
2021-05,NAVE_CATEGORIA,NAVE_011 | SERVICIOS DE MANTENIMIENTO,21329.22,17.0,17.0,5.0,8.0,1254.66,660.9,7191.64
2021-06,NAVE_CATEGORIA,NAVE_011 | SERVICIOS DE MANTENIMIENTO,15008.65,20.0,20.0,5.0,11.0,750.4325,247.5,3330.0
2021-07,NAVE_CATEGORIA,NAVE_011 | SERVICIOS DE MANTENIMIENTO,31004.769999999997,12.0,12.0,3.0,9.0,2583.730833333333,1050.0,18722.0
2021-08,NAVE_CATEGORIA,NAVE_011 | SERVICIOS DE MANTENIMIENTO,9664.6,8.0,8.0,2.0,6.0,1208.075,405.0,5600.0
2021-09,NAVE_CATEGORIA,NAVE_011 | SERVICIOS DE MANTENIMIENTO,836.0,2.0,2.0,1.0,2.0,418.0,418.0,550.0
2021-10,NAVE_CATEGORIA,NAVE_011 | SERVICIOS DE MANTENIMIENTO,4269.4400000000005,8.0,8.0,3.0,4.0,533.6800000000001,379.66499999999996,1278.24
2021-11,NAVE_CATEGORIA,NAVE_011 | SERVICIOS DE MANTENIMIENTO,440.0,2.0,2.0,2.0,2.0,220.0,220.0,240.0
2021-12,NAVE_CATEGORIA,NAVE_011 | SERVICIOS DE MANTENIMIENTO,300.0,1.0,1.0,1.0,1.0,300.0,300.0,300.0
2022-01,NAVE_CATEGORIA,NAVE_011 | SERVICIOS DE MANTENIMIENTO,1010.9100000000001,4.0,4.0,1.0,2.0,252.72750000000002,98.23,800.0
2022-02,NAVE_CATEGORIA,NAVE_011 | SERVICIOS DE MANTENIMIENTO,1475.0,2.0,2.0,2.0,2.0,737.5,737.5,1225.0
2022-04,NAVE_CATEGORIA,NAVE_011 | SERVICIOS DE MANTENIMIENTO,4540.0,3.0,3.0,1.0,2.0,1513.3333333333333,900.0,3250.0
2022-05,NAVE_CATEGORIA,NAVE_011 | SERVICIOS DE MANTENIMIENTO,4126.0,4.0,4.0,2.0,4.0,1031.5,928.0,1970.0
2022-06,NAVE_CATEGORIA,NAVE_011 | SERVICIOS DE MANTENIMIENTO,12686.6,13.0,13.0,2.0,9.0,975.8923076923077,750.0,3610.0
2022-07,NAVE_CATEGORIA,NAVE_011 | SERVICIOS DE MANTENIMIENTO,4276.59,9.0,9.0,2.0,2.0,475.1766666666667,137.2,2132.0
2022-08,NAVE_CATEGORIA,NAVE_011 | SERVICIOS DE MANTENIMIENTO,8630.0,3.0,3.0,1.0,2.0,2876.6666666666665,3000.0,4630.0
2022-09,NAVE_CATEGORIA,NAVE_011 | SERVICIOS DE MANTENIMIENTO,10946.5,5.0,5.0,2.0,4.0,2189.3,1100.0,8065.5
2022-10,NAVE_CATEGORIA,NAVE_011 | SERVICIOS DE MANTENIMIENTO,2166.0,4.0,4.0,2.0,3.0,541.5,243.0,1650.0
2022-11,NAVE_CATEGORIA,NAVE_011 | SERVICIOS DE MANTENIMIENTO,16638.5,12.0,12.0,2.0,5.0,1386.5416666666667,397.5,9000.0
2022-12,NAVE_CATEGORIA,NAVE_011 | SERVICIOS DE MANTENIMIENTO,1998.0,3.0,3.0,1.0,3.0,666.0,558.0,1350.0
2023-01,NAVE_CATEGORIA,NAVE_011 | SERVICIOS DE MANTENIMIENTO,13719.8,10.0,10.0,2.0,7.0,1371.98,980.0,3500.0
2023-02,NAVE_CATEGORIA,NAVE_011 | SERVICIOS DE MANTENIMIENTO,4016.52,3.0,3.0,2.0,2.0,1338.84,265.56,3500.96
2023-03,NAVE_CATEGORIA,NAVE_011 | SERVICIOS DE MANTENIMIENTO,19213.16,7.0,7.0,4.0,7.0,2744.7371428571428,180.0,16700.0
2023-04,NAVE_CATEGORIA,NAVE_011 | SERVICIOS DE MANTENIMIENTO,24093.19,11.0,11.0,3.0,6.0,2190.29,550.0,16700.02
2023-05,NAVE_CATEGORIA,NAVE_011 | SERVICIOS DE MANTENIMIENTO,11945.16,9.0,9.0,2.0,7.0,1327.24,650.0,6090.0
2023-06,NAVE_CATEGORIA,NAVE_011 | SERVICIOS DE MANTENIMIENTO,14996.839999999998,6.0,6.0,2.0,5.0,2499.473333333333,1075.0,8419.8
2023-07,NAVE_CATEGORIA,NAVE_011 | SERVICIOS DE MANTENIMIENTO,7798.63,12.0,12.0,2.0,5.0,649.8858333333334,260.0,2740.0
2023-08,NAVE_CATEGORIA,NAVE_011 | SERVICIOS DE MANTENIMIENTO,2030.46,5.0,5.0,3.0,4.0,406.092,404.0,900.0
2023-09,NAVE_CATEGORIA,NAVE_011 | SERVICIOS DE MANTENIMIENTO,6951.82,12.0,12.0,3.0,8.0,579.3183333333333,340.0,1750.0
2023-10,NAVE_CATEGORIA,NAVE_011 | SERVICIOS DE MANTENIMIENTO,6066.33,8.0,8.0,2.0,5.0,758.29125,530.0,1882.4
2023-11,NAVE_CATEGORIA,NAVE_011 | SERVICIOS DE MANTENIMIENTO,21763.06,7.0,7.0,2.0,5.0,3109.0085714285715,4419.61,5680.0
2023-12,NAVE_CATEGORIA,NAVE_011 | SERVICIOS DE MANTENIMIENTO,4148.25,5.0,5.0,2.0,4.0,829.65,601.0,1876.25
2024-01,NAVE_CATEGORIA,NAVE_011 | SERVICIOS DE MANTENIMIENTO,99.0,2.0,1.0,1.0,1.0,99.0,99.0,99.0
2024-02,NAVE_CATEGORIA,NAVE_011 | SERVICIOS DE MANTENIMIENTO,13537.0,6.0,6.0,1.0,6.0,2256.1666666666665,1325.0,7000.0
2024-03,NAVE_CATEGORIA,NAVE_011 | SERVICIOS DE MANTENIMIENTO,37648.24,20.0,20.0,1.0,10.0,1882.4119999999998,1201.54,5600.0
2024-04,NAVE_CATEGORIA,NAVE_011 | SERVICIOS DE MANTENIMIENTO,60187.16,23.0,23.0,1.0,13.0,2616.833043478261,2182.39,7400.0
2024-05,NAVE_CATEGORIA,NAVE_011 | SERVICIOS DE MANTENIMIENTO,47018.520000000004,12.0,12.0,1.0,10.0,3918.2100000000005,2433.85,20672.0
2024-06,NAVE_CATEGORIA,NAVE_011 | SERVICIOS DE MANTENIMIENTO,56086.74999999999,14.0,14.0,1.0,5.0,4006.196428571428,2077.5,19500.0
2024-07,NAVE_CATEGORIA,NAVE_011 | SERVICIOS DE MANTENIMIENTO,16840.0,4.0,4.0,1.0,4.0,4210.0,2820.0,9800.0
2024-08,NAVE_CATEGORIA,NAVE_011 | SERVICIOS DE MANTENIMIENTO,120.0,1.0,1.0,1.0,1.0,120.0,120.0,120.0
2024-09,NAVE_CATEGORIA,NAVE_011 | SERVICIOS DE MANTENIMIENTO,5825.0,3.0,3.0,1.0,2.0,1941.6666666666667,1450.0,4075.0
2024-10,NAVE_CATEGORIA,NAVE_011 | SERVICIOS DE MANTENIMIENTO,2015.4,4.0,4.0,1.0,4.0,503.85,507.7,800.0
2024-11,NAVE_CATEGORIA,NAVE_011 | SERVICIOS DE MANTENIMIENTO,10368.69,6.0,6.0,1.0,5.0,1728.115,1695.0,3048.67
2024-12,NAVE_CATEGORIA,NAVE_011 | SERVICIOS DE MANTENIMIENTO,8233.19,4.0,4.0,1.0,4.0,2058.2975,1941.98,4000.0
2025-01,NAVE_CATEGORIA,NAVE_011 | SERVICIOS DE MANTENIMIENTO,9061.35,7.0,7.0,1.0,7.0,1294.4785714285715,750.0,3546.35
2025-02,NAVE_CATEGORIA,NAVE_011 | SERVICIOS DE MANTENIMIENTO,6334.5,11.0,11.0,1.0,5.0,575.8636363636364,369.5,2010.0
2025-03,NAVE_CATEGORIA,NAVE_011 | SERVICIOS DE MANTENIMIENTO,824.86,4.0,4.0,1.0,3.0,206.215,201.305,335.29
2025-04,NAVE_CATEGORIA,NAVE_011 | SERVICIOS DE MANTENIMIENTO,7007.0,5.0,5.0,1.0,5.0,1401.4,847.0,4440.0
2025-05,NAVE_CATEGORIA,NAVE_011 | SERVICIOS DE MANTENIMIENTO,12573.43,4.0,4.0,1.0,3.0,3143.3575,1671.4650000000001,8407.5
2025-06,NAVE_CATEGORIA,NAVE_011 | SERVICIOS DE MANTENIMIENTO,2425.0,2.0,2.0,1.0,2.0,1212.5,1212.5,1725.0
2025-07,NAVE_CATEGORIA,NAVE_011 | SERVICIOS DE MANTENIMIENTO,4200.0,8.0,8.0,1.0,4.0,525.0,475.0,1110.0
2025-08,NAVE_CATEGORIA,NAVE_011 | SERVICIOS DE MANTENIMIENTO,5315.4,4.0,4.0,1.0,3.0,1328.85,1317.7,2380.0
2025-09,NAVE_CATEGORIA,NAVE_011 | SERVICIOS DE MANTENIMIENTO,18776.57,10.0,10.0,1.0,8.0,1877.657,741.4100000000001,7000.0
2025-04,NAVE_CATEGORIA,NAVE_012 | FERRETERIA,552.54,65.0,7.0,7.0,1.0,78.9342857142857,38.88,315.0
2025-05,NAVE_CATEGORIA,NAVE_012 | FERRETERIA,47.09,10.0,1.0,1.0,1.0,47.09,47.09,47.09
2025-07,NAVE_CATEGORIA,NAVE_012 | FERRETERIA,13343.65,224.0,13.0,11.0,3.0,1026.4346153846154,401.26,8802.76
2025-08,NAVE_CATEGORIA,NAVE_012 | FERRETERIA,26703.81,3975.0,100.0,86.0,13.0,267.0381,97.33,3624.88
2025-09,NAVE_CATEGORIA,NAVE_012 | FERRETERIA,5233.259999999999,798.0,35.0,32.0,10.0,149.52171428571427,109.05,650.0
2025-07,NAVE_CATEGORIA,NAVE_012 | FILTROS,916.01,9.0,1.0,1.0,1.0,916.01,916.01,916.01
2025-03,NAVE_CATEGORIA,NAVE_012 | REPUESTOS ELECTRICOS,13320.27,2.0,1.0,1.0,1.0,13320.27,13320.27,13320.27
2025-08,NAVE_CATEGORIA,NAVE_012 | REPUESTOS ELECTRICOS,9377.22,102.0,4.0,4.0,1.0,2344.305,1339.225,6431.19
2025-05,NAVE_CATEGORIA,NAVE_012 | REPUESTOS MECANICOS,1353.4,30.0,3.0,3.0,1.0,451.1333333333334,110.48,1237.17
2025-07,NAVE_CATEGORIA,NAVE_012 | REPUESTOS MECANICOS,7632.75,4.0,4.0,4.0,1.0,1908.1875,1057.92,4675.67
2025-08,NAVE_CATEGORIA,NAVE_012 | REPUESTOS MECANICOS,1523.22,2.0,1.0,1.0,1.0,1523.22,1523.22,1523.22
2025-03,NAVE_CATEGORIA,NAVE_012 | SERVICIOS DE MANTENIMIENTO,250.0,1.0,1.0,1.0,1.0,250.0,250.0,250.0
2025-04,NAVE_CATEGORIA,NAVE_012 | SERVICIOS DE MANTENIMIENTO,67341.9,25.0,25.0,1.0,12.0,2693.676,1440.0,10500.0
2025-05,NAVE_CATEGORIA,NAVE_012 | SERVICIOS DE MANTENIMIENTO,49332.0,18.0,18.0,1.0,14.0,2740.6666666666665,1475.0,12660.0
2025-06,NAVE_CATEGORIA,NAVE_012 | SERVICIOS DE MANTENIMIENTO,18305.84,16.0,16.0,1.0,10.0,1144.115,504.0,3301.0
2025-07,NAVE_CATEGORIA,NAVE_012 | SERVICIOS DE MANTENIMIENTO,26132.43,8.0,8.0,1.0,5.0,3266.55375,2427.5,11903.62
2025-08,NAVE_CATEGORIA,NAVE_012 | SERVICIOS DE MANTENIMIENTO,138775.52000000002,86.0,86.0,1.0,29.0,1613.6688372093026,376.0,18287.5
2025-09,NAVE_CATEGORIA,NAVE_012 | SERVICIOS DE MANTENIMIENTO,12068.39,25.0,25.0,1.0,14.0,482.7356,300.0,1800.0
2021-02,NAVE_CATEGORIA,NAVE_013 | ACEITE,947.04,16.0,1.0,1.0,1.0,947.04,947.04,947.04
2022-02,NAVE_CATEGORIA,NAVE_013 | ACEITE,1085.89,16.0,1.0,1.0,1.0,1085.89,1085.89,1085.89
2023-02,NAVE_CATEGORIA,NAVE_013 | ACEITE,1043.1599999999999,10.0,2.0,2.0,2.0,521.5799999999999,521.5799999999999,744.01
2023-03,NAVE_CATEGORIA,NAVE_013 | ACEITE,1397.0,18.0,3.0,3.0,2.0,465.6666666666667,476.1,825.9
2023-08,NAVE_CATEGORIA,NAVE_013 | ACEITE,465.56,7.0,2.0,2.0,1.0,232.78,232.78,397.06
2023-10,NAVE_CATEGORIA,NAVE_013 | ACEITE,1265.9,19.0,3.0,2.0,1.0,421.9666666666667,331.3,662.6
2025-07,NAVE_CATEGORIA,NAVE_013 | ACEITE,504.6,15.0,1.0,1.0,1.0,504.6,504.6,504.6
2025-08,NAVE_CATEGORIA,NAVE_013 | ACEITE,252.3,2.0,1.0,1.0,1.0,252.3,252.3,252.3
2021-01,NAVE_CATEGORIA,NAVE_013 | FERRETERIA,88.6,12.0,2.0,2.0,2.0,44.3,44.3,76.0
2021-02,NAVE_CATEGORIA,NAVE_013 | FERRETERIA,1137.08,71.0,9.0,9.0,3.0,126.34222222222222,51.3,774.53
2021-03,NAVE_CATEGORIA,NAVE_013 | FERRETERIA,416.78999999999996,21.0,2.0,2.0,2.0,208.39499999999998,208.39499999999998,215.0
2021-04,NAVE_CATEGORIA,NAVE_013 | FERRETERIA,122.6,118.0,4.0,4.0,2.0,30.65,4.8,110.0
2021-05,NAVE_CATEGORIA,NAVE_013 | FERRETERIA,444.96000000000004,34.0,17.0,17.0,3.0,26.174117647058825,12.0,99.5
2021-06,NAVE_CATEGORIA,NAVE_013 | FERRETERIA,83.0,20.0,5.0,5.0,1.0,16.6,11.6,36.32
2021-07,NAVE_CATEGORIA,NAVE_013 | FERRETERIA,76.55,1.0,1.0,1.0,1.0,76.55,76.55,76.55
2021-09,NAVE_CATEGORIA,NAVE_013 | FERRETERIA,29.009999999999998,14.0,4.0,4.0,1.0,7.2524999999999995,7.08,10.5
2021-10,NAVE_CATEGORIA,NAVE_013 | FERRETERIA,118.0,36.0,5.0,5.0,1.0,23.6,12.0,60.0
2022-02,NAVE_CATEGORIA,NAVE_013 | FERRETERIA,260.0,4.0,1.0,1.0,1.0,260.0,260.0,260.0
2022-03,NAVE_CATEGORIA,NAVE_013 | FERRETERIA,553.7399999999999,188.0,29.0,29.0,1.0,19.094482758620686,6.74,164.24
2022-05,NAVE_CATEGORIA,NAVE_013 | FERRETERIA,11.2,40.0,1.0,1.0,1.0,11.2,11.2,11.2
2022-06,NAVE_CATEGORIA,NAVE_013 | FERRETERIA,540.5,104.0,5.0,5.0,4.0,108.1,110.0,229.07
2022-07,NAVE_CATEGORIA,NAVE_013 | FERRETERIA,38.08,17.0,7.0,7.0,2.0,5.4399999999999995,4.5,10.5
2022-09,NAVE_CATEGORIA,NAVE_013 | FERRETERIA,543.04,31.0,7.0,7.0,3.0,77.57714285714285,20.4,290.0
2022-11,NAVE_CATEGORIA,NAVE_013 | FERRETERIA,43.43,24.0,1.0,1.0,1.0,43.43,43.43,43.43
2023-01,NAVE_CATEGORIA,NAVE_013 | FERRETERIA,728.83,1.0,1.0,1.0,1.0,728.83,728.83,728.83
2023-02,NAVE_CATEGORIA,NAVE_013 | FERRETERIA,3602.6499999999996,297.5,44.0,43.0,11.0,81.87840909090909,23.02,1089.68
2023-04,NAVE_CATEGORIA,NAVE_013 | FERRETERIA,2220.0,49.0,2.0,2.0,2.0,1110.0,1110.0,2040.0
2023-05,NAVE_CATEGORIA,NAVE_013 | FERRETERIA,278.95,52.0,8.0,8.0,2.0,34.86875,18.0,105.0
2023-06,NAVE_CATEGORIA,NAVE_013 | FERRETERIA,192.0,2.0,2.0,2.0,2.0,96.0,96.0,136.0
2023-07,NAVE_CATEGORIA,NAVE_013 | FERRETERIA,123.98,30.0,1.0,1.0,1.0,123.98,123.98,123.98
2023-08,NAVE_CATEGORIA,NAVE_013 | FERRETERIA,1107.7699999999998,209.0,24.0,24.0,2.0,46.157083333333325,11.55,745.42
2023-10,NAVE_CATEGORIA,NAVE_013 | FERRETERIA,573.57,145.0,22.0,22.0,4.0,26.07136363636364,8.25,206.63
2025-04,NAVE_CATEGORIA,NAVE_013 | FERRETERIA,68.96000000000001,11.0,3.0,3.0,1.0,22.986666666666668,22.4,28.16
2025-05,NAVE_CATEGORIA,NAVE_013 | FERRETERIA,97.32000000000001,26.0,4.0,4.0,1.0,24.330000000000002,14.775,62.4
2025-07,NAVE_CATEGORIA,NAVE_013 | FERRETERIA,205.18999999999997,101.0,12.0,12.0,1.0,17.099166666666665,9.77,49.76
2025-08,NAVE_CATEGORIA,NAVE_013 | FERRETERIA,1634.25,468.0,3.0,3.0,1.0,544.75,154.44,1475.6
2025-09,NAVE_CATEGORIA,NAVE_013 | FERRETERIA,55.8,7.0,3.0,3.0,1.0,18.599999999999998,19.8,29.0
2025-11,NAVE_CATEGORIA,NAVE_013 | FERRETERIA,2144.2300000000005,28.0,10.0,8.0,1.0,214.42300000000006,7.225,1615.7
2025-12,NAVE_CATEGORIA,NAVE_013 | FERRETERIA,2859.7400000000002,289.0,39.0,37.0,3.0,73.32666666666667,20.46,905.62
2021-02,NAVE_CATEGORIA,NAVE_013 | FILTROS,549.8,20.0,2.0,2.0,1.0,274.9,274.9,387.68
2021-04,NAVE_CATEGORIA,NAVE_013 | FILTROS,491.54,16.0,5.0,3.0,1.0,98.308,81.06,173.36
2021-05,NAVE_CATEGORIA,NAVE_013 | FILTROS,632.0,6.0,2.0,2.0,1.0,316.0,316.0,552.96
2021-10,NAVE_CATEGORIA,NAVE_013 | FILTROS,1123.18,22.0,3.0,3.0,2.0,374.3933333333334,394.0,587.28
2022-02,NAVE_CATEGORIA,NAVE_013 | FILTROS,2276.68,60.0,6.0,6.0,2.0,379.44666666666666,341.6,587.28
2022-07,NAVE_CATEGORIA,NAVE_013 | FILTROS,433.69,5.0,2.0,2.0,1.0,216.845,216.845,360.69
2022-08,NAVE_CATEGORIA,NAVE_013 | FILTROS,419.79,5.0,2.0,2.0,2.0,209.895,209.895,360.69
2022-10,NAVE_CATEGORIA,NAVE_013 | FILTROS,870.7,19.0,3.0,3.0,2.0,290.23333333333335,272.7,361.5
2023-02,NAVE_CATEGORIA,NAVE_013 | FILTROS,95.09,10.0,1.0,1.0,1.0,95.09,95.09,95.09
2023-03,NAVE_CATEGORIA,NAVE_013 | FILTROS,548.08,8.0,2.0,2.0,2.0,274.04,274.04,480.92
2023-09,NAVE_CATEGORIA,NAVE_013 | FILTROS,844.46,46.0,3.0,3.0,2.0,281.4866666666667,240.06,508.4
2025-04,NAVE_CATEGORIA,NAVE_013 | FILTROS,138.87,2.0,2.0,2.0,1.0,69.435,69.435,126.96
2025-05,NAVE_CATEGORIA,NAVE_013 | FILTROS,356.91999999999996,9.0,3.0,3.0,1.0,118.97333333333331,102.77,165.37
2025-06,NAVE_CATEGORIA,NAVE_013 | FILTROS,654.48,30.0,3.0,3.0,1.0,218.16,200.28,306.61
2025-07,NAVE_CATEGORIA,NAVE_013 | FILTROS,503.86,41.0,2.0,2.0,1.0,251.93,251.93,263.01
2025-08,NAVE_CATEGORIA,NAVE_013 | FILTROS,363.20000000000005,41.0,4.0,4.0,1.0,90.80000000000001,82.25500000000001,184.49
2025-09,NAVE_CATEGORIA,NAVE_013 | FILTROS,687.49,44.0,2.0,2.0,1.0,343.745,343.745,504.6
2025-12,NAVE_CATEGORIA,NAVE_013 | FILTROS,381.02,5.0,2.0,2.0,1.0,190.51,190.51,306.34
2021-02,NAVE_CATEGORIA,NAVE_013 | QUIMICOS,51.0,8.0,2.0,2.0,1.0,25.5,25.5,30.75
2021-04,NAVE_CATEGORIA,NAVE_013 | QUIMICOS,61.25,9.0,2.0,2.0,1.0,30.625,30.625,31.25
2021-05,NAVE_CATEGORIA,NAVE_013 | QUIMICOS,79.0,8.0,2.0,2.0,2.0,39.5,39.5,70.0
2021-10,NAVE_CATEGORIA,NAVE_013 | QUIMICOS,23.0,5.0,1.0,1.0,1.0,23.0,23.0,23.0
2022-07,NAVE_CATEGORIA,NAVE_013 | QUIMICOS,54.97,7.0,2.0,2.0,1.0,27.485,27.485,30.95
2023-02,NAVE_CATEGORIA,NAVE_013 | QUIMICOS,2874.5,246.0,7.0,6.0,3.0,410.64285714285717,88.68,1820.0
2023-05,NAVE_CATEGORIA,NAVE_013 | QUIMICOS,33.0,4.0,2.0,2.0,1.0,16.5,16.5,17.0
2023-08,NAVE_CATEGORIA,NAVE_013 | QUIMICOS,25.29,3.0,1.0,1.0,1.0,25.29,25.29,25.29
2023-10,NAVE_CATEGORIA,NAVE_013 | QUIMICOS,51.53,6.0,2.0,2.0,1.0,25.765,25.765,26.55
2025-11,NAVE_CATEGORIA,NAVE_013 | QUIMICOS,117.72999999999999,6.0,2.0,2.0,1.0,58.864999999999995,58.864999999999995,75.0
2025-12,NAVE_CATEGORIA,NAVE_013 | QUIMICOS,536.5600000000001,19.0,3.0,3.0,1.0,178.85333333333335,206.8,214.4
2025-04,NAVE_CATEGORIA,NAVE_013 | REPUESTOS ELECTRICOS,1040.37,2.0,2.0,2.0,1.0,520.185,520.185,950.12
2025-05,NAVE_CATEGORIA,NAVE_013 | REPUESTOS ELECTRICOS,11.54,6.0,1.0,1.0,1.0,11.54,11.54,11.54
2025-07,NAVE_CATEGORIA,NAVE_013 | REPUESTOS ELECTRICOS,238.97,5.0,1.0,1.0,1.0,238.97,238.97,238.97
2025-12,NAVE_CATEGORIA,NAVE_013 | REPUESTOS ELECTRICOS,76.51,4.0,2.0,2.0,1.0,38.255,38.255,49.32
2021-01,NAVE_CATEGORIA,NAVE_013 | REPUESTOS MECANICOS,172.9,2.0,1.0,1.0,1.0,172.9,172.9,172.9
2021-02,NAVE_CATEGORIA,NAVE_013 | REPUESTOS MECANICOS,976.5600000000001,20.0,2.0,2.0,1.0,488.28000000000003,488.28000000000003,733.44
2021-03,NAVE_CATEGORIA,NAVE_013 | REPUESTOS MECANICOS,758.7,4.0,2.0,2.0,2.0,379.35,379.35,518.7
2021-10,NAVE_CATEGORIA,NAVE_013 | REPUESTOS MECANICOS,1717.3200000000002,24.0,2.0,2.0,1.0,858.6600000000001,858.6600000000001,1348.92
2021-11,NAVE_CATEGORIA,NAVE_013 | REPUESTOS MECANICOS,4507.099999999999,13.0,7.0,7.0,2.0,643.8714285714285,410.19,1513.07
2021-12,NAVE_CATEGORIA,NAVE_013 | REPUESTOS MECANICOS,484.58,2.0,1.0,1.0,1.0,484.58,484.58,484.58
2022-01,NAVE_CATEGORIA,NAVE_013 | REPUESTOS MECANICOS,1250.0,2.0,2.0,2.0,1.0,625.0,625.0,758.93
2022-02,NAVE_CATEGORIA,NAVE_013 | REPUESTOS MECANICOS,6760.179999999999,191.0,62.0,59.0,1.0,109.03516129032258,36.769999999999996,1409.64
2022-03,NAVE_CATEGORIA,NAVE_013 | REPUESTOS MECANICOS,12646.0,4.0,3.0,3.0,2.0,4215.333333333333,636.63,11770.37
2022-04,NAVE_CATEGORIA,NAVE_013 | REPUESTOS MECANICOS,764.7799999999999,6.0,6.0,6.0,1.0,127.46333333333331,130.98,349.6
2022-06,NAVE_CATEGORIA,NAVE_013 | REPUESTOS MECANICOS,237.2,2.0,2.0,2.0,2.0,118.6,118.6,230.38
2022-10,NAVE_CATEGORIA,NAVE_013 | REPUESTOS MECANICOS,157.56,4.0,3.0,3.0,1.0,52.52,53.31,90.97
2022-11,NAVE_CATEGORIA,NAVE_013 | REPUESTOS MECANICOS,53.31,1.0,1.0,1.0,1.0,53.31,53.31,53.31
2023-02,NAVE_CATEGORIA,NAVE_013 | REPUESTOS MECANICOS,3185.48,36.0,7.0,6.0,4.0,455.06857142857143,284.88,1145.47
2023-03,NAVE_CATEGORIA,NAVE_013 | REPUESTOS MECANICOS,70.08,8.0,1.0,1.0,1.0,70.08,70.08,70.08
2023-04,NAVE_CATEGORIA,NAVE_013 | REPUESTOS MECANICOS,551.4,1.0,1.0,1.0,1.0,551.4,551.4,551.4
2023-05,NAVE_CATEGORIA,NAVE_013 | REPUESTOS MECANICOS,582.3199999999999,30.0,3.0,3.0,2.0,194.10666666666665,195.0,225.0
2023-06,NAVE_CATEGORIA,NAVE_013 | REPUESTOS MECANICOS,2287.5099999999998,11.0,3.0,3.0,3.0,762.5033333333332,572.73,1498.35
2023-08,NAVE_CATEGORIA,NAVE_013 | REPUESTOS MECANICOS,600.0,5.0,1.0,1.0,1.0,600.0,600.0,600.0
2023-09,NAVE_CATEGORIA,NAVE_013 | REPUESTOS MECANICOS,2033.1,23.0,7.0,7.0,2.0,290.4428571428571,108.31,981.23
2025-04,NAVE_CATEGORIA,NAVE_013 | REPUESTOS MECANICOS,1027.4199999999998,25.0,15.0,15.0,1.0,68.49466666666666,3.26,915.85
2025-05,NAVE_CATEGORIA,NAVE_013 | REPUESTOS MECANICOS,287.67,2.0,2.0,2.0,1.0,143.835,143.835,219.37
2025-11,NAVE_CATEGORIA,NAVE_013 | REPUESTOS MECANICOS,7963.83,1.0,1.0,1.0,1.0,7963.83,7963.83,7963.83
2025-12,NAVE_CATEGORIA,NAVE_013 | REPUESTOS MECANICOS,1530.3200000000002,16.0,8.0,8.0,1.0,191.29000000000002,200.11,391.3
2021-02,NAVE_CATEGORIA,NAVE_013 | SERVICIOS DE MANTENIMIENTO,640.0,3.0,3.0,2.0,2.0,213.33333333333334,195.0,250.0
2021-03,NAVE_CATEGORIA,NAVE_013 | SERVICIOS DE MANTENIMIENTO,1625.0,2.0,2.0,2.0,2.0,812.5,812.5,925.0
2021-05,NAVE_CATEGORIA,NAVE_013 | SERVICIOS DE MANTENIMIENTO,1700.0,2.0,2.0,2.0,2.0,850.0,850.0,1600.0
2021-07,NAVE_CATEGORIA,NAVE_013 | SERVICIOS DE MANTENIMIENTO,3662.0,4.0,4.0,3.0,4.0,915.5,807.5,2000.0
2021-08,NAVE_CATEGORIA,NAVE_013 | SERVICIOS DE MANTENIMIENTO,2264.6000000000004,2.0,2.0,1.0,1.0,1132.3000000000002,1132.3000000000002,1888.13
2021-09,NAVE_CATEGORIA,NAVE_013 | SERVICIOS DE MANTENIMIENTO,285.0,1.0,1.0,1.0,1.0,285.0,285.0,285.0
2021-10,NAVE_CATEGORIA,NAVE_013 | SERVICIOS DE MANTENIMIENTO,900.0,1.0,1.0,1.0,1.0,900.0,900.0,900.0
2021-11,NAVE_CATEGORIA,NAVE_013 | SERVICIOS DE MANTENIMIENTO,760.0,1.0,1.0,1.0,1.0,760.0,760.0,760.0
2021-12,NAVE_CATEGORIA,NAVE_013 | SERVICIOS DE MANTENIMIENTO,1111.0,1.0,1.0,1.0,1.0,1111.0,1111.0,1111.0
2022-01,NAVE_CATEGORIA,NAVE_013 | SERVICIOS DE MANTENIMIENTO,300.0,1.0,1.0,1.0,1.0,300.0,300.0,300.0
2022-02,NAVE_CATEGORIA,NAVE_013 | SERVICIOS DE MANTENIMIENTO,1440.0,2.0,2.0,1.0,1.0,720.0,720.0,730.0
2022-03,NAVE_CATEGORIA,NAVE_013 | SERVICIOS DE MANTENIMIENTO,2935.0,3.0,3.0,2.0,3.0,978.3333333333334,965.0,1400.0
2022-04,NAVE_CATEGORIA,NAVE_013 | SERVICIOS DE MANTENIMIENTO,1572.0,2.0,2.0,1.0,2.0,786.0,786.0,1000.0
2022-06,NAVE_CATEGORIA,NAVE_013 | SERVICIOS DE MANTENIMIENTO,890.0,1.0,1.0,1.0,1.0,890.0,890.0,890.0
2022-07,NAVE_CATEGORIA,NAVE_013 | SERVICIOS DE MANTENIMIENTO,250.0,1.0,1.0,1.0,1.0,250.0,250.0,250.0
2022-09,NAVE_CATEGORIA,NAVE_013 | SERVICIOS DE MANTENIMIENTO,1514.0,3.0,3.0,2.0,3.0,504.6666666666667,550.0,600.0
2022-11,NAVE_CATEGORIA,NAVE_013 | SERVICIOS DE MANTENIMIENTO,900.0,2.0,2.0,1.0,1.0,450.0,450.0,650.0
2022-12,NAVE_CATEGORIA,NAVE_013 | SERVICIOS DE MANTENIMIENTO,1317.0,4.0,4.0,2.0,3.0,329.25,310.0,460.0
2023-01,NAVE_CATEGORIA,NAVE_013 | SERVICIOS DE MANTENIMIENTO,806.6,3.0,3.0,2.0,3.0,268.8666666666667,240.0,450.0
2023-02,NAVE_CATEGORIA,NAVE_013 | SERVICIOS DE MANTENIMIENTO,29805.97,29.0,29.0,2.0,11.0,1027.7920689655173,419.2,6568.13
2023-03,NAVE_CATEGORIA,NAVE_013 | SERVICIOS DE MANTENIMIENTO,3947.22,3.0,3.0,1.0,3.0,1315.74,364.0,3472.5
2023-04,NAVE_CATEGORIA,NAVE_013 | SERVICIOS DE MANTENIMIENTO,3538.0,4.0,4.0,2.0,4.0,884.5,662.5,2063.0
2023-05,NAVE_CATEGORIA,NAVE_013 | SERVICIOS DE MANTENIMIENTO,704.0,2.0,2.0,1.0,2.0,352.0,352.0,364.0
2023-07,NAVE_CATEGORIA,NAVE_013 | SERVICIOS DE MANTENIMIENTO,1600.8,2.0,2.0,1.0,1.0,800.4,800.4,800.4
2023-08,NAVE_CATEGORIA,NAVE_013 | SERVICIOS DE MANTENIMIENTO,470.0,1.0,1.0,1.0,1.0,470.0,470.0,470.0
2023-09,NAVE_CATEGORIA,NAVE_013 | SERVICIOS DE MANTENIMIENTO,2349.71,6.0,6.0,1.0,3.0,391.61833333333334,265.0,906.88
2023-10,NAVE_CATEGORIA,NAVE_013 | SERVICIOS DE MANTENIMIENTO,870.0,2.0,2.0,1.0,2.0,435.0,435.0,450.0
2023-11,NAVE_CATEGORIA,NAVE_013 | SERVICIOS DE MANTENIMIENTO,1334.22,2.0,2.0,1.0,1.0,667.11,667.11,884.15
2023-12,NAVE_CATEGORIA,NAVE_013 | SERVICIOS DE MANTENIMIENTO,463.0,4.0,4.0,1.0,1.0,115.75,109.0,200.0
2024-01,NAVE_CATEGORIA,NAVE_013 | SERVICIOS DE MANTENIMIENTO,750.0,2.0,2.0,1.0,2.0,375.0,375.0,500.0
2024-02,NAVE_CATEGORIA,NAVE_013 | SERVICIOS DE MANTENIMIENTO,2287.13,2.0,2.0,1.0,2.0,1143.565,1143.565,1637.13
2024-03,NAVE_CATEGORIA,NAVE_013 | SERVICIOS DE MANTENIMIENTO,591.0,1.0,1.0,1.0,1.0,591.0,591.0,591.0
2024-04,NAVE_CATEGORIA,NAVE_013 | SERVICIOS DE MANTENIMIENTO,200.0,1.0,1.0,1.0,1.0,200.0,200.0,200.0
2024-05,NAVE_CATEGORIA,NAVE_013 | SERVICIOS DE MANTENIMIENTO,587.84,1.0,1.0,1.0,1.0,587.84,587.84,587.84
2024-06,NAVE_CATEGORIA,NAVE_013 | SERVICIOS DE MANTENIMIENTO,13407.6,6.0,6.0,1.0,5.0,2234.6,330.0,11589.0
2024-07,NAVE_CATEGORIA,NAVE_013 | SERVICIOS DE MANTENIMIENTO,1182.0,4.0,4.0,1.0,4.0,295.5,316.0,350.0
2024-08,NAVE_CATEGORIA,NAVE_013 | SERVICIOS DE MANTENIMIENTO,250.0,1.0,1.0,1.0,1.0,250.0,250.0,250.0
2024-09,NAVE_CATEGORIA,NAVE_013 | SERVICIOS DE MANTENIMIENTO,1650.1499999999999,4.0,4.0,1.0,3.0,412.53749999999997,206.065,1120.66
2024-10,NAVE_CATEGORIA,NAVE_013 | SERVICIOS DE MANTENIMIENTO,1220.0,3.0,3.0,1.0,3.0,406.6666666666667,500.0,600.0
2024-11,NAVE_CATEGORIA,NAVE_013 | SERVICIOS DE MANTENIMIENTO,1485.0,2.0,2.0,1.0,2.0,742.5,742.5,900.0
2024-12,NAVE_CATEGORIA,NAVE_013 | SERVICIOS DE MANTENIMIENTO,1804.16,5.0,5.0,1.0,5.0,360.832,250.0,685.0
2025-01,NAVE_CATEGORIA,NAVE_013 | SERVICIOS DE MANTENIMIENTO,108.7,1.0,1.0,1.0,1.0,108.7,108.7,108.7
2025-03,NAVE_CATEGORIA,NAVE_013 | SERVICIOS DE MANTENIMIENTO,5025.0,4.0,4.0,1.0,3.0,1256.25,1175.0,2375.0
2025-04,NAVE_CATEGORIA,NAVE_013 | SERVICIOS DE MANTENIMIENTO,2486.21,3.0,3.0,1.0,2.0,828.7366666666667,695.0,1626.0
2025-05,NAVE_CATEGORIA,NAVE_013 | SERVICIOS DE MANTENIMIENTO,550.0,1.0,1.0,1.0,1.0,550.0,550.0,550.0
2025-06,NAVE_CATEGORIA,NAVE_013 | SERVICIOS DE MANTENIMIENTO,323.74,7.0,2.0,2.0,2.0,161.87,161.87,260.87
2025-07,NAVE_CATEGORIA,NAVE_013 | SERVICIOS DE MANTENIMIENTO,2163.63,4.0,4.0,1.0,3.0,540.9075,621.915,900.0
2025-08,NAVE_CATEGORIA,NAVE_013 | SERVICIOS DE MANTENIMIENTO,3140.0,13.0,2.0,2.0,2.0,1570.0,1570.0,2380.0
2025-09,NAVE_CATEGORIA,NAVE_013 | SERVICIOS DE MANTENIMIENTO,625.0,3.0,3.0,1.0,2.0,208.33333333333334,200.0,325.0
2025-10,NAVE_CATEGORIA,NAVE_013 | SERVICIOS DE MANTENIMIENTO,3200.0,2.0,2.0,2.0,1.0,1600.0,1600.0,1800.0
2025-12,NAVE_CATEGORIA,NAVE_013 | SERVICIOS DE MANTENIMIENTO,13135.920000000002,76.0,30.0,8.0,13.0,437.8640000000001,182.49,3117.42
2021-01,NAVE_CATEGORIA,NAVE_014 | ACEITE,693.96,12.0,2.0,2.0,2.0,346.98,346.98,473.52
2021-03,NAVE_CATEGORIA,NAVE_014 | ACEITE,2367.6,40.0,1.0,1.0,1.0,2367.6,2367.6,2367.6
2021-06,NAVE_CATEGORIA,NAVE_014 | ACEITE,2330.8,40.0,1.0,1.0,1.0,2330.8,2330.8,2330.8
2021-09,NAVE_CATEGORIA,NAVE_014 | ACEITE,790.35,15.0,2.0,1.0,1.0,395.175,395.175,684.97
2022-02,NAVE_CATEGORIA,NAVE_014 | ACEITE,1314.1,20.0,2.0,2.0,2.0,657.05,657.05,1278.51
2022-04,NAVE_CATEGORIA,NAVE_014 | ACEITE,677.6,10.0,1.0,1.0,1.0,677.6,677.6,677.6
2022-05,NAVE_CATEGORIA,NAVE_014 | ACEITE,95.58,2.0,1.0,1.0,1.0,95.58,95.58,95.58
2022-08,NAVE_CATEGORIA,NAVE_014 | ACEITE,923.08,13.0,2.0,2.0,2.0,461.54,461.54,805.08
2022-12,NAVE_CATEGORIA,NAVE_014 | ACEITE,1099.2,16.0,1.0,1.0,1.0,1099.2,1099.2,1099.2
2023-06,NAVE_CATEGORIA,NAVE_014 | ACEITE,1450.25,21.0,4.0,3.0,1.0,362.5625,286.875,686.5
2023-07,NAVE_CATEGORIA,NAVE_014 | ACEITE,899.4,12.0,1.0,1.0,1.0,899.4,899.4,899.4
2025-05,NAVE_CATEGORIA,NAVE_014 | ACEITE,247.37,20.0,2.0,1.0,1.0,123.685,123.685,125.55
2025-06,NAVE_CATEGORIA,NAVE_014 | ACEITE,826.26,44.0,2.0,2.0,1.0,413.13,413.13,502.2
2025-08,NAVE_CATEGORIA,NAVE_014 | ACEITE,187.77,1.0,1.0,1.0,1.0,187.77,187.77,187.77
2025-11,NAVE_CATEGORIA,NAVE_014 | ACEITE,723.09,9.0,1.0,1.0,1.0,723.09,723.09,723.09
2021-01,NAVE_CATEGORIA,NAVE_014 | FERRETERIA,118.0,24.0,4.0,4.0,3.0,29.5,18.6,76.0
2021-02,NAVE_CATEGORIA,NAVE_014 | FERRETERIA,798.4100000000001,46.0,8.0,8.0,3.0,99.80125000000001,19.12,495.0
2021-03,NAVE_CATEGORIA,NAVE_014 | FERRETERIA,480.72999999999996,95.0,11.0,10.0,3.0,43.702727272727266,7.5,345.0
2021-05,NAVE_CATEGORIA,NAVE_014 | FERRETERIA,146.26,41.0,12.0,12.0,1.0,12.188333333333333,9.73,38.5
2021-06,NAVE_CATEGORIA,NAVE_014 | FERRETERIA,1277.35,2.0,2.0,2.0,2.0,638.675,638.675,714.85
2021-07,NAVE_CATEGORIA,NAVE_014 | FERRETERIA,76.56,1.0,1.0,1.0,1.0,76.56,76.56,76.56
2021-09,NAVE_CATEGORIA,NAVE_014 | FERRETERIA,400.1,35.0,17.0,17.0,3.0,23.53529411764706,8.46,114.05
2021-10,NAVE_CATEGORIA,NAVE_014 | FERRETERIA,2.41,6.0,1.0,1.0,1.0,2.41,2.41,2.41
2021-11,NAVE_CATEGORIA,NAVE_014 | FERRETERIA,5311.770000000001,26.0,6.0,6.0,2.0,885.2950000000002,8.7,5264.67
2022-02,NAVE_CATEGORIA,NAVE_014 | FERRETERIA,1016.0,137.0,7.0,7.0,3.0,145.14285714285714,180.0,306.0
2022-03,NAVE_CATEGORIA,NAVE_014 | FERRETERIA,624.6,194.0,33.0,33.0,2.0,18.92727272727273,8.25,120.0
2022-04,NAVE_CATEGORIA,NAVE_014 | FERRETERIA,29.75,1.0,1.0,1.0,1.0,29.75,29.75,29.75
2022-05,NAVE_CATEGORIA,NAVE_014 | FERRETERIA,342.64000000000004,178.0,16.0,16.0,2.0,21.415000000000003,4.390000000000001,142.53
2022-07,NAVE_CATEGORIA,NAVE_014 | FERRETERIA,56.0,33.0,3.0,3.0,1.0,18.666666666666668,20.0,30.0
2022-08,NAVE_CATEGORIA,NAVE_014 | FERRETERIA,278.64000000000004,40.0,6.0,6.0,3.0,46.440000000000005,14.309999999999999,204.0
2022-09,NAVE_CATEGORIA,NAVE_014 | FERRETERIA,118.39999999999999,641.0,6.0,6.0,1.0,19.73333333333333,17.0,29.4
2022-11,NAVE_CATEGORIA,NAVE_014 | FERRETERIA,655.3699999999999,72.5,15.0,15.0,2.0,43.691333333333326,10.86,253.0
2023-05,NAVE_CATEGORIA,NAVE_014 | FERRETERIA,55.78,30.0,5.0,5.0,1.0,11.156,10.16,23.1
2023-06,NAVE_CATEGORIA,NAVE_014 | FERRETERIA,4996.679999999999,490.75,49.0,48.0,12.0,101.97306122448978,28.49,2009.82
2023-08,NAVE_CATEGORIA,NAVE_014 | FERRETERIA,745.42,1.0,1.0,1.0,1.0,745.42,745.42,745.42
2023-10,NAVE_CATEGORIA,NAVE_014 | FERRETERIA,149.55,56.0,18.0,18.0,2.0,8.308333333333334,6.245,27.66
2023-11,NAVE_CATEGORIA,NAVE_014 | FERRETERIA,528.06,60.0,21.0,21.0,4.0,25.145714285714284,6.38,313.65
2025-05,NAVE_CATEGORIA,NAVE_014 | FERRETERIA,1413.58,103.0,9.0,7.0,1.0,157.06444444444443,23.44,935.81
2025-06,NAVE_CATEGORIA,NAVE_014 | FERRETERIA,440.76,148.0,24.0,24.0,1.0,18.365,9.6,202.5
2025-07,NAVE_CATEGORIA,NAVE_014 | FERRETERIA,1.65,11.0,1.0,1.0,1.0,1.65,1.65,1.65
2025-09,NAVE_CATEGORIA,NAVE_014 | FERRETERIA,879.05,130.0,6.0,6.0,1.0,146.50833333333333,7.905,840.0
2025-10,NAVE_CATEGORIA,NAVE_014 | FERRETERIA,149.97999999999996,44.0,13.0,13.0,1.0,11.536923076923074,9.36,25.0
2025-11,NAVE_CATEGORIA,NAVE_014 | FERRETERIA,4.73,22.0,2.0,2.0,1.0,2.365,2.365,3.08
2021-01,NAVE_CATEGORIA,NAVE_014 | FILTROS,1392.12,48.0,5.0,4.0,2.0,278.424,283.8,581.52
2021-02,NAVE_CATEGORIA,NAVE_014 | FILTROS,13.51,1.0,1.0,1.0,1.0,13.51,13.51,13.51
2021-03,NAVE_CATEGORIA,NAVE_014 | FILTROS,1105.92,8.0,1.0,1.0,1.0,1105.92,1105.92,1105.92
2021-05,NAVE_CATEGORIA,NAVE_014 | FILTROS,1585.96,52.0,4.0,4.0,2.0,396.49,324.24,775.36
2021-09,NAVE_CATEGORIA,NAVE_014 | FILTROS,387.39,24.0,2.0,1.0,1.0,193.695,193.695,242.12
2021-12,NAVE_CATEGORIA,NAVE_014 | FILTROS,557.42,22.0,2.0,2.0,1.0,278.71,278.71,393.5
2022-01,NAVE_CATEGORIA,NAVE_014 | FILTROS,78.7,2.0,1.0,1.0,1.0,78.7,78.7,78.7
2022-02,NAVE_CATEGORIA,NAVE_014 | FILTROS,2001.2299999999998,53.0,6.0,6.0,2.0,333.5383333333333,326.1,587.28
2022-03,NAVE_CATEGORIA,NAVE_014 | FILTROS,275.45,7.0,1.0,1.0,1.0,275.45,275.45,275.45
2022-08,NAVE_CATEGORIA,NAVE_014 | FILTROS,840.3399999999999,34.0,3.0,3.0,2.0,280.1133333333333,272.7,378.4
2023-02,NAVE_CATEGORIA,NAVE_014 | FILTROS,624.7,20.0,2.0,2.0,1.0,312.35,312.35,463.8
2023-05,NAVE_CATEGORIA,NAVE_014 | FILTROS,226.14,14.0,2.0,2.0,2.0,113.07,113.07,160.9
2023-06,NAVE_CATEGORIA,NAVE_014 | FILTROS,974.1,12.0,2.0,2.0,2.0,487.05,487.05,832.6
2023-09,NAVE_CATEGORIA,NAVE_014 | FILTROS,2752.29,72.0,5.0,5.0,1.0,550.458,494.45,1080.28
2023-10,NAVE_CATEGORIA,NAVE_014 | FILTROS,82.82,8.0,1.0,1.0,1.0,82.82,82.82,82.82
2023-11,NAVE_CATEGORIA,NAVE_014 | FILTROS,82.8,8.0,1.0,1.0,1.0,82.8,82.8,82.8
2025-05,NAVE_CATEGORIA,NAVE_014 | FILTROS,392.51,4.0,1.0,1.0,1.0,392.51,392.51,392.51
2025-06,NAVE_CATEGORIA,NAVE_014 | FILTROS,446.31,36.0,4.0,4.0,1.0,111.5775,91.77,256.48
2025-07,NAVE_CATEGORIA,NAVE_014 | FILTROS,191.05,1.0,1.0,1.0,1.0,191.05,191.05,191.05
2025-09,NAVE_CATEGORIA,NAVE_014 | FILTROS,714.61,114.0,3.0,3.0,1.0,238.20333333333335,320.14,343.37
2025-10,NAVE_CATEGORIA,NAVE_014 | FILTROS,545.28,56.0,3.0,3.0,1.0,181.76,182.89,196.22
2021-05,NAVE_CATEGORIA,NAVE_014 | QUIMICOS,29.490000000000002,5.0,2.0,2.0,1.0,14.745000000000001,14.745000000000001,16.86
2021-06,NAVE_CATEGORIA,NAVE_014 | QUIMICOS,91.96,5.0,1.0,1.0,1.0,91.96,91.96,91.96
2021-09,NAVE_CATEGORIA,NAVE_014 | QUIMICOS,20.79,3.0,1.0,1.0,1.0,20.79,20.79,20.79
2022-05,NAVE_CATEGORIA,NAVE_014 | QUIMICOS,33.53,8.0,2.0,2.0,1.0,16.765,16.765,22.75
2022-07,NAVE_CATEGORIA,NAVE_014 | QUIMICOS,15.0,5.0,1.0,1.0,1.0,15.0,15.0,15.0
2022-09,NAVE_CATEGORIA,NAVE_014 | QUIMICOS,52.26,7.0,2.0,2.0,1.0,26.13,26.13,36.5
2022-11,NAVE_CATEGORIA,NAVE_014 | QUIMICOS,50.12,6.0,2.0,2.0,1.0,25.06,25.06,25.29
2022-12,NAVE_CATEGORIA,NAVE_014 | QUIMICOS,1820.0,4.0,1.0,1.0,1.0,1820.0,1820.0,1820.0
2023-06,NAVE_CATEGORIA,NAVE_014 | QUIMICOS,3349.39,290.0,6.0,6.0,3.0,558.2316666666667,52.05,2275.0
2023-10,NAVE_CATEGORIA,NAVE_014 | QUIMICOS,54.9,6.0,2.0,2.0,1.0,27.45,27.45,28.5
2023-11,NAVE_CATEGORIA,NAVE_014 | QUIMICOS,54.9,6.0,2.0,2.0,1.0,27.45,27.45,28.5
2025-05,NAVE_CATEGORIA,NAVE_014 | QUIMICOS,42.73,5.0,1.0,1.0,1.0,42.73,42.73,42.73
2025-06,NAVE_CATEGORIA,NAVE_014 | QUIMICOS,42.73,1.0,1.0,1.0,1.0,42.73,42.73,42.73
2025-10,NAVE_CATEGORIA,NAVE_014 | QUIMICOS,80.31,7.0,2.0,2.0,1.0,40.155,40.155,42.72
2024-05,NAVE_CATEGORIA,NAVE_014 | REPUESTOS ELECTRICOS,57.6,20.0,1.0,1.0,1.0,57.6,57.6,57.6
2025-04,NAVE_CATEGORIA,NAVE_014 | REPUESTOS ELECTRICOS,199.0,1.0,1.0,1.0,1.0,199.0,199.0,199.0
2025-06,NAVE_CATEGORIA,NAVE_014 | REPUESTOS ELECTRICOS,372.62,47.0,4.0,4.0,1.0,93.155,85.195,158.23
2025-11,NAVE_CATEGORIA,NAVE_014 | REPUESTOS ELECTRICOS,185.0,1.0,1.0,1.0,1.0,185.0,185.0,185.0
2025-12,NAVE_CATEGORIA,NAVE_014 | REPUESTOS ELECTRICOS,1486.6299999999999,17.0,3.0,3.0,1.0,495.5433333333333,373.62,781.19
2021-01,NAVE_CATEGORIA,NAVE_014 | REPUESTOS MECANICOS,1770.8400000000001,16.0,2.0,2.0,2.0,885.4200000000001,885.4200000000001,1037.4
2021-02,NAVE_CATEGORIA,NAVE_014 | REPUESTOS MECANICOS,4047.09,151.0,57.0,56.0,1.0,71.00157894736843,28.82,963.28
2021-03,NAVE_CATEGORIA,NAVE_014 | REPUESTOS MECANICOS,1282.1100000000001,7.0,3.0,3.0,2.0,427.37000000000006,257.4,784.71
2021-04,NAVE_CATEGORIA,NAVE_014 | REPUESTOS MECANICOS,175.16,5.0,5.0,5.0,1.0,35.032,44.42,60.92
2021-05,NAVE_CATEGORIA,NAVE_014 | REPUESTOS MECANICOS,977.92,16.0,1.0,1.0,1.0,977.92,977.92,977.92
2021-06,NAVE_CATEGORIA,NAVE_014 | REPUESTOS MECANICOS,304.57,3.0,3.0,3.0,1.0,101.52333333333333,81.86,209.29
2021-07,NAVE_CATEGORIA,NAVE_014 | REPUESTOS MECANICOS,13.53,1.0,1.0,1.0,1.0,13.53,13.53,13.53
2021-09,NAVE_CATEGORIA,NAVE_014 | REPUESTOS MECANICOS,1273.3400000000001,3.0,3.0,3.0,2.0,424.4466666666667,491.07,553.57
2021-11,NAVE_CATEGORIA,NAVE_014 | REPUESTOS MECANICOS,7061.549999999999,14.0,7.0,7.0,3.0,1008.7928571428571,491.07,2953.82
2021-12,NAVE_CATEGORIA,NAVE_014 | REPUESTOS MECANICOS,1409.64,12.0,1.0,1.0,1.0,1409.64,1409.64,1409.64
2022-02,NAVE_CATEGORIA,NAVE_014 | REPUESTOS MECANICOS,1409.64,12.0,1.0,1.0,1.0,1409.64,1409.64,1409.64
2022-03,NAVE_CATEGORIA,NAVE_014 | REPUESTOS MECANICOS,4126.12,2.0,2.0,2.0,2.0,2063.06,2063.06,3489.5
2022-04,NAVE_CATEGORIA,NAVE_014 | REPUESTOS MECANICOS,2162.9300000000003,14.0,8.0,8.0,2.0,270.36625000000004,140.04,969.15
2022-05,NAVE_CATEGORIA,NAVE_014 | REPUESTOS MECANICOS,2312.54,4.0,2.0,2.0,2.0,1156.27,1156.27,2302.14
2022-06,NAVE_CATEGORIA,NAVE_014 | REPUESTOS MECANICOS,6.82,1.0,1.0,1.0,1.0,6.82,6.82,6.82
2022-08,NAVE_CATEGORIA,NAVE_014 | REPUESTOS MECANICOS,1733.72,14.0,2.0,2.0,2.0,866.86,866.86,1628.04
2022-09,NAVE_CATEGORIA,NAVE_014 | REPUESTOS MECANICOS,17.08,4.0,1.0,1.0,1.0,17.08,17.08,17.08
2022-11,NAVE_CATEGORIA,NAVE_014 | REPUESTOS MECANICOS,2657.34,2.0,1.0,1.0,1.0,2657.34,2657.34,2657.34
2023-01,NAVE_CATEGORIA,NAVE_014 | REPUESTOS MECANICOS,280.0,1.0,1.0,1.0,1.0,280.0,280.0,280.0
2023-02,NAVE_CATEGORIA,NAVE_014 | REPUESTOS MECANICOS,1598.19,11.0,2.0,2.0,2.0,799.095,799.095,1383.9
2023-04,NAVE_CATEGORIA,NAVE_014 | REPUESTOS MECANICOS,2015.72,29.0,4.0,4.0,2.0,503.93,444.65999999999997,1013.76
2023-05,NAVE_CATEGORIA,NAVE_014 | REPUESTOS MECANICOS,1546.22,16.0,2.0,2.0,2.0,773.11,773.11,1383.9
2023-06,NAVE_CATEGORIA,NAVE_014 | REPUESTOS MECANICOS,1807.2900000000002,10.0,6.0,6.0,4.0,301.21500000000003,138.11,981.23
2023-08,NAVE_CATEGORIA,NAVE_014 | REPUESTOS MECANICOS,1854.4,9.0,2.0,2.0,2.0,927.2,927.2,1254.4
2023-09,NAVE_CATEGORIA,NAVE_014 | REPUESTOS MECANICOS,6191.549999999999,49.0,4.0,4.0,3.0,1547.8874999999998,194.305,5794.48
2023-11,NAVE_CATEGORIA,NAVE_014 | REPUESTOS MECANICOS,633.86,2.0,1.0,1.0,1.0,633.86,633.86,633.86
2025-04,NAVE_CATEGORIA,NAVE_014 | REPUESTOS MECANICOS,663.77,3.0,2.0,2.0,1.0,331.885,331.885,358.47
2025-05,NAVE_CATEGORIA,NAVE_014 | REPUESTOS MECANICOS,8.75,1.0,1.0,1.0,1.0,8.75,8.75,8.75
2025-06,NAVE_CATEGORIA,NAVE_014 | REPUESTOS MECANICOS,157.53999999999996,29.0,15.0,15.0,1.0,10.502666666666665,3.34,42.75
2021-01,NAVE_CATEGORIA,NAVE_014 | SERVICIOS DE MANTENIMIENTO,650.0,2.0,2.0,2.0,2.0,325.0,325.0,400.0
2021-02,NAVE_CATEGORIA,NAVE_014 | SERVICIOS DE MANTENIMIENTO,3050.68,4.0,4.0,2.0,3.0,762.67,530.0,1750.0
2021-03,NAVE_CATEGORIA,NAVE_014 | SERVICIOS DE MANTENIMIENTO,681.0,2.0,2.0,1.0,2.0,340.5,340.5,561.0
2021-04,NAVE_CATEGORIA,NAVE_014 | SERVICIOS DE MANTENIMIENTO,2349.0,3.0,3.0,1.0,3.0,783.0,735.0,1235.0
2021-05,NAVE_CATEGORIA,NAVE_014 | SERVICIOS DE MANTENIMIENTO,4440.08,4.0,4.0,3.0,3.0,1110.02,771.49,2747.1
2021-06,NAVE_CATEGORIA,NAVE_014 | SERVICIOS DE MANTENIMIENTO,2550.0,2.0,2.0,1.0,2.0,1275.0,1275.0,2180.0
2021-07,NAVE_CATEGORIA,NAVE_014 | SERVICIOS DE MANTENIMIENTO,2409.15,4.0,4.0,2.0,4.0,602.2875,429.575,1400.0
2021-08,NAVE_CATEGORIA,NAVE_014 | SERVICIOS DE MANTENIMIENTO,2181.3599999999997,2.0,2.0,1.0,2.0,1090.6799999999998,1090.6799999999998,1411.36
2021-09,NAVE_CATEGORIA,NAVE_014 | SERVICIOS DE MANTENIMIENTO,10860.64,10.0,10.0,2.0,4.0,1086.0639999999999,323.5,2785.91
2021-10,NAVE_CATEGORIA,NAVE_014 | SERVICIOS DE MANTENIMIENTO,1520.0,1.0,1.0,1.0,1.0,1520.0,1520.0,1520.0
2021-11,NAVE_CATEGORIA,NAVE_014 | SERVICIOS DE MANTENIMIENTO,730.0,1.0,1.0,1.0,1.0,730.0,730.0,730.0
2021-12,NAVE_CATEGORIA,NAVE_014 | SERVICIOS DE MANTENIMIENTO,982.0,3.0,3.0,1.0,3.0,327.3333333333333,330.0,600.0
2022-01,NAVE_CATEGORIA,NAVE_014 | SERVICIOS DE MANTENIMIENTO,260.0,1.0,1.0,1.0,1.0,260.0,260.0,260.0
2022-02,NAVE_CATEGORIA,NAVE_014 | SERVICIOS DE MANTENIMIENTO,8135.73,5.0,5.0,2.0,2.0,1627.146,450.0,6500.0
2022-03,NAVE_CATEGORIA,NAVE_014 | SERVICIOS DE MANTENIMIENTO,2017.0,3.0,3.0,2.0,3.0,672.3333333333334,770.0,1200.0
2022-04,NAVE_CATEGORIA,NAVE_014 | SERVICIOS DE MANTENIMIENTO,1510.04,5.0,5.0,1.0,3.0,302.008,314.5,450.0
2022-05,NAVE_CATEGORIA,NAVE_014 | SERVICIOS DE MANTENIMIENTO,156.0,1.0,1.0,1.0,1.0,156.0,156.0,156.0
2022-06,NAVE_CATEGORIA,NAVE_014 | SERVICIOS DE MANTENIMIENTO,156.0,1.0,1.0,1.0,1.0,156.0,156.0,156.0
2022-08,NAVE_CATEGORIA,NAVE_014 | SERVICIOS DE MANTENIMIENTO,178.57,1.0,1.0,1.0,1.0,178.57,178.57,178.57
2022-09,NAVE_CATEGORIA,NAVE_014 | SERVICIOS DE MANTENIMIENTO,2745.8599999999997,4.0,4.0,1.0,1.0,686.4649999999999,686.4649999999999,922.93
2022-10,NAVE_CATEGORIA,NAVE_014 | SERVICIOS DE MANTENIMIENTO,500.0,1.0,1.0,1.0,1.0,500.0,500.0,500.0
2022-11,NAVE_CATEGORIA,NAVE_014 | SERVICIOS DE MANTENIMIENTO,9000.85,3.0,3.0,2.0,1.0,3000.2833333333333,3658.39,3658.39
2023-01,NAVE_CATEGORIA,NAVE_014 | SERVICIOS DE MANTENIMIENTO,1400.0,2.0,2.0,2.0,2.0,700.0,700.0,1200.0
2023-02,NAVE_CATEGORIA,NAVE_014 | SERVICIOS DE MANTENIMIENTO,650.0,1.0,1.0,1.0,1.0,650.0,650.0,650.0
2023-04,NAVE_CATEGORIA,NAVE_014 | SERVICIOS DE MANTENIMIENTO,500.0,1.0,1.0,1.0,1.0,500.0,500.0,500.0
2023-06,NAVE_CATEGORIA,NAVE_014 | SERVICIOS DE MANTENIMIENTO,35233.16,32.0,32.0,1.0,12.0,1101.03625,600.08,4121.75
2023-07,NAVE_CATEGORIA,NAVE_014 | SERVICIOS DE MANTENIMIENTO,5525.5,4.0,4.0,1.0,4.0,1381.375,1312.75,2500.0
2023-08,NAVE_CATEGORIA,NAVE_014 | SERVICIOS DE MANTENIMIENTO,824.0,2.0,2.0,1.0,2.0,412.0,412.0,500.0
2023-09,NAVE_CATEGORIA,NAVE_014 | SERVICIOS DE MANTENIMIENTO,4220.0599999999995,5.0,5.0,1.0,4.0,844.012,880.0,1810.06
2023-11,NAVE_CATEGORIA,NAVE_014 | SERVICIOS DE MANTENIMIENTO,1739.8,2.0,2.0,1.0,2.0,869.9,869.9,1664.8
2023-12,NAVE_CATEGORIA,NAVE_014 | SERVICIOS DE MANTENIMIENTO,1604.0,6.0,6.0,1.0,4.0,267.3333333333333,257.0,450.0
2024-01,NAVE_CATEGORIA,NAVE_014 | SERVICIOS DE MANTENIMIENTO,360.0,1.0,1.0,1.0,1.0,360.0,360.0,360.0
2024-02,NAVE_CATEGORIA,NAVE_014 | SERVICIOS DE MANTENIMIENTO,750.0,1.0,1.0,1.0,1.0,750.0,750.0,750.0
2024-03,NAVE_CATEGORIA,NAVE_014 | SERVICIOS DE MANTENIMIENTO,45.0,1.0,1.0,1.0,1.0,45.0,45.0,45.0
2024-04,NAVE_CATEGORIA,NAVE_014 | SERVICIOS DE MANTENIMIENTO,2820.0,4.0,4.0,1.0,4.0,705.0,700.0,950.0
2024-05,NAVE_CATEGORIA,NAVE_014 | SERVICIOS DE MANTENIMIENTO,150.0,1.0,1.0,1.0,1.0,150.0,150.0,150.0
2024-08,NAVE_CATEGORIA,NAVE_014 | SERVICIOS DE MANTENIMIENTO,842.05,2.0,2.0,1.0,2.0,421.025,421.025,638.05
2024-10,NAVE_CATEGORIA,NAVE_014 | SERVICIOS DE MANTENIMIENTO,5672.73,8.0,8.0,1.0,4.0,709.09125,800.0,1261.73
2024-11,NAVE_CATEGORIA,NAVE_014 | SERVICIOS DE MANTENIMIENTO,2187.17,6.0,6.0,1.0,5.0,364.52833333333336,332.5,650.0
2024-12,NAVE_CATEGORIA,NAVE_014 | SERVICIOS DE MANTENIMIENTO,462.7,2.0,2.0,1.0,2.0,231.35,231.35,430.0
2025-01,NAVE_CATEGORIA,NAVE_014 | SERVICIOS DE MANTENIMIENTO,2635.0,4.0,4.0,1.0,4.0,658.75,642.5,1000.0
2025-02,NAVE_CATEGORIA,NAVE_014 | SERVICIOS DE MANTENIMIENTO,1646.22,4.0,4.0,1.0,4.0,411.555,315.5,850.0
2025-03,NAVE_CATEGORIA,NAVE_014 | SERVICIOS DE MANTENIMIENTO,1468.0,1.0,1.0,1.0,1.0,1468.0,1468.0,1468.0
2025-05,NAVE_CATEGORIA,NAVE_014 | SERVICIOS DE MANTENIMIENTO,540.0,1.0,1.0,1.0,1.0,540.0,540.0,540.0
2025-06,NAVE_CATEGORIA,NAVE_014 | SERVICIOS DE MANTENIMIENTO,7736.38,9.0,9.0,1.0,4.0,859.5977777777778,550.0,2850.0
2025-07,NAVE_CATEGORIA,NAVE_014 | SERVICIOS DE MANTENIMIENTO,2205.0,9.0,2.0,2.0,2.0,1102.5,1102.5,1520.0
2025-08,NAVE_CATEGORIA,NAVE_014 | SERVICIOS DE MANTENIMIENTO,750.0,1.0,1.0,1.0,1.0,750.0,750.0,750.0
2025-09,NAVE_CATEGORIA,NAVE_014 | SERVICIOS DE MANTENIMIENTO,13008.06,10.0,4.0,2.0,3.0,3252.015,700.0,11589.0
2025-10,NAVE_CATEGORIA,NAVE_014 | SERVICIOS DE MANTENIMIENTO,695.47,6.0,2.0,2.0,2.0,347.735,347.735,625.9
2025-11,NAVE_CATEGORIA,NAVE_014 | SERVICIOS DE MANTENIMIENTO,888.0,2.0,2.0,1.0,2.0,444.0,444.0,600.0
2025-12,NAVE_CATEGORIA,NAVE_014 | SERVICIOS DE MANTENIMIENTO,410.0,2.0,2.0,1.0,2.0,205.0,205.0,360.0
