Mes,ItemAnonimo,ItemCode,CantidadMensual,CostoMensualUSD,PrecioUnitarioPonderado,NumeroMovimientos,NumeroNaves,IndicadorDemandaPositiva
2021-01,ITEM_0000,PS00006,27.0,53211.21,1746.7485185185185,27,10,1
2021-02,ITEM_0000,PS00006,56.0,49084.630000000005,876.5112500000001,56,11,1
2021-03,ITEM_0000,PS00006,52.0,77243.46,1481.8165384615386,52,9,1
2021-04,ITEM_0000,PS00006,87.0,146698.33000000002,1669.2624302068966,87,8,1
2021-05,ITEM_0000,PS00006,35.0,73395.75,2097.0214285714287,35,7,1
2021-06,ITEM_0000,PS00006,58.0,113005.59999999999,1948.3724137931033,58,7,1
2021-07,ITEM_0000,PS00006,72.0,97373.93,1352.4156944444444,72,9,1
2021-08,ITEM_0000,PS00006,67.0,61023.05,910.7917910447761,67,9,1
2021-09,ITEM_0000,PS00006,44.0,61252.59,1392.1043181818181,44,12,1
2021-10,ITEM_0000,PS00006,40.0,91032.11,2275.80275,40,10,1
2021-11,ITEM_0000,PS00006,57.0,132344.5,2304.938596491228,57,10,1
2021-12,ITEM_0000,PS00006,48.0,80727.87,1681.8306249999998,47,8,1
2022-01,ITEM_0000,PS00006,54.0,115955.34,2147.321111111111,47,8,1
2022-02,ITEM_0000,PS00006,41.0,74049.34,1806.081463414634,41,12,1
2022-03,ITEM_0000,PS00006,46.0,59670.60600000001,1297.1870869565219,46,11,1
2022-04,ITEM_0000,PS00006,47.0,94165.45,2003.5202127659575,47,11,1
2022-05,ITEM_0000,PS00006,60.0,173485.59,2875.9014925,58,8,1
2022-06,ITEM_0000,PS00006,43.0,92259.84,2062.9032558139534,43,9,1
2022-07,ITEM_0000,PS00006,46.0,210082.950007,4567.020652326087,45,9,1
2022-08,ITEM_0000,PS00006,38.0,101417.5348,2668.882494736842,38,9,1
2022-09,ITEM_0000,PS00006,37.0,64081.169995,1731.9235133783782,37,11,1
2022-10,ITEM_0000,PS00006,41.0,77489.259985,1889.9819508536584,41,9,1
2022-11,ITEM_0000,PS00006,48.0,123727.94,2577.6654165208333,48,9,1
2022-12,ITEM_0000,PS00006,33.0,35085.600000000006,1063.2000000000003,33,10,1
2023-01,ITEM_0000,PS00006,37.0,46257.84,1250.2118918378378,37,12,1
2023-02,ITEM_0000,PS00006,63.0,151041.36,2397.4819047619044,63,11,1
2023-03,ITEM_0000,PS00006,37.0,78169.76000000001,2112.696216162162,37,10,1
2023-04,ITEM_0000,PS00006,45.0,266883.92999999993,5930.753999999999,45,11,1
2023-05,ITEM_0000,PS00006,57.0,145387.75,2550.6622807017543,57,10,1
2023-06,ITEM_0000,PS00006,98.0,209548.348,2138.248449142857,98,11,1
2023-07,ITEM_0000,PS00006,54.0,141028.793329,2611.644320685186,54,11,1
2023-08,ITEM_0000,PS00006,89.0,194583.49,2186.3313483146067,88,13,1
2023-09,ITEM_0000,PS00006,92.0,227121.75999999998,2446.7256521739127,92,12,1
2023-10,ITEM_0000,PS00006,52.0,106144.56,2041.2415385576924,52,10,1
2023-11,ITEM_0000,PS00006,93.0,247848.40750000003,2585.6818010537636,93,12,1
2023-12,ITEM_0000,PS00006,84.0,556307.869988,6613.188898666666,84,11,1
2024-01,ITEM_0000,PS00006,67.0,61212.92,,36,10,1
2024-02,ITEM_0000,PS00006,69.0,254612.76,,64,13,1
2024-03,ITEM_0000,PS00006,70.0,136198.41999999998,,70,12,1
2024-04,ITEM_0000,PS00006,84.0,139221.93,,84,12,1
2024-05,ITEM_0000,PS00006,63.0,604845.55,,63,11,1
2024-06,ITEM_0000,PS00006,91.0,183896.96,,91,12,1
2024-07,ITEM_0000,PS00006,110.0,476340.49000000005,,110,12,1
2024-08,ITEM_0000,PS00006,128.0,899268.9500000001,,128,12,1
2024-09,ITEM_0000,PS00006,85.0,496643.42000000004,,85,10,1
2024-10,ITEM_0000,PS00006,90.0,433771.32,,90,12,1
2024-11,ITEM_0000,PS00006,62.0,100004.63,,62,13,1
2024-12,ITEM_0000,PS00006,55.0,89820.87000000001,,55,12,1
2025-01,ITEM_0000,PS00006,52.0,80211.52,,52,13,1
2025-02,ITEM_0000,PS00006,104.0,145541.03,,104,11,1
2025-03,ITEM_0000,PS00006,44.0,76026.03,,44,14,1
2025-04,ITEM_0000,PS00006,71.0,162312.21999999997,,71,11,1
2025-05,ITEM_0000,PS00006,86.0,169524.53,,86,14,1
2025-06,ITEM_0000,PS00006,210.0,549427.05,,210,14,1
2025-07,ITEM_0000,PS00006,135.0,1225365.2299999997,,135,12,1
2025-08,ITEM_0000,PS00006,183.0,265330.14,,183,12,1
2025-09,ITEM_0000,PS00006,83.0,75700.56,,83,13,1
2025-10,ITEM_0000,PS00006,13.0,9818.030000000002,,13,6,1
2025-11,ITEM_0000,PS00006,21.0,10549.35,,21,6,1
2025-12,ITEM_0000,PS00006,35.0,17143.989999999998,,35,6,1
2023-07,ITEM_0001,P008018,1.0,88800.0,80000.0,1,1,1
2023-09,ITEM_0001,P008018,1.0,11100.0,10000.0,1,1,1
2023-12,ITEM_0001,P008018,1.0,214063.5,192850.0,1,1,1
2021-01,ITEM_0002,PS00009,13.0,3445.63,265.04846153846154,13,4,1
2021-02,ITEM_0002,PS00009,9.0,1117.91,124.21222222222224,9,5,1
2021-03,ITEM_0002,PS00009,17.0,34164.520000000004,2009.6776470588238,17,2,1
2021-04,ITEM_0002,PS00009,14.0,4577.24,326.94571428571425,14,2,1
2021-05,ITEM_0002,PS00009,16.0,6443.650000000001,402.72812500000003,16,3,1
2021-06,ITEM_0002,PS00009,13.0,3655.6,281.2,13,4,1
2021-07,ITEM_0002,PS00009,18.0,4007.7900000000004,222.65500000000003,18,5,1
2021-08,ITEM_0002,PS00009,6.0,899.11,149.85166666666666,6,3,1
2021-09,ITEM_0002,PS00009,22.0,6765.06,307.50272727272727,22,5,1
2021-10,ITEM_0002,PS00009,9.0,2070.49,230.0544444444444,9,5,1
2021-11,ITEM_0002,PS00009,12.0,3271.1799999999994,272.5983333333333,12,4,1
2021-12,ITEM_0002,PS00009,14.0,4735.64,338.26000000000005,14,4,1
2022-01,ITEM_0002,PS00009,21.0,12055.479999999998,574.070476190476,21,4,1
2022-02,ITEM_0002,PS00009,25.0,10057.96,402.31839999999994,25,4,1
2022-03,ITEM_0002,PS00009,11.0,6441.04,585.5490909090909,11,3,1
2022-04,ITEM_0002,PS00009,22.0,43652.82,1984.219090909091,22,4,1
2022-05,ITEM_0002,PS00009,9.0,1429.72,158.85777777777778,9,5,1
2022-06,ITEM_0002,PS00009,20.0,4835.115,241.75574999999998,20,7,1
2022-07,ITEM_0002,PS00009,24.0,4940.6900000000005,205.86208333333335,24,6,1
2022-08,ITEM_0002,PS00009,17.0,4823.58,283.74,17,4,1
2022-09,ITEM_0002,PS00009,7.0,534.6,76.37142857142858,7,2,1
2022-10,ITEM_0002,PS00009,13.0,4879.610000000001,375.35461538461544,13,6,1
2022-11,ITEM_0002,PS00009,57.0,39458.1,692.2473684210526,57,5,1
2022-12,ITEM_0002,PS00009,15.0,4087.72,272.51466666666664,14,3,1
2023-01,ITEM_0002,PS00009,10.0,1756.89,175.68900000000002,10,4,1
2023-02,ITEM_0002,PS00009,17.0,4071.3700000000003,239.49235294117648,17,4,1
2023-03,ITEM_0002,PS00009,25.0,7093.719999999999,283.74879999999996,25,4,1
2023-04,ITEM_0002,PS00009,18.0,4705.76,261.43111111111114,18,5,1
2023-05,ITEM_0002,PS00009,33.0,21666.01,656.5457575757575,33,5,1
2023-06,ITEM_0002,PS00009,11.0,845.19,76.83545454545455,11,6,1
2023-07,ITEM_0002,PS00009,34.0,21924.58,644.8405882352941,34,6,1
2023-08,ITEM_0002,PS00009,31.0,37428.59999999999,1207.3741935483868,31,4,1
2023-09,ITEM_0002,PS00009,37.0,14663.759999999998,396.31783783783777,37,7,1
2023-10,ITEM_0002,PS00009,18.0,152401.34999999998,8466.741666666665,18,5,1
2023-11,ITEM_0002,PS00009,17.0,28002.850000000002,1647.2264705882353,17,7,1
2023-12,ITEM_0002,PS00009,10.0,210654.11,19522.610999999997,10,4,1
2023-02,ITEM_0003,P007099,1.0,205742.5,199750.0,1,1,1
2023-02,ITEM_0004,P005870,1.0,110827.0,110827.0,1,1,1
2023-08,ITEM_0004,P005870,1.0,110827.0,110827.0,1,1,1
2024-05,ITEM_0005,303239,1.0,106292.58,,1,1,1
2023-11,ITEM_0007,P008187,56.0,148805.75,2437.84,2,2,1
2023-11,ITEM_0008,P008178,4.0,84265.59,19326.97,1,1,1
2021-02,ITEM_0009,PS00012,2.0,5612.0,2806.0,2,2,1
2021-03,ITEM_0009,PS00012,5.0,9685.5,1937.1,5,2,1
2021-04,ITEM_0009,PS00012,12.0,16420.690000000002,1368.3908333333336,12,5,1
2021-05,ITEM_0009,PS00012,1.0,300.0,300.0,1,1,1
2021-06,ITEM_0009,PS00012,4.0,3181.86,795.465,4,3,1
2021-07,ITEM_0009,PS00012,1.0,563.0,563.0,1,1,1
2021-08,ITEM_0009,PS00012,3.0,9690.0,3230.0,3,2,1
2021-09,ITEM_0009,PS00012,4.0,4352.64,1088.16,4,2,1
2021-10,ITEM_0009,PS00012,4.0,24702.480000000003,6175.620000000001,4,3,1
2021-12,ITEM_0009,PS00012,1.0,790.0,790.0,1,1,1
2022-01,ITEM_0009,PS00012,2.0,66567.06999999999,33283.534999999996,2,2,1
2022-02,ITEM_0009,PS00012,4.0,1853.73,463.4325,4,2,1
2022-03,ITEM_0009,PS00012,3.0,1734.88,578.2933333333334,3,2,1
2022-04,ITEM_0009,PS00012,3.0,1909.59,636.53,3,1,1
2022-07,ITEM_0009,PS00012,7.0,146066.88999999998,20866.69857142857,7,3,1
2022-08,ITEM_0009,PS00012,2.0,3585.0,1792.5,2,1,1
2022-09,ITEM_0009,PS00012,2.0,1560.0,780.0,2,2,1
2022-10,ITEM_0009,PS00012,4.0,1840.0,460.0,4,2,1
2022-11,ITEM_0009,PS00012,3.0,10623.689999999999,3541.2299999999996,3,2,1
2022-12,ITEM_0009,PS00012,8.0,3834.23,479.27875,3,2,1
2023-01,ITEM_0009,PS00012,8.0,5527.4,690.925,8,4,1
2023-02,ITEM_0009,PS00012,4.0,9391.47,2347.8675,4,3,1
2023-03,ITEM_0009,PS00012,3.0,18190.9,6063.633333333334,3,3,1
2023-04,ITEM_0009,PS00012,2.0,16761.39,8380.69502,2,2,1
2023-05,ITEM_0009,PS00012,3.0,1279.58,426.52666666666664,3,2,1
2023-06,ITEM_0009,PS00012,3.0,17310.78,5770.259999999999,3,3,1
2023-08,ITEM_0009,PS00012,2.0,3087.0,1543.5,2,1,1
2023-09,ITEM_0009,PS00012,2.0,25440.32,12720.159996,2,1,1
2023-11,ITEM_0009,PS00012,2.0,162252.39,74427.7,2,2,1
2023-12,ITEM_0009,PS00012,1.0,219.0,219.0,1,1,1
2023-11,ITEM_0010,P008190,56.0,142042.65,2327.042214285714,2,2,1
2021-08,ITEM_0012,P004909,9.0,128344.0,13150.0,3,1,1
2023-11,ITEM_0013,P006617,1.0,49040.0,49040.0,1,1,1
2023-09,ITEM_0015,P007848,2.0,48580.71,22082.14,1,1,1
2023-07,ITEM_0016,P007262,2.0,42993.3,20473.0,1,1,1
2023-07,ITEM_0017,P007958,1.0,42250.0,42250.00008,1,1,1
2023-11,ITEM_0018,P008224,4.0,38955.03,8934.64,1,1,1
2022-12,ITEM_0020,P004408,1.0,38686.8,37560.0,1,1,1
2023-09,ITEM_0021,P007865,1.0,35500.0,35500.0,1,1,1
2021-06,ITEM_0022,P005266,2.0,29.66,14.83,1,1,1
2021-07,ITEM_0022,P005266,2.0,29.66,14.83,1,1,1
2021-09,ITEM_0022,P005266,1.0,34700.0,34700.0,1,1,1
2022-07,ITEM_0022,P005266,2.0,36.14,18.07,1,1,1
2023-03,ITEM_0022,P005266,2.0,36.86,18.43,1,1,1
2023-12,ITEM_0022,P005266,3.0,55.29,18.43,1,1,1
2024-07,ITEM_0023,302578,10.0,32770.15,,1,1,1
2025-07,ITEM_0023,302578,12.0,324.53,,1,1,1
2023-05,ITEM_0025,P007912,4.0,2225.04,556.26,1,1,1
2023-11,ITEM_0025,P007912,56.0,43706.990000000005,716.0385714285713,2,2,1
2023-03,ITEM_0026,P007293,12.0,24502.92,2041.91,1,1,1
2023-05,ITEM_0026,P007293,12.0,24502.92,2041.91,1,1,1
2021-04,ITEM_0027,P005327,50.0,245.07,4.9014,2,2,1
2021-12,ITEM_0027,P005327,90.0,24471.0,271.9,1,1,1
2023-05,ITEM_0027,P005327,12.0,105.0,8.75,1,1,1
2023-11,ITEM_0028,P008188,32.0,24427.16,700.32,1,1,1
2024-10,ITEM_0029,302817,4.0,22058.54,,1,1,1
2021-04,ITEM_0030,P005147,1.0,21861.88,21861.88,1,1,1
2023-11,ITEM_0032,P008228,24.0,21639.03,827.18,1,1,1
2021-01,ITEM_0033,P004603,1.0,20905.8,20905.8,1,1,1
2025-06,ITEM_0034,306132,2.0,19962.0,,1,1,1
2025-08,ITEM_0035,306725,2.0,39174.29,,2,1,1
2023-07,ITEM_0037,P007269,12.0,18736.2,1487.0,1,1,1
2023-05,ITEM_0038,P005871,7.0,18550.0,2650.0,1,1,1
2021-10,ITEM_0039,P005282,6.0,32190.0,5365.0,2,1,1
2023-06,ITEM_0040,P007706,12.0,18080.85,1369.761667,1,1,1
2023-04,ITEM_0042,P007375,1.0,17370.41,17370.41,1,1,1
2023-06,ITEM_0043,P007703,12.0,17315.25,1311.761667,1,1,1
2022-11,ITEM_0044,P003175,7.0,17047.03,2435.29,1,1,1
2021-08,ITEM_0047,P004908,4.0,30222.0,6900.0,2,1,1
2021-03,ITEM_0049,PS00013,1.0,24.0,24.0,1,1,1
2021-04,ITEM_0049,PS00013,2.0,998.07,499.035,2,2,1
2021-07,ITEM_0049,PS00013,4.0,9897.23,2474.3075,4,1,1
2021-09,ITEM_0049,PS00013,5.0,3813.87,762.774,5,2,1
2021-10,ITEM_0049,PS00013,1.0,985.6,985.6,1,1,1
2021-11,ITEM_0049,PS00013,15.0,17796.359999999997,1186.4239999999998,15,3,1
2021-12,ITEM_0049,PS00013,3.0,2556.0,852.0,3,2,1
2022-01,ITEM_0049,PS00013,1.0,225.28,225.28,1,1,1
2022-02,ITEM_0049,PS00013,2.0,1941.0,970.5,2,1,1
2022-03,ITEM_0049,PS00013,7.0,2016.6999999999998,288.09999999999997,7,3,1
2022-04,ITEM_0049,PS00013,3.0,663.5,221.16666666666666,3,2,1
2022-06,ITEM_0049,PS00013,1.0,1200.0,1200.0,1,1,1
2022-07,ITEM_0049,PS00013,7.0,7223.740000000001,1031.9628571428573,7,2,1
2022-09,ITEM_0049,PS00013,1.0,93.999999,93.999999,1,1,1
2022-10,ITEM_0049,PS00013,1.0,1632.0,1632.0,1,1,1
2022-11,ITEM_0049,PS00013,1.0,7992.5,7992.5,1,1,1
2022-12,ITEM_0049,PS00013,1.0,64.0,64.0,1,1,1
2023-01,ITEM_0049,PS00013,2.0,3126.0,1563.0,2,2,1
2023-03,ITEM_0049,PS00013,2.0,16850.0,8425.0,2,1,1
2023-04,ITEM_0049,PS00013,1.0,1710.0,1710.0,1,1,1
2023-05,ITEM_0049,PS00013,1.0,3110.41,3110.41,1,1,1
2023-06,ITEM_0049,PS00013,5.0,15486.220000000001,3097.244,5,2,1
2023-07,ITEM_0049,PS00013,3.0,4071.3,1357.1000000000001,3,3,1
2023-08,ITEM_0049,PS00013,6.0,7708.13,1284.6883333333333,6,3,1
2023-09,ITEM_0049,PS00013,8.0,24769.189993,3096.148749125,8,3,1
2023-10,ITEM_0049,PS00013,8.0,16878.650013,2109.831251625,8,2,1
2023-11,ITEM_0049,PS00013,6.0,12242.14,2040.3566666666666,6,4,1
2023-12,ITEM_0049,PS00013,5.0,18220.0,3644.0,5,3,1
2025-05,ITEM_0050,305531,2.0,15180.0,,1,1,1
2023-01,ITEM_0053,P005866,10.0,14926.5,1492.65,1,1,1
2023-11,ITEM_0055,P006619,1.0,14600.0,14600.0,1,1,1
2021-09,ITEM_0058,P000346,6.0,14370.0,2395.0,1,1,1
2023-04,ITEM_0059,P007360,1.0,14051.0,14051.0,1,1,1
2021-01,ITEM_0061,P005458,2.0,13800.0,6900.0,1,1,1
2022-06,ITEM_0061,P005458,2.0,13800.0,6900.0,1,1,1
2021-07,ITEM_0062,P003602,1.0,13500.0,13500.0,1,1,1
2025-08,ITEM_0063,306222,6.0,13446.8,,1,1,1
2025-02,ITEM_0064,304763,2.0,13320.27,,1,1,1
2025-03,ITEM_0064,304763,2.0,13320.27,,1,1,1
2025-05,ITEM_0065,400074,8.0,785.01,,2,2,1
2025-07,ITEM_0065,400074,8.0,13250.0,,1,1,1
2025-08,ITEM_0065,400074,2.0,59.92,,1,1,1
2025-08,ITEM_0067,305579,7.0,12991.84,,1,1,1
2021-04,ITEM_0068,PS00008,1.0,770.0,770.0,1,1,1
2021-05,ITEM_0068,PS00008,1.0,7191.64,7191.64,1,1,1
2021-06,ITEM_0068,PS00008,1.0,1015.0,1015.0,1,1,1
2021-09,ITEM_0068,PS00008,1.0,1236.89,1236.89,1,1,1
2021-11,ITEM_0068,PS00008,1.0,800.0,800.0,1,1,1
2022-05,ITEM_0068,PS00008,1.0,1050.0,1050.0,1,1,1
2023-04,ITEM_0068,PS00008,1.0,2063.0,2063.0,1,1,1
2023-07,ITEM_0068,PS00008,1.0,12600.0,12600.0,1,1,1
2023-09,ITEM_0068,PS00008,2.0,9444.96,4722.48,2,2,1
2021-02,ITEM_0069,P001930,10.0,20540.525,2054.0525,2,2,1
2021-04,ITEM_0069,P001930,4.0,8123.035,2030.75875,2,1,1
2022-04,ITEM_0069,P001930,2.0,3730.32,1865.16,1,1,1
2021-01,ITEM_0070,P005460,2.0,12200.0,6100.0,1,1,1
2024-01,ITEM_0071,303199,6.0,12165.06,,1,1,1
2021-03,ITEM_0074,P004652,11.0,1320.0,120.0,5,5,1
2021-11,ITEM_0074,P004652,10.0,1200.0,120.0,3,3,1
2023-08,ITEM_0074,P004652,15.0,1800.0,120.0,3,3,1
2025-09,ITEM_0074,P004652,7.0,11589.0,,1,1,1
2025-11,ITEM_0074,P004652,4.0,1615.7,,1,1,1
2023-04,ITEM_0075,P005906,1.0,11400.0,11400.0,1,1,1
2022-11,ITEM_0076,P003809,6.0,11223.54,1870.59,1,1,1
2023-07,ITEM_0076,P003809,1.0,152.047,142.1,1,1,1
2023-10,ITEM_0076,P003809,1.0,159.15,159.15,1,1,1
2023-11,ITEM_0076,P003809,1.0,39.25,39.25,1,1,1
2024-06,ITEM_0077,304444,10.0,11211.74,,1,1,1
2024-06,ITEM_0078,302541,4.0,11116.87,,1,1,1
2023-07,ITEM_0081,P007263,2.0,10976.7,5227.0,1,1,1
2021-03,ITEM_0082,P002507,6.0,10635.0,1772.5,1,1,1
2023-02,ITEM_0082,P002507,12.0,350.43,29.2025,1,1,1
2023-05,ITEM_0082,P002507,20.0,82.0,4.1,1,1,1
2023-08,ITEM_0082,P002507,20.0,190.0,9.5,1,1,1
2021-02,ITEM_0083,P002382,6.0,259.08,43.18,1,1,1
2021-06,ITEM_0083,P002382,2.0,932.93333,466.466665,1,1,1
2022-08,ITEM_0083,P002382,8.0,4803.28,600.41,1,1,1
2022-09,ITEM_0083,P002382,2.0,1219.7,609.85,1,1,1
2022-10,ITEM_0083,P002382,17.0,10376.8,610.4,1,1,1
2022-11,ITEM_0083,P002382,11.0,6704.43998,609.4945434545455,2,2,1
2023-01,ITEM_0083,P002382,4.0,2441.6,610.4,1,1,1
2023-03,ITEM_0083,P002382,7.0,4272.8,610.4,1,1,1
2023-05,ITEM_0083,P002382,6.0,3662.4,610.4,1,1,1
2023-07,ITEM_0083,P002382,6.0,3662.4,610.4,2,2,1
2023-08,ITEM_0083,P002382,2.0,1225.6,612.8,1,1,1
2023-09,ITEM_0083,P002382,22.0,13418.0,609.9090909090909,2,2,1
2023-10,ITEM_0083,P002382,4.0,2200.0,550.0,1,1,1
2025-07,ITEM_0084,306777,1.0,10000.0,,1,1,1
2024-07,ITEM_0085,304570,54.0,9985.68,,1,1,1
2023-03,ITEM_0086,P005905,1.0,9900.0,9900.0,1,1,1
2024-05,ITEM_0087,303242,1.0,9879.16,,1,1,1
2022-01,ITEM_0088,P002875,2.0,9700.0,4850.0,1,1,1
2023-03,ITEM_0088,P002875,1.0,5100.0,5100.0,1,1,1
2023-03,ITEM_0089,P007292,12.0,9610.2,800.85,1,1,1
2023-05,ITEM_0089,P007292,12.0,9610.2,800.85,1,1,1
2022-11,ITEM_0090,P006691,6.0,9600.0,1600.0,1,1,1
2021-09,ITEM_0092,P003977,7.0,4350.57,621.51,1,1,1
2021-12,ITEM_0092,P003977,8.0,5170.24,646.28,2,2,1
2022-02,ITEM_0092,P003977,13.0,8787.36,675.9507692307691,3,3,1
2022-04,ITEM_0092,P003977,3.0,2017.63,672.544,1,1,1
2022-08,ITEM_0092,P003977,19.0,13761.309999999998,724.2794736842104,4,4,1
2023-07,ITEM_0092,P003977,12.0,9457.44,788.12,1,1,1
2023-09,ITEM_0092,P003977,4.0,3176.76,794.189509,1,1,1
2022-03,ITEM_0093,P005335,2.0,9400.0,4700.0,1,1,1
2023-04,ITEM_0094,P007378,1.0,9338.34,9338.34,1,1,1
2021-03,ITEM_0095,P004424,4.0,1695.8,423.95,1,1,1
2021-06,ITEM_0095,P004424,2.0,9295.574284,4647.787142,1,1,1
2021-07,ITEM_0095,P004424,6.0,2543.7,423.95,1,1,1
2021-11,ITEM_0095,P004424,12.0,5087.4,423.95,2,1,1
2022-07,ITEM_0095,P004424,3.0,1271.85,423.95,1,1,1
2023-04,ITEM_0095,P004424,6.0,2670.9,445.1499999999999,1,1,1
2022-01,ITEM_0096,P005334,2.0,9200.0,4600.0,1,1,1
2022-05,ITEM_0097,P005300,20.0,3800.0,190.0,1,1,1
2023-05,ITEM_0097,P005300,48.0,9120.0,190.0,1,1,1
2023-08,ITEM_0097,P005300,54.0,8014.14,148.41,1,1,1
2022-01,ITEM_0098,P005338,4.0,9008.0,2252.0,1,1,1
2024-07,ITEM_0099,304284,12.0,43.76,,1,1,1
2025-07,ITEM_0099,304284,20.0,8802.76,,1,1,1
2023-09,ITEM_0100,P006349,4.0,8736.0,2184.0,1,1,1
2024-05,ITEM_0101,302842,1.0,8725.38,,1,1,1
2024-04,ITEM_0102,400101,220.0,17148.89,,2,1,1
2024-08,ITEM_0102,400101,80.0,6557.18,,2,1,1
2025-05,ITEM_0103,305532,2.0,8580.0,,1,1,1
2021-01,ITEM_0105,P003936,20.0,7334.4,350.022,3,1,1
2021-07,ITEM_0105,P003936,28.0,11881.6893,409.19068928571426,3,1,1
2022-06,ITEM_0106,P004819,3.0,8441.55,2535.0,1,1,1
2024-05,ITEM_0107,303241,1.0,8398.53,,1,1,1
2023-06,ITEM_0108,P007707,8.0,8378.85,952.1425,1,1,1
2022-11,ITEM_0109,P006680,1.0,8223.53,8223.53,1,1,1
2025-01,ITEM_0110,305339,1.0,8217.0,,1,1,1
2022-03,ITEM_0112,P006444,6.0,490.5,81.75,1,1,1
2022-11,ITEM_0112,P006444,8.0,892.08,111.51,1,1,1
2023-09,ITEM_0112,P006444,5.0,580.0,116.0,1,1,1
2023-10,ITEM_0112,P006444,1.0,7980.0,7980.0,1,1,1
2025-11,ITEM_0113,307025,1.0,7963.83,,1,1,1
2021-07,ITEM_0114,P003604,1.0,7950.0,7950.0,1,1,1
2023-11,ITEM_0116,P006618,1.0,7860.0,7860.0,1,1,1
2021-01,ITEM_0118,P005459,2.0,7800.0,3900.0,1,1,1
2022-06,ITEM_0118,P005459,2.0,7800.0,3900.0,1,1,1
2024-06,ITEM_0119,302542,14.0,7687.5,,1,1,1
2022-06,ITEM_0120,P005534,1.0,7644.0,7644.0,1,1,1
2023-05,ITEM_0122,P005966,2.0,7578.78,3789.39,1,1,1
2021-05,ITEM_0123,P004264,1.0,7541.42,7541.42,1,1,1
2021-02,ITEM_0124,PS00001,1.0,620.0,620.0,1,1,1
2021-03,ITEM_0124,PS00001,10.0,6160.0,616.0,10,7,1
2021-04,ITEM_0124,PS00001,10.0,4963.4400000000005,496.34400000000005,10,4,1
2021-05,ITEM_0124,PS00001,5.0,4260.08,852.016,5,3,1
2021-06,ITEM_0124,PS00001,6.0,7992.96,1332.16,6,4,1
2021-07,ITEM_0124,PS00001,8.0,4678.610000000001,584.8262500000001,8,4,1
2021-08,ITEM_0124,PS00001,17.0,20208.260000000002,1188.7211764705883,17,6,1
2021-09,ITEM_0124,PS00001,2.0,3960.0,1980.0,2,2,1
2021-10,ITEM_0124,PS00001,6.0,3751.87,625.3116666666666,6,3,1
2021-11,ITEM_0124,PS00001,1.0,240.0,240.0,1,1,1
2021-12,ITEM_0124,PS00001,2.0,2222.0,1111.0,2,2,1
2022-02,ITEM_0124,PS00001,4.0,1590.0,397.5,4,2,1
2022-03,ITEM_0124,PS00001,20.0,20691.03,1034.5515,20,9,1
2022-04,ITEM_0124,PS00001,12.0,5914.05,492.83750000000003,12,6,1
2022-05,ITEM_0124,PS00001,8.0,5750.0,718.75,8,5,1
2022-06,ITEM_0124,PS00001,7.0,14918.0,2131.1428571428573,7,5,1
2022-07,ITEM_0124,PS00001,14.0,10959.970000000001,782.8550000000001,14,4,1
2023-02,ITEM_0124,PS00001,1.0,650.0,650.0,1,1,1
2023-05,ITEM_0124,PS00001,1.0,300.0,300.0,1,1,1
2023-06,ITEM_0124,PS00001,3.0,3350.0,1116.6666666666667,3,2,1
2023-08,ITEM_0124,PS00001,1.0,450.0,450.0,1,1,1
2023-09,ITEM_0124,PS00001,7.0,6070.800004,867.2571434285713,7,3,1
2023-10,ITEM_0124,PS00001,99.0,19260.419998,194.54969694949497,42,3,1
2023-11,ITEM_0124,PS00001,3.0,6782.0,2260.6666666666665,3,1,1
2023-12,ITEM_0124,PS00001,3.0,545.0,181.66666666666666,3,3,1
2021-04,ITEM_0128,P005141,1.0,7387.36,7387.36,1,1,1
2021-04,ITEM_0132,P002380,13.0,462.67,35.59,1,1,1
2021-05,ITEM_0132,P002380,2.0,94.78,47.39,1,1,1
2021-10,ITEM_0132,P002380,4.0,142.36,35.59,1,1,1
2022-02,ITEM_0132,P002380,7.0,270.07,38.58142857142858,3,3,1
2022-05,ITEM_0132,P002380,5.0,238.95,47.79,2,2,1
2023-02,ITEM_0132,P002380,5.0,299.15,59.83,1,1,1
2023-06,ITEM_0132,P002380,5.0,299.15,59.83,1,1,1
2025-01,ITEM_0132,P002380,3.0,1732.59,,1,1,1
2025-02,ITEM_0132,P002380,2.0,1152.68,,2,2,1
2025-03,ITEM_0132,P002380,2.0,1172.15,,2,2,1
2025-05,ITEM_0132,P002380,4.0,2305.86,,2,2,1
2025-06,ITEM_0132,P002380,5.0,1826.5900000000001,,3,3,1
2025-07,ITEM_0132,P002380,10.0,5985.299999999999,,2,1,1
2025-09,ITEM_0132,P002380,5.0,8879.019999999999,,3,3,1
2023-08,ITEM_0134,P002842,16.0,9772.14,610.75875,2,1,1
2024-07,ITEM_0138,302625,2.0,7034.81,,1,1,1
2024-04,ITEM_0141,304288,20.0,112.0,,1,1,1
2024-08,ITEM_0141,304288,20.0,154.0,,1,1,1
2025-06,ITEM_0141,304288,2.0,6669.06,,1,1,1
2023-11,ITEM_0142,P008184,2.0,6651.38,3051.09,1,1,1
2025-08,ITEM_0146,306694,1.0,6431.19,,1,1,1
2021-04,ITEM_0147,P005140,1.0,6377.46,6377.46,1,1,1
2024-07,ITEM_0148,302504,2.0,6352.5,,1,1,1
2021-05,ITEM_0149,P005264,1.0,554.54,554.54,1,1,1
2021-07,ITEM_0149,P005264,2.0,1109.08,554.54,1,1,1
2021-09,ITEM_0149,P005264,8.0,6320.0,790.0,1,1,1
2022-06,ITEM_0149,P005264,2.0,1352.0,676.0,1,1,1
2023-01,ITEM_0149,P005264,2.0,1352.02,676.01,1,1,1
2023-03,ITEM_0149,P005264,2.0,1379.06,689.53,1,1,1
2023-04,ITEM_0149,P005264,1.0,3795.77,3795.77,1,1,1
2023-12,ITEM_0149,P005264,3.0,2068.59,689.5300000000001,1,1,1
2023-04,ITEM_0150,P007404,1.0,6319.11,6319.11,1,1,1
2024-02,ITEM_0151,303991,5.0,6300.0,,1,1,1
2024-04,ITEM_0151,303991,1.0,24.0,,1,1,1
2023-11,ITEM_0153,P008241,2.0,6271.42,2876.8,1,1,1
2023-07,ITEM_0154,P007951,1.0,6211.7,5647.0,1,1,1
2023-11,ITEM_0155,P008227,2.0,6201.95,2844.93,1,1,1
2024-07,ITEM_0156,400045,4.0,1199.17,,1,1,1
2024-09,ITEM_0156,400045,11.0,3558.3399999999997,,2,2,1
2024-10,ITEM_0156,400045,6.0,8336.01,,3,2,1
2024-12,ITEM_0156,400045,4.0,2395.45,,2,2,1
2025-01,ITEM_0156,400045,10.0,5956.889999999999,,4,3,1
2025-02,ITEM_0156,400045,10.0,5920.319999999999,,3,3,1
2025-03,ITEM_0156,400045,6.0,3628.72,,3,3,1
2025-04,ITEM_0156,400045,15.0,9189.05,,3,3,1
2025-05,ITEM_0156,400045,2.0,1235.46,,2,2,1
2025-06,ITEM_0156,400045,14.0,8661.15,,4,3,1
2025-07,ITEM_0156,400045,11.0,6817.83,,3,2,1
2025-08,ITEM_0156,400045,2.0,1239.6,,2,2,1
2025-09,ITEM_0156,400045,4.0,2461.02,,2,2,1
2024-09,ITEM_0157,303174,1.0,6160.8,,1,1,1
2021-02,ITEM_0158,P002941,5.0,2925.0,585.0,1,1,1
2021-04,ITEM_0158,P002941,8.0,4680.0,585.0,1,1,1
2021-07,ITEM_0158,P002941,4.0,2348.8,587.2,1,1,1
2021-09,ITEM_0158,P002941,8.0,5417.2,677.15,1,1,1
2022-01,ITEM_0158,P002941,5.0,3369.45,673.89,1,1,1
2022-07,ITEM_0158,P002941,6.0,4610.410002,768.401667,1,1,1
2022-12,ITEM_0158,P002941,6.0,4614.84,769.1400010000001,1,1,1
2023-02,ITEM_0158,P002941,8.0,6135.519985,766.939998,1,1,1
2023-08,ITEM_0158,P002941,4.0,3076.46,769.115,1,1,1
2025-03,ITEM_0158,P002941,2.0,1446.06,,1,1,1
2025-05,ITEM_0158,P002941,4.0,2892.13,,1,1,1
2025-09,ITEM_0158,P002941,5.0,3496.55,,1,1,1
2024-09,ITEM_0160,400018,12.0,8488.7,,2,1,1
2021-05,ITEM_0161,P003588,12.0,6096.0,508.0,1,1,1
2024-09,ITEM_0166,304800,1.0,5979.0,,1,1,1
2022-11,ITEM_0167,P003795,6.0,5978.82,996.4699999999999,1,1,1
2023-07,ITEM_0168,P007264,2.0,5951.4,2834.0,1,1,1
2022-09,ITEM_0169,P005685,12.0,5920.92,493.41,1,1,1
2023-04,ITEM_0170,P003211,6.0,5915.28,985.88,1,1,1
2023-05,ITEM_0171,P005967,2.0,5895.0,2947.5,1,1,1
2025-06,ITEM_0172,306133,3.0,5875.2,,1,1,1
2025-04,ITEM_0173,303075,2.0,5851.21,,1,1,1
2021-01,ITEM_0174,P004494,12.0,733.44,61.12,1,1,1
2021-02,ITEM_0174,P004494,12.0,733.44,61.12,1,1,1
2021-05,ITEM_0174,P004494,16.0,977.92,61.12,1,1,1
2021-10,ITEM_0174,P004494,12.0,1348.92,112.41000000000001,1,1,1
2021-12,ITEM_0174,P004494,12.0,1409.64,117.46999999999998,1,1,1
2022-02,ITEM_0174,P004494,24.0,2819.28,117.46999999999998,2,2,1
2022-08,ITEM_0174,P004494,12.0,1628.04,135.67,1,1,1
2023-02,ITEM_0174,P004494,10.0,1383.9,138.39,1,1,1
2023-05,ITEM_0174,P004494,10.0,1383.9,138.39,1,1,1
2023-09,ITEM_0174,P004494,45.0,5794.48,119.22799999999998,1,1,1
2025-06,ITEM_0174,P004494,4.0,555.07,,1,1,1
2025-12,ITEM_0174,P004494,8.0,182.89,,1,1,1
2023-09,ITEM_0178,P007851,2.0,5707.11,2594.14,1,1,1
2022-01,ITEM_0179,P002876,2.0,5700.0,2850.0,1,1,1
2023-03,ITEM_0179,P002876,1.0,2990.0,2990.0,1,1,1
2025-09,ITEM_0180,304610,1.0,5685.38,,1,1,1
2021-02,ITEM_0181,P000088,15.0,40.0,2.6666666666666665,2,2,1
2021-03,ITEM_0181,P000088,3.0,9.0,3.0,1,1,1
2021-04,ITEM_0181,P000088,5.0,10.0,2.0,1,1,1
2021-05,ITEM_0181,P000088,8.0,19.78,2.4725,2,2,1
2021-06,ITEM_0181,P000088,15.0,54.75,3.65,2,2,1
2021-10,ITEM_0181,P000088,5.0,23.0,4.6,1,1,1
2022-01,ITEM_0181,P000088,29.0,131.84,4.546206896551724,5,5,1
2022-03,ITEM_0181,P000088,8.0,34.0,4.25,1,1,1
2022-05,ITEM_0181,P000088,5.0,10.78,2.156,1,1,1
2022-07,ITEM_0181,P000088,5.0,15.0,3.0,1,1,1
2022-12,ITEM_0181,P000088,10.0,30.0,3.0,1,1,1
2023-02,ITEM_0181,P000088,235.0,696.8,2.9651060425531917,3,2,1
2023-03,ITEM_0181,P000088,5.0,25.0,5.0,1,1,1
2023-04,ITEM_0181,P000088,5.0,23.0,4.6,1,1,1
2023-05,ITEM_0181,P000088,10.0,46.0,4.6,1,1,1
2023-06,ITEM_0181,P000088,275.0,926.0,3.367273,1,1,1
2023-07,ITEM_0181,P000088,20.0,92.0,4.6,1,1,1
2023-08,ITEM_0181,P000088,5.0,23.0,4.6,1,1,1
2023-09,ITEM_0181,P000088,1875.0,5690.12,3.0347302133333334,2,2,1
2023-10,ITEM_0181,P000088,1320.0,4000.32,3.030545,1,1,1
2025-06,ITEM_0181,P000088,110.0,353.6,,1,1,1
2025-09,ITEM_0181,P000088,55.0,311.31,,1,1,1
2025-10,ITEM_0181,P000088,5.0,188.85,,1,1,1
2023-11,ITEM_0182,P008174,4.0,5597.41,1283.81,1,1,1
2021-03,ITEM_0183,P003449,3.0,1789.2,596.4,1,1,1
2021-08,ITEM_0183,P003449,3.0,1789.2,596.4,1,1,1
2021-09,ITEM_0183,P003449,8.0,4771.2,596.4,1,1,1
2022-02,ITEM_0183,P003449,7.0,4174.8,596.4,4,3,1
2022-04,ITEM_0183,P003449,5.0,2933.2,586.64,2,2,1
2022-10,ITEM_0183,P003449,2.0,1119.0,559.5,1,1,1
2022-11,ITEM_0183,P003449,22.0,14271.5,648.7045454545455,6,2,1
2023-01,ITEM_0183,P003449,10.0,5947.5,594.75,2,1,1
2023-04,ITEM_0183,P003449,8.0,4476.0,559.5,1,1,1
2023-09,ITEM_0183,P003449,2.0,1119.0,559.5,1,1,1
2023-11,ITEM_0183,P003449,5.0,2797.5,559.5,1,1,1
2021-06,ITEM_0185,P004441,10.0,5520.0,552.0,1,1,1
2022-01,ITEM_0187,P002884,8.0,5472.0,684.0,1,1,1
2021-07,ITEM_0188,P003589,1.0,5450.0,5450.0,1,1,1
2025-04,ITEM_0189,306159,1.0,5411.2,,1,1,1
2021-06,ITEM_0190,P005257,30.0,5400.0,180.0,1,1,1
2025-09,ITEM_0192,305618,1.0,5390.0,,1,1,1
2025-06,ITEM_0193,306310,4.0,5388.09,,1,1,1
2023-12,ITEM_0194,P008426,2.0,5379.76,2689.8775,1,1,1
2025-05,ITEM_0195,400135,30.0,373.27,,3,2,1
2025-06,ITEM_0195,400135,40.0,324.06,,1,1,1
2025-07,ITEM_0195,400135,110.0,2649.96,,3,3,1
2025-08,ITEM_0195,400135,35.0,5561.63,,2,2,1
2025-09,ITEM_0195,400135,40.0,182.89,,1,1,1
2025-10,ITEM_0195,400135,65.0,490.80999999999995,,2,2,1
2025-12,ITEM_0195,400135,70.0,157.82,,2,2,1
2021-07,ITEM_0197,P001929,3.0,3440.43,1146.81,1,1,1
2021-09,ITEM_0197,P001929,4.0,5315.28,1328.819375,1,1,1
2022-05,ITEM_0197,P001929,2.0,2901.36,1450.68,1,1,1
2023-09,ITEM_0197,P001929,3.0,3153.740001,1051.246667,1,1,1
2022-09,ITEM_0199,P005657,2.0,5294.595,2647.2975,1,1,1
2024-07,ITEM_0201,304270,32.0,5217.94,,1,1,1
2023-08,ITEM_0203,P008117,1.0,5207.48,5207.48,1,1,1
2022-11,ITEM_0204,P006694,7.0,5188.26,741.18,1,1,1
2024-06,ITEM_0205,302626,2.0,897.21,,1,1,1
2024-07,ITEM_0205,302626,8.0,5181.48,,1,1,1
2023-11,ITEM_0206,P008203,2.0,5159.71,2366.84,1,1,1
2025-04,ITEM_0207,304963,2.0,5152.87,,1,1,1
2021-09,ITEM_0208,P002274,4.0,2388.0,597.0,1,1,1
2022-04,ITEM_0208,P002274,2.0,1040.0,520.0,1,1,1
2022-07,ITEM_0208,P002274,1.0,520.0,520.0,1,1,1
2023-10,ITEM_0208,P002274,12.0,5152.8,429.3999999999999,1,1,1
2021-01,ITEM_0209,P003554,2.0,774.78,387.39,1,1,1
2021-02,ITEM_0209,P003554,5.0,1936.95,387.39,1,1,1
2021-09,ITEM_0209,P003554,2.0,1060.86,530.43,1,1,1
2021-11,ITEM_0209,P003554,7.0,3713.01,530.43,1,1,1
2021-12,ITEM_0209,P003554,4.0,2121.72,530.43,1,1,1
2022-02,ITEM_0209,P003554,15.0,7790.75,519.3833333333333,2,2,1
2022-04,ITEM_0209,P003554,2.0,1060.86,530.43,1,1,1
2022-06,ITEM_0209,P003554,1.0,530.43,530.43,1,1,1
2023-06,ITEM_0209,P003554,5.0,60.0,12.0,1,1,1
2023-06,ITEM_0210,P007705,31.0,5111.85,149.907742,1,1,1
2023-11,ITEM_0211,P008195,4.0,10147.220000000001,2327.3450000000003,2,2,1
2024-09,ITEM_0212,302593,3.0,5085.08,,1,1,1
2025-06,ITEM_0213,306018,7.0,5046.14,,1,1,1
2025-05,ITEM_0215,305530,2.0,5008.39,,1,1,1
2022-09,ITEM_0217,P005656,3.0,4976.0025,1658.6675000000002,1,1,1
2024-04,ITEM_0218,400115,40.0,4952.7,,1,1,1
2024-08,ITEM_0218,400115,20.0,2643.85,,2,1,1
2025-05,ITEM_0220,304258,1.0,4875.46,,1,1,1
2021-09,ITEM_0222,P005222,7.0,3006.01,429.43,1,1,1
2022-04,ITEM_0222,P005222,12.0,4778.019996,398.168333,1,1,1
2021-06,ITEM_0223,P005276,25.0,4750.0,190.0,1,1,1
2021-06,ITEM_0224,P005947,1.0,4739.38,4739.38,1,1,1
2023-01,ITEM_0226,P005649,1.0,4704.71839,4704.71839,1,1,1
2022-11,ITEM_0227,P005399,8.0,4702.09053,587.761316,1,1,1
2025-07,ITEM_0228,303083,1.0,4675.67,,1,1,1
2021-03,ITEM_0229,P004531,4.0,424.6,106.15,1,1,1
2022-02,ITEM_0229,P004531,4.0,477.16,119.29,1,1,1
2023-01,ITEM_0229,P004531,4.0,528.36,132.09,1,1,1
2023-09,ITEM_0229,P004531,24.0,4665.6,180.0,1,1,1
2025-05,ITEM_0229,P004531,4.0,773.88,,1,1,1
2025-09,ITEM_0229,P004531,4.0,297.6,,1,1,1
2023-03,ITEM_0230,P007278,24.0,4604.06,191.836,1,1,1
2023-05,ITEM_0230,P007278,24.0,4604.06,191.836,1,1,1
2025-06,ITEM_0231,305515,6.0,4563.85,,1,1,1
2025-08,ITEM_0233,900363,5.0,4500.0,,1,1,1
2025-09,ITEM_0233,900363,3.0,840.0,,1,1,1
2023-03,ITEM_0235,P007333,2.0,4451.52,2225.76,1,1,1
2023-05,ITEM_0235,P007333,2.0,4451.52,2225.76,1,1,1
2024-09,ITEM_0238,304805,1.0,4368.98,,1,1,1
2023-09,ITEM_0239,P006478,1.0,4357.36,4357.36266,1,1,1
2024-07,ITEM_0240,304179,2.0,4350.27,,1,1,1
2023-10,ITEM_0242,P006549,2.0,4329.42,2164.71,1,1,1
2025-06,ITEM_0243,305958,6.0,4325.87,,1,1,1
2024-10,ITEM_0244,304851,16.0,4322.39,,1,1,1
2023-01,ITEM_0246,P005862,6.0,4291.68,715.2800000000001,1,1,1
2023-01,ITEM_0247,P005864,6.0,4291.68,715.2800000000001,1,1,1
2024-06,ITEM_0248,304380,10.0,4285.2,,1,1,1
2024-06,ITEM_0249,304381,10.0,4285.18,,1,1,1
2022-04,ITEM_0251,P005517,1.0,4270.0,4270.0,1,1,1
2021-06,ITEM_0252,P002375,1.0,397.93333,397.93333,1,1,1
2021-12,ITEM_0252,P002375,4.0,190.36,47.59,1,1,1
2022-02,ITEM_0252,P002375,8.0,1234.805998,154.35074975,2,2,1
2022-03,ITEM_0252,P002375,3.0,1469.5,489.8333333333333,2,1,1
2022-04,ITEM_0252,P002375,10.0,5007.03,500.703,3,3,1
2022-07,ITEM_0252,P002375,1.0,598.53,598.53,1,1,1
2022-09,ITEM_0252,P002375,6.0,3591.1799999999994,598.5299999999999,3,1,1
2022-11,ITEM_0252,P002375,3.0,1807.229996,602.4099986666666,2,2,1
2023-01,ITEM_0252,P002375,1.0,598.53,598.53,1,1,1
2023-02,ITEM_0252,P002375,8.0,4240.0,530.0,1,1,1
2023-05,ITEM_0252,P002375,2.0,1197.06,598.53,1,1,1
2023-07,ITEM_0252,P002375,1.0,598.53,598.53,1,1,1
2023-08,ITEM_0252,P002375,1.0,596.33,596.33,1,1,1
2023-09,ITEM_0252,P002375,14.0,5012.369893,358.02642092857144,4,3,1
2025-07,ITEM_0253,303074,1.0,4234.72,,1,1,1
2025-08,ITEM_0254,306187,48.0,8451.55,,2,1,1
2023-09,ITEM_0255,P007850,2.0,4202.31,1910.14,1,1,1
2023-10,ITEM_0256,P006598,1.0,4200.0,4200.0,1,1,1
2021-03,ITEM_0257,P000948,40.0,880.0,22.0,1,1,1
2022-02,ITEM_0257,P000948,40.0,952.0,23.8,1,1,1
2022-03,ITEM_0257,P000948,4.0,88.0,22.0,2,2,1
2022-09,ITEM_0257,P000948,2.0,36.0,18.0,1,1,1
2023-03,ITEM_0257,P000948,6.0,132.0,22.0,1,1,1
2023-08,ITEM_0257,P000948,40.0,880.0,22.0,1,1,1
2023-11,ITEM_0257,P000948,200.0,4180.0,20.9,1,1,1
2025-12,ITEM_0258,400122,1.0,4161.15,,1,1,1
2024-09,ITEM_0260,304799,15.0,4160.0,,1,1,1
2022-05,ITEM_0261,P005301,20.0,2200.0,110.0,1,1,1
2023-05,ITEM_0261,P005301,9.0,990.0,110.0,1,1,1
2023-08,ITEM_0261,P005301,42.0,4155.48,98.93999999999998,1,1,1
2025-06,ITEM_0261,P005301,12.0,54.55,,1,1,1
2024-07,ITEM_0263,304572,80.0,4131.0,,1,1,1
2021-01,ITEM_0264,P005607,12.0,706.8,58.9,1,1,1
2022-11,ITEM_0264,P005607,14.0,7214.0599999999995,515.29,2,1,1
2021-01,ITEM_0265,P003556,2.0,874.02,437.01,2,2,1
2021-08,ITEM_0265,P003556,1.0,437.01,437.01,1,1,1
2021-11,ITEM_0265,P003556,1.0,588.77,588.77,1,1,1
2021-12,ITEM_0265,P003556,2.0,1177.54,588.77,1,1,1
2022-02,ITEM_0265,P003556,11.0,6476.47,588.77,3,3,1
2022-04,ITEM_0265,P003556,1.0,588.77,588.77,1,1,1
2024-06,ITEM_0266,302622,4.0,1474.38,,2,1,1
2024-07,ITEM_0266,302622,12.0,1712.24,,3,1,1
2024-08,ITEM_0266,302622,3.0,5812.02,,3,1,1
2024-09,ITEM_0266,302622,2.0,1155.63,,1,1,1
2025-08,ITEM_0266,302622,1.0,703.99,,1,1,1
2024-10,ITEM_0267,303902,2.0,4107.81,,1,1,1
2023-07,ITEM_0268,P005969,6.0,3696.636,575.8,1,1,1
2023-10,ITEM_0268,P005969,6.0,3869.4,644.9,1,1,1
2023-11,ITEM_0268,P005969,6.0,4100.020002,683.336667,1,1,1
2023-01,ITEM_0269,P005647,20.0,4094.1678,204.70839,1,1,1
2023-05,ITEM_0270,P005885,1.0,4060.503,3759.725,1,1,1
2023-05,ITEM_0271,P007883,8.0,717.04,89.63,2,1,1
2023-11,ITEM_0271,P007883,32.0,4045.73,115.99,1,1,1
2023-02,ITEM_0272,P005887,1.0,4029.0,4029.0,1,1,1
2023-01,ITEM_0273,P005646,22.0,4011.22458,182.32839,1,1,1
2023-11,ITEM_0274,P008298,4.0,7981.8,1882.5,2,1,1
2021-06,ITEM_0275,P004425,12.0,1680.805716,140.067143,2,1,1
2021-07,ITEM_0275,P004425,30.0,3988.287,132.9429,1,1,1
2023-04,ITEM_0275,P004425,1.0,32.0,32.0,1,1,1
2024-05,ITEM_0276,303253,30.0,3976.41,,1,1,1
2025-12,ITEM_0277,300365,1.0,3974.49,,1,1,1
2022-06,ITEM_0278,P006864,3.0,3960.0,1320.0,1,1,1
2022-03,ITEM_0279,P006430,2.0,3954.6,1977.3,1,1,1
2022-11,ITEM_0280,P006692,3.0,3952.95,1317.65,1,1,1
2021-04,ITEM_0281,P005136,1.0,3895.66,3895.66,1,1,1
2023-09,ITEM_0282,P001675,48.0,3869.649984,80.617708,1,1,1
2021-07,ITEM_0283,P003590,1.0,3850.0,3850.0,1,1,1
2023-11,ITEM_0284,P008189,4.0,7630.139999999999,1750.03,2,2,1
2024-05,ITEM_0286,303240,1.0,3792.15,,1,1,1
2025-08,ITEM_0287,305860,2.0,7577.68,,2,1,1
2021-01,ITEM_0288,P005095,1.0,3780.0,3780.0,1,1,1
2021-05,ITEM_0289,PS00003,2.0,2800.0,1400.0,2,2,1
2021-12,ITEM_0289,PS00003,1.0,2740.0,2740.0,1,1,1
2022-05,ITEM_0289,PS00003,1.0,2800.0,2800.0,1,1,1
2022-09,ITEM_0289,PS00003,1.0,600.0,600.0,1,1,1
2022-11,ITEM_0289,PS00003,2.0,6140.0,3070.0,2,1,1
2023-03,ITEM_0289,PS00003,2.0,5569.999997999999,2784.9999989999997,2,2,1
2023-07,ITEM_0290,P003862,6.0,3580.434,557.7,1,1,1
2023-10,ITEM_0290,P003862,6.0,3747.72,624.62,1,1,1
2023-11,ITEM_0290,P003862,6.0,3601.5,600.25,1,1,1
2022-06,ITEM_0291,P006893,5.0,3740.1,712.4,1,1,1
2025-08,ITEM_0292,306621,2.0,3739.25,,1,1,1
2023-07,ITEM_0294,P005919,2.0,2536.114,1185.1,1,1,1
2023-10,ITEM_0294,P005919,2.0,2654.62,1327.31,1,1,1
2023-11,ITEM_0294,P005919,2.0,3712.29,1856.145,1,1,1
2023-09,ITEM_0295,P006348,1.0,890.0,890.0,1,1,1
2023-12,ITEM_0295,P006348,3.0,2642.43,880.81,1,1,1
2025-08,ITEM_0295,P006348,4.0,3704.51,,1,1,1
2023-11,ITEM_0296,P008356,2.0,3672.0,1836.0,1,1,1
2025-05,ITEM_0298,304264,2.0,3625.94,,1,1,1
2025-08,ITEM_0299,306136,11.0,3624.88,,1,1,1
2021-05,ITEM_0301,P005193,4.0,3600.0,900.0,1,1,1
2025-07,ITEM_0301,P005193,4.0,172.0,,1,1,1
2025-12,ITEM_0301,P005193,1.0,298.0,,1,1,1
2021-07,ITEM_0303,P000851,6.0,5220.0,870.0,2,2,1
2021-08,ITEM_0303,P000851,4.0,3560.0,890.0,1,1,1
2021-10,ITEM_0303,P000851,1.0,890.0,890.0,1,1,1
2021-12,ITEM_0303,P000851,2.0,1780.0,890.0,1,1,1
2022-02,ITEM_0303,P000851,4.0,3560.0,890.0,1,1,1
2023-10,ITEM_0303,P000851,2.0,1760.0,880.0,1,1,1
2023-11,ITEM_0303,P000851,2.0,571.44,285.72,1,1,1
2021-04,ITEM_0304,P004342,4.0,585.28,146.32,1,1,1
2021-05,ITEM_0304,P004342,19.0,2780.08,146.32,1,1,1
2021-06,ITEM_0304,P004342,29.0,3992.48,137.67172413793102,2,2,1
2021-10,ITEM_0304,P004342,15.0,2216.7,147.78,1,1,1
2022-02,ITEM_0304,P004342,48.0,7093.44,147.78,2,2,1
2023-11,ITEM_0304,P004342,8.0,1962.33,225.037,1,1,1
2025-08,ITEM_0304,P004342,8.0,555.08,,1,1,1
2025-09,ITEM_0304,P004342,8.0,300.58,,1,1,1
2025-11,ITEM_0304,P004342,8.0,390.48,,1,1,1
2021-02,ITEM_0305,P003229,1.0,3322.3,3322.3,1,1,1
2021-11,ITEM_0305,P003229,1.0,3518.05,3518.05,1,1,1
2022-07,ITEM_0306,P005533,6.0,3511.5,585.25,1,1,1
2025-05,ITEM_0308,304428,3.0,3497.97,,1,1,1
2022-03,ITEM_0309,P006461,1.0,3489.5,3489.5,1,1,1
2022-01,ITEM_0311,P005514,2.0,3447.5,1723.75,1,1,1
2025-03,ITEM_0312,303172,2.0,3446.88,,1,1,1
2025-02,ITEM_0313,P006601,6.0,3432.77,,1,1,1
2022-09,ITEM_0314,P005711,1.0,3078.9975,3078.9975,1,1,1
2023-05,ITEM_0314,P005711,40.0,115.114,2.87785,1,1,1
2023-07,ITEM_0314,P005711,1.0,3421.11,3421.11,1,1,1
2023-09,ITEM_0314,P005711,1.0,3421.11,3421.11,1,1,1
2023-09,ITEM_0315,P007860,2.0,3410.0,1550.0,1,1,1
2021-05,ITEM_0317,P004243,12.0,461.4,38.45,1,1,1
2021-06,ITEM_0317,P004243,19.0,678.3,35.7,2,2,1
2021-07,ITEM_0317,P004243,17.0,606.9,35.7,1,1,1
2021-10,ITEM_0317,P004243,24.0,932.4,38.85,1,1,1
2022-02,ITEM_0317,P004243,36.0,367.56,10.21,3,3,1
2022-08,ITEM_0317,P004243,12.0,128.04,10.67,3,3,1
2023-03,ITEM_0317,P004243,18.0,367.92,20.440000000000005,3,3,1
2023-04,ITEM_0317,P004243,24.0,1098.48,45.77,3,3,1
2023-09,ITEM_0317,P004243,132.0,6732.83,47.228030272727274,3,3,1
2025-05,ITEM_0317,P004243,28.0,721.96,,2,2,1
2025-06,ITEM_0317,P004243,16.0,519.11,,2,2,1
2025-07,ITEM_0317,P004243,6.0,53.63,,1,1,1
2025-09,ITEM_0317,P004243,16.0,1231.1399999999999,,3,3,1
2025-11,ITEM_0317,P004243,4.0,35.63,,1,1,1
2025-08,ITEM_0318,306192,48.0,6690.45,,2,1,1
2023-04,ITEM_0319,P005907,1.0,3300.0,3300.0,1,1,1
2023-01,ITEM_0320,P005652,1.0,3292.18,3292.18,1,1,1
2022-01,ITEM_0321,P004552,7.0,3290.0,470.0,1,1,1
2024-09,ITEM_0322,303223,8.0,3265.8,,1,1,1
2024-03,ITEM_0323,303202,3.0,3265.8,,1,1,1
2023-11,ITEM_0324,P008204,2.0,3232.68,1482.88,1,1,1
2023-01,ITEM_0325,P007193,1.0,3210.0,3210.0,1,1,1
2024-07,ITEM_0326,304587,300.0,3200.0,,1,1,1
2022-01,ITEM_0327,P002883,8.0,3184.0,398.0,1,1,1
2025-05,ITEM_0328,300688,2.0,3183.63,,1,1,1
2021-10,ITEM_0329,P001927,1.0,3179.55,3179.55,1,1,1
2024-04,ITEM_0330,900461,440.0,3179.88,,2,1,1
2024-08,ITEM_0330,900461,2640.0,6226.88,,2,1,1
2025-12,ITEM_0330,900461,11.0,209.5,,2,2,1
2023-04,ITEM_0331,P007376,1.0,3178.9,3178.9,1,1,1
2024-06,ITEM_0332,302525,4.0,3176.25,,1,1,1
2021-03,ITEM_0333,P005715,9.0,685.08,76.12,1,1,1
2022-08,ITEM_0333,P005715,2.0,127.25,63.6228,1,1,1
2022-09,ITEM_0333,P005715,1.0,168.225,168.225,1,1,1
2023-04,ITEM_0333,P005715,1.0,71.58,71.577,1,1,1
2023-05,ITEM_0333,P005715,60.0,77.914,1.298567,1,1,1
2023-09,ITEM_0333,P005715,2.0,373.83,186.915,1,1,1
2023-10,ITEM_0333,P005715,4.0,254.49,63.6228,1,1,1
2023-11,ITEM_0333,P005715,1.0,63.62,63.6228,1,1,1
2023-12,ITEM_0333,P005715,4.0,254.49,63.622852,1,1,1
2025-06,ITEM_0333,P005715,8.0,3170.0,,1,1,1
2022-04,ITEM_0335,P005505,4.0,3168.7,792.175,1,1,1
2023-03,ITEM_0338,P007277,24.0,3130.08,130.42,1,1,1
2023-05,ITEM_0338,P007277,24.0,3130.08,130.42,1,1,1
2022-04,ITEM_0339,P005510,2.0,3120.88,1560.44,1,1,1
2025-12,ITEM_0340,900084,1.0,3117.42,,1,1,1
2023-04,ITEM_0341,P007377,1.0,3112.35,3112.35,1,1,1
2021-09,ITEM_0344,P005272,1.0,3088.58,3088.58,1,1,1
2025-06,ITEM_0345,306309,4.0,3070.0,,1,1,1
2025-04,ITEM_0346,400046,4.0,3066.88,,1,1,1
2025-08,ITEM_0346,400046,7.0,250.0,,1,1,1
2025-11,ITEM_0346,400046,7.0,912.46,,1,1,1
2022-08,ITEM_0347,P003372,2.0,3058.668,1529.334,1,1,1
2021-01,ITEM_0348,P004584,1.0,3058.54,2507.0,1,1,1
2021-11,ITEM_0348,P004584,2.0,5026.24,2224.0,2,1,1
2022-02,ITEM_0350,P002383,3.0,1541.58,513.8615,1,1,1
2022-04,ITEM_0350,P002383,2.0,1027.72,513.86,1,1,1
2022-10,ITEM_0350,P002383,4.0,2441.6,610.4,1,1,1
2023-02,ITEM_0350,P002383,5.0,3052.0,610.4,1,1,1
2023-08,ITEM_0350,P002383,2.0,1216.4,608.199998,1,1,1
2023-09,ITEM_0350,P002383,4.0,238.52,59.63,1,1,1
2025-01,ITEM_0351,304883,1.0,3050.05,,1,1,1
2023-11,ITEM_0353,P008177,8.0,3042.15,348.87,1,1,1
2024-10,ITEM_0354,303142,1.0,3041.97,,1,1,1
2023-01,ITEM_0355,P005653,1.0,3040.0,3040.0,1,1,1
2023-11,ITEM_0356,P008176,4.0,3035.96,696.32,1,1,1
2022-06,ITEM_0357,P006915,2.0,3012.59,1434.565,1,1,1
2021-02,ITEM_0358,P005586,1.0,119.67,119.67,1,1,1
2022-02,ITEM_0358,P005586,1.0,126.29,126.29,1,1,1
2022-04,ITEM_0358,P005586,2.0,252.58,126.29,2,2,1
2022-05,ITEM_0358,P005586,5.0,3000.0,600.0,1,1,1
2022-03,ITEM_0359,P005457,1.0,867.82,867.82,1,1,1
2023-08,ITEM_0359,P005457,5.0,2999.75,599.95,1,1,1
2024-11,ITEM_0360,304341,6.0,2999.0,,1,1,1
2025-05,ITEM_0360,304341,24.0,34.14,,2,2,1
2021-03,ITEM_0361,P004426,3.0,2997.0,999.0,1,1,1
2023-02,ITEM_0361,P004426,10.0,382.13,38.213,1,1,1
2023-09,ITEM_0362,P000398,3.0,2994.87,998.29,1,1,1
2024-10,ITEM_0363,400049,5.0,1196.44,,1,1,1
2024-12,ITEM_0363,400049,3.0,4290.57,,2,2,1
2025-01,ITEM_0363,400049,4.0,2605.21,,3,2,1
2025-02,ITEM_0363,400049,2.0,1305.36,,2,2,1
2025-04,ITEM_0363,400049,1.0,652.77,,1,1,1
2025-05,ITEM_0363,400049,1.0,652.77,,1,1,1
2025-07,ITEM_0363,400049,2.0,1305.55,,1,1,1
2025-08,ITEM_0363,400049,4.0,2622.42,,3,2,1
2025-09,ITEM_0363,400049,4.0,2628.9599999999996,,3,3,1
2023-05,ITEM_0364,P005884,1.0,2985.8598,2764.685,1,1,1
2021-02,ITEM_0365,P005123,1.0,2980.36,2980.36,1,1,1
2021-11,ITEM_0368,P005880,2.0,2953.82,1307.0,1,1,1
2023-04,ITEM_0368,P005880,1.0,530.0,530.0,1,1,1
2023-08,ITEM_0368,P005880,3.0,1590.0,530.0,1,1,1
2025-05,ITEM_0368,P005880,4.0,176.0,,1,1,1
2025-06,ITEM_0368,P005880,5.0,88.0,,1,1,1
2021-09,ITEM_0369,P005245,200.0,5904.0,29.52,2,2,1
2023-01,ITEM_0370,P007179,3.0,2951.49,983.83,1,1,1
2021-05,ITEM_0371,P005174,8.0,842.4,105.3,1,1,1
2023-06,ITEM_0371,P005174,30.0,8811.0,293.7,3,3,1
2021-05,ITEM_0372,P001237,2.0,2649.29,1324.645,1,1,1
2021-09,ITEM_0372,P001237,2.0,2445.24,1222.62,1,1,1
2022-05,ITEM_0372,P001237,2.0,2913.6,1456.8,1,1,1
2022-06,ITEM_0372,P001237,2.0,2605.37,1302.685,1,1,1
2022-08,ITEM_0372,P001237,1.0,1302.69,1302.69,1,1,1
2023-04,ITEM_0372,P001237,1.0,884.31,884.31,1,1,1
2024-07,ITEM_0373,302518,8.0,2905.76,,1,1,1
2025-06,ITEM_0374,305730,1.0,2905.64,,1,1,1
2023-08,ITEM_0376,P006303,2.0,2898.66,1449.33,1,1,1
2024-07,ITEM_0377,304571,138.0,2894.4,,1,1,1
2023-07,ITEM_0378,P001678,108.0,2888.640036,26.746667,1,1,1
2023-08,ITEM_0378,P001678,11.0,337.159999,30.650909,1,1,1
2021-04,ITEM_0379,P004670,1.0,2888.63,2888.63,1,1,1
2023-05,ITEM_0380,P007904,4.0,2873.56,718.39,1,1,1
2021-05,ITEM_0381,P005259,1.0,2871.0,2871.0,1,1,1
2021-07,ITEM_0382,P003937,6.0,2826.0837,471.01395,1,1,1
2022-11,ITEM_0383,P006679,24.0,2823.6,117.65000000000002,1,1,1
2021-03,ITEM_0384,P005433,1.0,2821.3,2821.3,1,1,1
2025-09,ITEM_0386,305617,1.0,2810.0,,1,1,1
2022-05,ITEM_0387,PS00005,1.0,2800.13,2800.13,1,1,1
2021-09,ITEM_0388,P005247,100.0,5581.0,55.81,2,2,1
2021-03,ITEM_0389,P004192,5.0,2775.0,555.0,1,1,1
2022-01,ITEM_0389,P004192,1.0,394.8,394.8,1,1,1
2022-07,ITEM_0389,P004192,4.0,1658.0,414.5,1,1,1
2022-12,ITEM_0389,P004192,8.0,3640.0,455.0,2,2,1
2023-02,ITEM_0389,P004192,6.0,2730.0,455.0,2,2,1
2023-05,ITEM_0389,P004192,3.0,1365.0,455.0,1,1,1
2023-06,ITEM_0389,P004192,5.0,2275.0,455.0,1,1,1
2023-07,ITEM_0389,P004192,2.0,910.0,455.0,1,1,1
2021-09,ITEM_0390,P005243,400.0,5540.0,13.85,2,2,1
2021-03,ITEM_0391,P004008,100.0,2767.5,27.675,1,1,1
2021-07,ITEM_0391,P004008,40.0,1180.8,29.52,1,1,1
2023-11,ITEM_0391,P004008,40.0,1780.0,44.5,1,1,1
2025-05,ITEM_0392,303928,3.0,2753.42,,1,1,1
2023-03,ITEM_0393,P007184,5.0,2750.0,550.0,1,1,1
2023-07,ITEM_0393,P007184,3.0,1650.0,550.0,1,1,1
2023-09,ITEM_0393,P007184,4.0,2200.0,550.0,1,1,1
2022-12,ITEM_0394,P007106,22.0,1511.4,68.7,2,2,1
2023-02,ITEM_0394,P007106,40.0,2748.0,68.7,1,1,1
2023-03,ITEM_0394,P007106,18.0,1233.0,68.5,2,2,1
2023-06,ITEM_0394,P007106,44.0,3020.6,68.64999999999999,3,2,1
2023-10,ITEM_0394,P007106,25.0,1656.5,66.26,3,2,1
2025-08,ITEM_0395,305737,4.0,2737.58,,1,1,1
2023-12,ITEM_0396,P008484,2.0,2726.4,1363.2,1,1,1
2023-11,ITEM_0397,P006607,1.0,2699.0,2699.0,1,1,1
2021-02,ITEM_0398,P000231,2.0,2698.05,1349.025,1,1,1
2021-01,ITEM_0399,P004573,2.0,461.5,230.75,1,1,1
2021-12,ITEM_0399,P004573,2.0,484.58,242.2875,1,1,1
2022-02,ITEM_0399,P004573,12.0,2683.8,223.65,1,1,1
2025-07,ITEM_0400,306139,3.0,2678.8,,1,1,1
2023-03,ITEM_0401,P007279,24.0,2658.72,110.78000000000002,1,1,1
2023-05,ITEM_0401,P007279,24.0,2658.72,110.78000000000002,1,1,1
2021-11,ITEM_0402,P005083,2.0,2200.1099999999997,973.5,2,2,1
2022-11,ITEM_0402,P005083,2.0,2657.34,1165.5,1,1,1
2021-02,ITEM_0403,P003096,2.0,834.9,417.45,1,1,1
2021-03,ITEM_0403,P003096,2.0,834.9,417.45,1,1,1
2021-08,ITEM_0403,P003096,6.0,2504.7,417.45,1,1,1
2021-10,ITEM_0403,P003096,2.0,1060.86,530.43,1,1,1
2022-02,ITEM_0403,P003096,3.0,1591.29,530.43,1,1,1
2022-05,ITEM_0403,P003096,5.0,2652.15,530.43,1,1,1
2022-06,ITEM_0403,P003096,2.0,1060.86,530.43,1,1,1
2022-12,ITEM_0403,P003096,1.0,610.4,610.4,1,1,1
2023-06,ITEM_0405,P006221,1.0,2638.2,2638.2,1,1,1
2022-04,ITEM_0406,P006484,1.0,56.88,56.88,1,1,1
2023-05,ITEM_0406,P006484,8.0,536.08,67.01,2,1,1
2023-10,ITEM_0406,P006484,1.0,2629.557,2629.557,1,1,1
2021-06,ITEM_0407,P004442,3.0,2625.0,875.0,1,1,1
2021-06,ITEM_0409,P003244,1.0,511.453333,511.453333,1,1,1
2022-07,ITEM_0409,P003244,2.0,1284.19,642.095,1,1,1
2022-09,ITEM_0409,P003244,1.0,651.75,651.75,1,1,1
2022-11,ITEM_0409,P003244,5.0,3251.579996,650.3159992,2,2,1
2022-12,ITEM_0409,P003244,2.0,1301.3,650.65,1,1,1
2023-01,ITEM_0409,P003244,2.0,1301.3,650.65,1,1,1
2023-02,ITEM_0409,P003244,2.0,1296.899997,648.449999,1,1,1
2023-05,ITEM_0409,P003244,2.0,1301.3,650.65,1,1,1
2023-08,ITEM_0409,P003244,2.0,1305.6,652.8,2,2,1
2023-09,ITEM_0409,P003244,5.0,3131.95,626.39,2,1,1
2023-09,ITEM_0410,P006433,1.0,2600.0,2600.0,1,1,1
2023-06,ITEM_0411,P007909,2.0,2596.7,1298.35,1,1,1
2021-05,ITEM_0412,P004302,4.0,1393.28,348.32,1,1,1
2021-06,ITEM_0412,P004302,16.0,5175.04,323.44,3,2,1
2022-02,ITEM_0412,P004302,18.0,3429.0,190.5,3,3,1
2023-09,ITEM_0412,P004302,6.0,2268.0,350.0,1,1,1
2023-11,ITEM_0412,P004302,8.0,5122.5599999999995,587.45,2,2,1
2025-05,ITEM_0412,P004302,2.0,456.23,,1,1,1
2025-08,ITEM_0412,P004302,4.0,1182.24,,1,1,1
2025-11,ITEM_0412,P004302,4.0,1182.24,,1,1,1
2025-06,ITEM_0413,400090,26.0,3197.79,,4,4,1
2025-07,ITEM_0413,400090,6.0,184.49,,1,1,1
2025-09,ITEM_0413,400090,4.0,376.97,,2,2,1
2021-10,ITEM_0414,P004708,3.0,2550.0,850.0,1,1,1
2022-11,ITEM_0414,P004708,1.0,1200.0,1200.0,1,1,1
2021-12,ITEM_0415,P004840,1.0,2547.91,2547.9091,1,1,1
2022-05,ITEM_0416,P001926,2.0,5086.8,2543.4,2,2,1
2022-09,ITEM_0417,P004835,2.0,2539.42,1269.71,1,1,1
2023-11,ITEM_0418,P008223,4.0,2512.67,576.3,1,1,1
2023-10,ITEM_0419,P008309,1.0,2500.0,2500.0,1,1,1
2021-10,ITEM_0422,P005677,4.0,394.0,98.5,1,1,1
2022-07,ITEM_0422,P005677,3.0,360.69,120.23,1,1,1
2022-08,ITEM_0422,P005677,3.0,360.69,120.23,1,1,1
2022-09,ITEM_0422,P005677,2.0,2480.54,1240.27,1,1,1
2022-10,ITEM_0422,P005677,3.0,361.5,120.5,1,1,1
2023-03,ITEM_0422,P005677,4.0,480.92,120.23,1,1,1
2023-01,ITEM_0423,P007079,1.0,2198.18,2198.18,1,1,1
2023-03,ITEM_0423,P007079,1.0,2242.14,2242.14,1,1,1
2023-04,ITEM_0423,P007079,1.0,2178.07,2178.07,1,1,1
2025-08,ITEM_0423,P007079,1.0,2475.0,,1,1,1
2021-02,ITEM_0428,P004742,8.0,243.12,30.39,1,1,1
2021-03,ITEM_0428,P004742,12.0,156.6,13.050000000000002,1,1,1
2021-10,ITEM_0428,P004742,12.0,368.4,30.7,1,1,1
2022-02,ITEM_0428,P004742,12.0,368.4,30.7,1,1,1
2022-11,ITEM_0428,P004742,12.0,425.52,35.46,1,1,1
2023-01,ITEM_0428,P004742,10.0,361.7,36.17,1,1,1
2023-09,ITEM_0428,P004742,57.0,2414.87,39.2279,1,1,1
2025-08,ITEM_0429,306610,1.0,2410.87,,1,1,1
2023-06,ITEM_0430,P006137,1.0,2406.168,2406.168,1,1,1
2024-10,ITEM_0431,300739,4.0,2405.55,,1,1,1
2022-10,ITEM_0434,P007095,2.0,2396.0,1198.0,1,1,1
2022-11,ITEM_0435,P007103,2.0,2396.0,1198.0,1,1,1
2023-03,ITEM_0436,P007288,52.0,2389.4,45.95,1,1,1
2023-05,ITEM_0436,P007288,52.0,2389.4,45.95,1,1,1
2022-12,ITEM_0437,P007040,1.0,2388.27,2388.27,1,1,1
2021-04,ITEM_0438,P003768,4.0,2385.6,596.4,1,1,1
2021-05,ITEM_0438,P003768,4.0,2385.6,596.4,1,1,1
2022-02,ITEM_0438,P003768,1.0,596.4,596.4,1,1,1
2023-08,ITEM_0438,P003768,2.0,1119.0,559.5,1,1,1
2024-04,ITEM_0439,304011,20.0,2371.11,,1,1,1
2021-01,ITEM_0440,P003442,8.0,473.52,59.19,1,1,1
2021-02,ITEM_0440,P003442,16.0,947.04,59.19,1,1,1
2021-03,ITEM_0440,P003442,40.0,2367.6,59.19,1,1,1
2021-06,ITEM_0440,P003442,40.0,2330.8,58.27,1,1,1
2022-02,ITEM_0440,P003442,55.0,3717.7100000000005,67.59476363636364,6,6,1
2022-04,ITEM_0440,P003442,18.0,1219.68,67.76,2,2,1
2022-08,ITEM_0440,P003442,16.0,1077.44,67.34,2,2,1
2023-03,ITEM_0440,P003442,10.0,825.9,82.59,1,1,1
2023-07,ITEM_0440,P003442,12.0,899.4,74.95,1,1,1
2023-09,ITEM_0440,P003442,8.0,606.96,75.870245,1,1,1
2025-05,ITEM_0441,400224,4.0,2366.2,,1,1,1
2025-08,ITEM_0441,400224,4.0,2366.2,,1,1,1
2023-01,ITEM_0442,P005868,20.0,2345.6,117.28,1,1,1
2025-03,ITEM_0442,P005868,5.0,771.64,,1,1,1
2021-12,ITEM_0443,P000198,4.0,863.2,215.8,1,1,1
2022-04,ITEM_0443,P000198,4.0,918.14,229.535,1,1,1
2023-01,ITEM_0443,P000198,4.0,919.14,229.785,1,1,1
2023-04,ITEM_0443,P000198,8.0,2341.34,292.667501,1,1,1
2023-05,ITEM_0443,P000198,4.0,1145.47,286.3675,1,1,1
2023-06,ITEM_0443,P000198,4.0,955.69,238.9225,1,1,1
2023-07,ITEM_0443,P000198,8.0,2634.24,329.28,2,1,1
2023-08,ITEM_0443,P000198,6.0,1881.6,313.6,1,1,1
2023-12,ITEM_0443,P000198,5.0,1770.05,354.009999,1,1,1
2023-11,ITEM_0446,P008207,2.0,2338.77,1072.83,1,1,1
2022-06,ITEM_0447,P006929,2.0,2336.18,1112.465,1,1,1
2025-02,ITEM_0448,303862,1.0,2324.77,,1,1,1
2025-09,ITEM_0449,306368,6.0,2320.39,,1,1,1
2025-08,ITEM_0450,306827,1.0,2315.6,,1,1,1
2022-04,ITEM_0451,P005496,17.0,2312.9299,136.0547,1,1,1
2021-01,ITEM_0452,P005480,4.0,1037.4,259.35,1,1,1
2021-03,ITEM_0452,P005480,2.0,518.7,259.35,1,1,1
2021-06,ITEM_0452,P005480,4.0,865.8,216.45,1,1,1
2021-11,ITEM_0452,P005480,3.0,38.01,12.67,1,1,1
2021-12,ITEM_0452,P005480,8.0,1836.28,229.5345,1,1,1
2022-04,ITEM_0452,P005480,4.0,969.15,242.2875,1,1,1
2022-05,ITEM_0452,P005480,80.0,372.0,4.65,2,1,1
2023-02,ITEM_0452,P005480,6.0,1605.04,267.50666666666666,2,2,1
2023-03,ITEM_0452,P005480,2.0,572.72,286.3575,1,1,1
2023-06,ITEM_0452,P005480,2.0,572.73,286.365,1,1,1
2023-08,ITEM_0452,P005480,4.0,1254.4,313.6,1,1,1
2023-10,ITEM_0452,P005480,8.0,2304.0,288.0,1,1,1
2023-11,ITEM_0452,P005480,2.0,633.86,316.9296,1,1,1
2022-05,ITEM_0453,P006456,3.0,2302.14,691.333,1,1,1
2021-06,ITEM_0454,P004450,2.0,2300.0,1150.0,1,1,1
2021-09,ITEM_0454,P004450,1.0,1280.0,1280.0,1,1,1
2022-04,ITEM_0454,P004450,1.0,1100.0,1100.0,1,1,1
2022-07,ITEM_0454,P004450,1.0,750.0,750.0,1,1,1
2022-09,ITEM_0454,P004450,8.0,302.24,37.78,1,1,1
2023-01,ITEM_0454,P004450,1.0,420.0,420.0,1,1,1
2023-07,ITEM_0455,P007977,1.0,2300.0,2300.0,1,1,1
2025-08,ITEM_0456,306253,50.0,4595.57,,2,1,1
2025-08,ITEM_0457,306254,50.0,4595.57,,2,1,1
2022-06,ITEM_0458,P006924,4.0,2291.45,545.5825,1,1,1
2022-09,ITEM_0459,P004379,1.0,2289.18,2289.18,1,1,1
2021-05,ITEM_0460,P004233,6.0,565.56,94.26,1,1,1
2021-07,ITEM_0460,P004233,6.0,525.12,87.52,1,1,1
2021-10,ITEM_0460,P004233,24.0,2284.56,95.19,1,1,1
2022-02,ITEM_0460,P004233,12.0,1502.4,125.2,2,2,1
2023-03,ITEM_0460,P004233,16.0,2003.2,125.2,3,3,1
2023-04,ITEM_0460,P004233,6.0,751.2,125.2,3,3,1
2023-12,ITEM_0460,P004233,1.0,112.15,112.15,1,1,1
2021-03,ITEM_0461,P004683,24.0,252.0,10.5,1,1,1
2022-02,ITEM_0461,P004683,24.0,630.48,26.27,1,1,1
2022-11,ITEM_0461,P004683,12.0,364.32,30.36,1,1,1
2023-01,ITEM_0461,P004683,10.0,309.8,30.98,1,1,1
2023-05,ITEM_0461,P004683,10.0,309.8,30.98,1,1,1
2023-09,ITEM_0461,P004683,60.0,2282.77,35.228,1,1,1
2021-06,ITEM_0462,P005234,3.0,2280.0,760.0,1,1,1
2023-11,ITEM_0463,P008179,32.0,4527.42,129.8,2,2,1
2023-02,ITEM_0464,P007198,1.0,2273.61,2273.61,1,1,1
2025-08,ITEM_0465,303132,4.0,2269.58,,1,1,1
2024-05,ITEM_0466,303363,40.0,2269.56,,1,1,1
2022-06,ITEM_0467,P006927,2.0,2254.91,1073.764996,1,1,1
2024-04,ITEM_0468,304018,20.0,2254.29,,1,1,1
2023-06,ITEM_0469,P007704,64.0,3768.93,53.535937375,2,2,1
2022-05,ITEM_0470,P004794,8.0,2249.568,262.8,1,1,1
2024-03,ITEM_0472,302599,2.0,2222.44,,1,1,1
2024-04,ITEM_0472,302599,80.0,73.43,,2,2,1
2025-07,ITEM_0473,302181,4.0,2220.0,,1,1,1
2023-05,ITEM_0474,P006016,30.0,2219.6199,73.98733,1,1,1
2023-08,ITEM_0478,P000811,15.0,2192.4,146.16,1,1,1
2023-11,ITEM_0479,P008245,2.0,2192.27,1005.63,1,1,1
2024-09,ITEM_0480,302587,35.0,2179.32,,1,1,1
2025-08,ITEM_0481,304157,4.0,2178.07,,1,1,1
2023-01,ITEM_0482,P007194,1.0,2176.85,2176.85,1,1,1
2024-03,ITEM_0483,302256,50.0,30.8,,1,1,1
2024-04,ITEM_0483,302256,60.0,36.96,,2,2,1
2024-06,ITEM_0483,302256,12.0,376.03,,1,1,1
2024-09,ITEM_0483,302256,12.0,2175.6,,1,1,1
2022-03,ITEM_0484,P005009,24.0,2166.05,82.8,1,1,1
2023-07,ITEM_0484,P005009,36.0,570.096,14.800000000000002,1,1,1
2023-10,ITEM_0484,P005009,36.0,596.88,16.58,1,1,1
2023-11,ITEM_0484,P005009,36.0,950.44,26.401111,1,1,1
2025-05,ITEM_0485,303195,3.0,2161.95,,1,1,1
2022-07,ITEM_0486,P004191,20.0,2158.8,107.94000000000001,1,1,1
2021-01,ITEM_0488,P004147,1.0,344.67,344.67,1,1,1
2021-09,ITEM_0488,P004147,2.0,944.2,472.1,2,2,1
2021-11,ITEM_0488,P004147,6.0,3078.0919999999996,513.0153333333333,2,1,1
2021-12,ITEM_0488,P004147,2.0,944.2,472.1,1,1,1
2021-09,ITEM_0491,P005244,200.0,4254.0,21.27,2,2,1
2023-07,ITEM_0494,P003804,2.0,1058.872,494.8,1,1,1
2023-10,ITEM_0494,P003804,2.0,1108.36,554.18,1,1,1
2023-11,ITEM_0494,P003804,2.0,2085.98,1042.99,1,1,1
2021-10,ITEM_0496,P005296,1.0,2078.75,2078.75,1,1,1
2021-06,ITEM_0497,P004087,4.0,2078.4,519.6,1,1,1
2021-06,ITEM_0499,P005274,60.0,2070.0,34.5,1,1,1
2024-07,ITEM_0500,304569,6.0,2065.5,,1,1,1
2023-09,ITEM_0501,P008259,192.0,1532.4,7.98125,1,1,1
2023-10,ITEM_0501,P008259,384.0,3064.8,7.98125,2,2,1
2023-11,ITEM_0501,P008259,128.0,1021.6,7.98125,1,1,1
2025-05,ITEM_0501,P008259,256.0,2043.2,,1,1,1
2025-11,ITEM_0501,P008259,16.0,224.0,,1,1,1
2021-02,ITEM_0502,P005641,20.0,495.0,24.75,1,1,1
2023-01,ITEM_0502,P005641,2.0,73.59678,36.79839,1,1,1
2023-04,ITEM_0502,P005641,48.0,2040.0,42.5,1,1,1
2025-06,ITEM_0502,P005641,9.0,5.26,,1,1,1
2023-02,ITEM_0503,P007234,1.0,2025.75,2025.75,1,1,1
2023-04,ITEM_0504,P004660,1.0,2025.75,2025.75,1,1,1
2021-12,ITEM_0506,P005341,1.0,2014.29,2014.29,1,1,1
2023-06,ITEM_0507,P007930,2.0,2009.82,1004.91,1,1,1
2023-03,ITEM_0510,P007169,2.0,1987.14,993.57,1,1,1
2022-03,ITEM_0511,P005008,22.0,1973.55,82.3,1,1,1
2023-07,ITEM_0511,P005008,24.0,423.72,16.5,1,1,1
2023-10,ITEM_0511,P005008,24.0,443.52,18.48,1,1,1
2023-11,ITEM_0511,P005008,24.0,686.200008,28.591667,1,1,1
2024-09,ITEM_0512,302595,7.0,1972.98,,1,1,1
2022-04,ITEM_0514,P006462,1.0,1436.25,1436.25,1,1,1
2022-07,ITEM_0514,P006462,1.0,1043.7,1043.7,1,1,1
2023-01,ITEM_0514,P006462,1.0,728.83,728.83,1,1,1
2023-10,ITEM_0514,P006462,1.0,1966.0,1966.0,1,1,1
2022-09,ITEM_0517,P005680,2.0,1937.56,968.78,1,1,1
2021-10,ITEM_0518,P004572,2.0,1935.0,967.5,1,1,1
2022-09,ITEM_0519,P002526,6.0,1929.78,321.63,1,1,1
2022-11,ITEM_0520,P003808,6.0,1927.08,321.18,1,1,1
2023-11,ITEM_0521,P008244,2.0,1917.53,879.6,1,1,1
2022-06,ITEM_0522,P006928,2.0,1916.28,912.515,1,1,1
2023-09,ITEM_0523,P007861,2.0,1914.4,870.18,1,1,1
2023-02,ITEM_0524,P004680,6.0,1908.0,318.0,1,1,1
2023-02,ITEM_0525,P004926,24.0,1908.0,79.5,1,1,1
2021-06,ITEM_0526,P005952,1.0,11.41,11.41,1,1,1
2023-06,ITEM_0526,P005952,30.0,5709.0,190.3,3,3,1
2023-11,ITEM_0527,P008171,4.0,1902.75,436.41,1,1,1
2021-03,ITEM_0529,P005125,7.0,1895.25,270.75,1,1,1
2022-01,ITEM_0529,P005125,1.0,353.76,353.76,1,1,1
2023-06,ITEM_0529,P005125,1.0,298.54,298.54,1,1,1
2023-08,ITEM_0529,P005125,6.0,1668.6,278.09999999999997,2,1,1
2025-08,ITEM_0530,306421,50.0,3771.71,,2,1,1
2025-08,ITEM_0531,400030,16.0,2155.81,,2,2,1
2025-10,ITEM_0531,400030,2.0,622.72,,1,1,1
2023-12,ITEM_0532,P008545,1.0,1877.95,1877.95,1,1,1
2022-06,ITEM_0533,P006497,4.0,1873.22,468.305,1,1,1
2022-07,ITEM_0534,P006847,1.0,815.49,815.49,1,1,1
2023-04,ITEM_0534,P006847,2.0,1866.56,933.28,1,1,1
2022-07,ITEM_0535,P006848,1.0,815.49,815.49,1,1,1
2023-04,ITEM_0535,P006848,2.0,1866.56,933.28,1,1,1
2022-07,ITEM_0536,P006849,1.0,815.49,815.49,1,1,1
2023-04,ITEM_0536,P006849,2.0,1866.56,933.28,1,1,1
2022-07,ITEM_0537,P006850,1.0,815.49,815.49,1,1,1
2023-04,ITEM_0537,P006850,2.0,1866.56,933.28,1,1,1
2023-06,ITEM_0539,P007702,33.0,1858.05,51.186061,1,1,1
2021-09,ITEM_0540,P005242,400.0,3704.0,9.26,2,2,1
2023-11,ITEM_0541,P008377,2.0,1827.11,913.556,1,1,1
2021-06,ITEM_0542,P005916,6.0,226.38,37.73,1,1,1
2022-02,ITEM_0542,P005916,18.0,442.02,24.556666666666665,3,3,1
2022-08,ITEM_0542,P005916,6.0,370.5,61.75,3,3,1
2023-03,ITEM_0542,P005916,6.0,210.24,35.04,3,3,1
2023-09,ITEM_0542,P005916,66.0,3651.52,51.22787895454545,3,3,1
2025-05,ITEM_0542,P005916,3.0,149.8,,1,1,1
2025-06,ITEM_0542,P005916,9.0,397.0,,2,2,1
2025-07,ITEM_0542,P005916,2.0,79.4,,1,1,1
2025-09,ITEM_0542,P005916,8.0,317.59000000000003,,2,2,1
2025-11,ITEM_0542,P005916,2.0,78.93,,1,1,1
2025-08,ITEM_0544,305060,2.0,3647.12,,2,1,1
2021-08,ITEM_0545,P000030,10.0,729.0,72.9,1,1,1
2022-08,ITEM_0545,P000030,25.0,1823.5,72.94,1,1,1
2023-02,ITEM_0545,P000030,10.0,729.0,72.9,1,1,1
2023-06,ITEM_0545,P000030,5.0,364.7,72.94,1,1,1
2025-11,ITEM_0546,303460,4.0,1809.15,,1,1,1
2021-06,ITEM_0548,P005237,1.0,1800.0,1800.0,1,1,1
2023-04,ITEM_0549,P003418,12.0,1800.0,150.0,1,1,1
2024-03,ITEM_0550,304087,200.0,58.0,,1,1,1
2024-04,ITEM_0550,304087,200.0,36.0,,1,1,1
2025-08,ITEM_0550,304087,4.0,1800.0,,1,1,1
2023-11,ITEM_0552,P008173,4.0,1795.36,411.78,1,1,1
2021-03,ITEM_0553,P003077,6.0,1794.0,299.0,1,1,1
2024-04,ITEM_0554,304016,20.0,1788.64,,1,1,1
2024-06,ITEM_0555,302623,2.0,978.0300000000001,,2,1,1
2024-07,ITEM_0555,302623,1.0,230.2,,1,1,1
2024-08,ITEM_0555,302623,1.0,230.21,,1,1,1
2025-08,ITEM_0555,302623,2.0,1785.0,,1,1,1
2023-03,ITEM_0556,P007327,2.0,1777.22,888.61,1,1,1
2023-05,ITEM_0556,P007327,2.0,1777.22,888.61,1,1,1
2021-04,ITEM_0557,P005142,1.0,1770.65,1770.65,1,1,1
2025-07,ITEM_0558,304183,5.0,729.04,,1,1,1
2025-08,ITEM_0558,304183,18.0,2363.37,,2,1,1
2025-05,ITEM_0559,303194,3.0,1752.53,,1,1,1
2024-05,ITEM_0560,303226,8.0,1752.16,,1,1,1
2022-11,ITEM_0562,P006681,2.0,1745.88,872.94,1,1,1
2023-05,ITEM_0563,P006031,6.0,1741.699998,290.283333,1,1,1
2023-06,ITEM_0564,P002939,2.0,1358.9,679.45,1,1,1
2023-07,ITEM_0564,P002939,10.0,1740.0,174.0,1,1,1
2024-10,ITEM_0565,303924,6.0,1740.0,,1,1,1
2023-11,ITEM_0566,P008226,4.0,1735.54,398.06,1,1,1
2021-11,ITEM_0567,P005456,4.0,3466.84,767.0,3,3,1
2022-03,ITEM_0567,P005456,1.0,87.12,87.12,1,1,1
2025-04,ITEM_0567,P005456,1.0,915.85,,1,1,1
2022-11,ITEM_0568,P004208,2.0,1731.76,865.88,1,1,1
2023-07,ITEM_0570,P006248,4.0,1728.0,432.0,1,1,1
2025-06,ITEM_0570,P006248,2.0,470.0,,1,1,1
2022-01,ITEM_0571,P004476,1.0,1719.043333,1719.043333,1,1,1
2022-11,ITEM_0572,P006689,3.0,1715.28,571.76,1,1,1
2023-01,ITEM_0574,P007081,1.0,1714.28,1714.28,1,1,1
2025-03,ITEM_0575,304691,2.0,1710.52,,1,1,1
2023-05,ITEM_0576,P006051,108.0,3108.370644,28.78120966666667,2,1,1
2025-08,ITEM_0578,306223,12.0,3408.71,,2,1,1
2025-06,ITEM_0579,302737,2.0,2280.0,,2,1,1
2022-11,ITEM_0580,P005392,16.0,1696.73053,106.045658,1,1,1
2022-05,ITEM_0583,P004796,16.0,1677.76,98.0,1,1,1
2025-03,ITEM_0584,304688,2.0,1671.99,,1,1,1
2022-04,ITEM_0585,P005509,2.0,1666.3,833.15,1,1,1
2025-04,ITEM_0585,P005509,1.0,199.0,,1,1,1
2023-03,ITEM_0586,P007204,1.0,1666.28,1666.28,1,1,1
2021-06,ITEM_0587,P005235,1.0,1665.0,1665.0,1,1,1
2025-06,ITEM_0588,306030,6.0,1652.65,,1,1,1
2025-04,ITEM_0589,400137,8.0,111.74,,1,1,1
2025-05,ITEM_0589,400137,10.0,139.68,,1,1,1
2025-07,ITEM_0589,400137,80.0,2364.6,,3,3,1
2025-08,ITEM_0589,400137,10.0,318.03,,2,1,1
2025-10,ITEM_0589,400137,10.0,17.5,,1,1,1
2025-11,ITEM_0589,400137,50.0,716.4,,1,1,1
2024-09,ITEM_0590,304803,1.0,1650.51,,1,1,1
2022-09,ITEM_0591,P005682,2.0,1642.08,821.04,1,1,1
2023-10,ITEM_0593,P008359,27.5,815.99,29.672436,1,1,1
2023-12,ITEM_0593,P008359,55.0,1632.0,29.672751,1,1,1
2024-04,ITEM_0594,304241,40.0,1631.04,,1,1,1
2021-02,ITEM_0595,P001648,2.0,250.0,125.0,1,1,1
2021-03,ITEM_0595,P001648,4.0,824.58,206.145,2,1,1
2021-05,ITEM_0595,P001648,1.0,170.0,170.0,1,1,1
2022-11,ITEM_0595,P001648,2.0,180.0,90.0,1,1,1
2023-02,ITEM_0595,P001648,2.0,730.0,365.0,1,1,1
2023-05,ITEM_0595,P001648,4.0,1257.2,314.3,2,1,1
2023-06,ITEM_0595,P001648,7.0,2036.46,290.92285714285714,3,3,1
2023-01,ITEM_0596,P005642,4.0,1624.79356,406.19839,1,1,1
2022-06,ITEM_0597,P006923,8.0,3248.98,386.782501,2,1,1
2023-10,ITEM_0598,P006545,6.0,1623.54,270.59,1,1,1
2023-12,ITEM_0600,P002322,12.0,1614.83,134.569167,1,1,1
2022-11,ITEM_0606,P006685,6.0,1595.28,265.88,1,1,1
2022-09,ITEM_0607,P007019,1.0,1139.65,1139.64975,1,1,1
2023-03,ITEM_0607,P007019,1.0,1592.94,1592.93625,1,1,1
2023-05,ITEM_0608,P006019,4.0,1590.56,397.64,1,1,1
2022-09,ITEM_0610,P004457,1.0,1575.32,1575.32,1,1,1
2021-09,ITEM_0611,P005240,800.0,3136.0,3.92,2,2,1
2023-06,ITEM_0612,P006212,1.0,249.23,249.23,1,1,1
2023-08,ITEM_0612,P006212,2.0,2618.54,1309.27,2,1,1
2025-06,ITEM_0613,305452,1.0,1560.96,,1,1,1
2024-04,ITEM_0614,400008,20.0,1560.3,,1,1,1
2021-04,ITEM_0615,P003986,26.0,1560.0,60.0,1,1,1
2021-07,ITEM_0615,P003986,12.0,720.0,60.0,1,1,1
2023-11,ITEM_0615,P003986,14.0,595.0,42.5,1,1,1
2021-04,ITEM_0616,P003978,4.0,1560.0,390.0,1,1,1
2025-05,ITEM_0617,400012,26.0,1554.89,,1,1,1
2025-05,ITEM_0619,305944,3.0,1538.48,,1,1,1
2025-08,ITEM_0621,400134,2.0,1536.33,,1,1,1
2021-04,ITEM_0622,P005137,1.0,1534.8,1534.8,1,1,1
2025-08,ITEM_0623,305879,6.0,1531.52,,1,1,1
2021-06,ITEM_0624,P005951,1.0,25.11,25.11,1,1,1
2023-06,ITEM_0624,P005951,72.0,4593.6,63.79999999999999,3,3,1
2023-04,ITEM_0625,P007389,4.0,1530.56,382.64,1,1,1
2023-11,ITEM_0626,P008209,56.0,2660.3,43.58285714285715,2,2,1
2021-12,ITEM_0627,P002441,42.0,2137.3254,50.88870000000001,2,2,1
2025-08,ITEM_0629,306748,2.0,1523.22,,1,1,1
2025-07,ITEM_0630,300925,10.0,1551.32,,2,2,1
2025-08,ITEM_0630,300925,10.0,43.88,,1,1,1
2023-06,ITEM_0631,P007947,1.0,1513.65,1513.65,1,1,1
2021-07,ITEM_0632,P004861,4.0,1510.7114,377.67785,1,1,1
2022-11,ITEM_0633,P007027,1.0,1510.0,1510.0,1,1,1
2022-05,ITEM_0634,P004792,4.0,1509.128,352.6,1,1,1
2025-06,ITEM_0635,301427,100.0,1502.55,,1,1,1
2023-10,ITEM_0636,P002198,2.0,1501.0,750.5,1,1,1
2021-06,ITEM_0637,P005233,1.0,1500.0,1500.0,1,1,1
2025-09,ITEM_0640,302474,1.0,1500.0,,1,1,1
2024-10,ITEM_0641,303922,6.0,1500.0,,1,1,1
2022-07,ITEM_0642,P005532,2.0,1493.74,746.87,1,1,1
2022-04,ITEM_0644,P005518,1.0,1493.0,1493.0,1,1,1
2021-03,ITEM_0645,P000628,2.0,40.0,20.0,1,1,1
2021-04,ITEM_0645,P000628,14.0,260.0,18.571428571428573,3,2,1
2021-05,ITEM_0645,P000628,20.0,302.4,15.12,1,1,1
2021-06,ITEM_0645,P000628,21.0,367.05,17.478571428571428,2,2,1
2021-09,ITEM_0645,P000628,12.0,204.7,17.058333333333334,2,2,1
2021-12,ITEM_0645,P000628,2.0,32.94,16.47,1,1,1
2022-01,ITEM_0645,P000628,3.0,149.04,49.68,1,1,1
2022-02,ITEM_0645,P000628,30.0,1490.4,49.68,1,1,1
2022-03,ITEM_0645,P000628,21.0,402.988,19.189904761904764,3,3,1
2022-04,ITEM_0645,P000628,27.0,472.5,17.5,2,2,1
2022-05,ITEM_0645,P000628,1.0,15.3,15.3,1,1,1
2022-06,ITEM_0645,P000628,3.0,60.0,20.0,1,1,1
2022-11,ITEM_0645,P000628,2.5,38.8,15.52,1,1,1
2023-02,ITEM_0645,P000628,4.0,72.3,18.075,2,2,1
2023-04,ITEM_0645,P000628,15.0,262.04,17.469333333333335,3,2,1
2023-06,ITEM_0645,P000628,2.0,73.1,36.55,1,1,1
2023-07,ITEM_0645,P000628,20.0,338.4,16.92,1,1,1
2023-08,ITEM_0645,P000628,10.0,103.26,10.326,1,1,1
2023-12,ITEM_0645,P000628,3.0,54.9,18.3,1,1,1
2023-06,ITEM_0646,P005953,21.0,4458.299999999999,212.3,3,3,1
2021-03,ITEM_0648,P003980,10.0,178.6,17.86,1,1,1
2021-05,ITEM_0648,P003980,42.0,1467.48,34.94,1,1,1
2021-06,ITEM_0648,P003980,68.0,2206.6,32.45,3,3,1
2021-10,ITEM_0648,P003980,42.0,1482.18,35.29,1,1,1
2022-02,ITEM_0648,P003980,136.0,1993.08,14.655,4,4,1
2022-09,ITEM_0648,P003980,18.0,282.6,15.699999999999998,1,1,1
2023-04,ITEM_0648,P003980,42.0,1257.06,29.93,3,3,1
2023-09,ITEM_0648,P003980,18.0,859.79,44.227778,1,1,1
2023-11,ITEM_0648,P003980,28.0,1734.1399999999999,56.82,2,2,1
2025-05,ITEM_0648,P003980,22.0,632.62,,1,1,1
2025-06,ITEM_0648,P003980,34.0,954.7,,2,2,1
2025-08,ITEM_0648,P003980,14.0,14.3,,1,1,1
2025-09,ITEM_0648,P003980,14.0,198.47,,1,1,1
2025-11,ITEM_0648,P003980,14.0,292.48,,1,1,1
2025-12,ITEM_0648,P003980,15.0,584.96,,1,1,1
2025-08,ITEM_0649,306183,6.0,1479.96,,1,1,1
2023-01,ITEM_0650,P005867,2.0,1477.76,738.88,1,1,1
2021-05,ITEM_0651,P003950,12.0,420.0,35.0,1,1,1
2021-08,ITEM_0651,P003950,12.0,454.8,37.9,1,1,1
2022-02,ITEM_0651,P003950,6.0,265.62,44.27,1,1,1
2022-11,ITEM_0651,P003950,24.0,909.6,37.9,1,1,1
2023-09,ITEM_0651,P003950,24.0,1477.68,61.57,1,1,1
2025-12,ITEM_0652,307035,2.0,1476.65,,1,1,1
2022-06,ITEM_0653,P006938,2.0,11.0,5.5,1,1,1
2025-08,ITEM_0653,P006938,117.0,1475.6,,1,1,1
2023-01,ITEM_0654,P005875,500.0,1475.0,2.95,1,1,1
2025-08,ITEM_0656,306274,32.0,2941.1499999999996,,2,1,1
2025-08,ITEM_0657,306275,32.0,2941.1499999999996,,2,1,1
2023-12,ITEM_0659,P008528,1.0,689.53,689.53,1,1,1
2025-05,ITEM_0659,P008528,2.0,1454.01,,1,1,1
2022-02,ITEM_0660,P003419,10.0,1450.0,145.0,1,1,1
2023-04,ITEM_0660,P003419,5.0,800.0,160.0,1,1,1
2025-04,ITEM_0661,305949,2.0,616.43,,1,1,1
2025-06,ITEM_0661,305949,4.0,44.0,,1,1,1
2025-08,ITEM_0661,305949,4.0,2436.34,,2,2,1
2021-04,ITEM_0662,P000606,1.0,144.65,144.65,1,1,1
2021-11,ITEM_0662,P000606,2.0,236.62,118.31,1,1,1
2022-01,ITEM_0662,P000606,2.0,236.62,118.31,1,1,1
2022-03,ITEM_0662,P000606,4.0,547.62,136.905,2,2,1
2022-08,ITEM_0662,P000606,2.0,236.62,118.31,1,1,1
2022-10,ITEM_0662,P000606,2.0,263.34,131.67,1,1,1
2022-11,ITEM_0662,P000606,2.0,263.34,131.67,1,1,1
2023-07,ITEM_0662,P000606,11.0,1448.37,131.67,1,1,1
2023-06,ITEM_0663,P006214,3.0,1446.489999,482.163333,1,1,1
2021-03,ITEM_0665,P000629,2.0,78.6,39.3,1,1,1
2021-05,ITEM_0665,P000629,2.0,56.0,28.0,1,1,1
2022-03,ITEM_0665,P000629,48.0,1732.5800000000002,36.09541666666667,3,3,1
2024-11,ITEM_0667,400011,2.0,56.0,,1,1,1
2025-05,ITEM_0667,400011,24.0,1435.92,,1,1,1
2021-06,ITEM_0668,P005915,6.0,168.48,28.08,1,1,1
2022-02,ITEM_0668,P005915,18.0,229.14,12.729999999999999,3,3,1
2022-08,ITEM_0668,P005915,8.0,494.0,61.75,3,3,1
2023-09,ITEM_0668,P005915,66.0,2867.44,40.22787895454545,3,3,1
2025-05,ITEM_0668,P005915,4.0,179.81,,1,1,1
2025-06,ITEM_0668,P005915,6.0,199.88,,1,1,1
2025-07,ITEM_0668,P005915,2.0,109.5,,1,1,1
2025-09,ITEM_0668,P005915,8.0,159.9,,2,2,1
2025-11,ITEM_0668,P005915,2.0,389.13,,1,1,1
2023-01,ITEM_0669,P005863,2.0,1430.56,715.28,1,1,1
2024-03,ITEM_0670,303975,40.0,68.0,,2,1,1
2025-06,ITEM_0670,303975,4.0,1430.0,,1,1,1
2024-03,ITEM_0671,304127,20.0,1425.77,,1,1,1
2024-09,ITEM_0672,303181,1.0,1416.67,,1,1,1
2025-08,ITEM_0673,305745,3.0,1414.88,,1,1,1
2022-09,ITEM_0674,P004458,1.0,1414.505,1414.505,1,1,1
2022-09,ITEM_0675,P004459,1.0,1414.505,1414.505,1,1,1
2022-09,ITEM_0676,P007030,2.0,1404.24,702.118,1,1,1
2022-11,ITEM_0678,P003772,1.0,1400.0,1400.0,1,1,1
2021-02,ITEM_0679,P000248,7.0,19.6,2.8000000000000003,2,2,1
2021-03,ITEM_0679,P000248,1.0,2.5,2.5,1,1,1
2021-09,ITEM_0679,P000248,1.0,2.55,2.55,1,1,1
2021-12,ITEM_0679,P000248,2.0,5.4,2.7,1,1,1
2022-04,ITEM_0679,P000248,12.0,37.2,3.1,2,2,1
2022-06,ITEM_0679,P000248,3.0,9.0,3.0,1,1,1
2022-07,ITEM_0679,P000248,2.0,6.0,3.0,1,1,1
2022-08,ITEM_0679,P000248,2.0,5.6,2.8,1,1,1
2022-11,ITEM_0679,P000248,1.0,3.27,3.2725,1,1,1
2023-02,ITEM_0679,P000248,3.0,9.82,3.2724999999999995,1,1,1
2023-04,ITEM_0679,P000248,1.0,3.0,3.0,1,1,1
2023-08,ITEM_0679,P000248,3.0,9.82,3.2733329999999996,1,1,1
2023-10,ITEM_0679,P000248,3.0,12.26,4.0875,1,1,1
2023-11,ITEM_0679,P000248,3.0,12.26,4.0875,1,1,1
2025-10,ITEM_0679,P000248,6.0,2170.92,,6,5,1
2022-01,ITEM_0680,P004571,8.0,1398.77,174.84625,1,1,1
2022-11,ITEM_0681,P003799,6.0,1390.56,231.76,1,1,1
2023-08,ITEM_0682,P006319,35.0,208.95,5.97,1,1,1
2025-08,ITEM_0682,P006319,224.0,1387.68,,1,1,1
2023-07,ITEM_0683,P001239,2.0,2554.66,1277.33,2,2,1
2025-05,ITEM_0684,306331,1.0,1383.4,,1,1,1
2025-08,ITEM_0684,306331,1.0,1332.72,,1,1,1
2025-08,ITEM_0685,306205,9.0,2458.12,,2,1,1
2023-11,ITEM_0686,P008185,112.0,2370.09,19.414285714285715,2,2,1
2021-03,ITEM_0687,P003982,8.0,269.2,33.65,1,1,1
2021-04,ITEM_0687,P003982,10.0,561.6,56.15999999999999,1,1,1
2021-06,ITEM_0687,P003982,8.0,417.2,52.15,1,1,1
2022-02,ITEM_0687,P003982,80.0,4535.2,56.69,4,4,1
2022-09,ITEM_0687,P003982,8.0,523.92,65.49,1,1,1
2023-09,ITEM_0687,P003982,32.0,2254.56,65.2358125,4,4,1
2023-11,ITEM_0687,P003982,20.0,1988.71,91.225,2,2,1
2025-05,ITEM_0687,P003982,12.0,832.61,,1,1,1
2025-06,ITEM_0687,P003982,8.0,197.51,,1,1,1
2025-08,ITEM_0687,P003982,8.0,276.51,,1,1,1
2025-09,ITEM_0687,P003982,6.0,39.12,,1,1,1
2025-11,ITEM_0687,P003982,8.0,278.01,,1,1,1
2021-02,ITEM_0688,P003920,11.0,552.53,50.23,1,1,1
2022-07,ITEM_0688,P003920,20.0,1358.2,67.91,1,1,1
2022-10,ITEM_0688,P003920,10.0,680.0,68.0,1,1,1
2023-03,ITEM_0688,P003920,14.0,952.2,68.0142,2,2,1
2025-02,ITEM_0688,P003920,11.0,678.58,,1,1,1
2025-03,ITEM_0688,P003920,11.0,678.58,,1,1,1
2022-11,ITEM_0689,P006697,12.0,1355.28,112.94,1,1,1
2021-03,ITEM_0690,P005439,3.0,1352.7,450.8999999999999,1,1,1
2021-04,ITEM_0691,P001232,2.0,1350.45,675.225,1,1,1
2023-01,ITEM_0692,P007168,3.0,1350.0,450.0,1,1,1
2023-06,ITEM_0693,P000379,1.0,1350.0,1350.0,1,1,1
2025-05,ITEM_0694,306154,4.0,1342.15,,1,1,1
2025-06,ITEM_0695,305373,6.0,1341.17,,1,1,1
2023-05,ITEM_0697,P006169,12.0,1337.328996,111.44408300000002,1,1,1
2023-08,ITEM_0697,P006169,1.0,7.0,7.0,1,1,1
2023-10,ITEM_0697,P006169,3.0,51.0,17.0,1,1,1
2025-09,ITEM_0697,P006169,1.0,7.0,,1,1,1
2021-01,ITEM_0700,P004625,1.0,849.6,849.6,1,1,1
2021-05,ITEM_0700,P004625,1.0,722.55,722.55,1,1,1
2021-10,ITEM_0700,P004625,1.0,848.93,848.93,1,1,1
2022-07,ITEM_0700,P004625,2.0,1334.4,667.2,1,1,1
2022-06,ITEM_0701,P003723,12.0,1333.44,111.12,1,1,1
2021-03,ITEM_0703,P002367,6.0,223.170798,37.195133,1,1,1
2021-04,ITEM_0703,P002367,36.0,812.7,22.575,1,1,1
2021-12,ITEM_0703,P002367,18.0,852.600006,47.366667,1,1,1
2022-02,ITEM_0703,P002367,24.0,1325.628,55.2345,1,1,1
2023-04,ITEM_0703,P002367,30.0,713.66001,23.788667,1,1,1
2023-06,ITEM_0703,P002367,18.0,443.58,24.643333,1,1,1
2023-07,ITEM_0703,P002367,12.0,274.880004,22.906667,1,1,1
2023-11,ITEM_0703,P002367,6.0,131.47,21.91125,1,1,1
2025-07,ITEM_0703,P002367,8.0,915.3199999999999,,2,1,1
2025-08,ITEM_0703,P002367,10.0,1109.9,,1,1,1
2024-03,ITEM_0705,303973,120.0,510.0,,1,1,1
2025-06,ITEM_0705,303973,22.0,1320.0,,1,1,1
2021-04,ITEM_0707,P000042,5.0,65.6,13.12,1,1,1
2021-08,ITEM_0707,P000042,5.0,69.79,13.958000000000002,1,1,1
2023-06,ITEM_0707,P000042,5.0,59.83,11.966,1,1,1
2023-09,ITEM_0707,P000042,115.0,1384.43,12.038521826086956,2,2,1
2025-01,ITEM_0707,P000042,10.0,136.38,,1,1,1
2025-03,ITEM_0707,P000042,10.0,136.46,,1,1,1
2025-05,ITEM_0707,P000042,5.0,68.23,,1,1,1
2025-08,ITEM_0707,P000042,10.0,136.47,,1,1,1
2021-12,ITEM_0708,P005330,2.0,1316.7,577.5,1,1,1
2021-09,ITEM_0709,P005958,30.0,1580.7000000000003,52.69000000000001,4,2,1
2022-01,ITEM_0709,P005958,25.0,1316.5,52.66,1,1,1
2023-06,ITEM_0709,P005958,16.0,232.0,14.5,1,1,1
2024-02,ITEM_0710,303968,10.0,1314.54,,1,1,1
2025-11,ITEM_0710,303968,2.0,42.85,,1,1,1
2024-03,ITEM_0711,301954,272.0,227.0,,3,2,1
2024-04,ITEM_0711,301954,260.0,150.86,,2,2,1
2024-06,ITEM_0711,301954,60.0,375.76,,2,2,1
2024-07,ITEM_0711,301954,80.0,30.0,,2,1,1
2024-09,ITEM_0711,301954,6.0,1311.6,,1,1,1
2025-06,ITEM_0712,305966,6.0,1308.96,,1,1,1
2023-05,ITEM_0713,P006001,50.0,1308.220004,26.1644,1,1,1
2023-06,ITEM_0714,P006229,8.0,1305.44,163.18,1,1,1
2022-05,ITEM_0716,P006711,2.0,1303.25,651.624,1,1,1
2025-06,ITEM_0717,305999,1.0,1303.12,,1,1,1
2023-05,ITEM_0718,P005873,10.0,1300.0,130.0,1,1,1
2023-08,ITEM_0718,P005873,2.0,290.0034,145.0017,1,1,1
2025-06,ITEM_0719,304603,2.0,5.6,,1,1,1
2025-12,ITEM_0719,304603,2.0,1300.0,,1,1,1
2021-04,ITEM_0720,P002984,6.0,1298.7,216.44999999999996,1,1,1
2021-11,ITEM_0720,P002984,2.0,459.069,229.5345,1,1,1
2022-01,ITEM_0720,P002984,5.0,1147.6725,229.53450000000004,1,1,1
2022-09,ITEM_0720,P002984,2.0,459.572,229.786,1,1,1
2023-06,ITEM_0720,P002984,2.0,477.85,238.925,1,1,1
2023-08,ITEM_0720,P002984,4.0,1029.13,257.2825,1,1,1
2025-01,ITEM_0721,301122,15.0,71.58,,3,3,1
2025-02,ITEM_0721,301122,25.0,117.70999999999998,,4,4,1
2025-03,ITEM_0721,301122,10.0,47.09,,1,1,1
2025-04,ITEM_0721,301122,15.0,70.33,,3,3,1
2025-05,ITEM_0721,301122,40.0,188.25,,5,5,1
2025-06,ITEM_0721,301122,15.0,1301.29,,2,2,1
2025-07,ITEM_0721,301122,35.0,2613.97,,4,3,1
2025-08,ITEM_0721,301122,5.0,912.46,,1,1,1
2025-10,ITEM_0721,301122,20.0,16.0,,4,4,1
2023-08,ITEM_0722,P005889,1.0,1291.1886,1291.1886,1,1,1
2024-04,ITEM_0724,400053,220.0,2534.95,,2,1,1
2023-04,ITEM_0725,P005701,1.0,1285.37,1285.37,1,1,1
2025-07,ITEM_0725,P005701,1.0,1274.6,,1,1,1
2025-02,ITEM_0726,P006603,1.0,1281.21,,1,1,1
2023-02,ITEM_0727,P007227,1.0,1280.0,1280.0,1,1,1
2023-07,ITEM_0727,P007227,1.0,1280.0,1280.0,1,1,1
2022-11,ITEM_0728,P003935,4.0,2230.95,557.7375,2,1,1
2021-01,ITEM_0729,P005531,1.0,1021.2,1021.2,1,1,1
2021-05,ITEM_0729,P005531,2.0,1826.82,913.41,2,2,1
2022-07,ITEM_0729,P005531,1.0,1277.91,1277.91,1,1,1
2023-07,ITEM_0730,P002938,8.0,2280.324,285.0405,2,1,1
2023-12,ITEM_0731,P008553,1.0,1270.0,1270.0,1,1,1
2025-09,ITEM_0732,305028,4.0,1263.62,,1,1,1
2021-06,ITEM_0733,P005946,1.0,1263.06,1263.06,1,1,1
2023-05,ITEM_0733,P005946,40.0,12.8,0.32,1,1,1
2023-06,ITEM_0733,P005946,50.0,18.0,0.36,1,1,1
2025-06,ITEM_0733,P005946,46.0,1532.0700000000002,,4,3,1
2024-07,ITEM_0735,304351,20.0,1259.28,,1,1,1
2021-05,ITEM_0737,P005192,1.0,1255.0,1255.0,1,1,1
2023-07,ITEM_0739,P007265,2.0,1251.6,596.0,1,1,1
2024-04,ITEM_0740,301081,20.0,44.1,,1,1,1
2025-07,ITEM_0740,301081,5.0,16.38,,1,1,1
2025-08,ITEM_0740,301081,5.0,234.0,,1,1,1
2025-11,ITEM_0740,301081,5.0,1250.0,,1,1,1
2021-10,ITEM_0741,P005297,1.0,1247.25,1247.25,1,1,1
2024-07,ITEM_0742,304647,1.0,1244.0,,1,1,1
2022-05,ITEM_0743,P004793,8.0,1241.2,145.0,1,1,1
2024-02,ITEM_0744,303988,6.0,1239.18,,1,1,1
2021-06,ITEM_0745,P000330,100.0,1237.5,12.375,1,1,1
2025-05,ITEM_0746,306455,6.0,1237.17,,1,1,1
2021-01,ITEM_0749,P000807,16.0,37.5,2.34375,2,2,1
2021-02,ITEM_0749,P000807,64.0,144.48999999999998,2.257625,5,4,1
2021-03,ITEM_0749,P000807,55.0,139.87,2.543127272727273,5,4,1
2021-04,ITEM_0749,P000807,32.0,71.2,2.225,2,2,1
2021-05,ITEM_0749,P000807,14.0,47.0,3.357142857142857,2,2,1
2021-06,ITEM_0749,P000807,27.0,41.25,1.5276444444444446,2,2,1
2021-07,ITEM_0749,P000807,5.0,11.25,2.25,1,1,1
2021-08,ITEM_0749,P000807,78.0,215.657998,2.7647948461538467,7,4,1
2021-09,ITEM_0749,P000807,22.0,51.31,2.3324545454545453,2,2,1
2021-10,ITEM_0749,P000807,30.0,65.1,2.17,2,1,1
2021-11,ITEM_0749,P000807,46.0,98.46000000000001,2.140434782608696,4,4,1
2021-12,ITEM_0749,P000807,70.0,151.5,2.164285714285714,4,4,1
2022-01,ITEM_0749,P000807,20.0,38.0,1.9,1,1,1
2022-02,ITEM_0749,P000807,40.0,83.0,2.075,2,2,1
2022-03,ITEM_0749,P000807,272.0,692.6339999999999,2.5464779411764704,12,10,1
2022-04,ITEM_0749,P000807,56.0,119.06999800000001,2.1262499642857144,3,3,1
2022-05,ITEM_0749,P000807,33.0,76.78,2.3264545454545456,3,1,1
2022-06,ITEM_0749,P000807,18.0,53.18,2.9546713333333336,2,2,1
2022-07,ITEM_0749,P000807,10.0,24.64,2.464,1,1,1
2022-08,ITEM_0749,P000807,12.0,38.4,3.2000000000000006,1,1,1
2022-09,ITEM_0749,P000807,6.0,14.78,2.464,1,1,1
2022-10,ITEM_0749,P000807,69.0,144.954,2.100840579710145,5,3,1
2022-11,ITEM_0749,P000807,62.0,148.045,2.387822580645161,4,4,1
2023-01,ITEM_0749,P000807,20.0,51.59,2.5795,1,1,1
2023-02,ITEM_0749,P000807,21.0,170.397,8.114,4,4,1
2023-03,ITEM_0749,P000807,61.0,152.98,2.507868852459016,5,5,1
2023-04,ITEM_0749,P000807,32.0,74.950004,2.342187625,2,1,1
2023-05,ITEM_0749,P000807,52.0,119.94800000000001,2.306692307692308,3,2,1
2023-07,ITEM_0749,P000807,50.0,146.892,2.93784,3,2,1
2023-08,ITEM_0749,P000807,50.0,121.46000000000001,2.42920004,3,2,1
2023-09,ITEM_0749,P000807,102.0,255.0,2.5,3,3,1
2023-10,ITEM_0749,P000807,103.0,237.040008,2.3013835922330097,8,7,1
2023-11,ITEM_0749,P000807,72.0,174.15000999999995,2.4187501666666664,5,4,1
2023-12,ITEM_0749,P000807,22.0,70.9,3.222727272727273,2,1,1
2025-02,ITEM_0749,P000807,15.0,31.77,,2,2,1
2025-03,ITEM_0749,P000807,14.0,29.58,,2,2,1
2025-04,ITEM_0749,P000807,4.0,10.84,,1,1,1
2025-05,ITEM_0749,P000807,14.0,37.730000000000004,,2,2,1
2025-06,ITEM_0749,P000807,36.0,1350.32,,4,2,1
2025-07,ITEM_0749,P000807,62.0,125.24,,3,2,1
2025-08,ITEM_0749,P000807,36.0,74.32,,4,3,1
2025-09,ITEM_0749,P000807,30.0,58.14,,2,1,1
2025-11,ITEM_0749,P000807,5.0,16.0,,1,1,1
2025-12,ITEM_0749,P000807,4.0,6.4,,1,1,1
2021-06,ITEM_0750,P003981,12.0,1142.4,95.2,1,1,1
2021-09,ITEM_0750,P003981,24.0,2428.0600000000004,101.1691665,2,2,1
2021-11,ITEM_0750,P003981,16.0,1643.84,102.74,2,1,1
2022-02,ITEM_0750,P003981,36.0,3427.2000000000003,95.2,3,3,1
2022-07,ITEM_0750,P003981,6.0,571.2,95.2,3,3,1
2022-08,ITEM_0750,P003981,24.0,2284.8,95.2,3,3,1
2023-03,ITEM_0750,P003981,12.0,1142.4,95.2,3,3,1
2023-04,ITEM_0750,P003981,12.0,1142.4,95.2,3,3,1
2023-06,ITEM_0750,P003981,28.0,2130.9100000000003,76.10389999999998,4,4,1
2023-08,ITEM_0750,P003981,10.0,761.04,76.104,1,1,1
2023-09,ITEM_0750,P003981,16.0,1150.02,71.876,1,1,1
2024-03,ITEM_0751,300958,20.0,20.12,,1,1,1
2025-06,ITEM_0751,300958,3.0,1232.86,,1,1,1
2021-04,ITEM_0752,P002601,60.0,432.0,7.2,1,1,1
2022-06,ITEM_0752,P002601,100.0,1225.0,12.25,1,1,1
2023-06,ITEM_0754,P007941,4.0,1209.84,302.46,1,1,1
2021-03,ITEM_0755,P005367,6.0,1209.6,201.6,1,1,1
2025-06,ITEM_0756,305974,12.0,1209.57,,1,1,1
2025-08,ITEM_0757,306135,4.0,1208.38,,1,1,1
2024-02,ITEM_0759,301385,400.0,1207.6,,1,1,1
2025-05,ITEM_0759,301385,35.0,1056.56,,2,1,1
2025-06,ITEM_0759,301385,60.0,340.5,,1,1,1
2025-12,ITEM_0759,301385,30.0,40.61,,1,1,1
2024-09,ITEM_0760,304804,1.0,1206.67,,1,1,1
2023-07,ITEM_0761,P003884,1.0,1152.711,1077.3,1,1,1
2023-10,ITEM_0761,P003884,1.0,1206.58,1206.58,1,1,1
2023-11,ITEM_0761,P003884,1.0,1046.25,1046.25,1,1,1
2025-08,ITEM_0763,302699,4.0,1203.6,,1,1,1
2021-06,ITEM_0764,P003983,1.0,92.12,92.12,1,1,1
2021-07,ITEM_0764,P003983,11.0,1013.32,92.12,1,1,1
2022-02,ITEM_0764,P003983,12.0,1202.52,100.21,1,1,1
2023-05,ITEM_0765,P006020,3.0,1201.670001,400.556667,1,1,1
2021-01,ITEM_0766,P000599,5.0,95.2,19.04,1,1,1
2021-02,ITEM_0766,P000599,30.0,520.85,17.361666666666665,3,3,1
2022-01,ITEM_0766,P000599,14.0,91.0,6.5,4,4,1
2022-02,ITEM_0766,P000599,6.0,39.0,6.5,1,1,1
2022-07,ITEM_0766,P000599,59.0,407.2,6.901695084745763,2,2,1
2023-02,ITEM_0766,P000599,10.0,80.0,8.0,1,1,1
2023-07,ITEM_0766,P000599,110.0,825.0,7.5,1,1,1
2025-04,ITEM_0766,P000599,5.0,37.5,,1,1,1
2025-05,ITEM_0766,P000599,5.0,44.92,,1,1,1
2025-06,ITEM_0766,P000599,30.0,1917.5300000000002,,4,4,1
2025-08,ITEM_0766,P000599,10.0,1248.07,,2,2,1
2025-10,ITEM_0766,P000599,30.0,236.96999999999997,,5,5,1
2025-11,ITEM_0766,P000599,10.0,14.66,,1,1,1
2021-04,ITEM_0768,P003985,12.0,1200.0,100.0,1,1,1
2021-07,ITEM_0768,P003985,8.0,800.0,100.0,1,1,1
2023-11,ITEM_0768,P003985,12.0,1020.0,85.0,1,1,1
2023-07,ITEM_0769,P006244,6.0,1200.0,200.0,1,1,1
2024-05,ITEM_0772,400051,2.0,170.0,,2,1,1
2024-07,ITEM_0772,400051,2.0,598.22,,1,1,1
2024-09,ITEM_0772,400051,3.0,1783.43,,2,2,1
2024-10,ITEM_0772,400051,1.0,1197.06,,1,1,1
2024-12,ITEM_0772,400051,3.0,1197.06,,2,1,1
2022-01,ITEM_0773,P002388,2.0,117.34,58.67,1,1,1
2022-02,ITEM_0773,P002388,2.0,112.04,56.022,1,1,1
2023-08,ITEM_0773,P002388,2.0,119.26,59.63,1,1,1
2023-09,ITEM_0773,P002388,5.0,1195.92,239.18400000000003,1,1,1
2025-06,ITEM_0774,P004612,1.0,1194.86,,1,1,1
2023-10,ITEM_0775,P006548,6.0,1192.92,198.82000000000002,1,1,1
2021-05,ITEM_0776,P000266,24.0,314.88,13.12,1,1,1
2021-08,ITEM_0776,P000266,4.0,52.48,13.12,1,1,1
2021-11,ITEM_0776,P000266,2.0,56.0,28.0,1,1,1
2022-04,ITEM_0776,P000266,8.0,274.96,34.37,1,1,1
2022-11,ITEM_0776,P000266,6.0,119.260002,19.876667,1,1,1
2023-07,ITEM_0776,P000266,54.0,1188.0,22.0,1,1,1
2023-09,ITEM_0776,P000266,2.0,27.48,13.74,1,1,1
2023-07,ITEM_0777,P003885,12.0,1127.352,87.8,1,1,1
2023-10,ITEM_0777,P003885,12.0,1180.08,98.33999999999999,1,1,1
2023-11,ITEM_0777,P003885,12.0,925.48,77.123333,1,1,1
2023-03,ITEM_0778,P007182,1.0,590.0,590.0,1,1,1
2023-07,ITEM_0778,P007182,1.0,590.0,590.0,1,1,1
2023-08,ITEM_0778,P007182,1.0,590.0,590.0,1,1,1
2023-09,ITEM_0778,P007182,2.0,1180.0,590.0,1,1,1
2023-01,ITEM_0779,P003733,2.0,1178.442423,589.221212,1,1,1
2021-03,ITEM_0781,P003098,1.0,470.91,470.91,1,1,1
2021-10,ITEM_0781,P003098,1.0,588.77,588.77,1,1,1
2022-02,ITEM_0781,P003098,2.0,1177.54,588.77,1,1,1
2023-07,ITEM_0782,P003882,1.0,1124.463,1050.9,1,1,1
2023-10,ITEM_0782,P003882,1.0,1177.01,1177.01,1,1,1
2023-11,ITEM_0782,P003882,1.0,1110.65,1110.65,1,1,1
2025-06,ITEM_0783,305963,1.0,1174.81,,1,1,1
2023-01,ITEM_0784,P005865,10.0,1172.8,117.28,1,1,1
2025-03,ITEM_0784,P005865,5.0,739.53,,1,1,1
2023-01,ITEM_0785,P005869,10.0,1172.8,117.28,1,1,1
2023-06,ITEM_0786,P006213,3.0,1172.559999,390.853333,1,1,1
2023-08,ITEM_0787,P006305,15.0,1170.0,78.0,1,1,1
2023-04,ITEM_0788,P007372,1.0,1169.38,1169.378167,1,1,1
2023-11,ITEM_0789,P008297,2.0,2329.88,1099.0,2,1,1
2022-03,ITEM_0791,P001674,6.0,414.63,69.105,1,1,1
2023-07,ITEM_0791,P001674,24.0,1159.44,48.31,1,1,1
2023-12,ITEM_0792,P006530,2.0,1158.542,526.61,1,1,1
2023-05,ITEM_0794,P006166,24.0,1156.369008,48.182042,1,1,1
2021-04,ITEM_0795,P002725,1.0,140.0,140.0,1,1,1
2021-09,ITEM_0795,P002725,7.0,980.0,140.0,1,1,1
2021-10,ITEM_0795,P002725,1.0,144.0,144.0,1,1,1
2025-08,ITEM_0795,P002725,8.0,1151.94,,1,1,1
2025-08,ITEM_0796,305675,50.0,2303.1499999999996,,2,1,1
2022-04,ITEM_0798,P005504,4.0,1147.34,286.835,1,1,1
2022-05,ITEM_0799,P005668,1.0,1146.0,1146.0,1,1,1
2025-08,ITEM_0800,302700,4.0,2290.62,,2,1,1
2023-06,ITEM_0801,P006160,4.0,1144.47,286.1175,1,1,1
2021-09,ITEM_0802,P005241,400.0,2288.0,5.72,2,2,1
2022-03,ITEM_0803,P003868,1.0,46.89,46.888,1,1,1
2023-07,ITEM_0803,P003868,12.0,1092.684,85.1,1,1,1
2023-10,ITEM_0803,P003868,12.0,1143.72,95.31,1,1,1
2023-11,ITEM_0803,P003868,12.0,819.66,68.305,1,1,1
2022-11,ITEM_0804,P006686,12.0,1143.48,95.29,1,1,1
2022-11,ITEM_0805,P006687,12.0,1143.48,95.29,1,1,1
2021-11,ITEM_0806,P005476,1.0,1140.55,1140.55,1,1,1
2022-03,ITEM_0806,P005476,4.0,91.88,22.97,1,1,1
2023-07,ITEM_0806,P005476,3.0,50.16,16.72,2,1,1
2023-10,ITEM_0807,P008305,12.0,1140.36,95.03000000000002,1,1,1
2023-12,ITEM_0809,P008435,5.0,1488.02,297.6039996,2,1,1
2021-05,ITEM_0811,P001241,5.0,1127.2,225.44,1,1,1
2025-04,ITEM_0812,305572,1.0,1125.45,,1,1,1
2023-07,ITEM_0813,P006257,1.0,1120.0,1120.0,1,1,1
2024-09,ITEM_0814,400071,10.0,1124.4,,2,1,1
2021-09,ITEM_0815,P005239,800.0,2232.0,2.79,2,2,1
2025-02,ITEM_0815,P005239,100.0,284.11,,1,1,1
2022-03,ITEM_0816,P006412,1.0,1115.79,1115.79,1,1,1
2023-09,ITEM_0816,P006412,3.0,1317.8700000000001,439.29,3,3,1
2021-11,ITEM_0819,P003009,2.0,1110.0,555.0,1,1,1
2023-09,ITEM_0820,P004269,3.0,1109.500005,369.833335,1,1,1
2023-11,ITEM_0821,P008225,16.0,1109.01,63.59,1,1,1
2021-03,ITEM_0822,P005638,8.0,1105.92,138.24,1,1,1
2021-05,ITEM_0822,P005638,4.0,552.96,138.24,1,1,1
2021-06,ITEM_0822,P005638,2.0,256.72,128.36,1,1,1
2022-02,ITEM_0822,P005638,10.0,1396.2,139.62,3,3,1
2023-01,ITEM_0822,P005638,2.0,678.07678,339.03839,1,1,1
2023-09,ITEM_0822,P005638,2.0,330.98,153.23,1,1,1
2021-09,ITEM_0823,P005228,2.0,1102.28,551.14,1,1,1
2021-09,ITEM_0824,P005223,4.0,1101.2,275.3,1,1,1
2025-08,ITEM_0825,305743,2.0,2200.63,,2,1,1
2021-04,ITEM_0826,P004446,22.0,1100.0,50.0,1,1,1
2022-05,ITEM_0826,P004446,10.0,380.0,38.0,1,1,1
2022-06,ITEM_0826,P004446,10.0,500.0,50.0,1,1,1
2023-12,ITEM_0826,P004446,10.0,380.0,38.0,1,1,1
2021-05,ITEM_0827,P003747,1.0,345.0,345.0,1,1,1
2021-06,ITEM_0827,P003747,1.0,650.0,650.0,1,1,1
2021-08,ITEM_0827,P003747,1.0,1100.0,1100.0,1,1,1
2023-04,ITEM_0828,P005878,2.0,1100.0,550.0,1,1,1
2022-06,ITEM_0829,P006922,4.0,1099.07,261.6825,1,1,1
2021-05,ITEM_0831,P005198,10.0,1096.8571,109.68571,1,1,1
2023-05,ITEM_0831,P005198,2.0,194.64,97.32,1,1,1
2022-11,ITEM_0832,P006639,2.0,1094.12,547.06,1,1,1
2023-07,ITEM_0833,P005921,2.0,1041.966,486.9,1,1,1
2023-10,ITEM_0833,P005921,2.0,1090.66,545.33,1,1,1
2023-11,ITEM_0833,P005921,2.0,491.59,245.795,1,1,1
2023-02,ITEM_0834,P007215,2.0,1089.68,544.84,1,1,1
2023-04,ITEM_0836,P003215,36.0,1088.64,30.239999999999995,1,1,1
2023-09,ITEM_0838,P007858,2.0,1082.4,492.0,1,1,1
2021-01,ITEM_0839,P003497,12.0,162.12,13.51,2,1,1
2021-02,ITEM_0839,P003497,13.0,175.63,13.51,2,2,1
2021-04,ITEM_0839,P003497,6.0,81.06,13.51,1,1,1
2021-05,ITEM_0839,P003497,12.0,162.12,13.51,1,1,1
2021-12,ITEM_0839,P003497,12.0,163.92,13.660000000000002,1,1,1
2022-02,ITEM_0839,P003497,24.0,327.84,13.660000000000002,2,2,1
2022-08,ITEM_0839,P003497,12.0,189.24,15.770000000000001,1,1,1
2023-02,ITEM_0839,P003497,10.0,160.9,16.09,1,1,1
2023-05,ITEM_0839,P003497,10.0,160.9,16.09,1,1,1
2023-09,ITEM_0839,P003497,55.0,1320.34,22.228060545454547,2,2,1
2021-09,ITEM_0840,P002275,1.0,1080.0,1080.0,1,1,1
2025-08,ITEM_0842,302691,12.0,1068.31,,1,1,1
2025-03,ITEM_0844,303188,4.0,1066.21,,1,1,1
2021-02,ITEM_0845,P005284,1.0,1064.0,1064.0,1,1,1
2021-06,ITEM_0845,P005284,8.0,1000.0,125.0,1,1,1
2021-10,ITEM_0845,P005284,5.0,294.975,58.99499999999999,1,1,1
2022-03,ITEM_0845,P005284,2.0,47.5,23.75,1,1,1
2022-04,ITEM_0845,P005284,10.0,496.8,49.68,1,1,1
2022-10,ITEM_0845,P005284,20.0,304.0,15.2,1,1,1
2023-04,ITEM_0845,P005284,7.0,228.98,32.71142857142857,2,1,1
2023-07,ITEM_0845,P005284,10.0,364.5,36.45,1,1,1
2023-06,ITEM_0847,P005954,21.0,3187.7999999999997,151.8,3,3,1
2024-03,ITEM_0848,303201,6.0,1061.29,,1,1,1
2023-02,ITEM_0849,P003071,5.0,1060.0,212.0,1,1,1
2023-07,ITEM_0850,P003877,12.0,1009.224,78.6,1,1,1
2023-10,ITEM_0850,P003877,12.0,1056.36,88.03000000000002,1,1,1
2023-11,ITEM_0850,P003877,12.0,540.28,45.023333,1,1,1
2022-02,ITEM_0851,P001235,4.0,870.8,217.7,1,1,1
2022-04,ITEM_0851,P001235,2.0,440.1,220.05,1,1,1
2022-06,ITEM_0851,P001235,5.0,1317.6499999999999,263.53,2,1,1
2022-11,ITEM_0851,P001235,3.0,602.04,200.67999999999998,1,1,1
2023-02,ITEM_0851,P001235,8.0,1397.28,174.66,2,2,1
2025-06,ITEM_0851,P001235,2.0,15.0,,1,1,1
2025-08,ITEM_0851,P001235,6.0,633.06,,1,1,1
2025-05,ITEM_0852,306145,2.0,1051.78,,1,1,1
2025-05,ITEM_0853,306146,2.0,1051.78,,1,1,1
2025-05,ITEM_0854,306147,2.0,1051.78,,1,1,1
2025-03,ITEM_0855,306175,4.0,1047.28,,1,1,1
2023-03,ITEM_0856,P007276,24.0,1047.12,43.63,1,1,1
2023-05,ITEM_0856,P007276,24.0,1047.12,43.63,1,1,1
2024-06,ITEM_0857,304433,10.0,1046.2,,1,1,1
2021-11,ITEM_0858,P005465,8.0,1044.88,130.61,1,1,1
2023-11,ITEM_0859,P008314,4.0,2086.08,492.0,2,1,1
2021-11,ITEM_0860,P001681,60.0,1040.26002,17.337667,1,1,1
2023-08,ITEM_0860,P001681,12.0,134.4,11.199999999999998,1,1,1
2023-09,ITEM_0860,P001681,18.0,179.64,9.98,1,1,1
2023-12,ITEM_0860,P001681,12.0,121.6,10.133333,1,1,1
2021-08,ITEM_0861,P003846,1.0,96.0,96.0,1,1,1
2022-01,ITEM_0861,P003846,2.0,1040.0,520.0,1,1,1
2022-04,ITEM_0861,P003846,3.0,960.0,320.0,1,1,1
2022-10,ITEM_0861,P003846,3.0,960.0,320.0,1,1,1
2023-02,ITEM_0863,P007190,12.0,1036.8,86.40000000000002,1,1,1
2023-04,ITEM_0863,P007190,12.0,1013.76,84.48,1,1,1
2025-04,ITEM_0864,306162,6.0,1035.0,,1,1,1
2021-03,ITEM_0865,P005380,1.0,1034.6,1034.6,1,1,1
2022-11,ITEM_0866,P003577,102.0,1033.089966,10.128333,1,1,1
2025-04,ITEM_0867,306160,6.0,1029.0,,1,1,1
2025-05,ITEM_0868,305533,2.0,1026.0,,1,1,1
2023-11,ITEM_0869,P008221,8.0,1025.65,117.62,1,1,1
2021-03,ITEM_0870,P005156,2.0,1024.0,512.0,1,1,1
2021-04,ITEM_0870,P005156,1.0,790.0,790.0,1,1,1
2021-05,ITEM_0870,P005156,3.0,298.5,99.5,3,2,1
2022-08,ITEM_0870,P005156,2.0,196.0,98.0,1,1,1
2022-09,ITEM_0871,P002527,6.0,1023.66,170.61,1,1,1
2025-02,ITEM_0872,P006604,1.0,1023.58,,1,1,1
2023-03,ITEM_0873,P007206,1.0,1023.41,1023.41,1,1,1
2023-02,ITEM_0874,P005852,1.0,1020.0,1020.0,1,1,1
2021-04,ITEM_0875,P000338,1.0,1018.08,1018.08,1,1,1
2023-03,ITEM_0876,P007272,48.0,1015.2,21.15,1,1,1
2023-05,ITEM_0876,P007272,48.0,1015.2,21.15,1,1,1
2023-05,ITEM_0877,P005968,5.0,1013.3,202.66,1,1,1
2023-08,ITEM_0878,P007986,1.0,1011.48,1011.480002,1,1,1
2021-01,ITEM_0879,P005602,6.0,1008.0,168.0,1,1,1
2022-06,ITEM_0879,P005602,5.0,440.770001,88.1540002,2,1,1
2023-01,ITEM_0879,P005602,4.0,300.0,75.0,1,1,1
2023-07,ITEM_0880,P006271,1.0,1007.5,1007.5,1,1,1
2023-11,ITEM_0882,P008191,8.0,1005.94,115.36,1,1,1
2021-06,ITEM_0883,P005286,6.0,1002.0,167.0,1,1,1
2022-10,ITEM_0884,P005745,1.0,992.72,992.72,1,1,1
2021-07,ITEM_0885,P003600,4.0,992.0,248.0,1,1,1
2023-11,ITEM_0886,P008237,8.0,989.28,113.45,1,1,1
2024-03,ITEM_0887,301952,30.0,22.08,,1,1,1
2024-04,ITEM_0887,301952,240.0,39.6,,1,1,1
2024-06,ITEM_0887,301952,160.0,999.52,,2,2,1
2024-07,ITEM_0887,301952,100.0,39.0,,1,1,1
2024-09,ITEM_0887,301952,56.0,1167.94,,3,1,1
2023-06,ITEM_0888,P007923,1.0,981.23,981.23,1,1,1
2023-09,ITEM_0888,P007923,1.0,981.23,981.23,1,1,1
2021-11,ITEM_0889,P004615,2.0,640.0,320.0,1,1,1
2022-09,ITEM_0889,P004615,2.0,981.12,490.56,1,1,1
2023-07,ITEM_0890,P003891,2.0,936.678,437.7,1,1,1
2023-10,ITEM_0890,P003891,2.0,980.44,490.22,1,1,1
2023-11,ITEM_0890,P003891,2.0,953.1,476.55,1,1,1
2023-06,ITEM_0891,P007915,6.0,979.08,163.18,1,1,1
2025-07,ITEM_0892,304175,10.0,1466.05,,2,1,1
2022-07,ITEM_0893,P006969,2.0,975.32,478.1,1,1,1
2023-05,ITEM_0894,P007866,1.0,973.22,973.22,1,1,1
2023-07,ITEM_0896,P003848,6.0,927.048,144.4,1,1,1
2023-10,ITEM_0896,P003848,6.0,970.38,161.73,1,1,1
2023-11,ITEM_0896,P003848,6.0,736.7,122.78333300000001,1,1,1
2021-02,ITEM_0897,P000694,24.0,490.8,20.45,1,1,1
2022-04,ITEM_0897,P000694,18.0,432.0,24.0,1,1,1
2023-03,ITEM_0897,P000694,24.0,969.84,40.41,1,1,1
2023-10,ITEM_0898,P008304,6.0,968.34,161.39,1,1,1
2021-02,ITEM_0899,P005122,1.0,966.07,966.07,1,1,1
2021-02,ITEM_0900,P005591,4.0,963.28,240.82,1,1,1
2022-02,ITEM_0900,P005591,4.0,864.24,216.06,1,1,1
2023-12,ITEM_0901,P006529,1.0,962.522,875.02,1,1,1
2023-08,ITEM_0902,P006304,16.0,960.0,60.0,1,1,1
2024-02,ITEM_0903,303987,1.0,960.0,,1,1,1
2023-12,ITEM_0904,P006487,8.0,922.96,115.37,1,1,1
2025-08,ITEM_0904,P006487,8.0,957.86,,1,1,1
2024-04,ITEM_0905,301431,1600.0,953.57,,1,1,1
2025-08,ITEM_0907,306292,4.0,1911.64,,4,2,1
2024-08,ITEM_0908,304164,10.0,553.04,,1,1,1
2025-04,ITEM_0908,304164,1.0,950.12,,1,1,1
2021-02,ITEM_0909,P000934,4.0,107.2,26.8,1,1,1
2021-03,ITEM_0909,P000934,2.0,200.0,100.0,1,1,1
2021-04,ITEM_0909,P000934,2.0,133.92,66.96,1,1,1
2021-06,ITEM_0909,P000934,7.0,468.72,66.96,1,1,1
2021-09,ITEM_0909,P000934,4.0,240.0,60.0,1,1,1
2022-05,ITEM_0909,P000934,4.0,130.0,32.5,1,1,1
2023-05,ITEM_0909,P000934,2.0,950.0,475.0,1,1,1
2023-10,ITEM_0909,P000934,2.0,250.0,125.0,1,1,1
2021-11,ITEM_0911,P005324,2.0,944.2,472.1,1,1,1
2022-01,ITEM_0912,P004834,6.0,940.879998,156.813333,1,1,1
2022-09,ITEM_0912,P004834,6.0,792.06,132.01,1,1,1
2021-01,ITEM_0914,P000601,15.0,225.0,15.0,3,3,1
2021-02,ITEM_0914,P000601,10.0,65.12,6.511999999999999,1,1,1
2021-06,ITEM_0914,P000601,20.0,136.76,6.837999999999999,1,1,1
2021-08,ITEM_0914,P000601,5.0,75.0,15.0,1,1,1
2021-09,ITEM_0914,P000601,10.0,150.0,15.0,1,1,1
2022-01,ITEM_0914,P000601,41.0,323.9,7.8999999999999995,4,4,1
2022-02,ITEM_0914,P000601,15.0,118.5,7.9,1,1,1
2022-04,ITEM_0914,P000601,10.0,79.0,7.9,1,1,1
2022-07,ITEM_0914,P000601,110.0,940.0,8.545455,1,1,1
2022-11,ITEM_0914,P000601,8.0,75.5,9.4375,2,1,1
2023-02,ITEM_0914,P000601,10.0,90.0,9.0,1,1,1
2023-03,ITEM_0914,P000601,5.0,60.0,12.0,1,1,1
2023-07,ITEM_0914,P000601,110.0,940.0,8.545455,1,1,1
2025-05,ITEM_0914,P000601,5.0,42.73,,1,1,1
2025-06,ITEM_0914,P000601,10.0,94.0,,2,2,1
2025-07,ITEM_0914,P000601,15.0,141.0,,2,1,1
2025-08,ITEM_0914,P000601,10.0,94.0,,2,2,1
2025-10,ITEM_0914,P000601,30.0,262.98,,6,6,1
2025-11,ITEM_0914,P000601,5.0,75.0,,1,1,1
2023-05,ITEM_0915,P006006,550.0,938.22025,1.705855,1,1,1
2024-03,ITEM_0917,301426,2000.0,936.32,,1,1,1
2025-08,ITEM_0917,301426,350.0,4.21,,1,1,1
2021-01,ITEM_0918,P000715,26.0,428.0,16.46153846153846,2,2,1
2021-02,ITEM_0918,P000715,28.0,380.0,13.571428571428571,2,1,1
2021-03,ITEM_0918,P000715,78.0,982.9,12.601333333333333,4,4,1
2021-04,ITEM_0918,P000715,20.0,146.01,7.300500000000001,1,1,1
2021-05,ITEM_0918,P000715,26.0,362.546,13.944076923076922,4,1,1
2021-06,ITEM_0918,P000715,48.0,479.21000000000004,9.983583333333334,3,3,1
2021-07,ITEM_0918,P000715,10.0,125.0,12.5,1,1,1
2021-08,ITEM_0918,P000715,76.0,1009.982,13.28921052631579,6,3,1
2021-09,ITEM_0918,P000715,40.0,526.0,13.15,1,1,1
2021-10,ITEM_0918,P000715,45.0,582.42,12.942666666666666,3,2,1
2021-12,ITEM_0918,P000715,54.0,610.842,11.31188888888889,4,3,1
2022-01,ITEM_0918,P000715,23.0,155.25,6.75,2,2,1
2022-02,ITEM_0918,P000715,55.0,621.25,11.295454545454545,3,3,1
2022-03,ITEM_0918,P000715,45.0,730.8,16.24,3,3,1
2022-04,ITEM_0918,P000715,85.0,1165.9,13.716470588235294,5,3,1
2022-05,ITEM_0918,P000715,58.0,791.62,13.648689655172412,4,1,1
2022-06,ITEM_0918,P000715,12.0,241.2,20.1,1,1,1
2022-08,ITEM_0918,P000715,17.0,248.224,14.601411764705881,2,2,1
2022-10,ITEM_0918,P000715,122.0,1311.27,10.74811475409836,6,3,1
2022-11,ITEM_0918,P000715,60.0,928.6200000000001,15.477000000000002,2,2,1
2023-01,ITEM_0918,P000715,32.0,429.42,13.419375,2,2,1
2023-02,ITEM_0918,P000715,20.0,464.31,23.2155,2,2,1
2023-03,ITEM_0918,P000715,48.0,556.6800000000001,11.597500041666668,3,3,1
2023-04,ITEM_0918,P000715,50.0,773.85,15.477,1,1,1
2023-05,ITEM_0918,P000715,96.0,804.0,8.375,3,2,1
2023-07,ITEM_0918,P000715,66.0,993.347,15.050711999999999,3,2,1
2023-08,ITEM_0918,P000715,30.0,300.0,10.0,1,1,1
2023-10,ITEM_0918,P000715,44.0,527.25,11.982954545454545,4,4,1
2023-11,ITEM_0918,P000715,84.0,1307.25,15.5625,2,2,1
2023-12,ITEM_0918,P000715,10.0,155.63,15.5625,1,1,1
2025-02,ITEM_0918,P000715,7.0,62.75,,1,1,1
2025-05,ITEM_0918,P000715,8.0,62.4,,1,1,1
2025-06,ITEM_0918,P000715,12.0,72.0,,1,1,1
2025-07,ITEM_0918,P000715,118.0,1011.38,,3,2,1
2025-08,ITEM_0918,P000715,40.0,372.85,,1,1,1
2025-09,ITEM_0918,P000715,60.0,489.0,,1,1,1
2025-10,ITEM_0918,P000715,6.0,20.87,,1,1,1
2025-11,ITEM_0918,P000715,8.0,13.57,,1,1,1
2025-12,ITEM_0918,P000715,8.0,8.86,,1,1,1
2022-11,ITEM_0919,P006688,12.0,931.8,77.65,1,1,1
2022-02,ITEM_0920,P002216,36.0,601.38,16.705,1,1,1
2023-07,ITEM_0920,P002216,12.0,929.04,77.42,1,1,1
2021-05,ITEM_0921,P001663,18.0,928.368,51.576,1,1,1
2023-05,ITEM_0921,P001663,12.0,279.999996,23.333333,1,1,1
2023-08,ITEM_0921,P001663,1.0,139.1,139.1,1,1,1
2022-01,ITEM_0923,P004363,2.0,925.696,462.848,1,1,1
2024-07,ITEM_0924,304480,40.0,963.23,,2,1,1
2025-12,ITEM_0924,304480,60.0,14.56,,1,1,1
2021-07,ITEM_0925,P000148,1.0,45.5,45.5,1,1,1
2022-02,ITEM_0925,P000148,5.0,922.5,184.5,1,1,1
2023-06,ITEM_0925,P000148,1.0,55.5,55.5,1,1,1
2023-10,ITEM_0925,P000148,1.0,150.0,150.0,1,1,1
2022-04,ITEM_0926,P003149,50.0,920.0,18.4,1,1,1
2021-01,ITEM_0927,P000616,10.0,183.93,18.393,2,2,1
2021-03,ITEM_0927,P000616,5.0,91.97,18.394,1,1,1
2021-06,ITEM_0927,P000616,5.0,91.96,18.392,1,1,1
2021-07,ITEM_0927,P000616,30.0,551.82,18.394,1,1,1
2021-08,ITEM_0927,P000616,30.0,551.7,18.39,1,1,1
2021-10,ITEM_0927,P000616,50.0,919.5,18.39,1,1,1
2021-11,ITEM_0927,P000616,5.0,108.2,21.64,1,1,1
2022-02,ITEM_0927,P000616,10.0,216.4,21.64,5,5,1
2022-04,ITEM_0927,P000616,40.0,920.0,23.0,1,1,1
2022-11,ITEM_0927,P000616,7.0,283.0,40.42857142857143,2,1,1
2023-06,ITEM_0927,P000616,5.0,100.0,20.0,1,1,1
2023-12,ITEM_0927,P000616,5.0,100.0,20.0,1,1,1
2023-09,ITEM_0928,P000257,20.0,918.4,45.92,1,1,1
2023-04,ITEM_0929,P005702,9.0,828.81,92.09,1,1,1
2025-07,ITEM_0929,P005702,9.0,916.01,,1,1,1
2025-01,ITEM_0931,304785,2.0,1827.34,,2,2,1
2025-06,ITEM_0932,305998,1.0,911.15,,1,1,1
2023-05,ITEM_0935,P006163,48.0,906.769008,18.891021,1,1,1
2024-02,ITEM_0936,303992,12.0,906.51,,1,1,1
2024-04,ITEM_0936,303992,1.0,273.79,,1,1,1
2021-03,ITEM_0937,P000801,2.0,84.82,42.41,1,1,1
2021-04,ITEM_0937,P000801,4.0,169.64,42.41,1,1,1
2022-05,ITEM_0937,P000801,4.0,28.32,7.08,1,1,1
2023-07,ITEM_0937,P000801,4.0,125.44,31.36,1,1,1
2023-12,ITEM_0937,P000801,40.0,906.0,22.65,1,1,1
2025-08,ITEM_0938,301468,4.0,905.77,,1,1,1
2024-02,ITEM_0939,301937,400.0,182.4,,1,1,1
2025-05,ITEM_0939,301937,44.0,200.64000000000001,,2,1,1
2025-06,ITEM_0939,301937,50.0,460.0,,1,1,1
2025-07,ITEM_0939,301937,20.0,91.2,,1,1,1
2025-12,ITEM_0939,301937,34.0,1147.12,,2,2,1
2025-08,ITEM_0940,305125,2.0,1810.7,,2,1,1
2025-08,ITEM_0941,305854,31.0,2334.58,,4,1,1
2022-11,ITEM_0942,P003181,12.0,903.48,75.29,1,1,1
2023-01,ITEM_0943,P005650,2.0,901.95678,450.97839,1,1,1
2021-01,ITEM_0944,P004244,12.0,199.08,16.59,1,1,1
2021-03,ITEM_0944,P004244,12.0,199.08,16.59,1,1,1
2021-05,ITEM_0944,P004244,12.0,199.08,16.59,1,1,1
2021-06,ITEM_0944,P004244,18.0,277.38,15.41,2,2,1
2021-11,ITEM_0944,P004244,24.0,201.6,8.4,2,1,1
2022-02,ITEM_0944,P004244,18.0,151.56,8.42,3,3,1
2022-05,ITEM_0944,P004244,4.0,66.96,16.74,2,2,1
2022-08,ITEM_0944,P004244,18.0,348.12,19.34,3,3,1
2023-09,ITEM_0944,P004244,66.0,1798.24,25.227878954545456,3,3,1
2025-05,ITEM_0944,P004244,14.0,133.75,,2,2,1
2025-06,ITEM_0944,P004244,6.0,862.52,,1,1,1
2025-09,ITEM_0944,P004244,6.0,295.94,,2,1,1
2025-11,ITEM_0944,P004244,4.0,170.04,,1,1,1
2023-05,ITEM_0945,P006191,24.0,896.800008,37.366667,1,1,1
2025-12,ITEM_0946,300806,40.0,896.0,,1,1,1
2023-12,ITEM_0947,P008539,1.0,894.72,894.72,1,1,1
2021-09,ITEM_0948,P002245,27.5,894.432,32.5248,1,1,1
2021-03,ITEM_0950,P002491,12.0,890.4,74.2,1,1,1
2021-02,ITEM_0951,P000657,1.0,395.5,395.5,1,1,1
2021-03,ITEM_0951,P000657,1.0,397.0,397.0,1,1,1
2021-10,ITEM_0951,P000657,1.0,350.0,350.0,1,1,1
2023-02,ITEM_0951,P000657,1.0,890.0,890.0,1,1,1
2023-05,ITEM_0951,P000657,1.0,390.0,390.0,1,1,1
2021-03,ITEM_0954,P002187,1.0,885.388,885.388,1,1,1
2022-06,ITEM_0954,P002187,1.0,885.39,885.39,1,1,1
2023-10,ITEM_0955,P006340,1.0,880.32,880.32,1,1,1
2023-01,ITEM_0956,P007164,2.0,878.94,439.47,1,1,1
2023-01,ITEM_0957,P007165,2.0,878.94,439.47,1,1,1
2021-11,ITEM_0958,P004401,12.0,1749.24,129.0,2,2,1
2021-02,ITEM_0959,P000620,20.0,874.4,43.72,1,1,1
2021-04,ITEM_0959,P000620,5.0,218.6,43.72,1,1,1
2021-05,ITEM_0959,P000620,10.0,437.2,43.72,1,1,1
2021-06,ITEM_0959,P000620,5.0,217.1,43.42,1,1,1
2021-08,ITEM_0959,P000620,15.0,655.8,43.72,2,2,1
2021-11,ITEM_0959,P000620,10.0,437.2,43.72,1,1,1
2022-02,ITEM_0959,P000620,10.0,573.3199999999999,57.331999999999994,5,5,1
2022-04,ITEM_0959,P000620,5.0,240.0,48.0,1,1,1
2023-02,ITEM_0959,P000620,12.0,552.78,46.065,2,2,1
2023-05,ITEM_0959,P000620,5.0,177.5,35.5,1,1,1
2023-06,ITEM_0959,P000620,2.0,71.0,35.5,1,1,1
2023-08,ITEM_0959,P000620,10.0,355.0,35.5,1,1,1
2023-09,ITEM_0959,P000620,5.0,227.8,45.56,1,1,1
2025-12,ITEM_0959,P000620,5.0,115.36,,1,1,1
2023-01,ITEM_0960,P007163,2.0,870.84,435.42,1,1,1
2023-01,ITEM_0961,P007166,2.0,870.84,435.42,1,1,1
2023-05,ITEM_0962,P005872,2.0,810.0,405.0,1,1,1
2023-08,ITEM_0962,P005872,2.0,865.9926,432.9963,1,1,1
2021-05,ITEM_0963,P001185,160.0,864.0,5.4,1,1,1
2023-07,ITEM_0964,P006249,2.0,864.0,432.0,1,1,1
2021-11,ITEM_0966,P006326,2.0,1725.14,862.57,2,2,1
2022-08,ITEM_0966,P006326,1.0,688.43,688.43,1,1,1
2022-10,ITEM_0966,P006326,1.0,688.43,688.43,1,1,1
2023-08,ITEM_0966,P006326,3.0,35.5275,11.8425,1,1,1
2022-09,ITEM_0967,P005696,6.0,859.08,143.18,1,1,1
2023-05,ITEM_0967,P005696,12.0,662.4,55.20000000000001,1,1,1
2023-06,ITEM_0967,P005696,10.0,280.0,28.0,1,1,1
2025-03,ITEM_0967,P005696,6.0,168.0,,1,1,1
2021-01,ITEM_0969,P000610,2.0,12.0,6.0,1,1,1
2021-02,ITEM_0969,P000610,40.0,230.91,5.77275,4,4,1
2021-06,ITEM_0969,P000610,100.0,600.0,6.0,1,1,1
2021-12,ITEM_0969,P000610,120.0,907.08,7.559,2,2,1
2022-07,ITEM_0969,P000610,110.0,858.26,7.802364,1,1,1
2022-08,ITEM_0969,P000610,110.0,858.26,7.802364,1,1,1
2022-10,ITEM_0969,P000610,330.0,2574.0,7.8,5,5,1
2023-02,ITEM_0969,P000610,220.0,1716.0,7.8,4,4,1
2023-06,ITEM_0969,P000610,110.0,500.00005,4.545455,2,2,1
2023-07,ITEM_0969,P000610,100.0,785.0,7.85,1,1,1
2022-04,ITEM_0970,P000196,1.0,265.0,265.0,1,1,1
2023-10,ITEM_0970,P000196,3.0,855.0,285.0,1,1,1
2022-08,ITEM_0971,P004343,1.0,853.794,853.794,1,1,1
2021-08,ITEM_0973,P004600,1.0,850.0,850.0,1,1,1
2025-03,ITEM_0976,304929,2.0,801.15,,1,1,1
2025-04,ITEM_0976,304929,3.0,1201.73,,2,1,1
2025-07,ITEM_0976,304929,1.0,841.24,,1,1,1
2025-03,ITEM_0977,304930,2.0,801.15,,1,1,1
2025-04,ITEM_0977,304930,3.0,1201.74,,2,1,1
2025-07,ITEM_0977,304930,1.0,841.24,,1,1,1
2023-09,ITEM_0978,P006415,2.0,840.79,420.395,1,1,1
2022-04,ITEM_0979,P005501,2.0,839.12,419.56,1,1,1
2021-01,ITEM_0980,P000462,3.0,889.3499999999999,296.45,2,2,1
2021-04,ITEM_0980,P000462,1.0,235.89,235.89,1,1,1
2021-05,ITEM_0980,P000462,4.0,1431.92,357.98,2,1,1
2021-08,ITEM_0980,P000462,2.0,580.0,290.0,1,1,1
2023-02,ITEM_0980,P000462,2.0,550.0,275.0,1,1,1
2023-07,ITEM_0980,P000462,4.0,1190.6,297.65,2,2,1
2023-08,ITEM_0980,P000462,2.0,688.78,344.39,1,1,1
2023-10,ITEM_0980,P000462,2.0,590.0,295.0,1,1,1
2025-08,ITEM_0981,300783,6.0,838.62,,1,1,1
2021-04,ITEM_0982,P005807,2.0,837.72,358.0,1,1,1
2025-06,ITEM_0983,306034,6.0,837.16,,1,1,1
2023-06,ITEM_0985,P006217,1.0,836.039998,836.039998,1,1,1
2025-05,ITEM_0986,400061,1.0,70.72,,1,1,1
2025-06,ITEM_0986,400061,5.0,835.12,,1,1,1
2023-12,ITEM_0988,P006528,1.0,834.581,758.71,1,1,1
2025-03,ITEM_0989,304690,1.0,833.85,,1,1,1
2023-06,ITEM_0990,P007908,2.0,832.6,416.302,1,1,1
2022-04,ITEM_0991,P005492,18.0,14.4,0.8,1,1,1
2023-10,ITEM_0991,P005492,550.0,882.5,1.6045454545454545,2,1,1
2023-11,ITEM_0991,P005492,2.0,1.6,0.8,1,1,1
2023-01,ITEM_0992,P005629,1.0,831.57839,831.57839,1,1,1
2022-11,ITEM_0993,P003180,6.0,825.9,137.65,1,1,1
2023-07,ITEM_0994,PS00019,1.0,720.0,720.0,1,1,1
2023-08,ITEM_0994,PS00019,1.0,820.0,820.0,1,1,1
2022-05,ITEM_0996,P002302,2.0,819.9,409.95,1,1,1
2022-11,ITEM_0997,P006632,12.0,818.88,68.24,1,1,1
2024-10,ITEM_0998,300733,4.0,817.87,,1,1,1
2023-07,ITEM_0999,P003861,4.0,112.136,26.2,1,1,1
2023-10,ITEM_0999,P003861,4.0,117.36,29.34,1,1,1
2023-11,ITEM_0999,P003861,4.0,816.32,204.08,1,1,1
2021-04,ITEM_1000,P005771,6.0,301.38,50.23,1,1,1
2021-06,ITEM_1000,P005771,6.0,273.18,45.53,1,1,1
2022-03,ITEM_1000,P005771,5.0,297.6,59.52,1,1,1
2022-08,ITEM_1000,P005771,8.0,544.0,68.0,1,1,1
2022-10,ITEM_1000,P005771,9.0,146.97,16.33,1,1,1
2022-12,ITEM_1000,P005771,4.0,272.0,68.0,1,1,1
2023-08,ITEM_1000,P005771,1.0,68.5,68.5,1,1,1
2023-10,ITEM_1000,P005771,16.0,1088.0,68.0,2,2,1
2024-01,ITEM_1001,400006,120.0,816.0,,1,1,1
2024-03,ITEM_1001,400006,80.0,544.13,,1,1,1
2024-07,ITEM_1002,304260,275.0,815.99,,1,1,1
2025-06,ITEM_1002,304260,8.0,249.74,,1,1,1
2021-05,ITEM_1003,P005211,4.0,1083.264,270.816,2,1,1
2021-11,ITEM_1004,P003641,6.0,2434.02,359.0,3,3,1
2025-04,ITEM_1004,P003641,1.0,428.67,,1,1,1
2023-05,ITEM_1005,P007880,2.0,808.48,404.24,1,1,1
2022-09,ITEM_1006,P005684,2.0,808.36,404.18,1,1,1
2025-06,ITEM_1007,305275,1.0,807.77,,1,1,1
2021-05,ITEM_1008,P000353,1.0,35.0,35.0,1,1,1
2022-04,ITEM_1008,P000353,1.0,40.0,40.0,1,1,1
2022-06,ITEM_1008,P000353,1.0,12.0,12.0,1,1,1
2022-11,ITEM_1008,P000353,1.0,50.05,50.05,1,1,1
2023-02,ITEM_1008,P000353,3.0,1646.38,548.7933333333334,3,2,1
2023-03,ITEM_1008,P000353,1.0,26.719,26.719,1,1,1
2023-04,ITEM_1008,P000353,1.0,40.0,40.0,1,1,1
2023-08,ITEM_1008,P000353,1.0,26.87,26.87,1,1,1
2023-09,ITEM_1008,P000353,1.0,40.0,40.0,1,1,1
2022-01,ITEM_1010,P006414,2.0,804.38,402.19,1,1,1
2022-07,ITEM_1010,P006414,1.0,464.56,464.56,1,1,1
2023-03,ITEM_1010,P006414,1.0,473.81,473.81,1,1,1
2023-09,ITEM_1010,P006414,1.0,542.87,542.87,1,1,1
2025-07,ITEM_1010,P006414,1.0,44.05,,1,1,1
2025-08,ITEM_1011,305814,7.0,800.14,,1,1,1
2025-07,ITEM_1012,302109,4.0,1327.77,,2,1,1
2025-06,ITEM_1013,305976,6.0,798.68,,1,1,1
2025-08,ITEM_1013,305976,8.0,27.68,,2,1,1
2023-01,ITEM_1015,P007178,1.0,796.75,796.75,1,1,1
2021-09,ITEM_1016,P005226,2.0,795.0,397.5,1,1,1
2022-06,ITEM_1017,P000192,3.0,795.0,265.0,1,1,1
2023-07,ITEM_1019,P003875,24.0,169.488,6.599999999999999,1,1,1
2023-10,ITEM_1019,P003875,24.0,177.36,7.39,1,1,1
2023-11,ITEM_1019,P003875,24.0,792.040008,33.001667,1,1,1
2021-02,ITEM_1020,P002442,4.0,450.72,112.68,1,1,1
2021-08,ITEM_1020,P002442,1.0,118.31,118.31,1,1,1
2021-10,ITEM_1020,P002442,6.0,709.86,118.31,1,1,1
2022-02,ITEM_1020,P002442,1.0,565.646,565.646,1,1,1
2022-04,ITEM_1020,P002442,2.0,239.47,119.735,1,1,1
2023-03,ITEM_1020,P002442,2.0,263.34,131.67,1,1,1
2023-05,ITEM_1020,P002442,3.0,927.19,309.063334,2,2,1
2023-09,ITEM_1020,P002442,7.0,1438.47,205.49571428571429,2,2,1
2023-10,ITEM_1020,P002442,4.0,513.0,128.25,1,1,1
2023-12,ITEM_1020,P002442,3.0,384.75,128.25,1,1,1
2021-04,ITEM_1021,P004443,2.0,1580.0,790.0,2,1,1
2024-04,ITEM_1023,304020,30.0,1076.92,,2,2,1
2021-04,ITEM_1024,P000123,12.0,787.5855,65.632125,1,1,1
2022-04,ITEM_1024,P000123,6.0,356.58,59.43,1,1,1
2022-05,ITEM_1024,P000123,4.0,237.72,59.43,1,1,1
2022-06,ITEM_1024,P000123,4.0,283.24,70.81,1,1,1
2023-05,ITEM_1024,P000123,5.0,364.0,72.8,1,1,1
2025-04,ITEM_1025,400001,5.0,382.45,,1,1,1
2025-06,ITEM_1025,400001,8.0,787.56,,1,1,1
2025-10,ITEM_1025,400001,8.0,16.48,,1,1,1
2025-11,ITEM_1025,400001,5.0,232.74,,1,1,1
2021-01,ITEM_1027,P000883,2.0,135.52,67.76,1,1,1
2021-08,ITEM_1027,P000883,2.0,182.5,91.25,1,1,1
2021-09,ITEM_1027,P000883,3.0,273.75,91.25,1,1,1
2022-02,ITEM_1027,P000883,1.0,75.0,75.0,1,1,1
2022-03,ITEM_1027,P000883,2.0,158.76,79.38,2,2,1
2022-05,ITEM_1027,P000883,4.0,784.0,196.0,1,1,1
2022-06,ITEM_1027,P000883,2.0,392.0,196.0,1,1,1
2022-12,ITEM_1027,P000883,2.0,35.2,17.6,1,1,1
2023-03,ITEM_1027,P000883,2.0,413.92,206.96,1,1,1
2023-07,ITEM_1027,P000883,1.0,210.61,210.61,1,1,1
2023-08,ITEM_1027,P000883,2.0,413.92,206.96,2,1,1
2023-11,ITEM_1027,P000883,1.0,210.61,210.61,1,1,1
2022-09,ITEM_1028,P004460,1.0,783.4,783.4,1,1,1
2025-12,ITEM_1029,306877,8.0,781.19,,1,1,1
2021-04,ITEM_1030,P003979,2.0,780.0,390.0,1,1,1
2021-04,ITEM_1031,P004489,2.0,780.0,390.0,1,1,1
2022-02,ITEM_1032,P000125,36.0,448.139988,12.448333,1,1,1
2022-04,ITEM_1032,P000125,5.0,780.0,156.0,1,1,1
2022-05,ITEM_1032,P000125,3.0,468.0,156.0,1,1,1
2022-04,ITEM_1033,P003075,12.0,780.0,65.0,1,1,1
2024-07,ITEM_1034,303944,6.0,780.0,,1,1,1
2025-06,ITEM_1036,306312,16.0,777.93,,1,1,1
2025-05,ITEM_1037,400010,13.0,777.5,,1,1,1
2025-09,ITEM_1037,400010,3.0,179.42,,1,1,1
2024-10,ITEM_1038,303121,40.0,2.55,,1,1,1
2025-02,ITEM_1038,303121,2.0,776.7,,1,1,1
2021-01,ITEM_1039,P005064,12.0,581.52,48.46,1,1,1
2021-02,ITEM_1039,P005064,8.0,387.68,48.46,1,1,1
2021-05,ITEM_1039,P005064,16.0,775.36,48.46,1,1,1
2021-10,ITEM_1039,P005064,12.0,587.28,48.94,1,1,1
2022-02,ITEM_1039,P005064,24.0,1174.56,48.94,2,2,1
2023-09,ITEM_1039,P005064,8.0,494.45,57.2275,1,1,1
2025-04,ITEM_1039,P005064,4.0,102.77,,1,1,1
2025-05,ITEM_1039,P005064,7.0,179.85,,2,2,1
2025-09,ITEM_1039,P005064,16.0,363.17,,2,2,1
2025-10,ITEM_1039,P005064,4.0,196.22,,1,1,1
2025-12,ITEM_1039,P005064,4.0,149.36,,1,1,1
2025-05,ITEM_1040,400099,24.0,286.41,,1,1,1
2025-09,ITEM_1040,400099,24.0,878.4,,2,1,1
2025-06,ITEM_1041,306031,6.0,773.47,,1,1,1
2025-08,ITEM_1041,306031,4.0,608.08,,2,1,1
2025-08,ITEM_1042,306212,11.0,1416.07,,2,1,1
2025-06,ITEM_1043,306313,16.0,771.49,,1,1,1
2021-03,ITEM_1044,P005362,14.0,771.4,55.1,1,1,1
2021-07,ITEM_1046,P005279,1.0,711.0,711.0,1,1,1
2025-06,ITEM_1046,P005279,2.0,768.73,,1,1,1
2021-03,ITEM_1047,P000633,4.0,382.45,95.6125,3,3,1
2021-04,ITEM_1047,P000633,2.0,257.4,128.7,1,1,1
2021-07,ITEM_1047,P000633,1.0,203.4,203.4,1,1,1
2021-08,ITEM_1047,P000633,2.0,361.6,180.8,1,1,1
2022-02,ITEM_1047,P000633,4.0,346.0,86.5,2,2,1
2022-04,ITEM_1047,P000633,2.0,318.6,159.3,1,1,1
2022-05,ITEM_1047,P000633,1.0,159.3,159.3,1,1,1
2022-07,ITEM_1047,P000633,1.0,247.5,247.5,1,1,1
2023-04,ITEM_1047,P000633,5.0,471.529999,94.3059998,3,2,1
2023-07,ITEM_1047,P000633,3.0,576.3,192.1,1,1,1
2023-08,ITEM_1047,P000633,5.0,768.4,153.68,1,1,1
2023-10,ITEM_1047,P000633,2.0,391.0,195.5,1,1,1
2025-06,ITEM_1049,900630,4.0,767.0,,1,1,1
2024-05,ITEM_1051,303235,1.0,765.14,,1,1,1
2023-04,ITEM_1052,P003362,300.0,765.0,2.55,1,1,1
2023-05,ITEM_1052,P003362,130.0,332.8,2.56,1,1,1
2024-09,ITEM_1053,900172,2.0,765.0,,1,1,1
2023-05,ITEM_1054,P006128,36.0,763.2,21.2,1,1,1
2021-06,ITEM_1055,P005285,4.0,760.0,190.0,1,1,1
2025-06,ITEM_1056,300926,8.0,13.05,,1,1,1
2025-07,ITEM_1056,300926,20.0,72.46,,2,1,1
2025-08,ITEM_1056,300926,12.0,760.0,,1,1,1
2025-04,ITEM_1058,303065,4.0,175.34,,1,1,1
2025-07,ITEM_1058,303065,6.0,758.33,,1,1,1
2025-08,ITEM_1059,305045,1.0,757.88,,1,1,1
2021-07,ITEM_1060,P001288,1.0,110.5,110.5,1,1,1
2022-01,ITEM_1060,P001288,4.0,652.68,163.17,1,1,1
2023-03,ITEM_1060,P001288,12.0,1492.26,124.355,2,2,1
2023-09,ITEM_1060,P001288,3.0,373.08,124.36,1,1,1
2023-12,ITEM_1060,P001288,5.0,756.525,151.305,1,1,1
2021-02,ITEM_1061,P002366,18.0,233.7,12.9833,1,1,1
2021-03,ITEM_1061,P002366,6.0,167.500002,27.916667,1,1,1
2021-04,ITEM_1061,P002366,36.0,755.88,20.99666,1,1,1
2021-05,ITEM_1061,P002366,18.0,480.000006,26.666667,1,1,1
2022-09,ITEM_1061,P002366,24.0,580.099992,24.170833,1,1,1
2023-04,ITEM_1061,P002366,24.0,415.570008,17.315417,1,1,1
2023-05,ITEM_1061,P002366,18.0,383.999994,21.333333,1,1,1
2023-06,ITEM_1061,P002366,6.0,108.09,18.015833,1,1,1
2023-11,ITEM_1061,P002366,6.0,122.79,20.465,1,1,1
2025-07,ITEM_1061,P002366,18.0,1560.81,,4,2,1
2025-08,ITEM_1061,P002366,15.0,999.53,,2,1,1
2023-10,ITEM_1062,P006547,6.0,755.28,125.88,1,1,1
2021-11,ITEM_1063,P002298,30.0,750.0,25.0,1,1,1
2025-07,ITEM_1064,306144,1.0,750.0,,1,1,1
2021-02,ITEM_1065,P005585,1.0,136.84,136.84,1,1,1
2022-04,ITEM_1065,P005585,2.0,288.82,144.41,2,2,1
2022-05,ITEM_1065,P005585,17.0,749.7,44.1,1,1,1
2024-04,ITEM_1066,304294,10.0,316.2,,1,1,1
2024-07,ITEM_1066,304294,12.0,6.56,,1,1,1
2025-09,ITEM_1066,304294,1.0,159.91,,1,1,1
2025-10,ITEM_1066,304294,1.0,6.0,,1,1,1
2025-12,ITEM_1066,304294,1.0,749.25,,1,1,1
2023-03,ITEM_1067,P007291,14.0,746.2,53.3,1,1,1
2023-05,ITEM_1067,P007291,14.0,746.2,53.3,1,1,1
2023-08,ITEM_1068,P008026,2.0,1490.84,745.42425,2,2,1
2021-03,ITEM_1069,P003890,1.0,92.89,92.888,1,1,1
2022-06,ITEM_1069,P003890,1.0,111.0,111.0,1,1,1
2022-08,ITEM_1069,P003890,1.0,118.0,118.0,1,1,1
2023-02,ITEM_1069,P003890,9.0,1124.01,124.89027777777778,3,3,1
2023-03,ITEM_1069,P003890,2.0,190.0,95.0,2,2,1
2023-06,ITEM_1069,P003890,2.0,190.0,95.0,1,1,1
2023-07,ITEM_1069,P003890,2.0,141.24,66.0,1,1,1
2023-10,ITEM_1069,P003890,2.0,147.84,73.92,1,1,1
2023-11,ITEM_1069,P003890,2.0,339.24,169.62,1,1,1
2024-07,ITEM_1070,304350,10.0,740.42,,1,1,1
2024-10,ITEM_1072,300724,2.0,738.08,,1,1,1
2025-04,ITEM_1075,306161,6.0,735.0,,1,1,1
2023-05,ITEM_1076,P005697,6.0,733.68,122.28000000000002,1,1,1
2023-06,ITEM_1076,P005697,5.0,170.0,34.0,1,1,1
2023-08,ITEM_1078,P001680,1.0,732.65,732.65,1,1,1
2021-12,ITEM_1079,P004169,12.0,731.46,60.955000000000005,1,1,1
2023-12,ITEM_1080,P008551,100.0,731.0,7.31,1,1,1
2024-10,ITEM_1081,400000,10.0,299.15,,1,1,1
2025-01,ITEM_1081,400000,3.0,1094.1,,2,1,1
2025-03,ITEM_1081,400000,2.0,729.96,,1,1,1
2022-11,ITEM_1082,P003201,50.0,729.5,14.59,1,1,1
2024-10,ITEM_1083,305201,1.0,729.4,,1,1,1
2021-11,ITEM_1084,P005321,5.0,725.45,145.09,1,1,1
2023-04,ITEM_1085,P003214,8.0,724.72,90.59,1,1,1
2025-06,ITEM_1086,400088,8.0,306.61,,1,1,1
2025-12,ITEM_1086,400088,16.0,723.1,,1,1,1
2025-11,ITEM_1087,301055,53.0,728.79,,4,3,1
2025-12,ITEM_1087,301055,18.0,6.82,,1,1,1
2021-05,ITEM_1088,P005209,4.0,720.86,180.215,1,1,1
2021-05,ITEM_1089,P005882,1.0,720.0,720.0,1,1,1
2021-05,ITEM_1090,P005070,2.0,490.0,245.0,1,1,1
2021-09,ITEM_1090,P005070,3.0,720.0,240.0,1,1,1
2021-11,ITEM_1090,P005070,3.0,720.0,240.0,1,1,1
2021-11,ITEM_1091,P001563,20.0,720.0,36.0,1,1,1
2023-06,ITEM_1092,P007891,4.0,718.36,179.59,1,1,1
2023-10,ITEM_1092,P007891,2.0,359.18,179.59,1,1,1
2024-07,ITEM_1093,304585,1.0,715.5,,1,1,1
2022-05,ITEM_1094,P002843,1.0,715.183,715.183,1,1,1
2024-07,ITEM_1098,304586,15.0,714.0,,1,1,1
2021-03,ITEM_1099,P004065,1.0,602.83,602.83,1,1,1
2023-07,ITEM_1099,P004065,1.0,713.52,713.517,1,1,1
2021-09,ITEM_1102,P000839,1.0,710.0,710.0,1,1,1
2023-11,ITEM_1103,P008211,4.0,1400.54,321.225,2,2,1
2023-05,ITEM_1104,P006049,45.0,703.53459,15.634102,1,1,1
2022-11,ITEM_1106,P007026,1.0,702.5,702.5,1,1,1
2023-07,ITEM_1107,P003878,12.0,670.248,52.20000000000001,1,1,1
2023-10,ITEM_1107,P003878,12.0,701.52,58.46,1,1,1
2023-11,ITEM_1107,P003878,12.0,220.48,18.373333,1,1,1
2023-05,ITEM_1108,P006200,2.0,700.68,350.34,1,1,1
2022-09,ITEM_1109,P005688,1.0,699.745,699.745,1,1,1
2022-09,ITEM_1110,P005689,1.0,699.745,699.745,1,1,1
2023-07,ITEM_1112,P003803,2.0,108.07,50.5,1,1,1
2023-10,ITEM_1112,P003803,2.0,113.12,56.56,1,1,1
2023-11,ITEM_1112,P003803,2.0,699.68,349.84,1,1,1
2025-07,ITEM_1113,400164,16.0,698.22,,1,1,1
2023-02,ITEM_1116,P004678,4.0,696.0,174.0,1,1,1
2023-03,ITEM_1117,P007299,12.0,695.04,57.919999999999995,1,1,1
2023-05,ITEM_1117,P007299,12.0,695.04,57.919999999999995,1,1,1
2024-03,ITEM_1118,304035,10.0,694.88,,1,1,1
2022-07,ITEM_1120,P006978,3.0,690.0,230.0,1,1,1
2021-08,ITEM_1121,P000418,12.0,180.0,15.0,1,1,1
2023-08,ITEM_1121,P000418,24.0,300.0,12.5,1,1,1
2023-10,ITEM_1121,P000418,72.0,891.6,12.383333333333333,2,2,1
2025-02,ITEM_1122,303863,6.0,688.57,,1,1,1
2023-05,ITEM_1123,P006022,3.0,688.340001,229.44666700000002,1,1,1
2023-05,ITEM_1124,P006023,3.0,688.340001,229.44666700000002,1,1,1
2023-05,ITEM_1125,P006025,3.0,688.340001,229.44666700000002,1,1,1
2023-05,ITEM_1126,P006030,3.0,688.340001,229.44666700000002,1,1,1
2021-02,ITEM_1127,P002368,30.0,112.75,3.75833,1,1,1
2021-04,ITEM_1127,P002368,48.0,224.4,4.675,1,1,1
2021-05,ITEM_1127,P002368,120.0,655.92396,5.466033,1,1,1
2021-09,ITEM_1127,P002368,66.0,396.87906,6.013319090909091,2,2,1
2022-01,ITEM_1127,P002368,6.0,36.08004,6.01334,1,1,1
2022-02,ITEM_1127,P002368,120.0,686.52,5.721,1,1,1
2022-06,ITEM_1127,P002368,24.0,135.61,5.650417,1,1,1
2022-08,ITEM_1127,P002368,72.0,386.860032,5.373056,1,1,1
2022-09,ITEM_1127,P002368,60.0,322.38,5.373,1,1,1
2022-11,ITEM_1127,P002368,72.0,364.9,5.068056,1,1,1
2023-02,ITEM_1127,P002368,48.0,243.27,5.068125,1,1,1
2023-04,ITEM_1127,P002368,42.0,151.349982,3.603571,1,1,1
2023-07,ITEM_1127,P002368,48.0,160.620012,3.34625025,2,1,1
2023-11,ITEM_1128,P008233,2.0,685.13,314.28,1,1,1
2024-09,ITEM_1129,300894,10.0,684.8,,1,1,1
2023-06,ITEM_1131,P006138,4.0,681.600001,170.4,1,1,1
2023-12,ITEM_1133,P008540,1.0,680.15,680.15,1,1,1
2021-01,ITEM_1134,P000950,40.0,118.58,2.9645,1,1,1
2021-02,ITEM_1134,P000950,50.0,190.0,3.8,1,1,1
2021-03,ITEM_1134,P000950,30.0,131.1,4.37,1,1,1
2021-05,ITEM_1134,P000950,50.0,119.35,2.387,1,1,1
2021-07,ITEM_1134,P000950,100.0,212.5,2.125,1,1,1
2021-08,ITEM_1134,P000950,100.0,246.4,2.464,1,1,1
2022-03,ITEM_1134,P000950,200.0,680.0,3.4,1,1,1
2023-03,ITEM_1134,P000950,50.0,181.0,3.62,1,1,1
2023-06,ITEM_1134,P000950,15.0,48.51,3.234,1,1,1
2023-09,ITEM_1134,P000950,230.0,782.0,3.4,2,2,1
2023-03,ITEM_1135,P007379,1.0,680.0,680.0,1,1,1
2024-03,ITEM_1136,303068,80.0,680.0,,1,1,1
2021-05,ITEM_1137,P005150,3.0,154.77300000000002,51.59100000000001,2,2,1
2021-12,ITEM_1137,P005150,10.0,393.5,39.35,1,1,1
2022-01,ITEM_1137,P005150,2.0,78.7,39.35,1,1,1
2022-02,ITEM_1137,P005150,9.0,354.15000000000003,39.35,2,2,1
2022-03,ITEM_1137,P005150,7.0,275.45,39.35,1,1,1
2022-08,ITEM_1137,P005150,6.0,272.7,45.45000000000001,1,1,1
2022-10,ITEM_1137,P005150,6.0,272.7,45.45000000000001,1,1,1
2023-02,ITEM_1137,P005150,10.0,463.8,46.38,1,1,1
2023-09,ITEM_1137,P005150,13.0,677.12,48.227692,1,1,1
2025-05,ITEM_1137,P005150,3.0,88.78,,1,1,1
2025-08,ITEM_1137,P005150,5.0,14.2,,1,1,1
2025-09,ITEM_1137,P005150,4.0,504.6,,1,1,1
2021-04,ITEM_1139,P000012,20.0,247.0,12.35,1,1,1
2022-02,ITEM_1139,P000012,15.0,270.0,18.0,1,1,1
2023-08,ITEM_1139,P000012,65.0,1060.16,16.31015384615385,4,1,1
2023-11,ITEM_1141,P008208,56.0,1170.05,19.16857142857143,2,2,1
2021-03,ITEM_1142,P001677,24.0,497.4,20.725,1,1,1
2021-04,ITEM_1142,P001677,24.0,528.576,22.024,1,1,1
2023-08,ITEM_1142,P001677,38.0,671.050018,17.659211,1,1,1
2021-09,ITEM_1143,P005229,2.0,670.52,335.26,1,1,1
2023-03,ITEM_1144,P007294,12.0,670.08,55.84,1,1,1
2023-05,ITEM_1144,P007294,12.0,670.08,55.84,1,1,1
2021-01,ITEM_1145,P001233,1.0,669.6429,669.6429,1,1,1
2022-04,ITEM_1146,P000193,6.0,668.58,111.43,1,1,1
2022-12,ITEM_1146,P000193,4.0,683.4300000000001,170.85750000000002,2,1,1
2022-03,ITEM_1147,P002958,18.0,140.22,7.79,1,1,1
2022-11,ITEM_1147,P002958,96.0,667.070016,6.948646,1,1,1
2023-04,ITEM_1147,P002958,24.0,125.389992,5.224583,1,1,1
2024-05,ITEM_1148,303227,4.0,666.33,,1,1,1
2024-02,ITEM_1149,303966,10.0,665.76,,1,1,1
2021-06,ITEM_1150,P000322,80.0,664.0,8.3,1,1,1
2024-03,ITEM_1151,400055,100.0,662.34,,1,1,1
2025-09,ITEM_1152,900713,1.0,662.0,,1,1,1
2022-04,ITEM_1153,P000624,1.0,3.0,3.0,1,1,1
2023-02,ITEM_1153,P000624,1.0,4.93,4.928,1,1,1
2025-09,ITEM_1153,P000624,1.0,660.0,,1,1,1
2023-04,ITEM_1154,P005876,1.0,590.0,590.0,1,1,1
2023-09,ITEM_1154,P005876,1.0,658.45,658.45,1,1,1
2022-04,ITEM_1155,P006458,2.0,657.46,328.73,1,1,1
2021-03,ITEM_1156,P001342,20.0,392.0,19.6,1,1,1
2022-02,ITEM_1156,P001342,15.0,342.59999999999997,22.839999999999996,5,5,1
2022-06,ITEM_1156,P001342,30.0,654.0,21.8,1,1,1
2022-07,ITEM_1156,P001342,20.0,448.8,22.44,1,1,1
2022-08,ITEM_1156,P001342,5.0,112.0,22.4,1,1,1
2022-10,ITEM_1156,P001342,25.0,560.0,22.4,1,1,1
2022-11,ITEM_1156,P001342,3.0,69.6,23.2,1,1,1
2023-02,ITEM_1156,P001342,10.0,224.0,22.4,1,1,1
2023-03,ITEM_1156,P001342,2.0,44.8,22.4,1,1,1
2023-07,ITEM_1156,P001342,20.0,250.0,12.5,1,1,1
2023-08,ITEM_1156,P001342,20.0,387.6,19.38,1,1,1
2023-09,ITEM_1156,P001342,25.0,484.5,19.38,2,2,1
2024-08,ITEM_1157,304165,10.0,653.72,,1,1,1
2025-08,ITEM_1157,304165,1.0,299.0,,1,1,1
2025-06,ITEM_1158,305975,6.0,653.07,,1,1,1
2023-12,ITEM_1159,P008482,1.0,652.47,652.47,1,1,1
2021-10,ITEM_1160,P000339,100.0,296.07,2.9607,1,1,1
2022-06,ITEM_1160,P000339,100.0,278.32,2.7832,1,1,1
2022-08,ITEM_1160,P000339,200.0,652.26,3.2613,1,1,1
2023-06,ITEM_1160,P000339,50.0,223.3,4.466,1,1,1
2023-08,ITEM_1160,P000339,200.0,443.52,2.2176,1,1,1
2023-06,ITEM_1161,P007846,5.0,650.95,130.19,1,1,1
2024-07,ITEM_1162,400048,4.0,650.65,,1,1,1
2024-11,ITEM_1162,400048,1.0,650.65,,1,1,1
2024-04,ITEM_1163,304243,20.0,650.58,,1,1,1
2021-01,ITEM_1164,P004658,1.0,650.0,650.0,1,1,1
2023-10,ITEM_1164,P004658,1.0,650.0,650.0,1,1,1
2021-04,ITEM_1165,P001246,1.0,73.71,73.71,1,1,1
2025-09,ITEM_1165,P001246,10.0,650.0,,1,1,1
2023-05,ITEM_1166,P006024,4.0,648.32,162.08,1,1,1
2023-05,ITEM_1167,P006026,4.0,648.32,162.08,1,1,1
2025-02,ITEM_1168,305931,1.0,648.0,,1,1,1
2025-06,ITEM_1169,306019,7.0,646.76,,1,1,1
2025-09,ITEM_1170,306376,6.0,646.11,,1,1,1
2024-03,ITEM_1171,301381,300.0,645.75,,1,1,1
2024-04,ITEM_1171,301381,100.0,215.25,,1,1,1
2021-03,ITEM_1172,P005731,2.0,1132.5,566.25,2,1,1
2022-07,ITEM_1172,P005731,1.0,645.0,645.0,1,1,1
2023-05,ITEM_1172,P005731,5.0,14.85,2.97,1,1,1
2021-04,ITEM_1174,P003443,4.0,792.87,198.2175,2,1,1
2021-05,ITEM_1175,P005207,150.0,642.49995,4.283333,1,1,1
2022-11,ITEM_1176,P006682,6.0,642.36,107.06,1,1,1
2023-06,ITEM_1177,P006218,1.0,640.930004,640.930004,1,1,1
2021-06,ITEM_1178,P004775,1.0,264.0,264.0,1,1,1
2022-03,ITEM_1178,P004775,1.0,640.89,640.89,1,1,1
2022-07,ITEM_1180,P006873,2.0,640.0,320.0,1,1,1
2023-01,ITEM_1180,P006873,2.0,640.0,320.0,1,1,1
2022-08,ITEM_1181,P000463,2.0,640.0,320.0,1,1,1
2023-06,ITEM_1184,P006210,1.0,639.519,639.519,1,1,1
2021-01,ITEM_1185,P000439,24.0,21.560000000000002,0.8985,3,3,1
2021-02,ITEM_1185,P000439,63.0,59.957998,0.9516507619047619,8,5,1
2021-03,ITEM_1185,P000439,7.0,6.38,0.9108571428571428,2,2,1
2021-04,ITEM_1185,P000439,20.0,17.0,0.85,3,3,1
2021-06,ITEM_1185,P000439,22.0,16.699998,0.758909,3,3,1
2021-07,ITEM_1185,P000439,2.0,2.3,1.15,1,1,1
2021-08,ITEM_1185,P000439,40.0,31.880004,0.7970001,4,3,1
2021-09,ITEM_1185,P000439,16.0,14.01,0.8755,3,3,1
2021-10,ITEM_1185,P000439,24.0,17.856,0.7440000000000001,1,1,1
2021-11,ITEM_1185,P000439,26.0,22.35,0.8596153846153847,2,2,1
2021-12,ITEM_1185,P000439,6.0,6.45,1.075,2,2,1
2022-03,ITEM_1185,P000439,14.0,13.739999999999998,0.9802857142857142,7,7,1
2022-04,ITEM_1185,P000439,42.0,42.016,1.0003809523809526,3,2,1
2022-05,ITEM_1185,P000439,34.0,37.5,1.1029411764705883,3,2,1
2022-06,ITEM_1185,P000439,8.0,7.4900020000000005,0.9362502500000001,2,1,1
2022-07,ITEM_1185,P000439,6.0,6.68,1.11325,2,2,1
2022-08,ITEM_1185,P000439,10.0,9.12,0.9120000000000001,1,1,1
2022-09,ITEM_1185,P000439,10.0,10.6,1.06,1,1,1
2022-10,ITEM_1185,P000439,6.0,6.7,1.1165,1,1,1
2022-11,ITEM_1185,P000439,28.0,30.93,1.104642857142857,5,4,1
2023-01,ITEM_1185,P000439,6.0,5.47,0.912,1,1,1
2023-02,ITEM_1185,P000439,31.0,32.876,1.0605806451612902,4,4,1
2023-03,ITEM_1185,P000439,24.0,30.0,1.25,2,2,1
2023-04,ITEM_1185,P000439,6.0,6.6,1.1,1,1,1
2023-05,ITEM_1185,P000439,13.0,12.87,0.9900000000000001,2,2,1
2023-06,ITEM_1185,P000439,44.0,51.03,1.1597727272727274,4,4,1
2023-08,ITEM_1185,P000439,46.0,43.739999999999995,0.9508696086956523,4,4,1
2023-09,ITEM_1185,P000439,27.0,33.979992,1.2585182222222224,2,2,1
2023-10,ITEM_1185,P000439,30.0,38.56,1.285,4,4,1
2023-11,ITEM_1185,P000439,25.0,28.479998000000002,1.1388399200000001,4,4,1
2025-05,ITEM_1185,P000439,12.0,12.14,,3,3,1
2025-06,ITEM_1185,P000439,6.0,1.28,,1,1,1
2025-08,ITEM_1185,P000439,4.0,450.0,,1,1,1
2025-12,ITEM_1185,P000439,4.0,638.55,,1,1,1
2023-06,ITEM_1186,P006222,1.0,636.7125,636.7125,1,1,1
2022-03,ITEM_1187,P005084,3.0,1909.87,558.4477479999999,3,3,1
2021-05,ITEM_1188,P000414,4.0,38.5,9.625,1,1,1
2021-07,ITEM_1188,P000414,4.0,26.0,6.5,1,1,1
2021-08,ITEM_1188,P000414,5.0,48.15,9.63,1,1,1
2021-10,ITEM_1188,P000414,4.0,60.0,15.0,1,1,1
2021-11,ITEM_1188,P000414,3.0,45.0,15.0,1,1,1
2023-03,ITEM_1188,P000414,40.0,634.48,15.862,1,1,1
2023-10,ITEM_1188,P000414,12.0,174.0,14.5,1,1,1
2023-11,ITEM_1188,P000414,12.0,174.0,14.5,1,1,1
2023-12,ITEM_1188,P000414,8.0,80.0,10.0,1,1,1
2024-03,ITEM_1190,301653,60.0,109.2,,1,1,1
2024-06,ITEM_1190,301653,41.0,57.2,,2,2,1
2024-09,ITEM_1190,301653,66.0,894.74,,4,1,1
2024-09,ITEM_1191,304908,1.0,630.82,,1,1,1
2024-09,ITEM_1192,300886,5.0,630.71,,1,1,1
2021-03,ITEM_1194,P000374,6.0,630.0,105.0,1,1,1
2021-11,ITEM_1194,P000374,4.0,342.84,85.71,2,1,1
2022-01,ITEM_1194,P000374,1.0,105.0,105.0,1,1,1
2022-03,ITEM_1194,P000374,1.0,105.0,105.0,1,1,1
2022-05,ITEM_1194,P000374,5.0,480.0,96.0,2,1,1
2023-05,ITEM_1194,P000374,6.0,630.0,105.0,1,1,1
2023-07,ITEM_1194,P000374,6.0,630.0,105.0,1,1,1
2025-03,ITEM_1194,P000374,2.0,210.0,,1,1,1
2025-04,ITEM_1194,P000374,3.0,315.0,,1,1,1
2025-09,ITEM_1194,P000374,3.0,315.0,,1,1,1
2021-03,ITEM_1195,P000935,30.0,629.7,20.99,1,1,1
2021-05,ITEM_1195,P000935,15.0,308.34,20.555999999999997,2,2,1
2021-07,ITEM_1195,P000935,15.0,367.5,24.5,1,1,1
2021-12,ITEM_1195,P000935,12.0,294.0,24.5,1,1,1
2022-04,ITEM_1195,P000935,6.0,156.0,26.0,1,1,1
2022-05,ITEM_1195,P000935,6.0,142.53,23.754499999999997,1,1,1
2023-09,ITEM_1196,P006419,2.0,628.96,314.48,1,1,1
2023-05,ITEM_1197,P006028,3.0,628.340001,209.44666700000002,1,1,1
2023-07,ITEM_1198,P003860,7.0,308.588,41.2,1,1,1
2023-10,ITEM_1198,P003860,7.0,322.98,46.14,1,1,1
2023-11,ITEM_1198,P003860,7.0,627.79,89.684286,1,1,1
2023-07,ITEM_1199,P003867,24.0,313.296,12.199999999999998,1,1,1
2023-10,ITEM_1199,P003867,24.0,327.84,13.660000000000002,1,1,1
2023-11,ITEM_1199,P003867,24.0,625.720008,26.071667,1,1,1
2023-03,ITEM_1200,P007205,1.0,625.54,625.54,1,1,1
2024-06,ITEM_1201,300966,2.4,520.0,,1,1,1
2024-07,ITEM_1201,300966,3.6,624.6,,1,1,1
2024-07,ITEM_1202,302111,100.0,123.2,,1,1,1
2024-08,ITEM_1202,302111,40.0,623.04,,1,1,1
2025-07,ITEM_1203,400072,3.0,622.72,,1,1,1
2025-10,ITEM_1203,400072,2.0,12.03,,1,1,1
2021-03,ITEM_1204,P000647,5.0,227.44,45.4884,2,2,1
2021-06,ITEM_1204,P000647,6.0,198.0,33.0,1,1,1
2021-07,ITEM_1204,P000647,3.0,116.181,38.727,1,1,1
2021-08,ITEM_1204,P000647,2.0,77.454,38.727,1,1,1
2021-09,ITEM_1204,P000647,7.0,259.635,37.090714285714284,2,2,1
2021-12,ITEM_1204,P000647,15.0,937.2,62.480000000000004,2,1,1
2022-01,ITEM_1204,P000647,3.0,116.181,38.727,1,1,1
2022-02,ITEM_1204,P000647,5.0,323.99955,64.79991,1,1,1
2022-03,ITEM_1204,P000647,4.0,171.62,42.905,2,2,1
2022-11,ITEM_1204,P000647,15.0,473.55,31.57,1,1,1
2023-02,ITEM_1204,P000647,1.0,35.0,35.0,1,1,1
2023-04,ITEM_1204,P000647,14.0,715.879999,51.134285642857144,3,1,1
2023-07,ITEM_1204,P000647,10.0,362.3025,36.23025,2,2,1
2023-10,ITEM_1204,P000647,6.0,210.0,35.0,1,1,1
2023-11,ITEM_1204,P000647,7.0,325.6,46.51428571428572,2,2,1
2024-04,ITEM_1205,900518,550.0,620.0,,1,1,1
2023-03,ITEM_1206,P007268,14.0,617.5,44.107000000000006,1,1,1
2023-05,ITEM_1206,P007268,14.0,617.5,44.107000000000006,1,1,1
2025-07,ITEM_1207,302218,20.0,219.75,,1,1,1
2025-08,ITEM_1207,302218,57.0,617.35,,1,1,1
2023-03,ITEM_1208,P007284,48.0,617.28,12.86,1,1,1
2023-05,ITEM_1208,P007284,48.0,617.28,12.86,1,1,1
2025-08,ITEM_1210,305239,1.0,616.43,,1,1,1
2025-08,ITEM_1211,305625,2.0,712.63,,2,2,1
2025-12,ITEM_1211,305625,1.0,18.2,,1,1,1
2021-02,ITEM_1212,P003490,6.0,168.0,28.0,1,1,1
2022-02,ITEM_1212,P003490,16.0,176.0,11.0,1,1,1
2022-11,ITEM_1212,P003490,12.0,354.48,29.540000000000003,1,1,1
2023-02,ITEM_1212,P003490,28.0,973.6,34.77142857142857,2,1,1
2025-12,ITEM_1213,400106,9.0,612.96,,1,1,1
2025-07,ITEM_1214,302082,5.0,675.72,,2,1,1
2021-02,ITEM_1216,P002364,18.0,214.02,11.89,1,1,1
2021-04,ITEM_1216,P002364,60.0,973.5,16.225,2,2,1
2021-09,ITEM_1216,P002364,30.0,606.798,20.2266,1,1,1
2023-02,ITEM_1216,P002364,30.0,466.86,15.562,1,1,1
2023-04,ITEM_1216,P002364,12.0,155.259996,12.938333,1,1,1
2023-05,ITEM_1216,P002364,14.0,271.53000399999996,19.395000285714286,2,2,1
2023-06,ITEM_1216,P002364,24.0,333.379992,13.890833,1,1,1
2023-11,ITEM_1216,P002364,36.0,432.0,12.0,1,1,1
2025-08,ITEM_1216,P002364,8.0,464.48,,1,1,1
2021-02,ITEM_1217,P000931,2.0,52.28,26.138,1,1,1
2021-03,ITEM_1217,P000931,3.0,12.0,4.0,1,1,1
2021-09,ITEM_1217,P000931,3.0,7.56,2.52,1,1,1
2022-03,ITEM_1217,P000931,2.0,8.0,4.0,1,1,1
2023-02,ITEM_1217,P000931,10.0,605.92,60.592,1,1,1
2023-06,ITEM_1217,P000931,6.0,30.723,5.1205,1,1,1
2022-04,ITEM_1218,P005487,20.0,540.8,27.04,1,1,1
2022-05,ITEM_1218,P005487,10.0,605.3,60.529999999999994,1,1,1
2022-05,ITEM_1219,P006498,4.0,604.8,144.0,1,1,1
2021-08,ITEM_1220,P002218,30.0,201.5199,6.71733,1,1,1
2022-02,ITEM_1220,P002218,180.0,1090.85967,6.060331499999999,2,1,1
2023-07,ITEM_1220,P002218,24.0,138.15,5.756249999999999,1,1,1
2022-06,ITEM_1221,P006898,4.0,372.05,88.5825,1,1,1
2025-04,ITEM_1221,P006898,4.0,604.44,,1,1,1
2021-11,ITEM_1222,P005313,2.0,604.0,302.0,1,1,1
2022-03,ITEM_1223,P005455,1.0,603.11,603.11,1,1,1
2022-05,ITEM_1225,P000032,11.0,601.7,54.7,1,1,1
2023-02,ITEM_1225,P000032,6.0,357.780001,59.63,1,1,1
2023-08,ITEM_1225,P000032,10.0,596.3,59.63000000000001,1,1,1
2021-02,ITEM_1226,P003463,10.0,473.9,47.39,1,1,1
2022-05,ITEM_1226,P003463,11.0,601.7,54.7,1,1,1
2023-02,ITEM_1226,P003463,6.0,357.780001,59.63,1,1,1
2023-08,ITEM_1226,P003463,10.0,596.3,59.63000000000001,1,1,1
2024-05,ITEM_1227,303246,4.0,600.6,,1,1,1
2023-07,ITEM_1228,P007976,1.0,600.0,600.0,1,1,1
2025-05,ITEM_1229,305626,2.0,79.86,,1,1,1
2025-12,ITEM_1229,305626,1.0,600.0,,1,1,1
2021-02,ITEM_1230,P000317,100.0,123.0,1.23,1,1,1
2021-03,ITEM_1230,P000317,135.0,144.38,1.0695111111111113,3,3,1
2021-05,ITEM_1230,P000317,30.0,39.78,1.326,1,1,1
2021-07,ITEM_1230,P000317,50.0,75.1,1.5019999999999998,1,1,1
2021-10,ITEM_1230,P000317,40.0,44.044,1.1011,1,1,1
2021-11,ITEM_1230,P000317,100.0,152.25,1.5225,1,1,1
2022-06,ITEM_1230,P000317,20.0,31.57,1.5785,1,1,1
2023-08,ITEM_1230,P000317,500.0,723.14,1.44628,2,2,1
2023-11,ITEM_1230,P000317,50.0,57.75,1.155,1,1,1
2023-11,ITEM_1231,P008219,8.0,598.1,68.59,1,1,1
2023-11,ITEM_1232,P008220,4.0,598.02,137.16,1,1,1
2024-09,ITEM_1233,301999,60.0,598.0,,1,1,1
2024-10,ITEM_1234,303907,20.0,597.94,,1,1,1
2021-02,ITEM_1235,P003352,2.0,197.04,98.518,1,1,1
2021-03,ITEM_1235,P003352,2.0,413.46,206.731,1,1,1
2021-05,ITEM_1235,P003352,1.0,183.51,183.51,1,1,1
2021-06,ITEM_1235,P003352,2.0,367.02,183.51,1,1,1
2021-07,ITEM_1235,P003352,6.0,591.11,98.518333,1,1,1
2021-09,ITEM_1235,P003352,4.0,260.0,65.0,1,1,1
2022-08,ITEM_1235,P003352,4.0,597.64,149.41,1,1,1
2022-10,ITEM_1235,P003352,4.0,364.36,91.09,1,1,1
2023-10,ITEM_1236,P006469,180.0,597.6,3.3200000000000003,1,1,1
2023-06,ITEM_1237,P007370,4.0,1194.48,276.5,2,2,1
2023-12,ITEM_1238,P006531,1.0,595.705,541.55,1,1,1
2024-04,ITEM_1239,304237,160.0,595.68,,1,1,1
2023-06,ITEM_1240,P007892,4.0,592.92,148.23,1,1,1
2023-10,ITEM_1240,P007892,2.0,296.46,148.23,1,1,1
2023-10,ITEM_1241,P006556,6.0,592.92,98.82,1,1,1
2022-12,ITEM_1242,P001581,8.0,592.8,74.1,1,1,1
2023-07,ITEM_1243,P003831,12.0,566.244,44.1,1,1,1
2023-10,ITEM_1243,P003831,12.0,592.68,49.39000000000001,1,1,1
2023-11,ITEM_1243,P003831,12.0,220.48,18.373333,1,1,1
2023-08,ITEM_1245,P006313,85.0,590.329998,6.945059,1,1,1
2021-06,ITEM_1246,P003820,2.0,590.0,295.0,1,1,1
2023-07,ITEM_1246,P003820,1.0,74.365,69.5,1,1,1
2023-10,ITEM_1246,P003820,1.0,77.84,77.84,1,1,1
2023-11,ITEM_1246,P003820,1.0,21.89,21.89,1,1,1
2022-05,ITEM_1247,P003189,1.0,588.77,588.77,1,1,1
2022-06,ITEM_1248,P004818,2.0,588.3,265.0,1,1,1
2021-07,ITEM_1249,P003599,4.0,588.0,147.0,1,1,1
2024-07,ITEM_1250,304357,20.0,587.85,,1,1,1
2025-10,ITEM_1252,306903,3.0,585.0,,1,1,1
2024-04,ITEM_1253,303942,20.0,584.02,,1,1,1
2024-07,ITEM_1254,304181,10.0,509.9,,1,1,1
2024-08,ITEM_1254,304181,6.0,316.2,,1,1,1
2025-06,ITEM_1254,304181,24.0,18.85,,1,1,1
2025-07,ITEM_1254,304181,300.0,295.37,,1,1,1
2025-08,ITEM_1254,304181,800.0,779.73,,2,1,1
2023-12,ITEM_1255,P008434,10.0,580.0,58.0,1,1,1
2021-02,ITEM_1256,P005670,1.0,578.9,578.9,1,1,1
2023-10,ITEM_1257,P006551,4.0,578.84,144.71,1,1,1
2022-05,ITEM_1258,P004799,2.0,577.8,270.0,1,1,1
2022-05,ITEM_1259,P004808,2.0,577.8,270.0,1,1,1
2023-04,ITEM_1260,P007405,2.0,288.58,144.29,1,1,1
2023-12,ITEM_1260,P007405,4.0,577.16,144.29,1,1,1
2021-07,ITEM_1261,P004934,1.0,415.17,415.17,1,1,1
2021-08,ITEM_1261,P004934,3.0,576.939999,192.31333299999997,1,1,1
2022-02,ITEM_1261,P004934,1.0,365.17,365.17,1,1,1
2025-08,ITEM_1263,300855,15.0,851.1400000000001,,2,1,1
2023-06,ITEM_1264,P006161,6.0,1141.47,190.245,2,1,1
2023-12,ITEM_1265,P008546,3.0,858.8399999999999,286.28,2,1,1
2021-03,ITEM_1266,P003869,1.0,19.24,19.24,1,1,1
2023-07,ITEM_1266,P003869,6.0,546.342,85.1,1,1,1
2023-10,ITEM_1266,P003869,6.0,571.86,95.31,1,1,1
2023-11,ITEM_1266,P003869,6.0,465.940002,77.656667,1,1,1
2025-11,ITEM_1267,303418,2.0,570.0,,1,1,1
2025-06,ITEM_1268,P001651,1.0,75.0,,1,1,1
2025-07,ITEM_1268,P001651,3.0,638.36,,3,3,1
2025-08,ITEM_1268,P001651,1.0,37.5,,1,1,1
2025-09,ITEM_1268,P001651,1.0,100.0,,1,1,1
2025-10,ITEM_1268,P001651,1.0,567.88,,1,1,1
2025-11,ITEM_1268,P001651,2.0,97.88,,2,2,1
2025-12,ITEM_1268,P001651,3.0,317.17,,3,3,1
2025-06,ITEM_1269,302734,12.0,567.87,,1,1,1
2021-01,ITEM_1270,P000091,5.0,141.95,28.389999999999997,1,1,1
2021-03,ITEM_1270,P000091,20.0,567.8,28.389999999999997,1,1,1
2022-02,ITEM_1270,P000091,15.0,425.4,28.36,5,5,1
2025-07,ITEM_1271,304176,4.0,566.56,,1,1,1
2024-07,ITEM_1272,304651,1.0,565.93,,1,1,1
2021-12,ITEM_1273,P005484,12.0,563.88,46.99,1,1,1
2023-06,ITEM_1274,P007914,6.0,563.7,93.95,1,1,1
2025-04,ITEM_1275,301341,4.0,18.8,,1,1,1
2025-05,ITEM_1275,301341,3.0,15.2,,2,2,1
2025-06,ITEM_1275,301341,5.0,2.15,,1,1,1
2025-08,ITEM_1275,301341,2.0,563.31,,1,1,1
2025-10,ITEM_1275,301341,2.0,3.6,,1,1,1
2025-12,ITEM_1275,301341,10.0,103.67,,2,2,1
2021-02,ITEM_1276,P000697,12.0,245.4,20.45,1,1,1
2021-07,ITEM_1276,P000697,12.0,240.0,20.0,1,1,1
2022-05,ITEM_1276,P000697,8.0,109.6832,13.7104,1,1,1
2023-07,ITEM_1276,P000697,20.0,562.1,28.105,1,1,1
2023-05,ITEM_1277,P006021,3.0,561.680001,187.226667,1,1,1
2024-07,ITEM_1278,304650,200.0,561.38,,1,1,1
2024-05,ITEM_1279,303225,8.0,561.14,,1,1,1
2024-05,ITEM_1280,303224,8.0,561.14,,1,1,1
2023-08,ITEM_1282,P004998,6.0,442.8,73.8,1,1,1
2023-09,ITEM_1282,P004998,3.0,221.4,73.8,1,1,1
2023-12,ITEM_1282,P004998,8.0,560.64,70.08,1,1,1
2024-10,ITEM_1283,303908,1.0,559.62,,1,1,1
2025-05,ITEM_1284,302989,4.0,941.53,,2,2,1
2025-07,ITEM_1284,302989,1.0,240.85,,1,1,1
2021-04,ITEM_1285,P002389,1.0,558.2,558.2,1,1,1
2023-09,ITEM_1285,P002389,2.0,301.42,150.71,1,1,1
2022-02,ITEM_1288,P000039,4.0,109.44,27.36,1,1,1
2023-10,ITEM_1288,P000039,20.0,554.69,27.734500000000004,1,1,1
2021-03,ITEM_1289,P002309,200.0,250.0,1.25,1,1,1
2021-08,ITEM_1289,P002309,3.0,285.0,95.0,1,1,1
2022-04,ITEM_1289,P002309,6.0,528.0,88.0,1,1,1
2022-07,ITEM_1289,P002309,6.0,553.5,92.25,1,1,1
2022-10,ITEM_1289,P002309,200.0,170.0,0.85,1,1,1
2022-11,ITEM_1289,P002309,4.0,344.0,86.0,1,1,1
2024-08,ITEM_1290,304276,80.0,552.4,,1,1,1
2025-06,ITEM_1290,304276,12.0,10.18,,1,1,1
2024-04,ITEM_1292,302357,40.0,4.5,,1,1,1
2024-07,ITEM_1292,302357,80.0,9.0,,1,1,1
2024-09,ITEM_1292,302357,8.0,714.78,,3,1,1
2022-10,ITEM_1293,P000717,3.0,551.94,183.98,1,1,1
2023-05,ITEM_1294,P006007,100.0,551.72,5.5172,1,1,1
2023-04,ITEM_1295,P007391,2.0,1102.8,551.4,2,2,1
2023-11,ITEM_1296,P008381,1.0,550.27,550.27,1,1,1
2025-08,ITEM_1297,300913,20.0,550.0,,1,1,1
2024-07,ITEM_1298,301465,4.0,11.7,,1,1,1
2025-07,ITEM_1298,301465,50.0,549.53,,1,1,1
2021-05,ITEM_1299,P000425,6.0,408.0,68.0,1,1,1
2021-06,ITEM_1299,P000425,4.0,272.0,68.0,1,1,1
2022-02,ITEM_1299,P000425,4.0,260.0,65.0,1,1,1
2022-06,ITEM_1299,P000425,5.0,260.0,52.0,1,1,1
2023-12,ITEM_1299,P000425,6.0,549.0,91.5,1,1,1
2023-03,ITEM_1300,P007273,12.0,547.92,45.66,1,1,1
2023-05,ITEM_1300,P007273,12.0,547.92,45.66,1,1,1
2024-04,ITEM_1301,304014,20.0,544.37,,1,1,1
2024-04,ITEM_1302,304242,20.0,544.32,,1,1,1
2021-03,ITEM_1303,P005429,12.0,542.4,45.20000000000001,1,1,1
2024-09,ITEM_1304,304801,1.0,540.92,,1,1,1
2023-11,ITEM_1305,P008234,2.0,540.42,247.9,1,1,1
2021-02,ITEM_1306,P000700,18.0,197.10000000000002,10.949999999999998,2,2,1
2022-03,ITEM_1306,P000700,12.0,540.0,45.0,1,1,1
2022-05,ITEM_1306,P000700,12.0,159.2112,13.2676,1,1,1
2023-06,ITEM_1306,P000700,12.0,170.96,14.247,1,1,1
2023-07,ITEM_1306,P000700,10.0,175.0,17.5,1,1,1
2022-07,ITEM_1307,PS00015,1.0,540.0,540.0,1,1,1
2023-03,ITEM_1310,P007285,48.0,538.08,11.21,1,1,1
2023-05,ITEM_1310,P007285,48.0,538.08,11.21,1,1,1
2025-08,ITEM_1312,305384,4.0,537.86,,1,1,1
2023-09,ITEM_1313,P001157,200.0,536.22,2.6810999999999994,1,1,1
2024-04,ITEM_1314,301536,480.0,138.24,,1,1,1
2025-08,ITEM_1314,301536,300.0,535.39,,1,1,1
2024-04,ITEM_1315,304320,1000.0,98.0,,1,1,1
2024-07,ITEM_1315,304320,12.0,534.6,,1,1,1
2024-08,ITEM_1315,304320,320.0,30.08,,1,1,1
2025-08,ITEM_1315,304320,200.0,196.15,,1,1,1
2022-01,ITEM_1316,P005331,2.0,530.0,265.0,1,1,1
2022-02,ITEM_1318,P001359,4.0,528.572,132.143,1,1,1
2021-07,ITEM_1319,P003298,1.0,80.07,80.07,1,1,1
2021-08,ITEM_1319,P003298,7.0,526.859998,75.265714,1,1,1
2024-05,ITEM_1320,301323,20.0,1039.83,,2,1,1
2025-06,ITEM_1321,300738,1.0,526.16,,1,1,1
2024-02,ITEM_1322,303961,10.0,525.34,,1,1,1
2021-10,ITEM_1323,P003681,1.0,525.0,525.0,1,1,1
2021-09,ITEM_1325,P000415,7.0,82.82,11.831428571428573,2,2,1
2022-06,ITEM_1325,P000415,12.0,180.0,15.0,1,1,1
2022-08,ITEM_1325,P000415,36.0,522.0,14.5,1,1,1
2023-03,ITEM_1325,P000415,15.0,173.25,11.55,1,1,1
2023-05,ITEM_1325,P000415,3.0,23.1,7.7,1,1,1
2023-06,ITEM_1325,P000415,24.0,60.2496,2.5104,1,1,1
2023-09,ITEM_1325,P000415,50.0,442.75,8.855,1,1,1
2023-10,ITEM_1325,P000415,50.0,438.3,8.765999999999998,2,2,1
2023-11,ITEM_1325,P000415,2.0,13.5,6.75,1,1,1
2023-06,ITEM_1326,P006238,24.0,522.0,21.75,1,1,1
2023-08,ITEM_1326,P006238,24.0,96.0,4.0,1,1,1
2025-07,ITEM_1328,305939,1.0,520.0,,1,1,1
2021-07,ITEM_1329,P005159,1.0,519.0,519.0,1,1,1
2022-09,ITEM_1330,P004419,6.0,517.68,86.28000000000002,1,1,1
2021-07,ITEM_1331,P003593,1.0,515.0,515.0,1,1,1
2021-01,ITEM_1333,P000882,9.0,155.25,17.25,2,2,1
2021-02,ITEM_1333,P000882,6.0,120.12,20.02,1,1,1
2021-03,ITEM_1333,P000882,15.0,258.75,17.25,2,2,1
2021-04,ITEM_1333,P000882,10.0,172.5,17.25,1,1,1
2021-05,ITEM_1333,P000882,10.0,172.5,17.25,1,1,1
2021-08,ITEM_1333,P000882,6.0,120.12,20.02,1,1,1
2021-09,ITEM_1333,P000882,10.0,69.9,6.99,1,1,1
2021-10,ITEM_1333,P000882,3.0,21.0,7.0,1,1,1
2021-12,ITEM_1333,P000882,18.0,330.0,18.333333333333332,3,3,1
2022-01,ITEM_1333,P000882,22.0,407.0,18.5,2,2,1
2022-02,ITEM_1333,P000882,34.0,678.28,19.949411764705882,4,4,1
2022-03,ITEM_1333,P000882,27.0,496.78,18.399555555555555,8,8,1
2022-04,ITEM_1333,P000882,24.0,216.072,9.003,3,3,1
2022-05,ITEM_1333,P000882,10.0,240.24,24.024,1,1,1
2022-08,ITEM_1333,P000882,4.0,26.0,6.5,1,1,1
2022-09,ITEM_1333,P000882,1.0,16.0,16.0,1,1,1
2022-10,ITEM_1333,P000882,15.0,371.850002,24.79,1,1,1
2022-11,ITEM_1333,P000882,15.0,292.5,19.5,1,1,1
2023-01,ITEM_1333,P000882,15.0,348.81,23.254,1,1,1
2023-02,ITEM_1333,P000882,4.0,24.0,6.0,1,1,1
2023-03,ITEM_1333,P000882,12.0,273.62,22.8016665,2,2,1
2023-04,ITEM_1333,P000882,24.0,502.40999999999997,20.93375,2,1,1
2023-06,ITEM_1333,P000882,20.0,512.05,25.6025,1,1,1
2023-07,ITEM_1333,P000882,22.0,469.6895,21.349522727272724,2,1,1
2023-08,ITEM_1333,P000882,27.0,168.0,6.222222222222222,3,3,1
2023-09,ITEM_1333,P000882,6.0,42.0,7.0,1,1,1
2023-10,ITEM_1333,P000882,20.0,498.75,24.9375,4,4,1
2023-11,ITEM_1333,P000882,17.0,615.150005,36.1852944117647,2,2,1
2023-03,ITEM_1337,P007286,48.0,509.14,10.607,1,1,1
2023-05,ITEM_1337,P007286,48.0,509.14,10.607,1,1,1
2021-01,ITEM_1338,P004902,12.0,364.68,30.39,1,1,1
2021-05,ITEM_1338,P004902,12.0,364.68,30.39,1,1,1
2022-02,ITEM_1338,P004902,24.0,736.8,30.7,2,2,1
2023-05,ITEM_1338,P004902,10.0,361.7,36.17,1,1,1
2023-09,ITEM_1338,P004902,16.0,677.86,39.22812475,2,2,1
2024-08,ITEM_1339,304822,1.0,507.18,,1,1,1
2021-05,ITEM_1340,P005203,200.0,500.0,2.5,1,1,1
2021-06,ITEM_1340,P005203,300.0,507.0,1.69,1,1,1
2023-01,ITEM_1341,P005643,4.0,505.47356,126.36839,1,1,1
2023-03,ITEM_1342,P007289,2.0,505.1,252.55,1,1,1
2023-05,ITEM_1342,P007289,2.0,505.1,252.55,1,1,1
2021-04,ITEM_1343,P000264,60.0,714.3977199999999,11.906628666666666,2,2,1
2021-09,ITEM_1343,P000264,6.0,75.66,12.61,1,1,1
2021-11,ITEM_1343,P000264,6.0,84.172398,14.028733,1,1,1
2022-02,ITEM_1343,P000264,10.0,142.0,14.2,1,1,1
2022-11,ITEM_1343,P000264,4.0,57.99,14.4975,1,1,1
2023-04,ITEM_1343,P000264,20.0,214.18,10.709,1,1,1
2023-05,ITEM_1343,P000264,8.0,85.7,10.7125,1,1,1
2023-07,ITEM_1343,P000264,6.0,64.270002,10.711667,1,1,1
2023-08,ITEM_1343,P000264,20.0,257.88,12.894,3,1,1
2021-09,ITEM_1344,P003901,1.0,504.13,504.13,1,1,1
2021-09,ITEM_1345,P005248,400.0,1008.0,2.52,2,2,1
2023-11,ITEM_1346,P003898,14.0,504.0,36.0,1,1,1
2024-04,ITEM_1347,304013,20.0,503.66,,1,1,1
2025-12,ITEM_1348,305569,2.0,503.6,,1,1,1
2022-11,ITEM_1349,P006658,1.0,502.35,502.35,1,1,1
2025-06,ITEM_1350,400223,17.0,713.22,,2,2,1
2021-10,ITEM_1351,P000433,2.0,500.0,250.0,1,1,1
2022-04,ITEM_1352,P003150,1000.0,500.0,0.5,1,1,1
2022-06,ITEM_1353,P002288,20.0,500.0,25.0,1,1,1
2021-05,ITEM_1354,P000430,3.0,255.0,85.0,1,1,1
2021-12,ITEM_1354,P000430,1.0,105.0,105.0,1,1,1
2022-10,ITEM_1354,P000430,3.0,300.0,100.0,1,1,1
2023-01,ITEM_1354,P000430,5.0,500.0,100.0,1,1,1
2023-09,ITEM_1354,P000430,2.0,160.0,80.0,1,1,1
2024-04,ITEM_1355,304366,300.0,499.42,,1,1,1
2024-03,ITEM_1356,301867,70.0,196.35,,1,1,1
2024-06,ITEM_1356,301867,30.0,49.5,,1,1,1
2024-07,ITEM_1356,301867,40.0,56.0,,1,1,1
2024-09,ITEM_1356,301867,48.0,86.1,,2,1,1
2025-02,ITEM_1356,301867,5.0,112.59,,1,1,1
2025-06,ITEM_1356,301867,4.0,499.0,,1,1,1
2025-07,ITEM_1356,301867,21.0,369.59999999999997,,2,2,1
2025-09,ITEM_1356,301867,10.0,178.15,,1,1,1
2025-12,ITEM_1356,301867,3.0,1.7,,1,1,1
2021-03,ITEM_1357,P003029,2.0,2.85,1.425,1,1,1
2021-07,ITEM_1357,P003029,1.0,498.0,498.0,1,1,1
2021-10,ITEM_1357,P003029,7.0,14.553,2.079,2,2,1
2022-10,ITEM_1357,P003029,8.0,44.7752,5.5969,1,1,1
2023-03,ITEM_1357,P003029,6.0,8.547,1.4245,1,1,1
2023-09,ITEM_1357,P003029,4.0,6.2,1.55,1,1,1
2023-10,ITEM_1357,P003029,6.0,8.329998,1.388333,1,1,1
2023-10,ITEM_1359,P006559,2.0,496.48,248.24,1,1,1
2022-06,ITEM_1360,P006496,4.0,921.54,219.41299999999998,4,4,1
2023-06,ITEM_1360,P006496,1.0,496.03,496.02831,1,1,1
2025-04,ITEM_1361,306172,1.0,496.0,,1,1,1
2023-11,ITEM_1362,P006520,100.0,495.0,4.95,1,1,1
2024-04,ITEM_1363,301115,110.0,494.34,,1,1,1
2025-07,ITEM_1363,301115,10.0,387.0,,1,1,1
2025-08,ITEM_1363,301115,10.0,387.0,,1,1,1
2022-11,ITEM_1365,P006700,6.0,494.1,82.35,1,1,1
2023-04,ITEM_1366,P003212,6.0,494.1,82.35,1,1,1
2022-06,ITEM_1367,P006926,2.0,493.53,235.014999,1,1,1
2023-09,ITEM_1368,P008292,1.0,493.31,493.307438,1,1,1
2022-04,ITEM_1369,P001361,3.0,812.5799999999999,270.8586666666667,2,1,1
2021-02,ITEM_1370,P002365,30.0,262.4,8.7466,1,1,1
2021-05,ITEM_1370,P002365,30.0,378.18999,12.606333,1,1,1
2021-08,ITEM_1370,P002365,36.0,491.9976,13.6666,1,1,1
2021-09,ITEM_1370,P002365,36.0,491.9976,13.6666,1,1,1
2022-03,ITEM_1370,P002365,30.0,381.3,12.71,1,1,1
2022-06,ITEM_1370,P002365,12.0,107.02,8.918333,1,1,1
2022-08,ITEM_1370,P002365,36.0,396.72,11.02,1,1,1
2022-09,ITEM_1370,P002365,24.0,279.45,11.643750000000002,1,1,1
2023-02,ITEM_1370,P002365,36.0,366.0012,10.1667,1,1,1
2023-04,ITEM_1370,P002365,42.0,356.220018,8.481429,1,1,1
2023-07,ITEM_1370,P002365,18.0,137.039994,7.613333000000001,1,1,1
2023-09,ITEM_1370,P002365,24.0,184.86,7.7025,1,1,1
2023-11,ITEM_1370,P002365,12.0,92.0,7.666667,1,1,1
2025-06,ITEM_1370,P002365,2.0,44.0,,1,1,1
2023-09,ITEM_1371,P006425,2.0,491.77,245.885,1,1,1
2023-06,ITEM_1372,P006133,2.0,491.56,245.78,1,1,1
2024-09,ITEM_1373,304933,2.0,491.19,,1,1,1
2021-09,ITEM_1374,P006176,1.0,491.07,491.07,1,1,1
2021-11,ITEM_1374,P006176,1.0,491.07,491.07,1,1,1
2022-01,ITEM_1374,P006176,1.0,491.07,491.07,1,1,1
2023-05,ITEM_1374,P006176,10.0,29.689,2.9689,1,1,1
2021-03,ITEM_1375,P005595,5.0,144.0,28.8,1,1,1
2021-04,ITEM_1375,P005595,5.0,128.0,25.6,1,1,1
2022-05,ITEM_1375,P005595,1.0,491.04,491.04,1,1,1
2023-05,ITEM_1375,P005595,2.0,73.1,36.55,1,1,1
2023-11,ITEM_1375,P005595,3.0,51.86,17.286667,1,1,1
2025-06,ITEM_1375,P005595,3.0,77.4,,1,1,1
2022-05,ITEM_1376,P005703,1.0,490.84,490.84,1,1,1
2023-06,ITEM_1376,P005703,1.0,257.18,257.18,1,1,1
2023-08,ITEM_1376,P005703,1.0,257.18,257.18,1,1,1
2022-02,ITEM_1378,P004055,2.0,490.0,245.0,1,1,1
2022-06,ITEM_1379,P006717,1.0,489.59,489.592,1,1,1
2022-09,ITEM_1379,P006717,1.0,489.59,489.592,1,1,1
2022-11,ITEM_1380,P001505,0.5,111.0,222.0,1,1,1
2023-02,ITEM_1380,P001505,1.0,98.64,98.64,1,1,1
2023-09,ITEM_1380,P001505,1.0,489.3658,489.3658,1,1,1
2022-04,ITEM_1381,P004826,1.0,487.2,487.2,1,1,1
2023-03,ITEM_1382,P005897,1.0,486.0,486.0,1,1,1
2023-06,ITEM_1383,P004917,24.0,486.0,20.25,1,1,1
2023-10,ITEM_1384,P006440,100.0,486.0,4.86,1,1,1
2021-02,ITEM_1385,P001071,22.0,518.792,23.58145454545454,3,2,1
2021-03,ITEM_1385,P001071,19.0,445.844,23.465473684210526,2,2,1
2021-04,ITEM_1385,P001071,8.0,80.0,10.0,1,1,1
2021-06,ITEM_1385,P001071,10.0,211.9,21.19,2,2,1
2021-07,ITEM_1385,P001071,4.0,80.0,20.0,1,1,1
2021-08,ITEM_1385,P001071,17.0,316.0,18.58823529411765,3,3,1
2021-09,ITEM_1385,P001071,6.0,198.6,33.1,1,1,1
2022-03,ITEM_1385,P001071,46.0,1126.4540000000002,24.488478260869567,8,8,1
2022-04,ITEM_1385,P001071,8.0,128.0,16.0,1,1,1
2022-05,ITEM_1385,P001071,4.0,108.0,27.0,1,1,1
2022-07,ITEM_1385,P001071,6.0,116.886,19.481,1,1,1
2022-10,ITEM_1385,P001071,3.0,60.0,20.0,1,1,1
2023-03,ITEM_1385,P001071,20.0,411.06,20.553,3,3,1
2023-04,ITEM_1385,P001071,4.0,80.0,20.0,1,1,1
2023-06,ITEM_1385,P001071,22.0,415.8,18.9,2,2,1
2023-09,ITEM_1385,P001071,18.0,343.95,19.108333333333334,2,2,1
2023-10,ITEM_1385,P001071,24.0,486.0,20.25,1,1,1
2025-06,ITEM_1385,P001071,2.0,6.64,,1,1,1
2023-08,ITEM_1386,P006331,60.0,485.1,8.085,1,1,1
2022-11,ITEM_1388,P005843,6.0,484.5,80.75,1,1,1
2025-05,ITEM_1389,304436,4.0,966.22,,2,2,1
2024-04,ITEM_1391,304009,20.0,482.5,,1,1,1
2023-05,ITEM_1392,P006002,100.0,481.72,4.8172,1,1,1
2023-06,ITEM_1393,P007371,2.0,962.28,445.5,2,2,1
2021-02,ITEM_1394,P002292,40.0,480.0,12.0,1,1,1
2022-04,ITEM_1395,P003151,1000.0,480.0,0.48,1,1,1
2022-05,ITEM_1396,P006787,3.0,480.0,160.0,1,1,1
2022-06,ITEM_1397,P000140,8000.0,240.0,0.03,1,1,1
2022-12,ITEM_1397,P000140,8000.0,480.0,0.06,1,1,1
2021-11,ITEM_1398,P006330,1.0,85.0,85.0,1,1,1
2022-07,ITEM_1398,P006330,2.0,235.2,117.6,1,1,1
2023-03,ITEM_1398,P006330,4.0,480.0,120.0,1,1,1
2023-08,ITEM_1398,P006330,32.0,122.71,3.834687,1,1,1
2023-10,ITEM_1398,P006330,4.0,480.0,120.0,1,1,1
2023-11,ITEM_1398,P006330,4.0,480.0,120.0,1,1,1
2023-04,ITEM_1400,P003213,6.0,480.0,80.0,1,1,1
2023-05,ITEM_1401,P006192,50.0,480.0,9.6,1,1,1
2025-05,ITEM_1402,900145,41.0,480.0,,1,1,1
2025-07,ITEM_1403,302580,2.0,480.0,,1,1,1
2021-01,ITEM_1404,P000778,12.0,22.18,1.848,1,1,1
2021-02,ITEM_1404,P000778,18.0,39.1,2.1722222222222225,3,2,1
2021-03,ITEM_1404,P000778,15.0,28.5,1.9,2,2,1
2021-04,ITEM_1404,P000778,4.0,6.0,1.5,1,1,1
2021-05,ITEM_1404,P000778,22.0,45.585,2.0720454545454547,3,2,1
2021-06,ITEM_1404,P000778,4.0,6.9576,1.7394,1,1,1
2021-08,ITEM_1404,P000778,12.0,15.0,1.25,1,1,1
2021-10,ITEM_1404,P000778,26.0,80.8,3.1076923076923078,2,1,1
2021-11,ITEM_1404,P000778,12.0,18.6,1.55,1,1,1
2022-03,ITEM_1404,P000778,96.0,223.01000000000002,2.3231249999999997,7,7,1
2022-04,ITEM_1404,P000778,12.0,19.400004,1.6166670000000003,1,1,1
2022-06,ITEM_1404,P000778,18.0,36.56,2.0313363333333334,2,2,1
2022-07,ITEM_1404,P000778,20.0,33.88,1.6939999999999997,1,1,1
2022-10,ITEM_1404,P000778,27.0,44.328,1.6417777777777778,2,2,1
2022-11,ITEM_1404,P000778,27.0,64.5,2.388888888888889,2,2,1
2023-02,ITEM_1404,P000778,14.0,98.85,7.0608572857142855,2,2,1
2023-03,ITEM_1404,P000778,56.0,94.864,1.6940000000000002,3,3,1
2023-05,ITEM_1404,P000778,12.0,20.328,1.694,1,1,1
2023-06,ITEM_1404,P000778,34.0,82.88,2.4376470588235293,2,2,1
2023-08,ITEM_1404,P000778,44.0,70.656,1.605818181818182,2,2,1
2023-09,ITEM_1404,P000778,12.0,24.0,2.0,1,1,1
2023-10,ITEM_1404,P000778,18.0,63.7,3.538888888888889,2,2,1
2023-11,ITEM_1404,P000778,17.0,62.050000000000004,3.65,3,2,1
2023-12,ITEM_1404,P000778,8.0,87.0,10.875,1,1,1
2025-06,ITEM_1404,P000778,12.0,36.6,,1,1,1
2025-07,ITEM_1404,P000778,2.0,3.3,,1,1,1
2025-08,ITEM_1404,P000778,8.0,26.87,,2,2,1
2025-09,ITEM_1404,P000778,36.0,61.849999999999994,,3,3,1
2025-10,ITEM_1404,P000778,16.0,12.56,,2,2,1
2025-11,ITEM_1404,P000778,6.0,480.0,,1,1,1
2025-12,ITEM_1404,P000778,4.0,10.43,,1,1,1
2025-02,ITEM_1405,P006602,6.0,479.85,,1,1,1
2025-04,ITEM_1406,306171,1.0,479.0,,1,1,1
2024-03,ITEM_1407,400047,130.0,777.92,,2,1,1
2025-08,ITEM_1407,400047,1.0,8.52,,1,1,1
2023-09,ITEM_1408,P006417,45.0,478.125,10.625,1,1,1
2023-10,ITEM_1408,P006417,3.0,40.203,13.401000000000002,1,1,1
2024-05,ITEM_1409,303265,4.0,477.46,,1,1,1
2024-04,ITEM_1410,304229,320.0,477.44,,1,1,1
2025-08,ITEM_1411,306182,12.0,477.2,,1,1,1
2024-05,ITEM_1413,303238,3.0,475.54,,1,1,1
2021-07,ITEM_1414,P003601,1.0,475.0,475.0,1,1,1
2024-04,ITEM_1415,304148,80.0,474.54,,1,1,1
2025-06,ITEM_1416,304601,2.0,473.6,,1,1,1
2021-10,ITEM_1417,P005293,10.0,472.5,47.25,1,1,1
2022-05,ITEM_1418,P006499,2.0,472.5,225.0,1,1,1
2023-09,ITEM_1419,P008251,1.0,471.91,471.91,1,1,1
2022-05,ITEM_1420,P004798,2.0,470.8,220.0,1,1,1
2025-08,ITEM_1422,306188,8.0,470.74,,1,1,1
2022-03,ITEM_1423,P001236,2.0,459.54,229.77,1,1,1
2022-11,ITEM_1423,P001236,2.0,418.52,209.26,2,1,1
2023-02,ITEM_1423,P001236,3.0,470.25,156.75,1,1,1
2021-01,ITEM_1424,P005604,6.0,5.4,0.9,1,1,1
2022-05,ITEM_1424,P005604,60.0,105.6,1.76,1,1,1
2022-09,ITEM_1424,P005604,60.0,92.788151,1.5464689999999999,1,1,1
2022-11,ITEM_1424,P005604,200.0,470.0,2.35,1,1,1
2023-05,ITEM_1424,P005604,50.0,84.0,1.68,1,1,1
2023-06,ITEM_1424,P005604,85.0,136.16,1.6018823529411765,2,2,1
2023-08,ITEM_1424,P005604,200.0,321.3,1.6065,1,1,1
2023-10,ITEM_1424,P005604,250.0,345.0,1.38,2,2,1
2023-11,ITEM_1424,P005604,100.0,243.75,2.4375,1,1,1
2023-11,ITEM_1425,P008375,1.0,470.0,470.0,1,1,1
2025-06,ITEM_1426,301776,2.0,470.0,,1,1,1
2022-06,ITEM_1428,P003724,12.0,469.2,39.1,1,1,1
2023-12,ITEM_1430,P008457,3.0,468.0,156.0,1,1,1
2021-02,ITEM_1432,P000621,5.0,116.8,23.36,1,1,1
2021-04,ITEM_1432,P000621,5.0,116.8,23.36,1,1,1
2021-08,ITEM_1432,P000621,5.0,116.8,23.36,1,1,1
2021-09,ITEM_1432,P000621,5.0,116.8,23.36,1,1,1
2021-11,ITEM_1432,P000621,15.0,606.4,40.42666666666666,2,2,1
2022-02,ITEM_1432,P000621,15.0,355.20000000000005,23.679999999999996,5,5,1
2023-02,ITEM_1432,P000621,11.0,272.28,24.75272727272727,2,2,1
2023-05,ITEM_1432,P000621,5.0,95.0,19.0,1,1,1
2023-06,ITEM_1432,P000621,1.0,19.0,19.0,1,1,1
2023-08,ITEM_1432,P000621,10.0,190.0,19.0,1,1,1
2025-12,ITEM_1432,P000621,5.0,391.3,,1,1,1
2021-02,ITEM_1433,P002363,30.0,176.3,5.87666,1,1,1
2021-04,ITEM_1433,P002363,60.0,457.9,7.63166,1,1,1
2021-05,ITEM_1433,P002363,36.0,319.69998,8.880555000000001,2,1,1
2022-03,ITEM_1433,P002363,24.0,223.0392,9.2933,1,1,1
2022-05,ITEM_1433,P002363,24.0,271.92,11.33,1,1,1
2022-09,ITEM_1433,P002363,24.0,207.340008,8.639167,1,1,1
2023-04,ITEM_1433,P002363,42.0,271.590018,6.466429,1,1,1
2023-07,ITEM_1433,P002363,90.0,500.77,5.564111133333333,2,2,1
2023-11,ITEM_1433,P002363,24.0,134.52,5.605,1,1,1
2025-08,ITEM_1433,P002363,1.0,25.09,,1,1,1
2021-02,ITEM_1434,P001394,20.0,281.6,14.080000000000002,2,2,1
2021-06,ITEM_1434,P001394,20.0,280.0,14.0,1,1,1
2021-08,ITEM_1434,P001394,5.0,70.4,14.080000000000002,1,1,1
2021-09,ITEM_1434,P001394,5.0,70.4,14.080000000000002,1,1,1
2021-11,ITEM_1434,P001394,10.0,140.8,14.080000000000002,1,1,1
2022-01,ITEM_1434,P001394,10.0,140.8,14.080000000000002,1,1,1
2022-10,ITEM_1434,P001394,21.0,522.4300000000001,24.87761904761905,2,2,1
2023-02,ITEM_1434,P001394,15.0,162.0,10.8,1,1,1
2022-10,ITEM_1435,P002937,36.0,466.2,12.95,1,1,1
2023-02,ITEM_1435,P002937,24.0,364.4,15.183333,1,1,1
2024-05,ITEM_1436,303236,8.0,464.04,,1,1,1
2022-01,ITEM_1437,P005339,2.0,464.0,232.0,1,1,1
2021-04,ITEM_1438,P001178,200.0,400.0,2.0,1,1,1
2022-02,ITEM_1438,P001178,200.0,462.0,2.31,1,1,1
2023-02,ITEM_1438,P001178,50.0,85.0,1.7,1,1,1
2023-08,ITEM_1438,P001178,150.0,315.0,2.1,1,1,1
2023-05,ITEM_1439,P006027,4.0,461.68,115.42,1,1,1
2022-11,ITEM_1441,P003193,24.0,460.32,19.18,1,1,1
2022-11,ITEM_1442,P002209,20.0,460.0,23.0,1,1,1
2021-03,ITEM_1443,P005149,2.0,459.788075,229.894037,1,1,1
2022-04,ITEM_1443,P005149,2.0,351.7942,175.8971,1,1,1
2022-08,ITEM_1444,P000195,2.0,365.625,182.8125,1,1,1
2022-12,ITEM_1444,P000195,4.0,825.2,206.3,2,1,1
2023-06,ITEM_1444,P000195,2.0,380.63,190.315,1,1,1
2021-03,ITEM_1445,P002125,1.0,194.34,194.34,1,1,1
2022-01,ITEM_1445,P002125,4.0,226.4816,56.6204,1,1,1
2023-01,ITEM_1445,P002125,3.0,459.34299,153.11433,1,1,1
2023-07,ITEM_1445,P002125,2.0,423.24,211.62,1,1,1
2023-03,ITEM_1446,P007316,2.0,459.26,229.63,1,1,1
2023-05,ITEM_1446,P007316,2.0,459.26,229.63,1,1,1
2021-04,ITEM_1447,P004925,60.0,60.0,1.0,1,1,1
2021-05,ITEM_1447,P004925,75.0,97.5,1.3,1,1,1
2021-06,ITEM_1447,P004925,475.0,509.35,1.0723157894736841,2,1,1
2021-04,ITEM_1448,P002724,1.0,456.36,456.36,1,1,1
2025-08,ITEM_1448,P002724,1.0,365.82,,1,1,1
2022-02,ITEM_1449,P004877,6.0,456.3,76.05,1,1,1
2022-06,ITEM_1449,P004877,3.0,229.77,76.59,1,1,1
2021-04,ITEM_1450,P000319,12.0,50.4,4.2,1,1,1
2022-12,ITEM_1450,P000319,100.0,455.84,4.5584,1,1,1
2023-02,ITEM_1451,P007228,2.0,295.93,147.963077,2,1,1
2023-03,ITEM_1451,P007228,8.0,70.08,8.76,1,1,1
2023-04,ITEM_1451,P007228,4.0,483.40999999999997,120.85249999999999,2,1,1
2025-07,ITEM_1452,300921,10.0,585.0799999999999,,2,1,1
2021-12,ITEM_1453,P005350,500.0,455.0,0.91,1,1,1
2021-12,ITEM_1454,P005351,500.0,455.0,0.91,1,1,1
2021-04,ITEM_1455,P001320,15.0,112.8,7.52,1,1,1
2021-07,ITEM_1455,P001320,15.0,166.5,11.1,1,1,1
2022-01,ITEM_1455,P001320,17.0,117.0,6.882352941176471,5,5,1
2022-10,ITEM_1455,P001320,5.0,45.5,9.1,1,1,1
2023-09,ITEM_1455,P001320,70.0,591.4999849999999,8.449999785714285,2,2,1
2025-05,ITEM_1456,305636,1.0,453.5,,1,1,1
2025-06,ITEM_1457,305420,2.0,452.19,,1,1,1
2025-05,ITEM_1458,306148,4.0,451.98,,1,1,1
2022-07,ITEM_1459,P000345,15.0,306.45,20.43,1,1,1
2023-03,ITEM_1459,P000345,20.0,451.8,22.59,1,1,1
2023-10,ITEM_1460,P006554,6.0,451.74,75.29,1,1,1
2022-01,ITEM_1461,P000378,1.0,450.95,450.95,1,1,1
2021-02,ITEM_1462,P003230,2.0,450.0,225.0,1,1,1
2021-11,ITEM_1462,P003230,2.0,450.0,225.0,1,1,1
2021-07,ITEM_1463,P000752,10.0,450.0,45.0,1,1,1
2022-04,ITEM_1464,P004094,2.0,450.0,225.0,1,1,1
2021-01,ITEM_1466,P002306,30.0,285.0,9.5,1,1,1
2021-02,ITEM_1466,P002306,38.0,355.1,9.344736842105263,4,3,1
2021-03,ITEM_1466,P002306,65.0,501.8,7.72,3,3,1
2021-04,ITEM_1466,P002306,55.0,345.66,6.284727272727272,2,1,1
2021-05,ITEM_1466,P002306,40.0,321.3,8.0325,2,1,1
2021-06,ITEM_1466,P002306,52.0,423.96,8.153068307692308,2,2,1
2021-07,ITEM_1466,P002306,12.0,89.63,7.469166666666666,2,2,1
2021-08,ITEM_1466,P002306,42.0,307.23,7.315,2,2,1
2021-09,ITEM_1466,P002306,40.0,300.0,7.5,1,1,1
2021-10,ITEM_1466,P002306,40.0,260.0,6.5,1,1,1
2021-12,ITEM_1466,P002306,45.0,320.0,7.111111111111111,2,1,1
2022-01,ITEM_1466,P002306,100.0,746.29,7.462900000000001,3,2,1
2022-02,ITEM_1466,P002306,110.0,737.725,6.7065909090909095,5,3,1
2022-03,ITEM_1466,P002306,30.0,184.8,6.16,1,1,1
2022-04,ITEM_1466,P002306,66.0,417.6,6.327272727272728,2,2,1
2022-05,ITEM_1466,P002306,52.0,352.0,6.769230769230769,3,1,1
2022-08,ITEM_1466,P002306,11.0,75.574,6.870363636363636,2,2,1
2022-10,ITEM_1466,P002306,65.0,428.23,6.588076923076923,2,2,1
2022-11,ITEM_1466,P002306,40.0,237.16,5.929,1,1,1
2023-01,ITEM_1466,P002306,40.0,237.16,5.929,1,1,1
2023-02,ITEM_1466,P002306,12.0,89.4,7.45,1,1,1
2023-03,ITEM_1466,P002306,44.0,311.15,7.071590999999999,3,3,1
2023-04,ITEM_1466,P002306,60.0,450.0,7.5,1,1,1
2023-05,ITEM_1466,P002306,50.0,375.0,7.5,1,1,1
2023-06,ITEM_1466,P002306,40.0,237.16,5.929,1,1,1
2023-07,ITEM_1466,P002306,60.0,355.74,5.929,2,1,1
2023-08,ITEM_1466,P002306,40.0,300.0,7.5,1,1,1
2023-10,ITEM_1466,P002306,74.0,452.4,6.113513513513513,5,5,1
2023-11,ITEM_1466,P002306,84.0,523.8,6.235714285714285,2,2,1
2023-12,ITEM_1466,P002306,20.0,132.6,6.63,1,1,1
2022-11,ITEM_1467,P004153,10.0,59.29,5.929,1,1,1
2023-09,ITEM_1467,P004153,24.0,144.144,6.006,1,1,1
2025-02,ITEM_1467,P004153,53.0,392.47,,4,3,1
2025-06,ITEM_1467,P004153,12.0,11.8,,1,1,1
2025-07,ITEM_1467,P004153,201.0,1036.86,,6,3,1
2025-09,ITEM_1467,P004153,110.0,605.0,,2,1,1
2025-10,ITEM_1467,P004153,8.0,53.4,,1,1,1
2025-11,ITEM_1467,P004153,8.0,62.4,,1,1,1
2025-12,ITEM_1467,P004153,4.0,71.2,,1,1,1
2023-06,ITEM_1468,p006226,5.0,445.91,89.182,1,1,1
2024-04,ITEM_1469,304017,20.0,445.46,,1,1,1
2021-05,ITEM_1470,P005213,1.0,444.0,444.0,1,1,1
2023-05,ITEM_1473,P006004,200.0,441.72,2.2086,1,1,1
2023-07,ITEM_1474,P006259,10.0,441.0,44.1,1,1,1
2023-08,ITEM_1474,P006259,10.0,441.0,44.1,1,1,1
2022-08,ITEM_1475,P004890,1.0,440.714,440.714,1,1,1
2021-03,ITEM_1476,P002362,60.0,440.47998,7.341333,1,1,1
2021-03,ITEM_1477,P005427,8.0,440.0,55.0,1,1,1
2022-01,ITEM_1478,P003046,5.0,440.0,88.0,1,1,1
2022-05,ITEM_1478,P003046,2.0,176.0,88.0,1,1,1
2021-03,ITEM_1479,P005740,4.0,22.68,5.67,1,1,1
2021-04,ITEM_1479,P005740,5.0,22.26,4.452,1,1,1
2022-10,ITEM_1479,P005740,3.0,312.6,104.2,1,1,1
2022-11,ITEM_1479,P005740,4.0,416.8,104.2,1,1,1
2023-01,ITEM_1479,P005740,4.0,60.0,15.0,1,1,1
2023-04,ITEM_1479,P005740,4.0,440.0,110.0,1,1,1
2023-10,ITEM_1479,P005740,2.0,370.5,185.25,1,1,1
2021-06,ITEM_1480,P003984,12.0,586.56,48.88,2,1,1
2024-02,ITEM_1481,303989,6.0,439.7,,1,1,1
2024-04,ITEM_1481,303989,1.0,411.59,,1,1,1
2025-08,ITEM_1482,306327,4.0,439.6,,1,1,1
2021-05,ITEM_1483,P004398,6.0,658.8,109.8,2,1,1
2025-09,ITEM_1484,305017,1.0,438.88,,1,1,1
2021-04,ITEM_1486,P001162,108.0,125.22,1.1594,2,1,1
2021-12,ITEM_1486,P001162,10.0,18.0,1.8,1,1,1
2022-07,ITEM_1486,P001162,386.0,489.7,1.2686528497409326,3,1,1
2022-08,ITEM_1486,P001162,10.0,18.9,1.89,1,1,1
2023-06,ITEM_1486,P001162,16.0,12.49,0.780625,1,1,1
2023-08,ITEM_1486,P001162,24.0,15.490008,0.645417,1,1,1
2025-08,ITEM_1487,306184,6.0,434.98,,1,1,1
2023-04,ITEM_1489,P003216,24.0,434.88,18.12,1,1,1
2021-03,ITEM_1490,P002513,3.0,434.7,144.9,1,1,1
2023-05,ITEM_1491,P006046,13.0,434.564598,33.428046,1,1,1
2024-04,ITEM_1492,304133,120.0,434.47,,1,1,1
2021-03,ITEM_1493,P002282,5.0,55.0,11.0,1,1,1
2021-04,ITEM_1493,P002282,10.0,110.0,11.0,1,1,1
2021-06,ITEM_1493,P002282,4.0,50.0,12.5,1,1,1
2023-03,ITEM_1493,P002282,3.0,357.0,119.0,2,2,1
2023-06,ITEM_1493,P002282,10.0,80.236,8.0236,1,1,1
2023-07,ITEM_1493,P002282,6.0,865.480002,144.246667,2,1,1
2022-11,ITEM_1494,P005842,24.0,432.0,18.0,1,1,1
2025-05,ITEM_1495,304437,4.0,863.24,,2,2,1
2023-05,ITEM_1496,P006008,100.0,430.72,4.3072,1,1,1
2022-05,ITEM_1497,P005598,1.0,430.0,430.0,1,1,1
2022-09,ITEM_1498,P007035,1.0,429.86,429.859,1,1,1
2025-06,ITEM_1501,305967,6.0,428.38,,1,1,1
2025-06,ITEM_1502,305968,6.0,428.38,,1,1,1
2022-04,ITEM_1504,P003736,36.0,427.200012,11.866667,1,1,1
2023-05,ITEM_1505,P001282,1.0,426.89,426.888,1,1,1
2023-05,ITEM_1507,P006199,5.0,425.62,85.124,1,1,1
2024-02,ITEM_1508,303965,10.0,425.24,,1,1,1
2023-10,ITEM_1509,P006546,6.0,423.54,70.59,1,1,1
2023-10,ITEM_1510,P006557,6.0,423.54,70.59,1,1,1
2021-04,ITEM_1512,P004980,1.0,420.0,420.0,1,1,1
2021-04,ITEM_1513,P001163,150.0,210.0,1.4,3,1,1
2021-05,ITEM_1513,P001163,300.0,420.0,1.4,1,1,1
2023-07,ITEM_1515,P006287,10.0,420.0,42.0,1,1,1
2025-07,ITEM_1516,301647,6.0,420.0,,1,1,1
2023-03,ITEM_1517,P007287,2.0,419.38,209.69,1,1,1
2023-05,ITEM_1517,P007287,2.0,419.38,209.69,1,1,1
2024-10,ITEM_1518,300765,4.0,419.04,,1,1,1
2022-06,ITEM_1519,P002386,60.0,418.2,6.97,1,1,1
2023-02,ITEM_1519,P002386,30.0,245.2,8.173333,1,1,1
2024-03,ITEM_1522,304103,10.0,415.91,,1,1,1
2024-04,ITEM_1523,302104,30.0,281.25,,1,1,1
2025-06,ITEM_1523,302104,1.0,415.89,,1,1,1
2025-06,ITEM_1525,305242,16.0,414.4,,1,1,1
2024-04,ITEM_1527,302295,420.0,541.88,,2,1,1
2021-01,ITEM_1528,P001008,30.0,548.28,18.276,3,2,1
2021-02,ITEM_1528,P001008,20.0,334.45,16.7223,3,2,1
2021-03,ITEM_1528,P001008,28.0,425.88,15.210071428571428,4,4,1
2021-04,ITEM_1528,P001008,20.0,159.77,7.9885,1,1,1
2021-05,ITEM_1528,P001008,17.0,224.335,13.196176470588236,3,1,1
2021-06,ITEM_1528,P001008,22.0,187.8,8.53620909090909,2,2,1
2021-07,ITEM_1528,P001008,6.0,101.28,16.88,1,1,1
2021-08,ITEM_1528,P001008,47.0,782.9860029999999,16.659106446808508,7,3,1
2021-09,ITEM_1528,P001008,12.0,180.0,15.0,1,1,1
2021-10,ITEM_1528,P001008,30.0,459.0,15.3,2,1,1
2021-12,ITEM_1528,P001008,26.0,354.856,13.648115384615382,3,2,1
2022-01,ITEM_1528,P001008,44.0,636.615,14.468522727272727,3,3,1
2022-02,ITEM_1528,P001008,12.0,306.0,25.5,1,1,1
2022-03,ITEM_1528,P001008,30.0,612.84,20.428,3,3,1
2022-04,ITEM_1528,P001008,68.0,1156.543996,17.00799994117647,6,3,1
2022-05,ITEM_1528,P001008,27.0,432.37,16.01377777777778,3,1,1
2022-06,ITEM_1528,P001008,6.0,147.6,24.600000000000005,1,1,1
2022-08,ITEM_1528,P001008,11.0,236.652,21.51381818181818,2,2,1
2022-10,ITEM_1528,P001008,53.0,711.3199999999999,13.421132075471698,5,3,1
2022-11,ITEM_1528,P001008,25.0,473.54999999999995,18.942,2,2,1
2023-01,ITEM_1528,P001008,27.0,428.01,15.852222222222222,2,2,1
2023-02,ITEM_1528,P001008,4.0,64.48,16.12,1,1,1
2023-03,ITEM_1528,P001008,12.0,188.65,15.7208335,2,2,1
2023-04,ITEM_1528,P001008,26.0,474.84,18.263076923076923,2,1,1
2023-05,ITEM_1528,P001008,38.0,585.0,15.394736842105264,2,2,1
2023-07,ITEM_1528,P001008,34.0,596.573,17.546264941176474,3,2,1
2023-08,ITEM_1528,P001008,24.0,326.38,13.599166666666667,2,2,1
2023-09,ITEM_1528,P001008,15.0,187.5,12.5,1,1,1
2023-10,ITEM_1528,P001008,22.0,318.0,14.454545454545455,4,4,1
2023-11,ITEM_1528,P001008,28.0,520.8,18.6,2,2,1
2025-02,ITEM_1528,P001008,10.0,117.77,,1,1,1
2025-06,ITEM_1528,P001008,6.0,19.8,,1,1,1
2025-07,ITEM_1528,P001008,44.0,485.98,,3,2,1
2025-08,ITEM_1528,P001008,10.0,112.64,,1,1,1
2025-09,ITEM_1528,P001008,10.0,109.91,,1,1,1
2025-12,ITEM_1528,P001008,4.0,20.46,,1,1,1
2025-06,ITEM_1530,305372,6.0,412.99,,1,1,1
2025-06,ITEM_1531,305364,2.0,411.8,,1,1,1
2021-10,ITEM_1532,P004986,1.0,190.0,190.0,1,1,1
2023-03,ITEM_1532,P004986,1.0,411.75,411.75,1,1,1
2024-10,ITEM_1533,303901,12.0,411.38,,1,1,1
2023-05,ITEM_1534,P006015,10.0,410.82,41.082,1,1,1
2023-07,ITEM_1535,P005920,2.0,107.0,50.0,1,1,1
2023-10,ITEM_1535,P005920,2.0,112.0,56.0,1,1,1
2023-11,ITEM_1535,P005920,2.0,410.59,205.295,1,1,1
2021-11,ITEM_1536,P005879,3.0,1230.57,363.0,3,3,1
2023-07,ITEM_1537,P006283,1.0,409.96,409.96,1,1,1
2022-05,ITEM_1538,P005648,30.0,15.94,0.5313,1,1,1
2023-01,ITEM_1538,P005648,2.0,409.41678,204.70839,1,1,1
2023-06,ITEM_1538,P005648,50.0,28.49,0.5698,1,1,1
2023-11,ITEM_1538,P005648,200.0,192.0,0.96,1,1,1
2023-05,ITEM_1539,P007844,12.0,324.64,27.054166,2,2,1
2023-06,ITEM_1539,P007844,12.0,324.65,27.054099999999995,2,2,1
2023-09,ITEM_1539,P007844,16.0,408.82,25.55125,1,1,1
2025-06,ITEM_1540,305959,6.0,408.1,,1,1,1
2025-08,ITEM_1540,305959,2.0,219.7,,2,1,1
2023-03,ITEM_1541,P005898,1.0,407.0,407.0,1,1,1
2025-07,ITEM_1542,300904,20.0,407.0,,1,1,1
2025-08,ITEM_1542,300904,10.0,203.5,,1,1,1
2022-09,ITEM_1543,P003037,4.0,406.8,101.7,1,1,1
2023-07,ITEM_1544,P003858,4.0,388.196,90.7,1,1,1
2023-10,ITEM_1544,P003858,4.0,406.32,101.58,1,1,1
2023-11,ITEM_1544,P003858,4.0,324.6,81.15,1,1,1
2023-09,ITEM_1545,P007857,2.0,405.08,184.125,1,1,1
2022-04,ITEM_1546,P006339,2.0,101.56,50.78,1,1,1
2022-05,ITEM_1546,P006339,8.0,405.05,50.63125,1,1,1
2023-08,ITEM_1546,P006339,6.0,397.06,66.176667,1,1,1
2024-04,ITEM_1548,302021,60.0,93.36,,1,1,1
2024-06,ITEM_1548,302021,86.0,469.8,,2,2,1
2024-09,ITEM_1548,302021,13.0,96.58,,2,1,1
2024-05,ITEM_1549,303229,2.0,403.15,,1,1,1
2023-05,ITEM_1550,P006083,20.0,402.5846,20.12923,1,1,1
2023-05,ITEM_1551,P006084,20.0,402.5846,20.12923,1,1,1
2023-05,ITEM_1553,P006009,150.0,402.22005,2.681467,1,1,1
2021-02,ITEM_1554,P003752,6.0,336.0,56.0,2,1,1
2021-06,ITEM_1554,P003752,3.0,120.0,40.0,1,1,1
2021-08,ITEM_1554,P003752,6.0,336.0,56.0,1,1,1
2021-09,ITEM_1554,P003752,4.0,169.4,42.35,1,1,1
2022-12,ITEM_1554,P003752,10.0,400.0,40.0,1,1,1
2023-03,ITEM_1554,P003752,4.0,281.6,70.4,1,1,1
2023-11,ITEM_1554,P003752,5.0,144.0,28.8,1,1,1
2024-04,ITEM_1555,400089,160.0,95.2,,1,1,1
2025-05,ITEM_1555,400089,12.0,122.73,,1,1,1
2025-06,ITEM_1555,400089,26.0,400.22,,3,3,1
2025-07,ITEM_1555,400089,10.0,236.64,,1,1,1
2025-08,ITEM_1555,400089,10.0,147.96,,1,1,1
2025-11,ITEM_1555,400089,6.0,400.0,,1,1,1
2025-12,ITEM_1555,400089,19.0,288.76,,3,2,1
2025-07,ITEM_1556,400077,6.0,191.05,,1,1,1
2025-12,ITEM_1556,400077,6.0,400.0,,1,1,1
2021-01,ITEM_1557,P003441,8.0,442.44,55.305,2,2,1
2021-02,ITEM_1557,P003441,4.0,222.0,55.5,1,1,1
2022-10,ITEM_1557,P003441,1.0,6.85,6.85,1,1,1
2023-03,ITEM_1557,P003441,6.0,399.48,66.58,1,1,1
2021-02,ITEM_1558,P000812,1.0,399.0,399.0,1,1,1
2021-05,ITEM_1558,P000812,1.0,399.0,399.0,1,1,1
2025-06,ITEM_1559,305419,1.0,398.98,,1,1,1
2023-02,ITEM_1560,P001070,10.0,398.3,39.83,1,1,1
2023-08,ITEM_1560,P001070,6.0,104.181,17.3635,1,1,1
2025-05,ITEM_1561,304722,1.0,219.37,,1,1,1
2025-12,ITEM_1561,304722,2.0,472.88,,2,2,1
2022-11,ITEM_1562,P006643,2.0,397.64,198.82,1,1,1
2021-05,ITEM_1563,P005144,1.0,397.39,397.39,1,1,1
2022-05,ITEM_1564,P006708,2.0,397.17,198.584,1,1,1
2021-07,ITEM_1565,P003596,48.0,396.0,8.25,1,1,1
2023-05,ITEM_1566,P006165,12.0,395.928996,32.994083,1,1,1
2022-05,ITEM_1567,P006710,2.0,395.69,197.844,1,1,1
2021-04,ITEM_1568,P002481,1.0,120.0,120.0,1,1,1
2022-04,ITEM_1568,P002481,1.0,118.32,118.32,1,1,1
2023-01,ITEM_1568,P002481,1.0,118.31,118.31,1,1,1
2023-03,ITEM_1568,P002481,3.0,395.01,131.67,1,1,1
2023-08,ITEM_1569,P006362,1.0,395.0,395.0,1,1,1
2023-06,ITEM_1570,P006135,2.0,393.5,196.75,1,1,1
2024-04,ITEM_1571,304012,20.0,393.24,,1,1,1
2021-09,ITEM_1573,P002269,4.0,112.2,28.05,1,1,1
2022-04,ITEM_1573,P002269,1.0,27.65,27.65,1,1,1
2022-05,ITEM_1573,P002269,6.0,168.3,28.05,1,1,1
2022-06,ITEM_1573,P002269,6.0,354.0,59.0,1,1,1
2023-02,ITEM_1573,P002269,14.0,392.98,28.07,1,1,1
2021-07,ITEM_1574,P005461,15.0,89.25,5.95,1,1,1
2021-11,ITEM_1574,P005461,8.0,392.8,49.1,1,1,1
2022-02,ITEM_1574,P005461,12.0,49.68,4.14,1,1,1
2022-09,ITEM_1574,P005461,7.0,76.3,10.9,1,1,1
2022-11,ITEM_1574,P005461,10.0,38.2,3.8199999999999994,1,1,1
2023-02,ITEM_1574,P005461,4.0,16.0,4.0,1,1,1
2023-06,ITEM_1575,P006208,1.0,391.41,391.41,1,1,1
2023-06,ITEM_1576,P007893,8.0,391.36,48.92,1,1,1
2023-10,ITEM_1576,P007893,4.0,195.68,48.92,1,1,1
2023-11,ITEM_1577,P008222,8.0,391.18,44.86,1,1,1
2025-08,ITEM_1578,305736,2.0,781.33,,2,1,1
2023-08,ITEM_1579,P000965,5.0,390.599998,78.12,1,1,1
2023-09,ITEM_1579,P000965,1.0,78.12,78.12,1,1,1
2022-04,ITEM_1580,P001256,12.0,389.52,32.46,1,1,1
2023-04,ITEM_1580,P001256,4.0,145.02,36.255,1,1,1
2023-09,ITEM_1580,P001256,4.0,111.04,27.76,1,1,1
2021-01,ITEM_1582,P003095,10.0,388.3,38.83,1,1,1
2021-08,ITEM_1582,P003095,6.0,232.98,38.83,1,1,1
2022-02,ITEM_1582,P003095,3.0,116.49,38.83,1,1,1
2022-07,ITEM_1583,P006840,2.0,387.42,193.71,1,1,1
2021-02,ITEM_1584,P005463,8.0,258.24,32.28,1,1,1
2021-07,ITEM_1584,P005463,12.0,387.36,32.28,1,1,1
2021-11,ITEM_1584,P005463,8.0,180.88,22.61,1,1,1
2022-02,ITEM_1584,P005463,8.0,258.24,32.28,1,1,1
2022-06,ITEM_1584,P005463,4.0,104.76,26.19,1,1,1
2022-09,ITEM_1584,P005463,4.0,129.12,32.28,1,1,1
2023-02,ITEM_1584,P005463,8.0,260.0,32.5,1,1,1
2023-10,ITEM_1584,P005463,12.0,314.28,26.19,1,1,1
2023-11,ITEM_1584,P005463,12.0,314.28,26.19,1,1,1
2024-04,ITEM_1585,301118,20.0,89.88,,1,1,1
2025-06,ITEM_1585,301118,2.0,41.2,,1,1,1
2025-07,ITEM_1585,301118,10.0,387.0,,1,1,1
2025-08,ITEM_1585,301118,20.0,360.0,,1,1,1
2021-02,ITEM_1586,P001358,4.0,386.46,96.616,1,1,1
2021-11,ITEM_1586,P001358,1.0,115.0,115.0,1,1,1
2021-02,ITEM_1589,P002293,35.0,385.0,11.0,1,1,1
2021-07,ITEM_1589,P002293,27.0,297.0,11.0,1,1,1
2025-08,ITEM_1590,306324,4.0,384.85,,1,1,1
2023-07,ITEM_1591,P003849,24.0,367.224,14.300000000000002,1,1,1
2023-10,ITEM_1591,P003849,24.0,384.48,16.02,1,1,1
2023-11,ITEM_1591,P003849,24.0,182.93,7.622083,1,1,1
2021-04,ITEM_1592,P000841,12.0,384.0,32.0,1,1,1
2022-01,ITEM_1593,P005333,8.0,384.0,48.0,1,1,1
2024-04,ITEM_1594,302376,320.0,384.0,,1,1,1
2025-09,ITEM_1595,302860,120.0,382.5,,1,1,1
2023-03,ITEM_1596,P003974,10.0,381.92,38.192,1,1,1
2021-03,ITEM_1598,P000598,20.0,380.8,19.04,1,1,1
2021-06,ITEM_1598,P000598,20.0,126.84,6.342,1,1,1
2021-08,ITEM_1598,P000598,5.0,95.2,19.04,1,1,1
2022-01,ITEM_1598,P000598,14.0,161.0,11.5,4,4,1
2022-02,ITEM_1598,P000598,3.0,34.5,11.5,1,1,1
2023-02,ITEM_1598,P000598,10.0,122.52,12.252,1,1,1
2023-11,ITEM_1598,P000598,5.0,60.0,12.0,1,1,1
2023-12,ITEM_1598,P000598,10.0,140.0,14.0,1,1,1
2021-01,ITEM_1599,P000416,22.0,190.5,8.659090909090908,2,2,1
2021-03,ITEM_1599,P000416,20.0,206.4,10.319999999999999,2,2,1
2021-04,ITEM_1599,P000416,7.0,40.6,5.8,1,1,1
2021-07,ITEM_1599,P000416,12.0,110.88,9.24,1,1,1
2021-11,ITEM_1599,P000416,12.0,120.6,10.05,1,1,1
2022-03,ITEM_1599,P000416,18.0,186.48,10.36,1,1,1
2022-04,ITEM_1599,P000416,12.0,124.32,10.36,1,1,1
2022-11,ITEM_1599,P000416,24.0,318.6,13.275,2,1,1
2023-02,ITEM_1599,P000416,8.0,331.71,41.463749750000005,2,1,1
2023-04,ITEM_1599,P000416,6.0,75.0,12.5,1,1,1
2023-05,ITEM_1599,P000416,25.0,388.39,15.535519999999998,2,2,1
2023-06,ITEM_1599,P000416,24.0,380.689992,15.862083,1,1,1
2023-08,ITEM_1599,P000416,3.0,23.1,7.7,1,1,1
2023-09,ITEM_1599,P000416,15.0,150.0,10.0,1,1,1
2023-11,ITEM_1599,P000416,16.0,149.3,9.33125,4,1,1
2023-12,ITEM_1599,P000416,30.0,378.0,12.6,1,1,1
2022-10,ITEM_1600,P005048,2.0,380.0,190.0,1,1,1
2022-12,ITEM_1601,P007158,1.0,380.0,380.0,1,1,1
2023-06,ITEM_1603,P002848,2.0,380.0,190.0,1,1,1
2023-09,ITEM_1604,P003721,4.0,380.0,95.0,1,1,1
2023-06,ITEM_1605,P006211,1.0,379.649999,379.649999,1,1,1
2021-06,ITEM_1606,P005932,2.0,378.88,189.44,1,1,1
2021-01,ITEM_1607,P003843,12.0,283.8,23.649999999999995,1,1,1
2021-05,ITEM_1607,P003843,12.0,283.8,23.649999999999995,1,1,1
2021-09,ITEM_1607,P003843,24.0,387.39,16.14124975,2,1,1
2021-10,ITEM_1607,P003843,6.0,141.9,23.649999999999995,1,1,1
2022-02,ITEM_1607,P003843,24.0,567.6,23.649999999999995,2,2,1
2022-08,ITEM_1607,P003843,18.0,437.5,24.305555555555557,2,2,1
2022-10,ITEM_1607,P003843,10.0,236.5,23.65,1,1,1
2023-03,ITEM_1607,P003843,4.0,67.16,16.79,1,1,1
2023-05,ITEM_1607,P003843,4.0,65.24,16.31,1,1,1
2023-11,ITEM_1607,P003843,2.0,196.18,98.09,1,1,1
2021-02,ITEM_1608,P000341,100.0,163.99,1.6399,1,1,1
2021-04,ITEM_1608,P000341,101.0,431.78,4.275049504950495,2,2,1
2021-08,ITEM_1608,P000341,60.0,131.83998,2.197333,1,1,1
2022-04,ITEM_1608,P000341,100.0,292.6,2.926,1,1,1
2022-05,ITEM_1608,P000341,200.0,378.23,1.89115,1,1,1
2023-10,ITEM_1608,P000341,200.0,249.48,1.2474,1,1,1
2023-11,ITEM_1608,P000341,200.0,248.22,1.2411,1,1,1
2021-01,ITEM_1610,P005111,1.0,376.35,376.35,1,1,1
2024-03,ITEM_1611,302249,200.0,135.0,,1,1,1
2024-06,ITEM_1611,302249,1.0,376.03,,1,1,1
2024-07,ITEM_1611,302249,101.0,67.49,,2,2,1
2024-09,ITEM_1611,302249,11.0,10.67,,2,1,1
2024-04,ITEM_1612,302258,20.0,376.0,,1,1,1
2025-07,ITEM_1613,400212,6.0,49.23,,1,1,1
2025-12,ITEM_1613,400212,6.0,375.54,,1,1,1
2023-05,ITEM_1614,P006056,30.0,375.0846,12.502820000000002,1,1,1
2021-01,ITEM_1615,P000810,1.0,15.0,15.0,1,1,1
2021-06,ITEM_1615,P000810,5.0,25.0,5.0,1,1,1
2021-08,ITEM_1615,P000810,3.0,45.0,15.0,1,1,1
2022-02,ITEM_1615,P000810,6.0,90.0,15.0,1,1,1
2022-03,ITEM_1615,P000810,5.0,69.8,13.959999999999999,2,2,1
2022-07,ITEM_1615,P000810,6.0,119.66,19.943,1,1,1
2022-08,ITEM_1615,P000810,5.0,99.715,19.943,1,1,1
2022-10,ITEM_1615,P000810,3.0,63.6,21.2,1,1,1
2023-02,ITEM_1615,P000810,2.0,18.0,9.0,1,1,1
2023-03,ITEM_1615,P000810,4.0,375.05,93.7625,1,1,1
2023-07,ITEM_1615,P000810,3.0,60.98,20.328,1,1,1
2023-09,ITEM_1615,P000810,7.0,40.555,5.793571428571428,2,2,1
2023-12,ITEM_1615,P000810,3.0,80.69,26.896666999999997,1,1,1
2022-04,ITEM_1616,P003147,250.0,375.0,1.5,1,1,1
2022-04,ITEM_1617,P003148,250.0,375.0,1.5,1,1,1
2023-06,ITEM_1618,P006237,30.0,375.0,12.5,1,1,1
2022-11,ITEM_1620,P000790,70.0,374.499999,5.35,1,1,1
2025-12,ITEM_1621,306878,8.0,373.62,,1,1,1
2023-07,ITEM_1622,P003873,14.0,118.342,7.9,1,1,1
2023-10,ITEM_1622,P003873,14.0,123.9,8.85,1,1,1
2023-11,ITEM_1622,P003873,14.0,373.6,26.685714,1,1,1
2023-01,ITEM_1624,P007173,4.0,371.72,92.93,1,1,1
2021-03,ITEM_1625,P002468,6.0,371.4,61.9,1,1,1
2021-02,ITEM_1628,P000412,5.0,37.5,7.5,1,1,1
2021-06,ITEM_1628,P000412,24.0,180.0,7.5,1,1,1
2021-08,ITEM_1628,P000412,12.0,166.32,13.86,1,1,1
2022-03,ITEM_1628,P000412,3.0,31.08,10.36,1,1,1
2022-06,ITEM_1628,P000412,29.0,294.71999999999997,10.162758620689655,3,3,1
2022-11,ITEM_1628,P000412,6.0,69.3,11.550000000000002,1,1,1
2023-03,ITEM_1628,P000412,34.0,283.505,8.338382352941176,2,2,1
2023-06,ITEM_1628,P000412,15.0,237.93,15.862,1,1,1
2023-09,ITEM_1628,P000412,1.0,7.0,7.0,1,1,1
2023-10,ITEM_1628,P000412,8.0,123.6,15.45,1,1,1
2023-11,ITEM_1628,P000412,32.0,494.4,15.45,2,2,1
2024-05,ITEM_1629,303243,1.0,370.28,,1,1,1
2024-04,ITEM_1631,304008,20.0,368.55,,1,1,1
2023-06,ITEM_1632,P005956,201.0,1105.5,5.5,3,3,1
2021-04,ITEM_1634,P000326,100.0,368.0,3.68,1,1,1
2022-04,ITEM_1635,P004896,1.0,131.07,131.072,1,1,1
2022-10,ITEM_1635,P004896,1.0,184.0,184.0,1,1,1
2022-11,ITEM_1635,P004896,2.0,368.0,184.0,1,1,1
2023-04,ITEM_1635,P004896,2.0,360.0,180.0,2,2,1
2023-10,ITEM_1635,P004896,2.0,296.0,148.0,1,1,1
2023-11,ITEM_1635,P004896,1.0,148.0,148.0,1,1,1
2022-04,ITEM_1636,P004190,1.0,100.91,100.912,1,1,1
2022-10,ITEM_1636,P004190,1.0,144.0,144.0,1,1,1
2022-11,ITEM_1636,P004190,2.0,288.0,144.0,1,1,1
2023-04,ITEM_1636,P004190,2.0,280.0,140.0,2,2,1
2023-10,ITEM_1636,P004190,2.0,368.0,184.0,1,1,1
2023-11,ITEM_1636,P004190,2.0,368.0,184.0,1,1,1
2023-10,ITEM_1637,P001113,4.0,367.2,91.8,1,1,1
2024-07,ITEM_1638,304354,20.0,365.96,,1,1,1
2025-06,ITEM_1640,306320,1.0,364.45,,1,1,1
2025-10,ITEM_1640,306320,1.0,48.0,,1,1,1
2023-04,ITEM_1643,P001665,6.0,363.670001,60.61166699999999,1,1,1
2023-06,ITEM_1644,p006227,5.0,362.43,72.486,1,1,1
2025-09,ITEM_1646,305513,3.0,361.88,,1,1,1
2021-05,ITEM_1647,P002204,100.0,361.0,3.61,1,1,1
2022-02,ITEM_1647,P002204,20.0,54.0,2.7,1,1,1
2022-11,ITEM_1647,P002204,20.0,59.8,2.99,1,1,1
2023-04,ITEM_1647,P002204,20.0,78.0,3.9,1,1,1
2023-08,ITEM_1647,P002204,12.0,57.6,4.8,1,1,1
2023-11,ITEM_1647,P002204,6.0,38.1,6.349999999999999,1,1,1
2021-05,ITEM_1648,P002205,100.0,361.0,3.61,1,1,1
2022-02,ITEM_1648,P002205,20.0,36.0,1.8,1,1,1
2022-05,ITEM_1648,P002205,40.0,260.0,6.5,1,1,1
2022-08,ITEM_1648,P002205,52.0,117.0,2.25,1,1,1
2022-11,ITEM_1648,P002205,6.0,60.0,10.0,1,1,1
2023-04,ITEM_1648,P002205,20.0,62.0,3.1,1,1,1
2023-11,ITEM_1648,P002205,6.0,36.72,6.12,1,1,1
2025-06,ITEM_1649,305423,1.0,360.49,,1,1,1
2022-09,ITEM_1650,P007010,1.0,360.39,360.39,1,1,1
2021-05,ITEM_1651,P002278,80.0,360.0,4.5,1,1,1
2021-06,ITEM_1651,P002278,30.0,63.0,2.1,1,1,1
2021-11,ITEM_1651,P002278,72.0,324.0,4.5,1,1,1
2021-12,ITEM_1651,P002278,20.0,50.0,2.5,1,1,1
2023-04,ITEM_1651,P002278,30.0,105.3,3.51,1,1,1
2023-06,ITEM_1651,P002278,24.0,79.68,3.32,1,1,1
2023-08,ITEM_1651,P002278,8.0,83.0,10.375,1,1,1
2025-07,ITEM_1651,P002278,4.0,32.2,,1,1,1
2023-05,ITEM_1653,P005874,2.0,360.0,180.0,1,1,1
2023-08,ITEM_1653,P005874,2.0,316.0,158.0,1,1,1
2025-08,ITEM_1654,301533,200.0,359.78,,1,1,1
2023-05,ITEM_1655,P006195,15.0,359.47,23.964667,1,1,1
2024-02,ITEM_1656,303951,10.0,358.49,,1,1,1
2025-04,ITEM_1657,305573,1.0,358.47,,1,1,1
2024-09,ITEM_1658,304935,1.0,358.47,,1,1,1
2024-01,ITEM_1659,303200,2.0,358.42,,1,1,1
2021-05,ITEM_1660,P001257,16.0,573.4399999999999,35.84,2,1,1
2022-06,ITEM_1660,P001257,4.0,149.04,37.26,1,1,1
2022-09,ITEM_1660,P001257,10.0,345.3,34.53,1,1,1
2025-06,ITEM_1661,302170,2.0,9.01,,1,1,1
2025-07,ITEM_1661,302170,4.0,64.33,,3,2,1
2025-08,ITEM_1661,302170,14.0,358.16,,1,1,1
2024-10,ITEM_1663,400003,5.0,357.78,,1,1,1
2021-02,ITEM_1664,P003161,1.0,48.52,48.52,1,1,1
2022-06,ITEM_1664,P003161,14.0,357.0,25.5,1,1,1
2022-08,ITEM_1664,P003161,2.0,9.0,4.5,1,1,1
2023-08,ITEM_1665,P000983,2.0,663.3100019999999,331.65500099999997,2,2,1
2021-01,ITEM_1667,P001242,1.0,175.32,175.32,1,1,1
2021-09,ITEM_1667,P001242,1.0,356.0,356.0,1,1,1
2023-05,ITEM_1668,P007387,1.0,355.25,355.25,1,1,1
2024-09,ITEM_1669,304757,1.0,355.12,,1,1,1
2025-06,ITEM_1670,305971,18.0,354.88,,1,1,1
2023-05,ITEM_1671,P006018,35.0,354.36,10.124571,1,1,1
2021-01,ITEM_1672,P000316,10.0,20.0,2.0,1,1,1
2021-05,ITEM_1672,P000316,120.0,217.14,1.8095,1,1,1
2021-08,ITEM_1672,P000316,100.0,169.4,1.694,2,2,1
2021-11,ITEM_1672,P000316,100.0,231.75,2.3175,1,1,1
2022-06,ITEM_1672,P000316,50.0,94.33,1.8866,1,1,1
2022-08,ITEM_1672,P000316,200.0,354.2,1.771,1,1,1
2022-09,ITEM_1672,P000316,50.0,88.921978,1.77844,1,1,1
2022-12,ITEM_1672,P000316,50.0,89.32,1.7863999999999998,1,1,1
2023-02,ITEM_1672,P000316,60.0,106.26,1.771,1,1,1
2023-03,ITEM_1672,P000316,50.0,123.2,2.464,1,1,1
2023-08,ITEM_1672,P000316,300.0,519.75,1.7325,2,2,1
2023-09,ITEM_1672,P000316,120.0,245.16,2.043,1,1,1
2025-05,ITEM_1673,400035,2.0,165.37,,1,1,1
2025-10,ITEM_1673,400035,2.0,182.89,,1,1,1
2025-12,ITEM_1673,400035,2.0,354.14,,1,1,1
2023-07,ITEM_1674,P006245,70.0,352.8,5.04,1,1,1
2021-02,ITEM_1675,P004058,6.0,336.0,56.0,1,1,1
2021-08,ITEM_1675,P004058,6.0,240.0,40.0,1,1,1
2022-05,ITEM_1675,P004058,3.0,114.0,38.0,1,1,1
2022-07,ITEM_1675,P004058,1.0,72.0,72.0,1,1,1
2023-03,ITEM_1675,P004058,4.0,352.0,88.0,1,1,1
2023-06,ITEM_1675,P004058,2.0,140.8,70.4,1,1,1
2023-12,ITEM_1676,P008436,2.0,351.98,175.989999,1,1,1
2022-06,ITEM_1677,P006900,2.0,351.89,167.565,1,1,1
2023-02,ITEM_1678,P005107,4.0,351.76,87.94,1,1,1
2021-03,ITEM_1679,P003431,36.0,238.079988,6.613333,1,1,1
2021-09,ITEM_1679,P003431,24.0,161.22,6.7175,1,1,1
2022-04,ITEM_1679,P003431,48.0,280.880016,5.851667,1,1,1
2022-05,ITEM_1679,P003431,60.0,351.10002,5.851667,1,1,1
2022-11,ITEM_1679,P003431,30.0,196.16001,6.538667,1,1,1
2023-03,ITEM_1679,P003431,36.0,229.510001,6.375278,1,1,1
2023-04,ITEM_1679,P003431,30.0,162.24999,5.408333,1,1,1
2023-07,ITEM_1679,P003431,60.0,294.5,4.908333,1,1,1
2023-09,ITEM_1680,P000506,8.0,351.0,43.875,1,1,1
2025-04,ITEM_1681,306167,3.0,351.0,,1,1,1
2023-07,ITEM_1682,P003879,6.0,335.124,52.20000000000001,1,1,1
2023-10,ITEM_1682,P003879,6.0,350.76,58.46,1,1,1
2023-11,ITEM_1682,P003879,6.0,113.500002,18.916667,1,1,1
2022-06,ITEM_1683,P001660,24.0,350.72,14.613333000000003,1,1,1
2023-09,ITEM_1683,P001660,18.0,169.38,9.41,1,1,1
2021-08,ITEM_1684,P004822,12.0,214.326,17.8605,2,1,1
2023-05,ITEM_1684,P004822,6.0,210.42,35.07,1,1,1
2023-07,ITEM_1684,P004822,10.0,350.7,35.07,1,1,1
2021-10,ITEM_1685,P000432,1.0,350.0,350.0,1,1,1
2023-09,ITEM_1687,P008275,2.0,350.0,175.0,1,1,1
2022-04,ITEM_1688,P006477,2.0,699.2,349.6,2,2,1
2025-08,ITEM_1689,306598,2.0,351.95000000000005,,2,1,1
2023-07,ITEM_1692,P004701,2.0,348.0,174.0,1,1,1
2023-11,ITEM_1693,P008379,5.0,347.7,69.54,1,1,1
2024-02,ITEM_1694,303985,1.0,347.7,,1,1,1
2021-01,ITEM_1695,P002737,24.0,114.049992,4.752083,1,1,1
2021-09,ITEM_1695,P002737,40.0,201.6,5.04,1,1,1
2022-02,ITEM_1695,P002737,70.0,498.0,7.114285714285714,2,2,1
2022-07,ITEM_1695,P002737,24.0,113.52,4.73,1,1,1
2023-07,ITEM_1696,P006255,6.0,346.8,57.79999999999999,1,1,1
2022-07,ITEM_1697,P006841,2.0,346.12,173.06,1,1,1
2022-11,ITEM_1698,P007077,6.0,253.0,42.166667,1,1,1
2023-02,ITEM_1698,P007077,4.0,220.5,55.125,1,1,1
2023-06,ITEM_1698,P007077,6.25,242.82,38.8512,1,1,1
2023-12,ITEM_1698,P007077,5.0,345.0,69.0,1,1,1
2021-03,ITEM_1699,P002490,12.0,344.4,28.7,1,1,1
2022-12,ITEM_1700,P005844,4.0,344.4,86.1,1,1,1
2023-07,ITEM_1701,P003850,24.0,328.704,12.800000000000002,1,1,1
2023-10,ITEM_1701,P003850,24.0,344.16,14.339999999999998,1,1,1
2023-11,ITEM_1701,P003850,24.0,218.3,9.095833,1,1,1
2023-09,ITEM_1702,P007852,2.0,343.51,156.14,1,1,1
2021-04,ITEM_1703,P005131,4.0,343.48,85.87,1,1,1
2025-04,ITEM_1704,900196,2.0,343.24,,1,1,1
2025-12,ITEM_1704,900196,2.0,11.42,,1,1,1
2021-11,ITEM_1705,P005320,1.0,343.16,343.16,1,1,1
2023-12,ITEM_1706,P008562,1.0,342.98,342.98,1,1,1
2021-02,ITEM_1707,P004988,15.0,233.775,15.585,1,1,1
2023-05,ITEM_1707,P004988,17.0,342.72,20.16,1,1,1
2025-05,ITEM_1709,400119,3.0,341.04,,1,1,1
2025-06,ITEM_1710,305965,6.0,340.88,,1,1,1
2021-03,ITEM_1711,P004427,80.0,340.5,4.2562,1,1,1
2021-07,ITEM_1711,P004427,38.0,191.51999999999998,5.039999999999999,2,2,1
2021-12,ITEM_1711,P004427,12.0,142.02,11.835,1,1,1
2022-05,ITEM_1711,P004427,10.0,86.7,8.67,1,1,1
2023-02,ITEM_1711,P004427,5.0,34.05,6.81,1,1,1
2023-04,ITEM_1711,P004427,20.0,91.2,4.56,1,1,1
2023-11,ITEM_1711,P004427,40.0,182.4,4.56,1,1,1
2021-02,ITEM_1712,P002703,1.0,340.0,340.0,1,1,1
2022-01,ITEM_1713,P002882,2.0,340.0,170.0,1,1,1
2023-09,ITEM_1714,P006422,4.0,340.0,85.0,1,1,1
2021-04,ITEM_1715,P005158,1.0,339.29,339.29,1,1,1
2023-08,ITEM_1715,P005158,1.0,189.0,189.0,1,1,1
2023-05,ITEM_1716,P006164,12.0,339.048996,28.254082999999998,1,1,1
2021-05,ITEM_1717,P004464,5.0,338.25,67.65,1,1,1
2023-02,ITEM_1718,P007191,8.0,307.2,38.4,1,1,1
2023-04,ITEM_1718,P007191,8.0,337.92,42.24,1,1,1
2023-05,ITEM_1719,P006010,150.0,337.72005,2.251467,1,1,1
2025-06,ITEM_1721,301481,16.0,337.5,,1,1,1
2021-08,ITEM_1722,P004821,12.0,228.4704,19.0392,1,1,1
2023-05,ITEM_1722,P004821,6.0,201.66,33.61,1,1,1
2023-07,ITEM_1722,P004821,10.0,336.1,33.61,1,1,1
2022-06,ITEM_1723,P005349,3.0,336.0,112.0,1,1,1
2025-06,ITEM_1724,305960,6.0,335.98,,1,1,1
2024-04,ITEM_1725,304201,180.0,335.88,,1,1,1
2024-10,ITEM_1727,300756,4.0,335.4,,1,1,1
2023-09,ITEM_1728,P006380,7.0,335.1075,47.8725,1,1,1
2021-09,ITEM_1729,P003719,1.0,35.5575,35.5575,1,1,1
2023-04,ITEM_1729,P003719,5.0,334.95,66.99,1,1,1
2023-11,ITEM_1730,P006612,1.0,334.775,334.775,1,1,1
2025-06,ITEM_1731,305371,6.0,334.59,,1,1,1
2021-10,ITEM_1732,P001798,1.0,207.284,207.284,1,1,1
2023-02,ITEM_1732,P001798,2.0,263.53,131.765,1,1,1
2023-03,ITEM_1732,P001798,1.0,256.36,256.361,1,1,1
2023-04,ITEM_1732,P001798,1.0,334.57,334.57,1,1,1
2023-08,ITEM_1732,P001798,1.0,85.0,85.0,1,1,1
2023-07,ITEM_1733,P003821,24.0,100.152,3.9,1,1,1
2023-10,ITEM_1733,P003821,24.0,104.88,4.37,1,1,1
2023-11,ITEM_1733,P003821,24.0,333.880008,13.911667,1,1,1
2024-04,ITEM_1734,900193,1100.0,333.36,,1,1,1
2024-05,ITEM_1734,900193,550.0,166.65,,1,1,1
2024-05,ITEM_1735,303259,10.0,333.0,,1,1,1
2025-12,ITEM_1736,306149,1.0,331.82,,1,1,1
2022-07,ITEM_1737,P004814,1.0,330.365,330.365,1,1,1
2021-05,ITEM_1738,P001532,1.0,115.0,115.0,1,1,1
2022-07,ITEM_1738,P001532,1.0,231.084,231.084,1,1,1
2023-02,ITEM_1738,P001532,2.0,330.29,165.145,1,1,1
2023-05,ITEM_1738,P001532,1.0,74.07,74.074,1,1,1
2021-01,ITEM_1739,PS00002,2.0,500.0,250.0,2,2,1
2021-02,ITEM_1739,PS00002,7.0,1800.0,257.14285714285717,7,7,1
2021-04,ITEM_1739,PS00002,3.0,900.0,300.0,3,3,1
2021-05,ITEM_1739,PS00002,10.0,1680.0,168.0,10,9,1
2021-06,ITEM_1739,PS00002,1.0,300.0,300.0,1,1,1
2021-07,ITEM_1739,PS00002,6.0,1470.0,245.0,6,6,1
2021-08,ITEM_1739,PS00002,1.0,200.0,200.0,1,1,1
2021-10,ITEM_1739,PS00002,1.0,330.0,330.0,1,1,1
2021-11,ITEM_1739,PS00002,1.0,220.0,220.0,1,1,1
2021-12,ITEM_1739,PS00002,1.0,300.0,300.0,1,1,1
2022-01,ITEM_1739,PS00002,5.0,1460.0,292.0,5,5,1
2022-02,ITEM_1739,PS00002,2.0,400.0,200.0,2,2,1
2022-05,ITEM_1739,PS00002,1.0,300.0,300.0,1,1,1
2022-07,ITEM_1739,PS00002,6.0,1450.0,241.66666666666666,6,6,1
2022-08,ITEM_1739,PS00002,2.0,357.14,178.57,2,2,1
2022-12,ITEM_1739,PS00002,4.0,1000.0,250.0,4,4,1
2023-01,ITEM_1739,PS00002,3.0,600.0,200.0,3,3,1
2023-06,ITEM_1739,PS00002,1.0,300.0,300.0,1,1,1
2023-07,ITEM_1739,PS00002,1.0,300.0,300.0,1,1,1
2023-08,ITEM_1739,PS00002,1.0,300.0,300.0,1,1,1
2023-11,ITEM_1739,PS00002,1.0,300.0,300.0,1,1,1
2021-04,ITEM_1740,P001164,50.0,82.5,1.65,1,1,1
2021-05,ITEM_1740,P001164,200.0,330.0,1.65,1,1,1
2021-07,ITEM_1740,P001164,100.0,96.25,0.9625,1,1,1
2021-09,ITEM_1740,P001164,60.0,120.0,2.0,1,1,1
2022-04,ITEM_1740,P001164,24.0,29.28,1.22,1,1,1
2023-07,ITEM_1740,P001164,25.0,19.69,0.7875999999999999,1,1,1
2023-11,ITEM_1740,P001164,30.0,24.41,0.813667,1,1,1
2023-12,ITEM_1740,P001164,10.0,8.14,0.8139999999999998,1,1,1
2021-01,ITEM_1741,P001526,2.0,66.0,33.0,1,1,1
2021-02,ITEM_1741,P001526,2.0,100.0,50.0,1,1,1
2021-09,ITEM_1741,P001526,5.0,66.0,13.2,2,2,1
2021-12,ITEM_1741,P001526,6.0,330.0,55.0,1,1,1
2022-12,ITEM_1741,P001526,2.0,33.0,16.5,1,1,1
2023-10,ITEM_1741,P001526,5.0,125.0,25.0,1,1,1
2022-05,ITEM_1742,P000007,30.0,330.0,11.0,1,1,1
2023-06,ITEM_1742,P000007,6.0,48.6,8.1,1,1,1
2023-09,ITEM_1742,P000007,10.0,94.1,9.41,1,1,1
2021-01,ITEM_1743,P001569,16.0,50.4,3.15,3,3,1
2022-01,ITEM_1743,P001569,16.0,50.4,3.15,1,1,1
2022-08,ITEM_1743,P001569,6.0,18.9,3.15,1,1,1
2023-03,ITEM_1743,P001569,4.0,12.6,3.15,1,1,1
2023-04,ITEM_1743,P001569,6.0,27.6,4.6,1,1,1
2023-05,ITEM_1743,P001569,50.0,660.0,13.2,2,1,1
2023-10,ITEM_1743,P001569,20.0,139.2,6.959999999999999,2,2,1
2023-11,ITEM_1743,P001569,34.0,184.07999999999998,5.4141176470588235,2,2,1
2023-12,ITEM_1743,P001569,6.0,23.52,3.92,1,1,1
2025-06,ITEM_1743,P001569,8.0,84.0,,1,1,1
2023-03,ITEM_1744,P007320,8.0,329.84,41.23,1,1,1
2023-05,ITEM_1744,P007320,8.0,329.84,41.23,1,1,1
2023-05,ITEM_1745,P001248,8.0,329.84,41.23,1,1,1
2023-11,ITEM_1747,P008183,40.0,345.99,7.935499999999999,2,2,1
2023-07,ITEM_1748,P007961,2.0,328.38,164.19,1,1,1
2023-12,ITEM_1749,P008519,2.0,328.22,164.11,1,1,1
2021-11,ITEM_1750,P004091,2.0,328.0,164.0,1,1,1
2022-02,ITEM_1751,P004323,2.0,328.0,164.0,1,1,1
2023-07,ITEM_1752,P007964,1.0,327.6,327.6,1,1,1
2024-09,ITEM_1753,300889,6.0,327.2,,1,1,1
2025-08,ITEM_1755,306195,3.0,326.44,,1,1,1
2023-11,ITEM_1756,P006611,1.0,326.315,326.315,1,1,1
2024-02,ITEM_1757,303986,1.0,325.45,,1,1,1
2024-10,ITEM_1758,300732,3.0,325.22,,1,1,1
2024-04,ITEM_1759,304130,20.0,325.09,,1,1,1
2023-11,ITEM_1760,P008215,8.0,647.02,74.2,2,2,1
2021-03,ITEM_1761,P003038,12.0,324.0,27.0,1,1,1
2023-04,ITEM_1762,P005698,12.0,324.0,27.0,1,1,1
2022-10,ITEM_1763,P004386,2.0,241.64,120.82,1,1,1
2023-06,ITEM_1763,P004386,10.0,324.0,32.4,1,1,1
2021-02,ITEM_1764,P000648,61.0,823.5,13.5,7,7,1
2021-03,ITEM_1764,P000648,18.0,206.45,11.469444666666668,2,2,1
2021-04,ITEM_1764,P000648,8.0,97.29,12.16125,1,1,1
2021-08,ITEM_1764,P000648,16.0,195.275,12.2045,2,2,1
2021-09,ITEM_1764,P000648,10.0,100.0,10.0,1,1,1
2021-10,ITEM_1764,P000648,6.0,69.0,11.5,1,1,1
2022-01,ITEM_1764,P000648,15.0,157.5,10.5,1,1,1
2022-04,ITEM_1764,P000648,27.0,439.21500000000003,16.267222222222223,2,2,1
2022-05,ITEM_1764,P000648,12.0,204.0,17.0,1,1,1
2022-10,ITEM_1764,P000648,25.0,359.9,14.395999999999999,2,2,1
2022-11,ITEM_1764,P000648,15.0,236.775,15.785,1,1,1
2023-01,ITEM_1764,P000648,16.0,200.0,12.5,1,1,1
2023-04,ITEM_1764,P000648,15.0,150.0,10.0,1,1,1
2023-05,ITEM_1764,P000648,9.0,149.3435,16.5935,2,2,1
2023-06,ITEM_1764,P000648,21.0,323.90250000000003,15.42392857142857,2,2,1
2023-07,ITEM_1764,P000648,26.0,431.43100000000004,16.5935,2,1,1
2023-11,ITEM_1764,P000648,20.0,323.25,16.1625,1,1,1
2025-02,ITEM_1764,P000648,20.0,285.59,,1,1,1
2025-07,ITEM_1764,P000648,12.0,177.93,,1,1,1
2023-05,ITEM_1765,P006111,5.0,321.5346,64.30692,1,1,1
2023-09,ITEM_1766,P007855,2.0,321.51,146.14,1,1,1
2021-11,ITEM_1767,P005466,16.0,321.44,20.09,1,1,1
2024-09,ITEM_1769,304906,24.0,320.4,,1,1,1
2023-03,ITEM_1770,P007349,1.0,320.31,320.31,1,1,1
2025-06,ITEM_1771,400075,24.0,353.52,,2,2,1
2025-09,ITEM_1771,400075,2.0,320.14,,1,1,1
2025-12,ITEM_1771,400075,4.0,306.34,,1,1,1
2022-08,ITEM_1772,P007009,1.0,320.0,320.0,1,1,1
2023-01,ITEM_1773,P005634,2.0,319.87678,159.93839,1,1,1
2023-11,ITEM_1774,P008186,16.0,633.94,36.35,2,2,1
2025-07,ITEM_1775,302612,2.0,193.5,,1,1,1
2025-08,ITEM_1775,302612,6.0,318.6,,1,1,1
2023-10,ITEM_1776,P006567,6.0,317.64,52.94,1,1,1
2021-01,ITEM_1778,P000441,5.0,76.2,15.24,2,2,1
2021-05,ITEM_1778,P000441,1.0,15.4,15.4,1,1,1
2021-06,ITEM_1778,P000441,1.0,20.0,20.0,1,1,1
2021-09,ITEM_1778,P000441,6.0,91.2,15.200000000000001,2,2,1
2021-11,ITEM_1778,P000441,5.0,88.58,17.716,1,1,1
2022-03,ITEM_1778,P000441,2.0,33.2,16.6,1,1,1
2022-04,ITEM_1778,P000441,10.0,80.0,8.0,1,1,1
2022-05,ITEM_1778,P000441,2.0,36.34,18.172,1,1,1
2022-06,ITEM_1778,P000441,1.0,10.2,10.2,1,1,1
2023-01,ITEM_1778,P000441,3.0,36.0,12.0,1,1,1
2023-02,ITEM_1778,P000441,3.0,36.0,12.0,1,1,1
2023-04,ITEM_1778,P000441,6.0,91.2,15.199999999999998,1,1,1
2023-08,ITEM_1778,P000441,7.0,129.07999999999998,18.439999999999998,2,2,1
2023-09,ITEM_1778,P000441,18.0,315.579996,17.532222,1,1,1
2023-11,ITEM_1778,P000441,4.0,60.8,15.2,1,1,1
2023-10,ITEM_1779,P006583,4.0,315.28,78.82,1,1,1
2021-09,ITEM_1780,PS00011,1.0,315.0,315.0,1,1,1
2023-07,ITEM_1780,PS00011,1.0,120.0,120.0,1,1,1
2024-06,ITEM_1781,301095,70.0,314.58,,1,1,1
2025-06,ITEM_1782,305961,6.0,314.28,,1,1,1
2022-11,ITEM_1783,P006696,3.0,314.13,104.71,1,1,1
2023-02,ITEM_1784,P007245,2.0,192.02,96.01,1,1,1
2023-06,ITEM_1784,P007245,2.0,221.48,110.74,1,1,1
2023-11,ITEM_1784,P007245,2.0,313.65,156.824999,1,1,1
2022-09,ITEM_1786,P007032,22.0,313.26,14.239000000000003,1,1,1
2023-07,ITEM_1787,P003837,12.0,299.172,23.3,1,1,1
2023-10,ITEM_1787,P003837,12.0,313.2,26.100000000000005,1,1,1
2023-09,ITEM_1789,P007853,2.0,312.71,142.14,1,1,1
2023-09,ITEM_1790,P007854,2.0,312.71,142.14,1,1,1
2023-09,ITEM_1791,P007856,2.0,312.71,142.14,1,1,1
2022-04,ITEM_1792,P005506,2.0,312.68,156.34,1,1,1
2025-08,ITEM_1793,306599,1.0,312.0,,1,1,1
2021-03,ITEM_1794,P001717,3.0,311.679999,103.893333,1,1,1
2021-11,ITEM_1794,P001717,3.0,55.146,18.382,1,1,1
2025-12,ITEM_1795,306773,1.0,311.35,,1,1,1
2023-12,ITEM_1796,P000122,12.0,373.56,31.13,2,1,1
2025-10,ITEM_1798,306901,1.0,310.57,,1,1,1
2022-09,ITEM_1799,P001283,2.0,310.464,155.232,1,1,1
2022-10,ITEM_1799,P001283,1.0,122.0,122.0,1,1,1
2021-09,ITEM_1800,P003690,1.0,91.0,91.0,1,1,1
2022-03,ITEM_1800,P003690,1.0,92.0,92.0,1,1,1
2023-07,ITEM_1800,P003690,4.0,310.31,77.5775,1,1,1
2024-10,ITEM_1801,302930,1.0,310.16,,1,1,1
2021-01,ITEM_1803,P000969,8.0,309.6,38.7,1,1,1
2022-11,ITEM_1803,P000969,2.0,104.4,52.2,1,1,1
2023-09,ITEM_1804,P000502,4.0,308.24,77.06,1,1,1
2022-01,ITEM_1805,P002886,2.0,308.0,154.0,1,1,1
2021-03,ITEM_1806,P000467,1.0,276.75,276.75,1,1,1
2023-03,ITEM_1806,P000467,1.0,308.0,308.0,1,1,1
2023-07,ITEM_1806,P000467,1.0,295.0,295.0,1,1,1
2024-04,ITEM_1807,304238,2000.0,308.0,,1,1,1
2024-04,ITEM_1808,301070,20.0,307.7,,1,1,1
2025-06,ITEM_1808,301070,1.0,88.0,,1,1,1
2022-06,ITEM_1809,P006914,2.0,307.37,146.364994,1,1,1
2023-10,ITEM_1810,P006566,3.0,307.05,102.34999999999998,1,1,1
2021-03,ITEM_1811,P002272,20.0,543.39,27.1695,2,2,1
2021-05,ITEM_1811,P002272,5.0,70.0,14.0,1,1,1
2021-07,ITEM_1811,P002272,5.0,70.0,14.0,1,1,1
2022-02,ITEM_1811,P002272,15.0,289.20000000000005,19.280000000000005,5,5,1
2023-03,ITEM_1811,P002272,10.0,192.8,19.28,1,1,1
2021-03,ITEM_1812,P004812,4.0,306.0,76.5,1,1,1
2021-07,ITEM_1813,P004150,12.0,306.0,25.5,1,1,1
2025-04,ITEM_1814,305948,4.0,610.61,,2,2,1
2025-07,ITEM_1814,305948,2.0,189.22,,1,1,1
2025-07,ITEM_1815,900346,3.0,305.3,,1,1,1
2023-06,ITEM_1816,P002936,24.0,305.04,12.71,1,1,1
2021-07,ITEM_1817,P000654,2100.0,1218.0,0.58,4,4,1
2023-01,ITEM_1817,P000654,1680.0,974.4000000000001,0.5800000000000001,4,4,1
2023-11,ITEM_1818,P008180,8.0,303.89,34.85,1,1,1
2021-01,ITEM_1819,P005620,12.0,303.6,25.3,1,1,1
2021-09,ITEM_1821,P003717,4.0,262.08,65.52,1,1,1
2022-02,ITEM_1821,P003717,2.0,142.14,71.07,1,1,1
2023-04,ITEM_1821,P003717,3.0,302.46,100.82,1,1,1
2021-02,ITEM_1823,P004449,25.0,29.43,1.1772,1,1,1
2021-06,ITEM_1823,P004449,25.0,18.75,0.75,1,1,1
2021-09,ITEM_1823,P004449,200.0,200.0,1.0,2,1,1
2021-12,ITEM_1823,P004449,12.0,20.16,1.68,1,1,1
2022-04,ITEM_1823,P004449,50.0,50.0,1.0,1,1,1
2022-09,ITEM_1823,P004449,8.0,302.24,37.78,1,1,1
2022-11,ITEM_1823,P004449,50.0,76.0,1.52,1,1,1
2023-04,ITEM_1823,P004449,200.0,208.0,1.04,2,1,1
2022-09,ITEM_1824,P004451,8.0,302.24,37.78,1,1,1
2024-05,ITEM_1827,303230,20.0,301.29,,1,1,1
2021-04,ITEM_1830,P005808,16.0,300.83,16.07,1,1,1
2021-04,ITEM_1832,P002196,1.0,161.3,161.3,1,1,1
2021-05,ITEM_1832,P002196,1.0,125.0,125.0,1,1,1
2022-07,ITEM_1832,P002196,2.0,300.3,150.15,1,1,1
2023-02,ITEM_1832,P002196,1.0,61.0,61.0,1,1,1
2023-03,ITEM_1832,P002196,2.0,170.68,85.34225749999999,2,2,1
2021-09,ITEM_1833,P000464,1.0,290.0,290.0,1,1,1
2022-10,ITEM_1833,P000464,1.0,258.0,258.0,1,1,1
2023-07,ITEM_1833,P000464,1.0,300.3,300.3,1,1,1
2022-10,ITEM_1835,P002988,4.0,300.0,75.0,1,1,1
2023-01,ITEM_1836,P003140,50.0,300.0,6.0,1,1,1
2023-05,ITEM_1837,P006045,50.0,300.0,6.0,1,1,1
2023-07,ITEM_1837,P006045,10.0,60.0,6.0,1,1,1
2021-02,ITEM_1838,P000623,18.0,90.0,5.0,1,1,1
2021-12,ITEM_1838,P000623,20.0,149.6,7.480000000000001,1,1,1
2022-02,ITEM_1838,P000623,12.0,89.76,7.48,1,1,1
2022-11,ITEM_1838,P000623,12.0,82.44,6.87,1,1,1
2023-06,ITEM_1838,P000623,12.0,166.68,13.89,1,1,1
2023-07,ITEM_1838,P000623,20.0,277.8,13.89,1,1,1
2023-09,ITEM_1838,P000623,24.0,300.0,12.5,1,1,1
2021-06,ITEM_1839,P005943,4.0,91.56,22.89,1,1,1
2023-05,ITEM_1839,P005943,2.0,33.68,16.84,1,1,1
2023-06,ITEM_1839,P005943,1.0,25.02,25.02,1,1,1
2023-10,ITEM_1839,P005943,15.0,300.0,20.0,1,1,1
2025-06,ITEM_1840,306715,2.0,300.0,,1,1,1
2025-07,ITEM_1841,900147,3.0,10.14,,2,2,1
2025-10,ITEM_1841,900147,1.0,300.0,,1,1,1
2024-07,ITEM_1842,302086,40.0,300.0,,1,1,1
2023-07,ITEM_1843,P005970,6.0,285.69,44.5,1,1,1
2023-10,ITEM_1843,P005970,6.0,299.04,49.84,1,1,1
2023-11,ITEM_1843,P005970,6.0,176.45,29.408333,1,1,1
2024-02,ITEM_1844,303979,6.0,223.02,,1,1,1
2024-04,ITEM_1844,303979,6.0,298.84,,1,1,1
2022-11,ITEM_1845,P007096,4.0,578.56,144.64,2,1,1
2021-09,ITEM_1846,P003718,4.0,174.28,43.57,1,1,1
2022-02,ITEM_1846,P003718,5.0,236.25,47.25,1,1,1
2023-04,ITEM_1846,P003718,4.0,298.36,74.59,1,1,1
2021-02,ITEM_1847,P002964,1.0,84.7,84.7,1,1,1
2022-03,ITEM_1847,P002964,1.0,92.4,92.4,1,1,1
2023-03,ITEM_1847,P002964,1.0,98.0,98.0,1,1,1
2023-05,ITEM_1847,P002964,3.0,298.1055,99.3685,1,1,1
2023-07,ITEM_1847,P002964,1.0,101.0,101.0,1,1,1
2025-07,ITEM_1849,301216,4.0,346.51,,2,1,1
2025-12,ITEM_1850,400005,7.0,297.87,,1,1,1
2021-02,ITEM_1851,P005118,2.0,297.4,148.7,1,1,1
2022-12,ITEM_1851,P005118,3.0,45.927,15.309,1,1,1
2023-05,ITEM_1852,P006005,150.0,297.22005,1.981467,1,1,1
2023-06,ITEM_1853,P006201,3.0,297.18,99.06,1,1,1
2024-05,ITEM_1855,303256,4.0,296.52,,1,1,1
2025-11,ITEM_1856,305574,1.0,296.4,,1,1,1
2024-04,ITEM_1857,302410,20.0,296.0,,1,1,1
2025-01,ITEM_1858,304784,2.0,591.95,,2,2,1
2022-06,ITEM_1860,P002370,1.0,65.0,65.0,1,1,1
2023-02,ITEM_1860,P002370,1.0,88.6,88.6,1,1,1
2023-08,ITEM_1860,P002370,3.0,295.68,98.56,1,1,1
2021-02,ITEM_1863,P001357,4.0,295.39,73.848,1,1,1
2021-08,ITEM_1863,P001357,2.0,167.2,83.6,1,1,1
2024-09,ITEM_1867,304902,24.0,295.0,,1,1,1
2022-06,ITEM_1868,P005955,8.0,148.48,18.56,1,1,1
2023-06,ITEM_1868,P005955,201.0,884.4000000000001,4.4,3,3,1
2025-12,ITEM_1869,307071,2.0,294.8,,1,1,1
2021-01,ITEM_1870,P002192,1.0,294.056004,294.056004,1,1,1
2021-08,ITEM_1870,P002192,1.0,39.0,39.0,1,1,1
2022-11,ITEM_1871,P003200,100.0,294.0,2.94,1,1,1
2025-06,ITEM_1872,305411,1.0,293.42,,1,1,1
2023-06,ITEM_1873,P000114,2.0,292.6,146.3,1,1,1
2024-10,ITEM_1874,304787,1.0,292.5,,1,1,1
2025-09,ITEM_1875,306894,12.0,292.32,,1,1,1
2025-03,ITEM_1876,900160,4.0,291.99,,1,1,1
2023-07,ITEM_1877,P003824,1.0,278.842,260.6,1,1,1
2023-10,ITEM_1877,P003824,1.0,291.87,291.87,1,1,1
2023-11,ITEM_1877,P003824,1.0,74.28,74.28,1,1,1
2023-07,ITEM_1879,P003857,5.0,278.735,52.1,1,1,1
2023-10,ITEM_1879,P003857,5.0,291.75,58.35,1,1,1
2023-11,ITEM_1879,P003857,5.0,282.38,56.476,1,1,1
2024-07,ITEM_1880,300864,31.0,104.28,,2,1,1
2025-07,ITEM_1880,300864,5.0,125.59,,1,1,1
2025-09,ITEM_1880,300864,12.0,291.33,,1,1,1
2023-08,ITEM_1881,P006350,120.0,291.09,2.42575,1,1,1
2024-03,ITEM_1882,304126,60.0,290.64,,1,1,1
2023-07,ITEM_1883,P003876,36.0,277.344,7.199999999999999,1,1,1
2023-10,ITEM_1883,P003876,36.0,290.16,8.06,1,1,1
2023-11,ITEM_1883,P003876,36.0,195.52,5.431111,1,1,1
2024-10,ITEM_1884,300745,14.0,290.15,,1,1,1
2022-09,ITEM_1885,P007018,1.0,290.0,290.0,1,1,1
2021-06,ITEM_1886,P001183,200.0,284.0,1.42,1,1,1
2021-08,ITEM_1886,P001183,36.0,83.52,2.32,1,1,1
2021-11,ITEM_1886,P001183,50.0,80.0,1.6,1,1,1
2022-02,ITEM_1886,P001183,20.0,34.0,1.7,1,1,1
2022-03,ITEM_1886,P001183,30.0,105.0,3.5,1,1,1
2022-04,ITEM_1886,P001183,120.0,288.0,2.4,1,1,1
2022-05,ITEM_1886,P001183,60.0,132.0,2.2,1,1,1
2023-06,ITEM_1886,P001183,120.0,139.54,1.162833,1,1,1
2023-09,ITEM_1886,P001183,120.0,174.75,1.45625,1,1,1
2022-06,ITEM_1887,P000803,2.0,288.0,144.0,1,1,1
2023-10,ITEM_1888,P006571,48.0,288.0,6.0,1,1,1
2021-03,ITEM_1889,P000710,12.0,83.4,6.95,1,1,1
2021-09,ITEM_1889,P000710,8.0,55.6,6.95,1,1,1
2022-02,ITEM_1889,P000710,12.0,69.48,5.79,1,1,1
2022-11,ITEM_1889,P000710,12.0,286.08,23.84,1,1,1
2023-07,ITEM_1890,P003852,3.0,273.171,85.1,1,1,1
2023-10,ITEM_1890,P003852,3.0,285.93,95.31,1,1,1
2023-11,ITEM_1890,P003852,3.0,173.3,57.766667000000005,1,1,1
2023-10,ITEM_1891,P006475,1.0,285.71,285.71,1,1,1
2022-02,ITEM_1892,P004716,6.0,285.5916,47.5986,1,1,1
2021-02,ITEM_1893,P001131,200.0,240.0,1.2,1,1,1
2021-03,ITEM_1893,P001131,80.0,80.0,1.0,1,1,1
2021-09,ITEM_1893,P001131,300.0,285.0,0.95,1,1,1
2022-02,ITEM_1893,P001131,100.0,100.0,1.0,1,1,1
2022-05,ITEM_1893,P001131,58.0,74.33,1.2815517241379308,2,2,1
2022-06,ITEM_1893,P001131,20.0,52.0,2.6,1,1,1
2022-08,ITEM_1893,P001131,200.0,151.56,0.7578,1,1,1
2023-06,ITEM_1893,P001131,290.0,260.67,0.898862,1,1,1
2023-10,ITEM_1894,P006452,3.0,285.0,95.0,1,1,1
2024-04,ITEM_1895,302665,40.0,383.3,,2,2,1
2024-07,ITEM_1895,302665,40.0,6.6,,1,1,1
2023-02,ITEM_1896,P000194,2.0,284.88,142.44,1,1,1
2024-05,ITEM_1897,303232,6.0,284.69,,1,1,1
2024-10,ITEM_1898,303904,12.0,284.64,,1,1,1
2023-09,ITEM_1899,P008295,1.0,284.25,284.246799,1,1,1
2023-05,ITEM_1900,P006029,4.0,283.88,70.97,1,1,1
2023-09,ITEM_1901,P005089,47.0,283.41,6.03,1,1,1
2021-04,ITEM_1902,P001132,130.0,130.0,1.0,2,1,1
2021-05,ITEM_1902,P001132,200.0,200.0,1.0,1,1,1
2021-06,ITEM_1902,P001132,200.0,280.0,1.4,1,1,1
2021-11,ITEM_1902,P001132,200.0,190.0,0.95,1,1,1
2023-02,ITEM_1902,P001132,80.0,58.8248,0.73531,1,1,1
2023-04,ITEM_1902,P001132,700.0,557.1320000000001,0.7959028571428572,2,1,1
2023-09,ITEM_1902,P001132,80.0,67.39,0.842375,1,1,1
2023-12,ITEM_1902,P001132,8.0,6.66,0.8325,1,1,1
2023-07,ITEM_1903,P000622,20.0,283.0,14.15,1,1,1
2024-04,ITEM_1904,304015,20.0,282.77,,1,1,1
2021-01,ITEM_1905,P003797,12.0,282.6,23.55,1,1,1
2022-12,ITEM_1905,P003797,1.0,110.0,110.0,1,1,1
2023-03,ITEM_1905,P003797,1.0,95.0,95.0,1,1,1
2023-04,ITEM_1905,P003797,1.0,95.0,95.0,1,1,1
2021-01,ITEM_1906,P003798,12.0,282.6,23.55,1,1,1
2023-11,ITEM_1907,P008212,8.0,561.61,64.405,2,2,1
2021-07,ITEM_1908,P001317,1.0,282.4,282.4,1,1,1
2023-07,ITEM_1909,P003881,6.0,269.64,42.0,1,1,1
2023-10,ITEM_1909,P003881,6.0,282.24,47.04,1,1,1
2023-11,ITEM_1909,P003881,6.0,177.700002,29.616666999999996,1,1,1
2021-03,ITEM_1910,P002443,2.0,275.24,137.6175,2,2,1
2021-09,ITEM_1910,P002443,1.0,155.5,155.5,1,1,1
2021-12,ITEM_1910,P002443,8.0,518.56,64.82,2,2,1
2022-03,ITEM_1910,P002443,2.0,236.62,118.31,2,2,1
2022-05,ITEM_1910,P002443,1.0,118.31,118.31,1,1,1
2022-08,ITEM_1910,P002443,1.0,171.0,171.0,1,1,1
2021-01,ITEM_1911,P004076,1.0,70.4,70.4,1,1,1
2021-05,ITEM_1911,P004076,4.0,281.6,70.4,1,1,1
2022-08,ITEM_1911,P004076,4.0,223.8,55.95,1,1,1
2023-09,ITEM_1911,P004076,5.0,279.75,55.95,1,1,1
2025-08,ITEM_1912,302555,4.0,281.09,,1,1,1
2025-08,ITEM_1913,302867,4.0,281.08,,1,1,1
2021-02,ITEM_1914,P000315,50.0,35.42,0.7084,1,1,1
2021-06,ITEM_1914,P000315,120.0,280.8,2.3399999999999994,1,1,1
2021-08,ITEM_1914,P000315,50.0,39.27,0.7853999999999999,1,1,1
2021-10,ITEM_1914,P000315,50.0,39.27,0.7853999999999999,1,1,1
2023-04,ITEM_1914,P000315,50.0,46.2,0.924,1,1,1
2023-06,ITEM_1914,P000315,100.0,102.85,1.0285,1,1,1
2023-07,ITEM_1914,P000315,100.0,82.39,0.8239,1,1,1
2021-04,ITEM_1915,P001658,6.0,189.42,31.570000000000004,1,1,1
2023-02,ITEM_1915,P001658,8.0,280.8,35.1,1,1,1
2023-01,ITEM_1917,P007181,1.0,280.0,280.0,1,1,1
2021-02,ITEM_1919,P000875,25.0,168.91000000000003,6.75636,5,3,1
2021-03,ITEM_1919,P000875,8.0,58.06,7.257,2,2,1
2021-04,ITEM_1919,P000875,35.0,273.65,7.818571428571428,2,2,1
2021-05,ITEM_1919,P000875,46.0,314.166,6.829652173913043,3,2,1
2021-06,ITEM_1919,P000875,29.0,203.69,7.023793103448277,3,2,1
2021-07,ITEM_1919,P000875,9.0,65.7,7.300000000000001,2,2,1
2021-08,ITEM_1919,P000875,6.0,36.48,6.080000000000001,1,1,1
2021-09,ITEM_1919,P000875,12.0,75.76400000000001,6.314,2,2,1
2021-10,ITEM_1919,P000875,12.0,74.88,6.239999999999999,1,1,1
2021-11,ITEM_1919,P000875,23.0,156.15,6.789130434782609,2,2,1
2022-01,ITEM_1919,P000875,36.0,255.42000000000002,7.095000000000001,5,5,1
2022-03,ITEM_1919,P000875,3.0,25.34,8.448,1,1,1
2022-04,ITEM_1919,P000875,10.0,56.0,5.6,1,1,1
2022-05,ITEM_1919,P000875,10.0,71.97999999999999,7.1982,2,2,1
2022-07,ITEM_1919,P000875,15.0,96.84,6.456266666666667,4,4,1
2022-08,ITEM_1919,P000875,12.0,104.03999999999999,8.67,2,2,1
2022-09,ITEM_1919,P000875,5.0,36.5,7.3,1,1,1
2022-11,ITEM_1919,P000875,18.0,133.18,7.399166666666667,3,3,1
2023-01,ITEM_1919,P000875,15.0,103.44,6.896,2,2,1
2023-02,ITEM_1919,P000875,7.0,48.72,6.96,2,2,1
2023-03,ITEM_1919,P000875,18.0,148.84,8.268333333333333,4,4,1
2023-04,ITEM_1919,P000875,15.0,120.0,8.0,2,2,1
2023-05,ITEM_1919,P000875,22.0,296.0,13.454545454545455,2,2,1
2023-06,ITEM_1919,P000875,16.0,123.1,7.69375,2,2,1
2023-08,ITEM_1919,P000875,34.0,233.92000000000002,6.880000000000001,2,1,1
2023-09,ITEM_1919,P000875,42.0,336.0,8.0,2,2,1
2023-10,ITEM_1919,P000875,6.0,53.480000000000004,8.9125,2,2,1
2023-11,ITEM_1919,P000875,15.0,143.1,9.540000000000001,2,2,1
2023-06,ITEM_1920,P007955,10.0,280.0,28.0,1,1,1
2024-07,ITEM_1921,304584,10.0,280.0,,1,1,1
2025-07,ITEM_1922,302670,150.0,279.69,,1,1,1
2025-08,ITEM_1922,302670,150.0,209.77,,1,1,1
2025-04,ITEM_1923,306163,1.0,279.0,,1,1,1
2021-05,ITEM_1924,P005194,10.0,30.0,3.0,1,1,1
2021-07,ITEM_1924,P005194,4.0,278.8956,69.7239,1,1,1
2023-12,ITEM_1925,P008511,1.0,278.73,278.73,1,1,1
2021-10,ITEM_1926,P005294,14.0,278.46,19.890000000000004,1,1,1
2025-08,ITEM_1928,306420,11.0,506.69,,2,1,1
2023-03,ITEM_1929,P007283,48.0,276.24,5.755,1,1,1
2023-05,ITEM_1929,P007283,48.0,276.24,5.755,1,1,1
2022-10,ITEM_1930,P003482,4.0,276.0,69.0,1,1,1
2025-08,ITEM_1931,302701,2.0,551.81,,2,1,1
2021-04,ITEM_1933,P005835,50.0,370.55,7.410999999999999,2,2,1
2023-11,ITEM_1933,P005835,6.0,48.0,8.0,1,1,1
2023-10,ITEM_1934,P006550,6.0,275.28,45.88,1,1,1
2021-05,ITEM_1935,P005208,50.0,275.0,5.5,1,1,1
2024-09,ITEM_1936,304335,6.0,274.62,,1,1,1
2024-03,ITEM_1937,300957,40.0,49.93,,1,1,1
2024-04,ITEM_1937,300957,10.0,9.9,,1,1,1
2024-06,ITEM_1937,300957,20.0,273.6,,1,1,1
2021-04,ITEM_1940,P001020,1.0,264.0,264.0,1,1,1
2021-09,ITEM_1940,P001020,1.0,46.75,46.75,1,1,1
2021-12,ITEM_1940,P001020,1.0,42.58,42.581,1,1,1
2022-03,ITEM_1940,P001020,1.0,272.32,272.32,1,1,1
2022-06,ITEM_1940,P001020,2.0,220.0,110.0,2,2,1
2022-08,ITEM_1940,P001020,1.0,94.6,94.6,1,1,1
2023-06,ITEM_1940,P001020,1.0,35.0,35.0,1,1,1
2024-09,ITEM_1941,304925,2.0,272.1,,1,1,1
2024-04,ITEM_1942,400105,40.0,272.0,,1,1,1
2024-02,ITEM_1943,303999,1.0,271.96,,1,1,1
2021-11,ITEM_1944,P004329,1.0,3.6125,3.6125,1,1,1
2023-06,ITEM_1944,P004329,24.0,204.0,8.5,1,1,1
2023-08,ITEM_1944,P004329,36.0,123.84,3.44,2,1,1
2023-09,ITEM_1944,P004329,45.0,271.35,6.03,1,1,1
2023-10,ITEM_1944,P004329,6.0,60.0,10.0,1,1,1
2023-11,ITEM_1944,P004329,8.0,509.86,58.47,2,2,1
2025-07,ITEM_1945,304508,1.0,270.91,,1,1,1
2023-07,ITEM_1946,P005010,12.0,179.76,14.0,1,1,1
2023-10,ITEM_1946,P005010,12.0,188.16,15.68,1,1,1
2023-11,ITEM_1946,P005010,12.0,270.88,22.573333,1,1,1
2025-08,ITEM_1947,306422,24.0,540.75,,2,1,1
2024-04,ITEM_1948,304240,10.0,270.02,,1,1,1
2021-04,ITEM_1949,P003027,51.0,298.33,5.849647058823529,2,1,1
2022-05,ITEM_1949,P003027,30.0,270.0,9.0,1,1,1
2023-03,ITEM_1951,P004830,6.0,270.0,45.0,1,1,1
2021-03,ITEM_1952,P000127,12.0,9.0,0.75,1,1,1
2021-06,ITEM_1952,P000127,61.0,69.66,1.141967213114754,2,2,1
2021-09,ITEM_1952,P000127,36.0,6.12,0.17,1,1,1
2022-03,ITEM_1952,P000127,1.0,257.0,257.0,1,1,1
2023-03,ITEM_1952,P000127,1.0,270.0,270.0,1,1,1
2023-09,ITEM_1952,P000127,1.0,57.12,57.12,1,1,1
2025-04,ITEM_1953,306164,1.0,270.0,,1,1,1
2022-02,ITEM_1954,P006409,1.0,269.95,269.95,1,1,1
2025-06,ITEM_1955,304753,2.0,269.5,,1,1,1
2021-08,ITEM_1956,P002816,9.0,268.92,29.880000000000003,1,1,1
2021-01,ITEM_1957,P000796,60.0,196.8,3.28,1,1,1
2021-03,ITEM_1957,P000796,50.0,164.0,3.28,1,1,1
2021-07,ITEM_1957,P000796,64.0,215.04,3.36,2,2,1
2022-02,ITEM_1957,P000796,80.0,268.8,3.3600000000000003,1,1,1
2022-07,ITEM_1957,P000796,80.0,252.0,3.15,1,1,1
2022-11,ITEM_1957,P000796,3.0,8.930001,2.9766670000000004,1,1,1
2023-04,ITEM_1957,P000796,60.0,168.0,2.8,1,1,1
2023-06,ITEM_1957,P000796,58.0,162.4,2.8,1,1,1
2023-07,ITEM_1957,P000796,30.0,123.98,4.132667,1,1,1
2023-10,ITEM_1957,P000796,54.0,258.55,4.787962962962963,2,2,1
2022-07,ITEM_1958,P002197,1.0,185.22,185.2235,1,1,1
2023-02,ITEM_1958,P002197,1.0,86.5,86.5,1,1,1
2023-10,ITEM_1958,P002197,1.0,268.76,268.76,1,1,1
2023-07,ITEM_1959,P001679,6.0,268.489998,44.748333,1,1,1
2023-09,ITEM_1959,P001679,6.0,245.67,40.945,1,1,1
2021-02,ITEM_1960,P005119,2.0,220.18,110.09,1,1,1
2021-03,ITEM_1960,P005119,2.0,185.12,92.56,1,1,1
2022-06,ITEM_1960,P005119,4.0,500.88,125.22,2,2,1
2023-10,ITEM_1961,P006552,3.0,268.23,89.41000000000001,1,1,1
2022-04,ITEM_1962,P006483,1.0,56.88,56.88,1,1,1
2023-05,ITEM_1962,P006483,8.0,536.08,67.01,2,1,1
2021-03,ITEM_1963,P000376,12.0,174.0,14.5,1,1,1
2021-11,ITEM_1963,P000376,10.0,223.2,22.32,2,1,1
2022-01,ITEM_1963,P000376,1.0,22.32,22.32,1,1,1
2022-03,ITEM_1963,P000376,1.0,26.79,26.79,1,1,1
2022-05,ITEM_1963,P000376,10.0,223.2,22.32,2,1,1
2023-05,ITEM_1963,P000376,12.0,267.84,22.320000000000004,1,1,1
2023-07,ITEM_1963,P000376,12.0,267.84,22.320000000000004,1,1,1
2025-03,ITEM_1963,P000376,5.0,133.95,,2,2,1
2025-04,ITEM_1963,P000376,3.0,80.37,,1,1,1
2025-09,ITEM_1963,P000376,3.0,80.37,,1,1,1
2021-08,ITEM_1964,P004039,12.0,69.6,5.8,1,1,1
2023-05,ITEM_1964,P004039,18.0,172.8,9.6,1,1,1
2023-06,ITEM_1964,P004039,18.0,267.75,14.875,1,1,1
2025-08,ITEM_1965,306695,50.0,267.58,,1,1,1
2025-08,ITEM_1966,306696,50.0,267.58,,1,1,1
2025-06,ITEM_1969,305970,12.0,266.01,,1,1,1
2021-08,ITEM_1971,P000718,12.0,56.4,4.7,1,1,1
2022-10,ITEM_1971,P000718,24.0,263.97,10.99875,1,1,1
2021-10,ITEM_1973,P000413,12.0,263.76,21.98,1,1,1
2021-12,ITEM_1973,P000413,4.0,52.0,13.0,1,1,1
2023-05,ITEM_1973,P000413,3.0,25.5,8.5,1,1,1
2023-09,ITEM_1973,P000413,6.0,72.0,12.0,1,1,1
2025-06,ITEM_1976,301082,8.0,69.3,,1,1,1
2025-07,ITEM_1976,301082,5.0,4.41,,1,1,1
2025-08,ITEM_1976,301082,5.0,263.34,,1,1,1
2023-09,ITEM_1977,P006423,2.0,526.28,263.14,2,2,1
2023-03,ITEM_1978,P007302,2.0,262.6,131.3,1,1,1
2023-05,ITEM_1978,P007302,2.0,262.6,131.3,1,1,1
2024-04,ITEM_1979,304259,250.0,262.5,,1,1,1
2022-06,ITEM_1981,P006911,4.0,261.17,62.1825,1,1,1
2021-03,ITEM_1982,P003616,1.0,261.13,261.13,1,1,1
2021-05,ITEM_1983,P002277,60.0,261.0,4.35,1,1,1
2021-06,ITEM_1983,P002277,50.0,95.0,1.9,1,1,1
2024-09,ITEM_1984,304342,1.0,260.73,,1,1,1
2025-05,ITEM_1984,304342,12.0,21.0,,1,1,1
2025-07,ITEM_1984,304342,12.0,21.01,,1,1,1
2023-05,ITEM_1985,P006003,100.0,260.72,2.6072,1,1,1
2022-06,ITEM_1986,P005090,6.0,260.64,43.44,1,1,1
2025-09,ITEM_1988,306890,48.0,260.06,,1,1,1
2021-03,ITEM_1989,P001099,4.0,370.0,92.5,2,2,1
2021-05,ITEM_1989,P001099,1.0,70.0,70.0,1,1,1
2021-06,ITEM_1989,P001099,1.0,90.0,90.0,1,1,1
2021-12,ITEM_1989,P001099,2.0,138.6,69.3,1,1,1
2022-04,ITEM_1989,P001099,2.0,260.0,130.0,1,1,1
2022-06,ITEM_1989,P001099,4.0,344.45000000000005,86.11250000000001,3,3,1
2023-02,ITEM_1989,P001099,2.0,146.3,73.15,1,1,1
2023-03,ITEM_1989,P001099,2.0,146.3,73.15,1,1,1
2025-12,ITEM_1989,P001099,120.0,28.18,,2,1,1
2022-07,ITEM_1990,P006952,26.0,260.0,10.0,1,1,1
2023-05,ITEM_1991,P006032,5.0,260.0,52.0,1,1,1
2023-06,ITEM_1991,P006032,15.0,178.090005,11.872667,1,1,1
2023-11,ITEM_1992,P006536,4.0,260.0,65.0,1,1,1
2024-09,ITEM_1993,301093,10.0,260.0,,1,1,1
2022-05,ITEM_1994,P006709,2.0,259.99,129.994,1,1,1
2021-10,ITEM_1995,P005295,2.0,259.84,129.92,1,1,1
2022-06,ITEM_1996,P006907,4.0,259.49,61.7825,1,1,1
2021-02,ITEM_1997,P001356,16.0,259.07,16.192,1,1,1
2023-06,ITEM_1998,P007899,1.0,259.04,259.04,1,1,1
2024-10,ITEM_1999,303920,6.0,257.58,,1,1,1
2024-02,ITEM_2000,303984,7.0,257.55,,1,1,1
2021-02,ITEM_2001,P004527,2.0,257.54,128.77,1,1,1
2021-04,ITEM_2002,P003238,1.0,257.14,257.14,1,1,1
2023-07,ITEM_2003,P007960,1.0,257.14,257.14,1,1,1
2021-03,ITEM_2004,P002495,12.0,256.8,21.399999999999995,1,1,1
2023-10,ITEM_2005,P006558,1.0,256.47,256.47,1,1,1
2021-02,ITEM_2006,P000263,10.0,67.23,6.723000000000001,1,1,1
2021-04,ITEM_2006,P000263,20.0,146.2,7.31,1,1,1
2021-09,ITEM_2006,P000263,10.0,225.9,22.59,1,1,1
2021-11,ITEM_2006,P000263,20.0,256.0,12.8,1,1,1
2023-04,ITEM_2006,P000263,20.0,153.92,7.696,1,1,1
2023-05,ITEM_2006,P000263,6.0,46.18,7.696667000000001,1,1,1
2023-09,ITEM_2006,P000263,8.0,54.16,6.77,1,1,1
2022-07,ITEM_2007,P006891,1.0,67.8,67.8,1,1,1
2023-09,ITEM_2007,P006891,2.0,256.0,128.0,1,1,1
2024-03,ITEM_2010,304095,120.0,51.26,,1,1,1
2024-04,ITEM_2010,304095,150.0,285.9,,2,1,1
2025-04,ITEM_2010,304095,10.0,125.89,,1,1,1
2025-06,ITEM_2010,304095,6.0,158.23,,1,1,1
2025-08,ITEM_2010,304095,2.0,24.12,,1,1,1
2025-11,ITEM_2011,306864,2.0,255.97,,1,1,1
2021-02,ITEM_2012,P002716,4.0,255.55,63.888,1,1,1
2021-04,ITEM_2012,P002716,2.0,146.0,73.0,1,1,1
2021-03,ITEM_2013,P000786,6.0,255.0,42.5,1,1,1
2022-03,ITEM_2013,P000786,2.0,114.9,57.45,1,1,1
2022-10,ITEM_2013,P000786,5.0,225.225,45.045,1,1,1
2023-08,ITEM_2013,P000786,2.0,97.328,48.664,1,1,1
2023-09,ITEM_2013,P000786,3.0,127.5,42.5,1,1,1
2021-12,ITEM_2014,P004679,3.0,255.0,85.0,1,1,1
2022-05,ITEM_2015,P006627,1.0,120.0,120.0,1,1,1
2023-04,ITEM_2015,P006627,6.0,255.0,42.5,1,1,1
2024-09,ITEM_2016,304922,4.0,254.13,,1,1,1
2025-03,ITEM_2016,304922,2.0,76.51,,1,1,1
2021-09,ITEM_2017,P005025,36.0,253.820016,7.050556,1,1,1
2022-08,ITEM_2017,P005025,10.0,67.1,6.709999999999999,1,1,1
2023-04,ITEM_2017,P005025,15.0,77.37,5.158,1,1,1
2023-05,ITEM_2017,P005025,6.0,30.949998,5.158333,1,1,1
2021-03,ITEM_2019,P000271,6.0,130.2432,21.7072,1,1,1
2022-08,ITEM_2019,P000271,10.0,253.17,25.317,1,1,1
2023-09,ITEM_2020,P007859,2.0,253.0,115.0,1,1,1
2024-09,ITEM_2021,300916,10.0,252.93,,1,1,1
2025-07,ITEM_2021,300916,26.0,63.97,,2,1,1
2025-08,ITEM_2021,300916,20.0,39.9,,1,1,1
2025-08,ITEM_2022,306209,1.0,252.89,,1,1,1
2024-04,ITEM_2023,304367,100.0,252.45,,1,1,1
2025-04,ITEM_2024,400216,1.0,11.91,,1,1,1
2025-06,ITEM_2024,400216,11.0,278.28999999999996,,2,2,1
2025-08,ITEM_2024,400216,2.0,252.3,,1,1,1
2021-04,ITEM_2025,P002602,100.0,482.0,4.82,2,1,1
2022-06,ITEM_2025,P002602,30.0,211.5,7.05,1,1,1
2023-05,ITEM_2026,P006132,72.0,252.0,3.5,1,1,1
2023-12,ITEM_2027,P006538,8.0,252.0,31.5,1,1,1
2023-03,ITEM_2028,P007313,2.0,251.96,125.98,1,1,1
2023-05,ITEM_2028,P007313,2.0,251.96,125.98,1,1,1
2024-05,ITEM_2029,303248,24.0,251.89,,1,1,1
2024-03,ITEM_2030,301079,50.0,251.85,,1,1,1
2023-06,ITEM_2032,P006159,2.0,250.61,125.305001,1,1,1
2024-04,ITEM_2034,304230,320.0,250.56,,1,1,1
2025-04,ITEM_2034,304230,2.0,36.57,,1,1,1
2021-05,ITEM_2036,P002279,50.0,250.0,5.0,1,1,1
2021-12,ITEM_2036,P002279,20.0,70.0,3.5,1,1,1
2021-07,ITEM_2037,P003592,5.0,250.0,50.0,1,1,1
2023-06,ITEM_2038,P004005,1.0,250.0,250.0,1,1,1
2023-08,ITEM_2039,P002314,40.0,250.0,6.25,1,1,1
2023-07,ITEM_2040,P003826,8.0,249.78,31.2225,1,1,1
2023-08,ITEM_2042,P006334,60.0,249.48,4.158,1,1,1
2023-02,ITEM_2043,P007213,2.0,249.32,124.66,1,1,1
2024-09,ITEM_2044,302099,40.0,249.22,,1,1,1
2021-01,ITEM_2045,P002418,16.0,12.0,0.75,1,1,1
2021-02,ITEM_2045,P002418,24.0,13.536,0.5640000000000001,2,2,1
2021-03,ITEM_2045,P002418,36.0,21.282,0.5911666666666666,2,2,1
2021-04,ITEM_2045,P002418,12.0,7.44,0.62,1,1,1
2021-05,ITEM_2045,P002418,24.0,26.4,1.1,1,1,1
2021-06,ITEM_2045,P002418,12.0,9.0,0.75,1,1,1
2021-07,ITEM_2045,P002418,12.0,7.8,0.65,1,1,1
2021-08,ITEM_2045,P002418,18.0,10.400004,0.577778,1,1,1
2021-10,ITEM_2045,P002418,36.0,20.79,0.5775,2,2,1
2022-02,ITEM_2045,P002418,15.0,10.5,0.7,1,1,1
2022-03,ITEM_2045,P002418,30.0,18.024,0.6008,2,2,1
2022-04,ITEM_2045,P002418,75.0,48.720000000000006,0.6496000000000001,3,2,1
2022-10,ITEM_2045,P002418,25.0,16.3625,0.6545000000000001,1,1,1
2022-11,ITEM_2045,P002418,60.0,60.0,1.0,2,2,1
2023-02,ITEM_2045,P002418,25.0,285.35,11.414000000000001,2,1,1
2023-03,ITEM_2045,P002418,54.0,50.329992000000004,0.9320368888888889,2,1,1
2023-09,ITEM_2045,P002418,96.0,77.82,0.8106249999999999,2,2,1
2023-10,ITEM_2045,P002418,92.0,74.4,0.8086956521739129,3,3,1
2023-11,ITEM_2045,P002418,24.0,19.8,0.8249999999999998,1,1,1
2025-06,ITEM_2045,P002418,8.0,1.8,,1,1,1
2025-09,ITEM_2045,P002418,14.0,15.0,,5,5,1
2023-06,ITEM_2047,p006228,2.0,248.62,124.31,1,1,1
2022-06,ITEM_2048,P006904,4.0,248.57,59.1825,1,1,1
2021-07,ITEM_2049,P006081,4.0,42.75,10.6875,1,1,1
2022-06,ITEM_2049,P006081,8.0,99.04,12.38,1,1,1
2022-09,ITEM_2049,P006081,8.0,123.48,15.435,1,1,1
2023-02,ITEM_2049,P006081,3.5,44.1,12.6,1,1,1
2023-05,ITEM_2049,P006081,26.0,247.884598,9.534023,1,1,1
2023-06,ITEM_2049,P006081,3.5,44.1,12.6,1,1,1
2021-05,ITEM_2051,P001129,100.0,142.5,1.425,1,1,1
2021-11,ITEM_2051,P001129,260.0,260.0,1.0,2,2,1
2022-11,ITEM_2051,P001129,80.0,97.4,1.2175,1,1,1
2023-06,ITEM_2051,P001129,32.0,37.17,1.161563,1,1,1
2023-08,ITEM_2051,P001129,200.0,247.7,1.2385,1,1,1
2024-07,ITEM_2052,301064,10.0,52.0,,1,1,1
2025-05,ITEM_2052,301064,2.0,95.91,,1,1,1
2025-07,ITEM_2052,301064,5.0,247.5,,1,1,1
2025-08,ITEM_2052,301064,5.0,247.5,,1,1,1
2023-07,ITEM_2053,P003871,14.0,65.912,4.4,1,1,1
2023-10,ITEM_2053,P003871,14.0,69.02,4.93,1,1,1
2023-11,ITEM_2053,P003871,14.0,247.32,17.665714,1,1,1
2024-04,ITEM_2054,400095,100.0,247.14,,1,1,1
2025-11,ITEM_2054,400095,6.0,74.44,,1,1,1
2025-08,ITEM_2055,306225,6.0,247.09,,1,1,1
2022-07,ITEM_2056,P006956,6.0,246.78,41.13,1,1,1
2023-11,ITEM_2056,P006956,3.0,119.36,39.7875,1,1,1
2021-08,ITEM_2057,P000847,1.0,16.0,16.0,1,1,1
2023-06,ITEM_2057,P000847,10.0,246.5,24.65,1,1,1
2023-11,ITEM_2058,P008175,8.0,246.17,28.23,1,1,1
2021-01,ITEM_2059,P000946,4.0,246.0,61.5,1,1,1
2024-07,ITEM_2060,304359,20.0,245.56,,1,1,1
2021-11,ITEM_2062,P004237,2.0,244.08,108.0,1,1,1
2023-09,ITEM_2063,P006416,26.0,243.75,9.375,1,1,1
2024-07,ITEM_2064,300863,25.0,7.14,,1,1,1
2025-07,ITEM_2064,300863,6.0,166.5,,1,1,1
2025-08,ITEM_2064,300863,10.0,232.96,,1,1,1
2025-09,ITEM_2064,300863,10.0,242.78,,1,1,1
2022-10,ITEM_2066,P000787,1.0,64.218,64.218,1,1,1
2022-12,ITEM_2066,P000787,4.0,241.76,60.44,1,1,1
2021-02,ITEM_2067,P005096,1.0,241.304,241.304,1,1,1
2023-06,ITEM_2068,P006239,30.0,241.2,8.04,1,1,1
2021-04,ITEM_2070,P000460,1.0,18.0,18.0,1,1,1
2021-07,ITEM_2070,P000460,1.0,90.95,90.95,1,1,1
2021-08,ITEM_2070,P000460,1.0,127.0,127.0,1,1,1
2023-08,ITEM_2070,P000460,1.0,241.07,241.07,1,1,1
2023-11,ITEM_2070,P000460,1.0,240.0,240.0,1,1,1
2024-02,ITEM_2071,303993,12.0,240.84,,1,1,1
2024-04,ITEM_2071,303993,12.0,85.5,,1,1,1
2021-10,ITEM_2072,P000331,25.0,240.625,9.625,1,1,1
2023-10,ITEM_2073,P006441,100.0,240.3,2.403,1,1,1
2022-02,ITEM_2074,P004324,4.0,240.0,60.0,1,1,1
2025-07,ITEM_2076,900800,20.0,240.0,,1,1,1
2025-08,ITEM_2076,900800,1.0,12.0,,1,1,1
2025-06,ITEM_2077,306098,2.0,239.4,,1,1,1
2023-06,ITEM_2078,P006207,1.0,239.39,239.39,1,1,1
2024-04,ITEM_2080,400102,40.0,453.26,,2,1,1
2024-08,ITEM_2080,400102,10.0,120.13,,1,1,1
2023-03,ITEM_2081,P007326,2.0,238.68,119.34,1,1,1
2023-05,ITEM_2081,P007326,2.0,238.68,119.34,1,1,1
2021-04,ITEM_2082,P002206,10.0,190.0,19.0,1,1,1
2022-02,ITEM_2082,P002206,10.0,228.0,22.8,1,1,1
2023-04,ITEM_2082,P002206,10.0,238.0,23.8,1,1,1
2024-07,ITEM_2083,302080,1.0,238.0,,1,1,1
2024-07,ITEM_2085,304646,2.0,236.91,,1,1,1
2025-06,ITEM_2086,305979,12.0,236.6,,1,1,1
2025-08,ITEM_2087,306423,9.0,236.21,,1,1,1
2025-05,ITEM_2088,305629,1.0,235.02,,1,1,1
2021-02,ITEM_2089,P002880,4.0,103.68,25.92,1,1,1
2022-12,ITEM_2089,P002880,3.0,234.93,78.3105,1,1,1
2023-06,ITEM_2090,P007369,2.0,469.8,217.5,2,2,1
2025-08,ITEM_2091,305861,2.0,469.56,,2,1,1
2025-04,ITEM_2092,302985,1.0,234.49,,1,1,1
2025-07,ITEM_2093,301080,5.0,85.18,,1,1,1
2025-08,ITEM_2093,301080,5.0,234.0,,1,1,1
2025-12,ITEM_2093,301080,5.0,79.02,,1,1,1
2025-07,ITEM_2094,301084,5.0,35.1,,1,1,1
2025-08,ITEM_2094,301084,5.0,234.0,,1,1,1
2021-08,ITEM_2095,P004762,7.0,233.8,33.4,1,1,1
2023-11,ITEM_2096,P008172,4.0,233.52,53.56,1,1,1
2025-09,ITEM_2097,303512,7.0,232.74,,1,1,1
2025-12,ITEM_2097,303512,8.0,214.4,,1,1,1
2025-06,ITEM_2099,305393,12.0,232.39,,1,1,1
2023-03,ITEM_2100,P007296,2.0,232.38,116.19,1,1,1
2023-05,ITEM_2100,P007296,2.0,232.38,116.19,1,1,1
2021-07,ITEM_2101,P000968,6.0,232.2,38.7,1,1,1
2022-11,ITEM_2101,P000968,4.0,187.2,46.8,1,1,1
2023-01,ITEM_2101,P000968,2.0,161.64,80.82,1,1,1
2021-02,ITEM_2102,P003405,1.0,232.14,232.14,1,1,1
2024-05,ITEM_2103,303245,4.0,232.1,,1,1,1
2024-05,ITEM_2104,303244,4.0,232.1,,1,1,1
2021-01,ITEM_2105,P001119,18.0,128.16,7.12,2,2,1
2021-02,ITEM_2105,P001119,25.0,197.81,7.9124,5,4,1
2021-03,ITEM_2105,P001119,24.0,143.82,5.9925,3,3,1
2021-04,ITEM_2105,P001119,25.0,195.66000000000003,7.826400040000001,5,3,1
2021-05,ITEM_2105,P001119,63.0,417.134002,6.621222253968254,8,5,1
2021-06,ITEM_2105,P001119,20.0,121.6,6.08,3,3,1
2021-07,ITEM_2105,P001119,15.0,111.38999999999999,7.425999999999999,3,3,1
2021-08,ITEM_2105,P001119,28.0,191.14,6.826285714285715,5,3,1
2021-09,ITEM_2105,P001119,18.0,110.952,6.164,3,3,1
2021-10,ITEM_2105,P001119,21.0,153.24,7.297142857142857,4,4,1
2021-11,ITEM_2105,P001119,12.0,90.42,7.535,2,2,1
2021-12,ITEM_2105,P001119,13.0,127.5,9.807692307692308,3,3,1
2022-01,ITEM_2105,P001119,60.0,458.40000000000003,7.640000000000001,5,5,1
2022-03,ITEM_2105,P001119,26.0,198.29999999999998,7.6269230769230765,4,4,1
2022-04,ITEM_2105,P001119,28.0,219.32,7.832857142857143,2,1,1
2022-05,ITEM_2105,P001119,17.0,131.03,7.707735294117647,4,3,1
2022-06,ITEM_2105,P001119,6.0,45.28,7.546667,1,1,1
2022-07,ITEM_2105,P001119,17.0,134.702,7.9239999999999995,5,5,1
2022-08,ITEM_2105,P001119,12.0,109.68,9.14,2,2,1
2022-09,ITEM_2105,P001119,2.0,15.76,7.88,1,1,1
2022-10,ITEM_2105,P001119,14.0,113.62899999999999,8.116357142857142,2,2,1
2022-11,ITEM_2105,P001119,52.0,416.78000000000003,8.015173076923077,6,6,1
2023-01,ITEM_2105,P001119,12.0,92.16,7.68,1,1,1
2023-02,ITEM_2105,P001119,35.0,400.28900000000004,11.436771571428572,5,5,1
2023-03,ITEM_2105,P001119,34.0,272.66200200000003,8.019588352941176,6,4,1
2023-04,ITEM_2105,P001119,28.0,213.81199999999998,7.636142857142857,4,3,1
2023-05,ITEM_2105,P001119,15.0,122.852,8.190133333333334,3,3,1
2023-06,ITEM_2105,P001119,13.0,106.09,8.161115384615384,2,2,1
2023-07,ITEM_2105,P001119,6.0,54.0,9.0,1,1,1
2023-08,ITEM_2105,P001119,40.0,364.600008,9.115000225,5,5,1
2023-09,ITEM_2105,P001119,42.0,358.8,8.542857142857143,3,3,1
2023-10,ITEM_2105,P001119,30.0,261.15,8.705,4,4,1
2023-11,ITEM_2105,P001119,21.0,185.70000000000002,8.842857142857142,3,2,1
2023-12,ITEM_2105,P001119,6.0,57.96,9.66,1,1,1
2024-04,ITEM_2106,304010,20.0,231.35,,1,1,1
2023-10,ITEM_2107,P006568,4.0,230.6,57.65,1,1,1
2023-01,ITEM_2109,P007078,1.0,66.3,66.3,1,1,1
2023-04,ITEM_2109,P007078,1.0,230.31,230.307,1,1,1
2023-03,ITEM_2110,P007207,6.0,230.16,38.36,1,1,1
2021-04,ITEM_2111,P000009,40.0,448.6,11.215,2,2,1
2022-02,ITEM_2111,P000009,20.0,105.0,5.25,1,1,1
2022-08,ITEM_2111,P000009,20.0,90.0,4.5,1,1,1
2023-06,ITEM_2111,P000009,10.0,98.0,9.8,1,1,1
2023-10,ITEM_2111,P000009,4.0,35.1,8.775,1,1,1
2021-02,ITEM_2112,P004003,44.0,79.2,1.8,2,1,1
2021-04,ITEM_2112,P004003,60.0,180.0,3.0,1,1,1
2021-10,ITEM_2112,P004003,30.0,45.0,1.5,1,1,1
2021-12,ITEM_2112,P004003,60.0,90.0,1.5,1,1,1
2022-04,ITEM_2112,P004003,24.0,43.2,1.8,1,1,1
2022-05,ITEM_2112,P004003,125.0,230.0,1.84,1,1,1
2022-07,ITEM_2112,P004003,58.0,121.28,2.0910344827586207,2,2,1
2022-08,ITEM_2112,P004003,16.0,30.72,1.92,1,1,1
2022-09,ITEM_2112,P004003,25.0,49.0,1.96,1,1,1
2023-01,ITEM_2112,P004003,50.0,94.0,1.88,1,1,1
2023-02,ITEM_2112,P004003,130.0,228.4,1.756923076923077,2,2,1
2023-03,ITEM_2112,P004003,25.0,52.5,2.1,1,1,1
2023-06,ITEM_2112,P004003,50.0,106.25,2.125,1,1,1
2023-10,ITEM_2112,P004003,6.0,14.4,2.4,1,1,1
2023-11,ITEM_2112,P004003,18.0,37.2,2.0666666666666664,2,2,1
2023-12,ITEM_2112,P004003,12.0,20.16,1.68,1,1,1
2021-04,ITEM_2113,P005833,1.0,229.44,229.44,1,1,1
2023-10,ITEM_2114,P006553,3.0,229.41,76.47,1,1,1
2022-03,ITEM_2115,P003561,2.0,126.0,63.0,1,1,1
2023-02,ITEM_2115,P003561,4.0,229.15,57.2875,1,1,1
2023-05,ITEM_2115,P003561,3.0,167.706,55.90200000000001,1,1,1
2022-06,ITEM_2116,P003380,1.0,229.07,229.07,1,1,1
2022-04,ITEM_2117,P000640,5.0,100.0,20.0,1,1,1
2022-08,ITEM_2117,P000640,1.0,101.56,101.56,1,1,1
2022-11,ITEM_2117,P000640,3.0,228.590001,76.196667,1,1,1
2025-06,ITEM_2118,306311,16.0,228.57,,1,1,1
2021-04,ITEM_2119,P000011,20.0,228.0,11.4,1,1,1
2022-02,ITEM_2119,P000011,10.0,85.0,8.5,1,1,1
2025-07,ITEM_2120,300837,5.0,182.3,,2,1,1
2025-09,ITEM_2120,300837,6.0,227.79,,1,1,1
2023-02,ITEM_2121,P007188,5.0,227.5,45.5,1,1,1
2023-12,ITEM_2122,P004296,1.0,227.48,227.48,1,1,1
2025-03,ITEM_2123,303182,4.0,227.33,,1,1,1
2021-08,ITEM_2124,P003916,12.0,140.4,11.699999999999998,1,1,1
2023-09,ITEM_2124,P003916,12.0,225.96,18.83,1,1,1
2022-11,ITEM_2125,P006646,2.0,225.88,112.94,1,1,1
2023-10,ITEM_2126,P006594,2.0,225.88,112.94,1,1,1
2023-03,ITEM_2127,P007208,6.0,225.78,37.63,1,1,1
2024-03,ITEM_2128,301422,500.0,38.5,,1,1,1
2024-08,ITEM_2128,301422,300.0,24.6,,1,1,1
2025-06,ITEM_2128,301422,200.0,225.61,,1,1,1
2021-02,ITEM_2129,P000440,3.0,105.0,35.0,1,1,1
2021-11,ITEM_2129,P000440,2.0,56.1,28.05,1,1,1
2022-04,ITEM_2129,P000440,1.0,26.416,26.416,1,1,1
2022-06,ITEM_2129,P000440,1.0,24.0,24.0,1,1,1
2023-01,ITEM_2129,P000440,3.0,98.4,32.8,1,1,1
2023-02,ITEM_2129,P000440,3.0,98.4,32.8,1,1,1
2023-04,ITEM_2129,P000440,6.0,225.6,37.6,1,1,1
2021-09,ITEM_2130,P000001,6.0,30.0,5.0,1,1,1
2022-05,ITEM_2130,P000001,30.0,225.0,7.5,1,1,1
2022-08,ITEM_2130,P000001,52.0,161.2,3.1000000000000005,1,1,1
2023-04,ITEM_2130,P000001,6.0,54.0,9.0,1,1,1
2023-05,ITEM_2131,P007867,12.0,225.0,18.75,1,1,1
2023-08,ITEM_2131,P007867,10.0,40.0,4.0,1,1,1
2025-04,ITEM_2132,306168,6.0,225.0,,1,1,1
2025-12,ITEM_2133,306772,1.0,225.0,,1,1,1
2025-09,ITEM_2134,305512,1.0,224.36,,1,1,1
2023-10,ITEM_2136,P006535,4.0,224.0,56.0,1,1,1
2021-11,ITEM_2137,P005473,2.0,223.78,111.89,1,1,1
2023-03,ITEM_2138,P003973,10.0,223.3,22.33,1,1,1
2023-12,ITEM_2139,P004060,12.0,267.6,22.3,2,1,1
2023-05,ITEM_2140,P006013,3.0,222.219999,74.073333,1,1,1
2023-05,ITEM_2141,P006014,3.0,222.2199,74.0733,1,1,1
2025-09,ITEM_2142,305504,1.0,221.32,,1,1,1
2024-04,ITEM_2143,301090,20.0,127.8,,1,1,1
2024-08,ITEM_2143,301090,10.0,221.27,,1,1,1
2025-06,ITEM_2144,305978,24.0,221.21,,1,1,1
2025-08,ITEM_2144,305978,1.0,112.98,,1,1,1
2024-06,ITEM_2145,303267,2.0,220.86,,1,1,1
2025-06,ITEM_2145,303267,3.0,26.88,,1,1,1
2021-05,ITEM_2146,P000644,2.0,86.4,43.2,2,1,1
2022-10,ITEM_2146,P000644,3.0,135.0,45.0,1,1,1
2023-04,ITEM_2146,P000644,5.0,220.5,44.1,1,1,1
2025-06,ITEM_2147,305984,59.0,220.28,,1,1,1
2021-09,ITEM_2148,P001865,50.0,220.0,4.4,1,1,1
2023-06,ITEM_2149,P001862,2.0,220.0,110.0,1,1,1
2025-06,ITEM_2150,304099,6.0,220.0,,1,1,1
2025-12,ITEM_2151,305216,1.0,219.37,,1,1,1
2025-08,ITEM_2152,306224,12.0,438.57,,2,1,1
2023-07,ITEM_2153,P004125,6.0,219.12,36.52,1,1,1
2025-04,ITEM_2154,306169,6.0,219.0,,1,1,1
2022-06,ITEM_2155,P006921,2.0,218.75,104.165001,1,1,1
2025-05,ITEM_2156,305633,2.0,218.68,,1,1,1
2024-03,ITEM_2157,304069,1.0,31.32,,1,1,1
2024-04,ITEM_2157,304069,40.0,218.0,,1,1,1
2022-11,ITEM_2158,P007067,3.0,217.8,72.6,1,1,1
2023-01,ITEM_2159,P007073,3.0,217.8,72.6,1,1,1
2025-08,ITEM_2160,306196,2.0,217.63,,1,1,1
2025-08,ITEM_2161,305728,1.0,217.54,,1,1,1
2023-07,ITEM_2162,P003822,2.0,207.152,96.8,1,1,1
2023-10,ITEM_2162,P003822,2.0,216.84,108.42,1,1,1
2023-11,ITEM_2162,P003822,2.0,21.2,10.6,1,1,1
2023-11,ITEM_2163,P008238,2.0,216.76,99.43,1,1,1
2023-05,ITEM_2164,P005979,320.0,216.557,0.676741,1,1,1
2022-05,ITEM_2165,P000688,27.43,216.42,7.89,1,1,1
2023-02,ITEM_2165,P000688,4.0,54.15,13.5375,1,1,1
2023-03,ITEM_2165,P000688,9.0,118.999998,13.222222,1,1,1
2023-11,ITEM_2166,P008200,4.0,216.13,49.57,1,1,1
2023-02,ITEM_2167,P000226,4.0,324.0,81.0,2,1,1
2023-12,ITEM_2168,P008458,3.0,216.0,72.0,1,1,1
2021-09,ITEM_2169,P002311,40.0,62.0,1.55,1,1,1
2023-08,ITEM_2169,P002311,80.0,215.6,2.695,1,1,1
2023-12,ITEM_2170,P008552,6.0,215.58,35.93,1,1,1
2025-07,ITEM_2171,301184,20.0,274.52,,2,1,1
2025-08,ITEM_2171,301184,10.0,71.5,,1,1,1
2023-05,ITEM_2172,P006017,40.0,215.32,5.383,1,1,1
2024-09,ITEM_2173,304733,1.0,215.1,,1,1,1
2025-07,ITEM_2175,304177,10.0,71.63,,1,1,1
2025-08,ITEM_2175,304177,50.0,358.13,,2,1,1
2021-02,ITEM_2176,P002715,12.0,214.56,17.88,1,1,1
2021-04,ITEM_2177,P003680,8.0,62.88,7.86,1,1,1
2021-07,ITEM_2177,P003680,24.0,214.56,8.94,1,1,1
2022-01,ITEM_2177,P003680,10.0,89.6,8.96,1,1,1
2022-03,ITEM_2177,P003680,12.0,169.2,14.1,1,1,1
2024-08,ITEM_2178,304823,1.0,214.47,,1,1,1
2023-02,ITEM_2179,P007216,1.0,214.29,214.29,1,1,1
2024-09,ITEM_2180,304732,1.0,214.04,,1,1,1
2024-04,ITEM_2181,304189,500.0,67.5,,1,1,1
2025-06,ITEM_2181,304189,24.0,67.68,,1,1,1
2025-07,ITEM_2181,304189,300.0,168.06,,1,1,1
2025-08,ITEM_2181,304189,400.0,213.6,,1,1,1
2021-05,ITEM_2182,P000179,3.0,213.5673,71.1891,1,1,1
2022-05,ITEM_2184,P006707,4.0,213.26,53.314,1,1,1
2023-03,ITEM_2184,P006707,4.0,60.8,15.2,1,1,1
2023-05,ITEM_2184,P006707,4.0,60.8,15.2,1,1,1
2021-09,ITEM_2185,P003295,5.0,212.85,42.57,1,1,1
2022-06,ITEM_2186,P002164,1.0,212.8,212.8,1,1,1
2025-08,ITEM_2187,306193,48.0,425.35,,2,1,1
2021-04,ITEM_2188,P005815,2.0,147.76,73.88,1,1,1
2021-10,ITEM_2188,P005815,3.0,212.31,70.77,1,1,1
2023-01,ITEM_2188,P005815,3.0,173.0,57.666,1,1,1
2023-02,ITEM_2188,P005815,3.0,173.0,57.666,1,1,1
2024-05,ITEM_2189,303257,4.0,212.3,,1,1,1
2022-01,ITEM_2190,P005340,2.0,212.208,106.104,1,1,1
2024-09,ITEM_2191,301371,100.0,211.97,,1,1,1
2023-04,ITEM_2192,P007373,4.0,211.88,52.97,1,1,1
2023-11,ITEM_2193,P003583,10.0,211.65,21.165,1,1,1
2022-03,ITEM_2194,P005474,2.0,128.04,64.02,1,1,1
2023-07,ITEM_2194,P005474,4.0,211.53,52.8825,1,1,1
2025-06,ITEM_2195,306020,7.0,211.51,,1,1,1
2025-05,ITEM_2196,305628,1.0,211.12,,1,1,1
2024-09,ITEM_2197,304932,2.0,211.05,,1,1,1
2021-04,ITEM_2198,P005127,1.0,210.45,210.45,1,1,1
2025-07,ITEM_2199,301230,4.0,210.12,,1,1,1
2022-07,ITEM_2200,P006959,1.0,210.07,210.07,1,1,1
2021-02,ITEM_2201,P005115,60.0,210.0,3.5,1,1,1
2021-07,ITEM_2201,P005115,60.0,210.0,3.5,1,1,1
2021-02,ITEM_2202,P005116,60.0,210.0,3.5,1,1,1
2021-07,ITEM_2203,P003594,1.0,210.0,210.0,1,1,1
2022-01,ITEM_2205,P004551,2.0,210.0,105.0,1,1,1
2023-08,ITEM_2206,P001811,3.0,210.0,70.0,1,1,1
2024-07,ITEM_2207,301234,2.0,210.0,,1,1,1
2025-08,ITEM_2207,301234,16.0,7.5,,2,1,1
2024-07,ITEM_2208,301233,6.0,210.0,,1,1,1
2022-09,ITEM_2209,P005681,2.0,209.96,104.98,1,1,1
2023-07,ITEM_2210,P003851,2.0,200.304,93.6,1,1,1
2023-10,ITEM_2210,P003851,2.0,209.66,104.83,1,1,1
2023-11,ITEM_2210,P003851,2.0,116.49,58.245,1,1,1
2023-10,ITEM_2211,P006593,2.0,209.42,104.71,1,1,1
2021-04,ITEM_2212,P004743,2.0,209.4082,104.7041,1,1,1
2023-03,ITEM_2213,P007309,2.0,209.34,104.67,1,1,1
2023-05,ITEM_2213,P007309,2.0,209.34,104.67,1,1,1
2021-02,ITEM_2215,P000188,16.0,316.1,19.75625,2,1,1
2021-03,ITEM_2215,P000188,3.0,53.3,17.765333333333334,2,2,1
2021-04,ITEM_2215,P000188,12.0,204.0,17.0,1,1,1
2021-05,ITEM_2215,P000188,14.0,246.64,17.61714285714286,2,1,1
2021-06,ITEM_2215,P000188,3.0,51.0,17.0,1,1,1
2021-11,ITEM_2215,P000188,8.0,172.22,21.527500000000003,2,2,1
2021-12,ITEM_2215,P000188,2.0,48.0,24.0,1,1,1
2022-07,ITEM_2215,P000188,5.0,66.25,13.25,1,1,1
2022-08,ITEM_2215,P000188,6.0,156.0,26.0,2,2,1
2022-11,ITEM_2215,P000188,6.0,108.0,18.0,1,1,1
2023-01,ITEM_2215,P000188,3.0,72.0,24.0,1,1,1
2023-02,ITEM_2215,P000188,5.0,120.0,24.0,2,2,1
2023-04,ITEM_2215,P000188,4.0,96.0,24.0,1,1,1
2023-05,ITEM_2215,P000188,2.0,48.0,24.0,1,1,1
2023-06,ITEM_2215,P000188,2.0,45.28,22.638,1,1,1
2023-11,ITEM_2216,P004330,8.0,414.64,47.55,2,2,1
2025-08,ITEM_2217,306194,24.0,417.09000000000003,,2,1,1
2021-02,ITEM_2218,P000528,3.0,208.44,69.48,1,1,1
2021-04,ITEM_2218,P000528,3.0,102.0,34.0,1,1,1
2022-06,ITEM_2218,P000528,1.0,85.6,85.6,1,1,1
2024-04,ITEM_2220,304151,60.0,208.0,,1,1,1
2024-05,ITEM_2222,303237,1.0,207.4,,1,1,1
2021-05,ITEM_2223,P004159,1.0,207.3257,207.3257,1,1,1
2025-06,ITEM_2224,306032,12.0,207.18,,1,1,1
2025-06,ITEM_2225,306033,12.0,207.18,,1,1,1
2021-04,ITEM_2226,P001140,100.0,303.0,3.03,2,1,1
2023-06,ITEM_2226,P001140,52.0,135.54,2.6065384615384612,2,2,1
2023-11,ITEM_2227,P008194,2.0,206.93,94.92,1,1,1
2024-02,ITEM_2228,303980,1.0,205.68,,1,1,1
2023-07,ITEM_2229,P003880,6.0,196.452,30.600000000000005,1,1,1
2023-10,ITEM_2229,P003880,6.0,205.62,34.27,1,1,1
2023-11,ITEM_2229,P003880,6.0,163.840002,27.306667,1,1,1
2024-07,ITEM_2231,301214,2.0,53.58,,1,1,1
2025-07,ITEM_2231,301214,40.0,423.74,,3,2,1
2025-08,ITEM_2231,301214,10.0,98.78,,1,1,1
2022-11,ITEM_2233,P006690,60.0,204.6,3.4100000000000006,1,1,1
2024-05,ITEM_2234,303254,2.0,204.44,,1,1,1
2022-06,ITEM_2235,P006916,2.0,204.15,97.215,1,1,1
2021-04,ITEM_2236,P005813,12.0,204.0,17.0,1,1,1
2021-08,ITEM_2237,P005249,2.0,204.0,102.0,1,1,1
2022-08,ITEM_2238,P006991,8.0,204.0,25.5,1,1,1
2023-08,ITEM_2239,P006300,24.0,204.0,8.5,1,1,1
2023-09,ITEM_2239,P006300,27.0,289.17,10.71,3,1,1
2021-07,ITEM_2240,P005895,50.0,20.0,0.4,1,1,1
2023-06,ITEM_2240,P005895,3.0,102.0,34.0,1,1,1
2023-11,ITEM_2240,P005895,11.0,374.0,34.0,2,2,1
2025-03,ITEM_2240,P005895,3.0,102.0,,1,1,1
2025-04,ITEM_2241,304962,4.0,203.42,,1,1,1
2023-04,ITEM_2242,P007102,36.0,203.4,5.65,1,1,1
2022-11,ITEM_2243,P003182,12.0,203.28,16.94,1,1,1
2023-10,ITEM_2244,P006570,12.0,203.28,16.94,1,1,1
2024-03,ITEM_2245,302257,40.0,9.6,,1,1,1
2025-06,ITEM_2245,302257,6.0,202.5,,1,1,1
2021-01,ITEM_2246,P003792,6.0,202.2,33.7,1,1,1
2021-01,ITEM_2247,P003793,6.0,202.2,33.7,1,1,1
2023-09,ITEM_2248,P006378,1.0,202.0005,202.0005,1,1,1
2021-03,ITEM_2249,P002879,20.0,201.79,10.0895,1,1,1
2025-08,ITEM_2250,302011,8.0,380.55,,2,1,1
2022-01,ITEM_2251,P001137,36.0,187.2,5.2,1,1,1
2022-11,ITEM_2251,P001137,160.0,375.39995999999996,2.3462497499999997,2,2,1
2023-02,ITEM_2251,P001137,60.0,21.6,0.36,1,1,1
2023-04,ITEM_2251,P001137,60.0,145.47,2.4245,1,1,1
2023-08,ITEM_2251,P001137,30.0,118.800001,3.96,1,1,1
2021-04,ITEM_2252,P004745,1.0,49.24,49.24,1,1,1
2022-12,ITEM_2252,P004745,3.0,201.453,67.151,1,1,1
2023-09,ITEM_2253,P008296,2.0,201.43,100.715,1,1,1
2024-07,ITEM_2254,301229,6.0,201.15,,1,1,1
2024-04,ITEM_2255,304145,30.0,201.04,,1,1,1
2021-06,ITEM_2256,P003913,5.0,200.0,40.0,1,1,1
2021-11,ITEM_2257,P002861,4.0,200.0,50.0,1,1,1
2021-12,ITEM_2257,P002861,2.0,135.0,67.5,1,1,1
2022-01,ITEM_2257,P002861,3.0,91.8,30.600000000000005,1,1,1
2022-04,ITEM_2257,P002861,7.0,131.95999999999998,18.851428571428567,2,1,1
2023-07,ITEM_2257,P002861,5.0,92.4,18.48,1,1,1
2021-12,ITEM_2258,P005342,1.0,200.0,200.0,1,1,1
2025-10,ITEM_2259,306906,1.0,200.0,,1,1,1
2023-12,ITEM_2260,P008500,1.0,199.99,199.99,1,1,1
2025-06,ITEM_2261,305271,1.0,199.97,,1,1,1
2021-03,ITEM_2262,P002494,12.0,199.2,16.6,1,1,1
2021-12,ITEM_2263,P005346,2.0,198.967582,99.483791,1,1,1
2021-04,ITEM_2264,P004196,30.0,198.4,6.61333,1,1,1
2023-11,ITEM_2265,P000936,20.0,198.4,9.92,1,1,1
2022-03,ITEM_2267,P000701,12.0,198.0,16.5,1,1,1
2022-06,ITEM_2268,P000681,2.0,198.0,99.0,1,1,1
2024-09,ITEM_2269,301540,4.0,198.0,,1,1,1
2025-07,ITEM_2269,301540,60.0,107.08,,1,1,1
2021-06,ITEM_2270,P005936,2.0,30.22,15.11,1,1,1
2023-03,ITEM_2270,P005936,2.0,52.48,26.24,1,1,1
2023-05,ITEM_2270,P005936,10.0,250.200001,25.02,2,2,1
2025-08,ITEM_2271,302180,10.0,197.4,,1,1,1
2023-07,ITEM_2272,P004702,2.0,197.1,98.55,1,1,1
2025-09,ITEM_2273,305187,12.0,196.93,,1,1,1
2023-09,ITEM_2274,P006418,21.0,196.875,9.375,1,1,1
2023-11,ITEM_2275,P008216,12.0,393.04999999999995,30.05,2,2,1
2021-04,ITEM_2276,P001662,6.0,31.98,5.33,1,1,1
2021-09,ITEM_2276,P001662,30.0,196.8,6.56,1,1,1
2023-08,ITEM_2276,P001662,1.0,24.5,24.5,1,1,1
2023-09,ITEM_2277,P006381,12.0,196.794,16.3995,1,1,1
2023-06,ITEM_2278,P006188,1.0,196.74,196.74,1,1,1
2024-05,ITEM_2279,303231,6.0,196.61,,1,1,1
2024-04,ITEM_2280,304246,20.0,196.6,,1,1,1
2023-07,ITEM_2281,P003844,2.0,62.06,29.0,1,1,1
2023-10,ITEM_2281,P003844,2.0,64.96,32.48,1,1,1
2023-11,ITEM_2281,P003844,2.0,196.18,98.09,1,1,1
2023-11,ITEM_2282,P003845,2.0,196.18,98.09,1,1,1
2023-10,ITEM_2283,P003584,6.0,117.648,19.608,1,1,1
2023-11,ITEM_2283,P003584,10.0,196.08,19.608,1,1,1
2021-03,ITEM_2284,P005157,8.0,28.0,3.5,1,1,1
2021-05,ITEM_2284,P005157,2.0,199.0,99.5,2,2,1
2022-08,ITEM_2284,P005157,2.0,196.0,98.0,1,1,1
2024-05,ITEM_2285,303234,4.0,195.88,,1,1,1
2025-06,ITEM_2286,900140,1.0,42.75,,1,1,1
2025-12,ITEM_2286,900140,1.0,195.59,,1,1,1
2023-02,ITEM_2287,P000874,5.0,195.26,39.052,1,1,1
2025-05,ITEM_2288,305632,1.0,184.41,,1,1,1
2025-06,ITEM_2288,305632,4.0,195.18,,1,1,1
2021-04,ITEM_2289,P002087,100.0,195.0,1.95,2,1,1
2021-05,ITEM_2289,P002087,100.0,195.0,1.95,1,1,1
2021-12,ITEM_2289,P002087,10.0,29.0,2.9,1,1,1
2022-04,ITEM_2289,P002087,10.0,19.4,1.94,1,1,1
2022-08,ITEM_2289,P002087,10.0,22.0,2.2,1,1,1
2021-12,ITEM_2290,P005485,2.0,103.8,51.9,1,1,1
2022-02,ITEM_2290,P005485,6.0,195.0,32.5,1,1,1
2022-04,ITEM_2290,P005485,20.0,113.6,5.68,1,1,1
2022-07,ITEM_2290,P005485,3.0,132.363,44.121,1,1,1
2023-02,ITEM_2290,P005485,6.0,132.032817,22.005469,1,1,1
2022-07,ITEM_2291,P006890,6.0,81.0,13.5,1,1,1
2023-03,ITEM_2291,P006890,10.0,195.0,19.5,1,1,1
2023-05,ITEM_2292,P007868,12.0,195.0,16.25,1,1,1
2023-08,ITEM_2292,P007868,10.0,82.32,8.232,1,1,1
2023-06,ITEM_2293,P006230,3.0,195.0,65.0,1,1,1
2023-10,ITEM_2295,P006569,12.0,194.88,16.24,1,1,1
2022-04,ITEM_2296,P000252,6.0,194.646,32.441,1,1,1
2024-05,ITEM_2297,303250,24.0,193.95,,1,1,1
2021-01,ITEM_2298,P001631,3.0,6.75,2.25,1,1,1
2021-02,ITEM_2298,P001631,6.0,12.0,2.0,1,1,1
2021-05,ITEM_2298,P001631,5.0,14.825,2.965,1,1,1
2021-10,ITEM_2298,P001631,24.0,35.329992,1.4720830000000003,1,1,1
2022-04,ITEM_2298,P001631,10.0,21.2,2.12,1,1,1
2022-06,ITEM_2298,P001631,1.0,1.94,1.94,1,1,1
2022-07,ITEM_2298,P001631,12.0,13.25,1.104,1,1,1
2022-08,ITEM_2298,P001631,2.0,3.6,1.8,1,1,1
2023-06,ITEM_2298,P001631,12.0,94.35,7.8625,1,1,1
2023-07,ITEM_2298,P001631,9.0,112.94,12.549333333333333,2,2,1
2023-08,ITEM_2298,P001631,40.0,274.66999999999996,6.866750000000001,2,1,1
2023-11,ITEM_2298,P001631,3.0,3.0,1.0,1,1,1
2023-12,ITEM_2298,P001631,2.0,12.32,6.16,1,1,1
2025-06,ITEM_2298,P001631,6.0,20.35,,1,1,1
2022-06,ITEM_2299,P006901,2.0,193.74,92.255,1,1,1
2025-07,ITEM_2300,301088,2.0,193.5,,1,1,1
2025-08,ITEM_2300,301088,2.0,193.5,,1,1,1
2023-09,ITEM_2301,P008294,1.0,193.42,193.422588,1,1,1
2024-04,ITEM_2302,304204,120.0,193.32,,1,1,1
2021-05,ITEM_2303,P001719,12.0,148.760004,12.396667,1,1,1
2021-07,ITEM_2303,P001719,6.0,61.2,10.2,1,1,1
2022-03,ITEM_2303,P001719,12.0,193.2,16.1,1,1,1
2022-06,ITEM_2303,P001719,12.0,122.3,10.191667,1,1,1
2022-10,ITEM_2303,P001719,12.0,66.0,5.5,1,1,1
2023-04,ITEM_2303,P001719,6.0,26.9568,4.4928,1,1,1
2023-08,ITEM_2303,P001719,12.0,78.0,6.5,1,1,1
2022-12,ITEM_2304,P007108,1.0,193.0,193.0,1,1,1
2021-01,ITEM_2307,P001381,1.0,27.53,27.53,1,1,1
2021-02,ITEM_2307,P001381,1.0,25.0,25.0,1,1,1
2021-03,ITEM_2307,P001381,1.0,25.0,25.0,1,1,1
2021-04,ITEM_2307,P001381,1.0,192.308,192.308,1,1,1
2021-10,ITEM_2307,P001381,1.0,25.0,25.0,1,1,1
2022-05,ITEM_2307,P001381,1.0,180.0,180.0,1,1,1
2022-11,ITEM_2307,P001381,1.0,93.66,93.66,1,1,1
2023-02,ITEM_2307,P001381,1.0,159.52,159.52,1,1,1
2023-08,ITEM_2307,P001381,1.0,125.0,125.0,1,1,1
2021-07,ITEM_2308,P000966,6.0,110.16,18.36,1,1,1
2022-04,ITEM_2308,P000966,1.0,28.0,28.0,1,1,1
2022-05,ITEM_2308,P000966,6.0,192.24,32.04,1,1,1
2021-03,ITEM_2309,P002308,8.0,192.0,24.0,1,1,1
2023-05,ITEM_2311,P003586,2.0,29.12,14.56,1,1,1
2023-11,ITEM_2311,P003586,2.0,192.0,96.0,1,1,1
2024-04,ITEM_2312,304247,20.0,191.92,,1,1,1
2023-12,ITEM_2313,P008493,1.0,191.91,191.91,1,1,1
2021-02,ITEM_2314,P000253,20.0,64.81,3.2405,1,1,1
2021-04,ITEM_2314,P000253,20.0,55.4,2.77,1,1,1
2021-05,ITEM_2314,P000253,100.0,323.36,3.2336,2,1,1
2021-09,ITEM_2314,P000253,14.0,46.2,3.3,1,1,1
2022-09,ITEM_2314,P000253,10.0,41.2,4.12,1,1,1
2023-04,ITEM_2314,P000253,20.0,65.12,3.2559999999999993,1,1,1
2023-10,ITEM_2315,P002508,12.0,190.8,15.9,1,1,1
2025-12,ITEM_2315,P002508,8.0,47.61,,1,1,1
2025-06,ITEM_2316,300928,2.0,33.4,,1,1,1
2025-07,ITEM_2316,300928,40.0,221.19000000000003,,3,2,1
2025-08,ITEM_2316,300928,10.0,48.23,,1,1,1
2022-02,ITEM_2317,P002214,10.0,190.0,19.0,1,1,1
2023-08,ITEM_2317,P002214,10.0,189.0,18.9,1,1,1
2021-03,ITEM_2318,P002735,1.0,90.0,90.0,1,1,1
2022-04,ITEM_2318,P002735,2.0,126.44,63.22,2,2,1
2022-06,ITEM_2318,P002735,1.0,63.22,63.22,1,1,1
2022-11,ITEM_2318,P002735,1.0,135.0,135.0,1,1,1
2023-01,ITEM_2318,P002735,2.0,190.0,95.0,1,1,1
2023-02,ITEM_2318,P002735,2.0,190.0,95.0,1,1,1
2023-04,ITEM_2318,P002735,1.0,95.0,95.0,1,1,1
2023-08,ITEM_2318,P002735,1.0,95.0,95.0,1,1,1
2025-05,ITEM_2318,P002735,1.0,95.0,,1,1,1
2025-07,ITEM_2318,P002735,1.0,95.0,,1,1,1
2025-08,ITEM_2318,P002735,1.0,187.77,,1,1,1
2025-08,ITEM_2319,304684,6.0,189.65,,1,1,1
2024-02,ITEM_2320,303981,12.0,189.12,,1,1,1
2021-05,ITEM_2321,P005204,70.0,189.0,2.7,1,1,1
2024-05,ITEM_2322,303233,4.0,188.65,,1,1,1
2024-05,ITEM_2323,303247,1.0,188.59,,1,1,1
2025-08,ITEM_2324,306299,1.0,188.35,,1,1,1
2025-08,ITEM_2325,306304,1.0,188.35,,1,1,1
2021-08,ITEM_2326,P005639,1.0,90.0,90.0,1,1,1
2022-07,ITEM_2326,P005639,2.0,188.0,94.0,1,1,1
2023-01,ITEM_2326,P005639,2.0,95.99678,47.99839,1,1,1
2023-02,ITEM_2326,P005639,1.0,95.0,95.0,1,1,1
2023-03,ITEM_2326,P005639,2.0,54.2,27.097918,1,1,1
2023-04,ITEM_2326,P005639,1.0,95.0,95.0,1,1,1
2023-03,ITEM_2327,P007298,2.0,187.6,93.8,1,1,1
2023-05,ITEM_2327,P007298,2.0,187.6,93.8,1,1,1
2021-05,ITEM_2329,P005143,1.0,178.37,178.37,1,1,1
2021-10,ITEM_2329,P005143,1.0,187.278,187.278,1,1,1
2021-08,ITEM_2330,P001721,1.0,90.74,90.74,1,1,1
2022-05,ITEM_2330,P001721,3.0,101.29,33.7645,1,1,1
2022-09,ITEM_2330,P001721,6.0,187.08,31.179999999999996,1,1,1
2023-05,ITEM_2331,P007881,16.0,373.12,23.32,2,1,1
2022-09,ITEM_2332,P001641,1.0,186.1475,186.1475,1,1,1
2025-02,ITEM_2333,P006605,1.0,186.09,,1,1,1
2021-02,ITEM_2335,P000596,5.0,89.6,17.92,1,1,1
2023-02,ITEM_2335,P000596,5.0,110.6,22.12,1,1,1
2023-09,ITEM_2335,P000596,10.0,185.64,18.564,1,1,1
2023-08,ITEM_2336,P000116,1.0,185.6,185.6,1,1,1
2025-11,ITEM_2337,307032,1.0,185.0,,1,1,1
2024-04,ITEM_2338,304141,160.0,184.84,,1,1,1
2025-06,ITEM_2339,305272,2.0,184.81,,1,1,1
2021-07,ITEM_2340,P003597,24.0,184.8,7.7,1,1,1
2022-02,ITEM_2341,P001533,10.0,184.8,18.48,1,1,1
2021-02,ITEM_2342,P001121,2.0,70.84,35.42,1,1,1
2021-09,ITEM_2342,P001121,4.0,184.0,46.0,1,1,1
2022-01,ITEM_2342,P001121,12.0,468.75,39.0625,4,4,1
2022-02,ITEM_2342,P001121,3.0,120.0,40.0,1,1,1
2022-04,ITEM_2343,P006466,1.0,184.0,184.0,1,1,1
2025-08,ITEM_2344,304895,2.0,184.0,,1,1,1
2022-06,ITEM_2345,P006912,4.0,183.67,43.73,1,1,1
2023-10,ITEM_2346,P006341,1.0,183.03,183.03,1,1,1
2025-04,ITEM_2347,304964,4.0,182.96,,1,1,1
2021-03,ITEM_2348,P002957,15.0,135.75,9.05,1,1,1
2021-04,ITEM_2348,P002957,15.0,150.000195,10.000013,1,1,1
2022-02,ITEM_2348,P002957,6.0,80.94,13.49,1,1,1
2022-03,ITEM_2348,P002957,4.0,53.32,13.33,1,1,1
2022-08,ITEM_2348,P002957,10.0,132.4,13.24,1,1,1
2023-04,ITEM_2348,P002957,20.0,182.82,9.141,1,1,1
2023-07,ITEM_2348,P002957,6.0,54.850002,9.141667,1,1,1
2024-05,ITEM_2349,303252,16.0,182.79,,1,1,1
2023-05,ITEM_2350,P007884,32.0,364.8,11.4,2,1,1
2022-07,ITEM_2351,P005523,14.0,182.380001,13.027143,1,1,1
2024-02,ITEM_2352,303963,10.0,182.36,,1,1,1
2024-09,ITEM_2353,304934,1.0,182.07,,1,1,1
2021-03,ITEM_2354,P005741,3.0,55.63,18.544,1,1,1
2022-11,ITEM_2354,P005741,5.0,23.625,4.725,1,1,1
2023-04,ITEM_2354,P005741,30.0,182.025,6.0675,1,1,1
2023-07,ITEM_2354,P005741,30.0,136.8,4.56,1,1,1
2023-10,ITEM_2354,P005741,4.0,64.6,16.15,1,1,1
2021-12,ITEM_2355,P005109,200.0,182.0,0.91,1,1,1
2022-01,ITEM_2356,P002887,2.0,182.0,91.0,1,1,1
2021-04,ITEM_2358,P005825,1.0,181.84,181.84,1,1,1
2021-02,ITEM_2359,P001509,20.0,71.0,3.55,1,1,1
2021-06,ITEM_2359,P001509,5.0,33.0,6.6,1,1,1
2022-04,ITEM_2359,P001509,5.0,17.5,3.5,1,1,1
2022-11,ITEM_2359,P001509,3.0,27.6,9.2015,1,1,1
2023-06,ITEM_2359,P001509,20.0,181.72,9.086,1,1,1
2023-07,ITEM_2359,P001509,10.0,43.155,4.3155,2,2,1
2023-08,ITEM_2359,P001509,25.0,97.19,3.8876000000000004,2,1,1
2023-09,ITEM_2359,P001509,5.0,26.565,5.313,1,1,1
2025-07,ITEM_2360,302178,6.0,273.36,,2,1,1
2025-08,ITEM_2360,302178,2.0,33.18,,1,1,1
2021-05,ITEM_2361,P003582,8.0,40.32,5.04,1,1,1
2021-06,ITEM_2361,P003582,36.0,181.44,5.04,1,1,1
2021-10,ITEM_2361,P003582,10.0,77.1,7.709999999999999,1,1,1
2022-11,ITEM_2361,P003582,3.0,14.540001,4.846667,1,1,1
2023-07,ITEM_2362,P006246,36.0,181.44,5.04,1,1,1
2021-04,ITEM_2363,P002587,20.0,181.0,9.05,1,1,1
2023-05,ITEM_2363,P002587,6.0,54.85,9.141667,1,1,1
2022-10,ITEM_2364,P007036,2.0,13.28,6.64,1,1,1
2025-12,ITEM_2364,P007036,1.0,180.85,,1,1,1
2024-10,ITEM_2365,303911,1.0,180.72,,1,1,1
2023-01,ITEM_2366,P007174,8.0,180.64,22.58,1,1,1
2021-05,ITEM_2367,P005199,24.0,180.475704,7.519821,1,1,1
2023-03,ITEM_2368,P007290,2.0,180.32,90.16,1,1,1
2023-05,ITEM_2368,P007290,2.0,180.32,90.16,1,1,1
2021-05,ITEM_2372,P001168,60.0,180.0,3.0,1,1,1
2021-06,ITEM_2373,P003164,5.0,180.0,36.0,1,1,1
2021-09,ITEM_2374,P004241,124.0,235.2,1.896774193548387,2,2,1
2022-04,ITEM_2374,P004241,50.0,92.0,1.84,1,1,1
2023-04,ITEM_2374,P004241,50.0,84.0,1.68,1,1,1
2021-09,ITEM_2375,P002207,6.0,180.0,30.0,1,1,1
2021-11,ITEM_2376,P005328,8.0,180.0,22.5,1,1,1
2023-04,ITEM_2377,P007406,1.0,180.0,180.0,1,1,1
2023-06,ITEM_2378,P005957,12.0,180.0,15.0,1,1,1
2025-08,ITEM_2379,306298,1.0,179.58,,1,1,1
2025-08,ITEM_2380,306303,1.0,179.58,,1,1,1
2024-04,ITEM_2381,304244,40.0,179.24,,1,1,1
2022-06,ITEM_2382,P006494,4.0,715.75,170.4145,4,4,1
2023-10,ITEM_2382,P006494,3.0,45.27,15.089999999999998,1,1,1
2024-04,ITEM_2383,400116,10.0,152.0,,1,1,1
2024-08,ITEM_2383,400116,10.0,178.54,,1,1,1
2023-05,ITEM_2384,P006060,6.0,178.504602,29.750767,1,1,1
2021-09,ITEM_2385,P000961,30.0,144.0,4.8,1,1,1
2021-12,ITEM_2385,P000961,30.0,178.5,5.95,1,1,1
2022-12,ITEM_2385,P000961,5.0,36.0,7.2,1,1,1
2023-03,ITEM_2385,P000961,20.0,150.0,7.5,1,1,1
2024-05,ITEM_2386,303228,10.0,178.12,,1,1,1
2024-05,ITEM_2387,303262,6.0,178.06,,1,1,1
2021-05,ITEM_2391,P001133,100.0,55.0,0.55,1,1,1
2021-06,ITEM_2391,P001133,100.0,54.0,0.54,1,1,1
2021-09,ITEM_2391,P001133,80.0,36.0,0.45,1,1,1
2021-11,ITEM_2391,P001133,50.0,22.5,0.45,1,1,1
2022-02,ITEM_2391,P001133,60.0,33.0,0.55,1,1,1
2022-05,ITEM_2391,P001133,20.0,16.0,0.8,1,1,1
2022-08,ITEM_2391,P001133,300.0,177.6201,0.592067,1,1,1
2022-09,ITEM_2391,P001133,200.0,170.46,0.8523,1,1,1
2023-04,ITEM_2391,P001133,60.0,32.256,0.5376,2,1,1
2023-06,ITEM_2391,P001133,84.0,96.768,1.152,1,1,1
2023-08,ITEM_2391,P001133,50.0,37.52,0.7504,1,1,1
2021-04,ITEM_2392,P002211,20.0,123.6,6.18,1,1,1
2023-04,ITEM_2392,P002211,6.0,29.28,4.88,1,1,1
2023-06,ITEM_2392,P002211,6.0,41.4,6.900000000000001,1,1,1
2023-08,ITEM_2392,P002211,12.0,177.6,14.800000000000002,1,1,1
2023-09,ITEM_2392,P002211,10.0,89.0,8.9,1,1,1
2023-07,ITEM_2393,P007965,1.0,177.45,177.45,1,1,1
2021-09,ITEM_2394,P003716,2.0,177.08,88.54,1,1,1
2025-04,ITEM_2395,306170,12.0,177.0,,1,1,1
2021-08,ITEM_2396,P001355,9.0,176.76,19.64,1,1,1
2021-11,ITEM_2397,P005312,100.0,168.75,1.6875,1,1,1
2022-04,ITEM_2397,P005312,50.0,86.4,1.7280000000000002,1,1,1
2022-08,ITEM_2397,P005312,50.0,117.5,2.35,1,1,1
2022-12,ITEM_2397,P005312,94.0,176.72,1.88,1,1,1
2023-03,ITEM_2397,P005312,50.0,84.0,1.68,1,1,1
2023-09,ITEM_2397,P005312,100.0,168.0,1.68,1,1,1
2021-05,ITEM_2398,P005176,4.0,176.4,44.1,1,1,1
2024-03,ITEM_2400,302028,50.0,175.0,,1,1,1
2024-07,ITEM_2401,302024,10.0,174.74,,1,1,1
2024-10,ITEM_2402,300768,12.0,174.6,,1,1,1
2021-02,ITEM_2403,P002582,18.0,44.4,2.4666,1,1,1
2021-04,ITEM_2403,P002582,12.0,40.46,3.371667,1,1,1
2022-07,ITEM_2403,P002582,24.0,96.0,4.0,1,1,1
2023-02,ITEM_2403,P002582,48.0,174.45,3.634375,1,1,1
2021-04,ITEM_2404,P005126,1.0,174.16,174.16,1,1,1
2023-07,ITEM_2405,P003853,1.0,166.385,155.5,1,1,1
2023-10,ITEM_2405,P003853,1.0,174.16,174.16,1,1,1
2023-11,ITEM_2405,P003853,1.0,74.29,74.29,1,1,1
2024-06,ITEM_2406,304434,10.0,174.03,,1,1,1
2022-05,ITEM_2407,P004100,1.0,174.02,174.02,1,1,1
2022-06,ITEM_2407,P004100,1.0,174.02,174.02096,1,1,1
2022-11,ITEM_2407,P004100,1.0,169.4,169.4,1,1,1
2021-04,ITEM_2408,P002604,2.0,173.88,86.94,1,1,1
2024-10,ITEM_2409,300729,2.0,173.64,,1,1,1
2023-08,ITEM_2410,P002913,27.0,223.22,8.267407666666667,2,1,1
2022-02,ITEM_2411,P003489,8.0,173.44,21.68,1,1,1
2022-06,ITEM_2411,P003489,4.0,61.51,15.377,1,1,1
2022-11,ITEM_2411,P003489,12.0,115.08,9.59,1,1,1
2023-02,ITEM_2411,P003489,10.0,108.3,10.83,1,1,1
2023-10,ITEM_2411,P003489,11.0,162.0,14.72740909090909,2,1,1
2023-11,ITEM_2411,P003489,8.0,130.56,16.32,1,1,1
2023-12,ITEM_2411,P003489,3.0,31.44,10.4805,1,1,1
2023-08,ITEM_2412,P003067,6.0,173.4,28.899999999999995,1,1,1
2024-07,ITEM_2413,304645,1.0,173.02,,1,1,1
2022-12,ITEM_2414,P004402,3.0,172.998,57.666,1,1,1
2023-06,ITEM_2415,P000698,16.0,172.96,10.81,1,1,1
2022-01,ITEM_2416,P002959,6.0,18.1602,3.0267,1,1,1
2022-02,ITEM_2416,P002959,36.0,114.93972,3.19277,1,1,1
2022-08,ITEM_2416,P002959,60.0,172.5,2.875,1,1,1
2025-08,ITEM_2417,306782,112.0,172.2,,1,1,1
2025-09,ITEM_2417,306782,60.0,92.25,,1,1,1
2022-08,ITEM_2418,P007003,4.0,172.0,43.0,1,1,1
2023-02,ITEM_2419,P003460,6.0,335.5,55.9166665,2,1,1
2021-09,ITEM_2420,P004124,2.0,40.0,20.0,1,1,1
2023-07,ITEM_2420,P004124,6.0,171.9,28.649999999999995,1,1,1
2025-08,ITEM_2420,P004124,2.0,16.8,,1,1,1
2021-08,ITEM_2421,P004952,12.0,171.6,14.300000000000002,1,1,1
2022-04,ITEM_2422,P001260,5.0,171.4,34.28,1,1,1
2023-03,ITEM_2422,P001260,3.0,100.11,33.37,1,1,1
2023-08,ITEM_2422,P001260,2.0,50.08,25.04,1,1,1
2024-03,ITEM_2423,304034,10.0,171.28,,1,1,1
2024-07,ITEM_2424,301349,10.0,171.0,,1,1,1
2023-05,ITEM_2425,P006047,22.0,170.404608,7.745664,1,1,1
2021-10,ITEM_2426,P000033,20.0,170.2,8.51,1,1,1
2024-10,ITEM_2427,301361,115.0,324.16999999999996,,3,3,1
2023-05,ITEM_2429,P000932,10.0,170.0,17.0,1,1,1
2023-06,ITEM_2430,P006202,50.0,170.0,3.4,1,1,1
2023-06,ITEM_2431,P007956,5.0,170.0,34.0,1,1,1
2025-06,ITEM_2432,305270,1.0,170.0,,1,1,1
2023-09,ITEM_2433,P000597,10.0,169.66,16.966,1,1,1
2023-11,ITEM_2433,P000597,5.0,60.0,12.0,1,1,1
2025-06,ITEM_2434,305467,1.0,169.5,,1,1,1
2023-10,ITEM_2436,P006438,8.0,169.408,21.176,1,1,1
2023-05,ITEM_2437,P005983,400.0,169.357,0.423393,1,1,1
2021-01,ITEM_2438,P005076,4.0,168.96,42.24,1,1,1
2022-08,ITEM_2439,P004842,100.0,168.77,1.6877000000000002,1,1,1
2021-03,ITEM_2440,P000190,2.0,105.0,52.5,1,1,1
2022-04,ITEM_2440,P000190,3.0,168.75,56.25,1,1,1
2023-05,ITEM_2441,P006107,7.0,168.314601,24.044943,1,1,1
2021-05,ITEM_2442,P001167,60.0,168.0,2.8,1,1,1
2021-12,ITEM_2442,P001167,10.0,32.5,3.25,1,1,1
2022-07,ITEM_2442,P001167,24.0,74.4,3.1,1,1,1
2022-08,ITEM_2442,P001167,10.0,26.5,2.65,1,1,1
2023-06,ITEM_2442,P001167,16.0,22.96,1.435,1,1,1
2021-03,ITEM_2443,P002406,48.0,43.4,0.9041665,2,1,1
2021-06,ITEM_2443,P002406,4.0,0.88,0.22,1,1,1
2021-09,ITEM_2443,P002406,2.0,20.4,10.2,1,1,1
2022-04,ITEM_2443,P002406,14.0,168.0,12.0,1,1,1
2022-05,ITEM_2443,P002406,2.0,0.4,0.2,1,1,1
2022-11,ITEM_2443,P002406,6.0,5.4,0.9,1,1,1
2023-06,ITEM_2443,P002406,2.0,25.89,12.945,1,1,1
2023-08,ITEM_2443,P002406,7.0,3.92,0.5599999999999999,2,2,1
2022-04,ITEM_2444,P002384,24.0,168.0,7.0,1,1,1
2023-04,ITEM_2445,P007388,1.0,168.0,168.0,1,1,1
2021-06,ITEM_2448,P000224,2.0,28.9,14.45,1,1,1
2023-09,ITEM_2448,P000224,9.0,252.0,28.0,2,2,1
2023-10,ITEM_2449,P006534,4.0,168.0,42.0,1,1,1
2024-03,ITEM_2450,302282,20.0,168.0,,1,1,1
2024-05,ITEM_2451,303249,12.0,167.91,,1,1,1
2025-08,ITEM_2452,304982,1.0,167.74,,1,1,1
2023-06,ITEM_2454,P006136,1.0,166.728,166.728,1,1,1
2025-04,ITEM_2456,306166,1.0,166.0,,1,1,1
2025-06,ITEM_2457,306012,6.0,165.9,,1,1,1
2024-02,ITEM_2458,303982,6.0,165.76,,1,1,1
2025-07,ITEM_2459,304938,1.0,165.74,,1,1,1
2024-07,ITEM_2460,301221,24.0,165.6,,1,1,1
2021-05,ITEM_2462,P005201,100.0,165.0,1.65,1,1,1
2021-06,ITEM_2462,P005201,100.0,99.0,0.99,1,1,1
2021-07,ITEM_2463,P003595,1.0,165.0,165.0,1,1,1
2023-08,ITEM_2464,P006307,15.0,165.0,11.0,1,1,1
2022-11,ITEM_2465,P006698,4.0,164.72,41.18,1,1,1
2024-07,ITEM_2466,301219,7.0,164.71,,1,1,1
2024-05,ITEM_2468,303261,40.0,164.17,,1,1,1
2024-02,ITEM_2469,303976,12.0,127.8,,1,1,1
2024-04,ITEM_2469,303976,6.0,163.08,,1,1,1
2021-02,ITEM_2470,P001758,2.0,28.0,14.0,1,1,1
2023-12,ITEM_2470,P001758,6.0,162.9,27.149999999999995,1,1,1
2022-06,ITEM_2471,P006925,22.0,162.68,7.042273,1,1,1
2021-04,ITEM_2472,P001165,100.0,270.0,2.7,2,1,1
2021-05,ITEM_2472,P001165,60.0,162.0,2.7,1,1,1
2021-01,ITEM_2473,P001294,3.0,161.553,53.851,1,1,1
2023-05,ITEM_2474,P006194,6.0,161.53,26.921667,1,1,1
2023-05,ITEM_2475,P006059,3.0,161.374599,53.791532999999994,1,1,1
2021-03,ITEM_2476,P000954,40.0,140.0,3.5,1,1,1
2021-10,ITEM_2476,P000954,50.0,161.0,3.22,1,1,1
2023-05,ITEM_2476,P000954,40.0,152.0,3.8,1,1,1
2025-04,ITEM_2477,306165,1.0,161.0,,1,1,1
2023-05,ITEM_2478,P006110,5.0,160.4346,32.08692,1,1,1
2023-10,ITEM_2480,P006579,6.0,160.26,26.709999999999997,1,1,1
2023-03,ITEM_2482,P007280,96.0,160.08,1.6674999999999998,1,1,1
2023-05,ITEM_2482,P007280,96.0,160.08,1.6674999999999998,1,1,1
2021-04,ITEM_2483,P003660,4.0,230.0,57.5,2,1,1
2021-04,ITEM_2484,P002047,2.0,56.0,28.0,1,1,1
2021-06,ITEM_2484,P002047,5.0,160.0,32.0,1,1,1
2021-10,ITEM_2485,P004148,20.0,160.0,8.0,1,1,1
2022-06,ITEM_2486,P000947,10.0,80.0,8.0,1,1,1
2022-07,ITEM_2486,P000947,20.0,160.0,8.0,1,1,1
2023-02,ITEM_2486,P000947,12.0,132.74,11.061667,2,1,1
2023-05,ITEM_2487,P004832,10.0,160.0,16.0,1,1,1
2023-11,ITEM_2488,P006234,20.0,160.0,8.0,1,1,1
2023-11,ITEM_2489,P008231,2.0,159.97,73.38,1,1,1
2023-01,ITEM_2490,P005632,1.0,159.93839,159.93839,1,1,1
2024-03,ITEM_2491,304071,10.0,125.51,,1,1,1
2024-04,ITEM_2491,304071,80.0,159.8,,1,1,1
2022-11,ITEM_2492,P005454,15.0,159.75,10.65,1,1,1
2023-03,ITEM_2493,P002131,1.0,37.65,37.646218,1,1,1
2023-08,ITEM_2493,P002131,1.0,14.252605,14.252605,1,1,1
2023-10,ITEM_2493,P002131,1.0,159.6,159.6,1,1,1
2021-03,ITEM_2494,P000270,4.0,51.2,12.8,1,1,1
2022-08,ITEM_2494,P000270,20.0,258.31958,12.915978999999998,2,1,1
2023-05,ITEM_2494,P000270,6.0,64.249998,10.708333000000001,1,1,1
2021-02,ITEM_2495,P000967,5.0,95.0,19.0,1,1,1
2022-02,ITEM_2495,P000967,6.0,142.02,23.67,1,1,1
2022-03,ITEM_2495,P000967,6.0,159.0,26.5,1,1,1
2023-03,ITEM_2495,P000967,4.0,80.64,20.16,1,1,1
2023-08,ITEM_2495,P000967,4.0,104.0,26.0,1,1,1
2023-09,ITEM_2495,P000967,3.0,60.48,20.16,1,1,1
2024-03,ITEM_2496,301105,30.0,158.67,,1,1,1
2025-09,ITEM_2497,306889,48.0,158.26,,1,1,1
2021-04,ITEM_2498,P005678,6.0,237.12000000000003,39.52,3,1,1
2022-07,ITEM_2498,P005678,2.0,73.0,36.5,1,1,1
2022-09,ITEM_2498,P005678,2.0,66.96,33.48,1,1,1
2023-06,ITEM_2500,P000760,10.0,158.0,15.8,1,1,1
2022-11,ITEM_2501,P006648,2.0,157.64,78.82,1,1,1
2022-05,ITEM_2502,P004810,24.0,157.5468,6.135000000000001,1,1,1
2021-04,ITEM_2503,P002323,30.0,108.16,3.60533,1,1,1
2021-11,ITEM_2503,P002323,7.0,157.419997,22.488571,1,1,1
2023-02,ITEM_2503,P002323,36.0,134.496,3.736,1,1,1
2023-05,ITEM_2504,P006187,10.0,157.01,15.700999999999999,1,1,1
2022-06,ITEM_2505,P006917,2.0,156.92,74.725,1,1,1
2023-09,ITEM_2506,P006420,2.0,156.9,78.45,1,1,1
2022-06,ITEM_2508,P006899,2.0,156.8,74.665,1,1,1
2024-10,ITEM_2509,304850,1.0,156.73,,1,1,1
2023-05,ITEM_2510,P001649,2.0,156.0,78.0,1,1,1
2021-02,ITEM_2511,P000254,10.0,23.09,2.309,1,1,1
2021-05,ITEM_2511,P000254,110.0,259.49406999999997,2.359037,4,1,1
2021-09,ITEM_2511,P000254,10.0,56.9,5.69,1,1,1
2022-01,ITEM_2511,P000254,6.0,18.24,3.0400000000000005,1,1,1
2022-02,ITEM_2511,P000254,10.0,30.01,3.001,1,1,1
2022-08,ITEM_2511,P000254,30.0,78.0,2.6,1,1,1
2023-04,ITEM_2511,P000254,20.0,45.7,2.285,1,1,1
2023-12,ITEM_2511,P000254,20.0,43.68,2.184,1,1,1
2022-06,ITEM_2512,P000222,3.0,84.0,28.0,1,1,1
2022-10,ITEM_2512,P000222,6.0,155.46,25.9105,1,1,1
2023-03,ITEM_2513,P007325,2.0,155.4,77.7,1,1,1
2023-05,ITEM_2513,P007325,2.0,155.4,77.7,1,1,1
2024-02,ITEM_2514,303983,7.0,155.19,,1,1,1
2023-01,ITEM_2515,P004027,2.0,155.12,77.56,1,1,1
2021-03,ITEM_2516,P005738,30.0,18.96,0.632,1,1,1
2021-08,ITEM_2516,P005738,50.0,33.88,0.6775999999999999,1,1,1
2022-11,ITEM_2516,P005738,2.0,155.047285,77.523642,1,1,1
2023-06,ITEM_2516,P005738,40.0,26.68,0.667,2,2,1
2023-11,ITEM_2516,P005738,200.0,109.34,0.5467,1,1,1
2021-04,ITEM_2517,P002723,1.0,155.0,155.0,1,1,1
2025-08,ITEM_2517,P002723,1.0,145.6,,1,1,1
2021-02,ITEM_2518,P004734,100.0,36.0,0.36,1,1,1
2022-11,ITEM_2518,P004734,50.0,155.0,3.1,1,1,1
2021-01,ITEM_2519,P000291,12.0,108.0,9.0,1,1,1
2021-06,ITEM_2519,P000291,3.0,13.5,4.5,1,1,1
2021-07,ITEM_2519,P000291,6.0,27.0,4.5,1,1,1
2021-08,ITEM_2519,P000291,5.0,49.75,9.95,1,1,1
2021-09,ITEM_2519,P000291,16.0,170.0,10.625,2,2,1
2022-03,ITEM_2519,P000291,15.0,57.75,3.85,1,1,1
2022-04,ITEM_2519,P000291,8.0,47.74,5.9675,1,1,1
2022-06,ITEM_2519,P000291,6.0,18.0,3.0,1,1,1
2022-11,ITEM_2519,P000291,6.0,31.416,5.236,1,1,1
2023-05,ITEM_2519,P000291,24.0,125.664,5.236,1,1,1
2023-09,ITEM_2519,P000291,20.0,70.0,3.5,1,1,1
2025-08,ITEM_2520,303002,1.0,154.44,,1,1,1
2021-03,ITEM_2521,P000724,1.0,3.75,3.75,1,1,1
2021-07,ITEM_2521,P000724,1.0,3.5,3.5,1,1,1
2021-09,ITEM_2521,P000724,3.0,18.2,6.066666666666666,2,2,1
2022-10,ITEM_2521,P000724,1.0,5.54,5.544,1,1,1
2022-12,ITEM_2521,P000724,2.0,12.8,6.4,1,1,1
2023-02,ITEM_2521,P000724,4.0,165.278,41.3195,2,2,1
2023-06,ITEM_2521,P000724,3.0,10.812,3.6039999999999996,2,2,1
2023-07,ITEM_2521,P000724,1.0,5.54,5.544,1,1,1
2023-08,ITEM_2521,P000724,1.0,2.35,2.35,1,1,1
2023-09,ITEM_2521,P000724,2.0,12.089,6.0445,1,1,1
2023-10,ITEM_2521,P000724,1.0,5.4,5.4,1,1,1
2023-11,ITEM_2521,P000724,2.0,17.4,8.7,1,1,1
2023-02,ITEM_2522,P000609,10.0,154.0,15.4,1,1,1
2025-06,ITEM_2523,303934,1.0,154.0,,1,1,1
2024-03,ITEM_2524,304171,240.0,153.6,,1,1,1
2022-03,ITEM_2525,P002844,6.0,153.0,25.5,1,1,1
2023-10,ITEM_2525,P002844,6.0,153.0,25.5,1,1,1
2021-02,ITEM_2527,P002786,12.0,60.0,5.0,1,1,1
2023-06,ITEM_2527,P002786,12.0,152.52,12.71,1,1,1
2021-01,ITEM_2529,P001193,45.0,52.0,1.1555555555555554,3,3,1
2021-02,ITEM_2529,P001193,40.0,34.989992,0.8747498,2,2,1
2021-03,ITEM_2529,P001193,79.0,86.579995,1.0959493037974686,4,3,1
2021-04,ITEM_2529,P001193,18.0,35.625,1.9791666666666667,2,2,1
2021-05,ITEM_2529,P001193,65.0,88.89100400000001,1.3675292923076925,6,4,1
2021-06,ITEM_2529,P001193,39.0,54.0,1.3846153846153846,2,2,1
2021-07,ITEM_2529,P001193,20.0,21.4,1.07,1,1,1
2021-08,ITEM_2529,P001193,84.0,127.755,1.5209166666666667,6,4,1
2021-09,ITEM_2529,P001193,64.0,75.659992,1.182187375,3,3,1
2021-10,ITEM_2529,P001193,60.0,40.8856,0.68144,4,4,1
2021-11,ITEM_2529,P001193,24.0,9.6432,0.4018,1,1,1
2021-12,ITEM_2529,P001193,48.0,63.7,1.3271249999999999,3,2,1
2022-01,ITEM_2529,P001193,60.0,77.87,1.2977500000000002,2,2,1
2022-02,ITEM_2529,P001193,100.0,94.66,0.9466,3,3,1
2022-03,ITEM_2529,P001193,51.0,75.80000000000001,1.4861176470588235,8,8,1
2022-04,ITEM_2529,P001193,62.0,72.5,1.1693548387096775,3,2,1
2022-05,ITEM_2529,P001193,40.0,69.3,1.7325,1,1,1
2022-06,ITEM_2529,P001193,12.0,10.8,0.9,1,1,1
2022-07,ITEM_2529,P001193,6.0,10.8,1.8,1,1,1
2022-08,ITEM_2529,P001193,6.0,19.8,3.2999999999999994,1,1,1
2022-09,ITEM_2529,P001193,15.0,29.4,1.96,1,1,1
2022-10,ITEM_2529,P001193,62.0,126.322,2.037451612903226,3,3,1
2022-11,ITEM_2529,P001193,52.0,132.132,2.541,2,2,1
2022-12,ITEM_2529,P001193,6.0,5.88,0.98,1,1,1
2023-01,ITEM_2529,P001193,72.0,162.06,2.2508333333333335,2,2,1
2023-02,ITEM_2529,P001193,48.0,132.42000000000002,2.7587500000000005,3,3,1
2023-03,ITEM_2529,P001193,80.0,121.23,1.5153750000000001,4,3,1
2023-04,ITEM_2529,P001193,66.0,89.73,1.3595454545454546,2,2,1
2023-05,ITEM_2529,P001193,37.0,74.92099999999999,2.0249999999999995,3,2,1
2023-06,ITEM_2529,P001193,88.0,164.01600000000002,1.863818181818182,4,4,1
2023-07,ITEM_2529,P001193,40.0,50.82,1.2705,1,1,1
2023-08,ITEM_2529,P001193,70.0,61.64,0.8805714285714286,4,4,1
2023-09,ITEM_2529,P001193,60.0,99.800002,1.6633333000000001,3,2,1
2023-10,ITEM_2529,P001193,60.0,148.5,2.475,4,4,1
2023-11,ITEM_2529,P001193,67.0,153.45,2.2902985074626865,3,3,1
2021-04,ITEM_2530,P000008,20.0,152.0,7.6,1,1,1
2022-02,ITEM_2530,P000008,20.0,96.0,4.8,1,1,1
2021-02,ITEM_2531,P000637,1.0,26.36,26.36,1,1,1
2021-09,ITEM_2531,P000637,4.0,152.0,38.0,1,1,1
2023-12,ITEM_2532,P008437,2.0,152.0,76.000062,1,1,1
2023-07,ITEM_2533,P006262,6.0,151.68,25.28,1,1,1
2023-08,ITEM_2533,P006262,2.0,50.56,25.28,1,1,1
2021-02,ITEM_2534,P000259,10.0,55.08,5.508,1,1,1
2021-04,ITEM_2534,P000259,20.0,126.8,6.34,1,1,1
2023-02,ITEM_2534,P000259,20.0,151.28,7.564,1,1,1
2023-04,ITEM_2534,P000259,10.0,65.03,6.503,1,1,1
2023-05,ITEM_2534,P000259,6.0,39.02,6.5033330000000005,1,1,1
2023-09,ITEM_2534,P000259,8.0,47.68,5.96,1,1,1
2022-09,ITEM_2535,P006993,12.0,151.2,12.6,1,1,1
2022-04,ITEM_2536,P004910,24.0,46.8,1.95,1,1,1
2023-01,ITEM_2536,P004910,25.0,47.0,1.88,1,1,1
2023-02,ITEM_2536,P004910,105.0,197.4,1.88,2,2,1
2023-06,ITEM_2536,P004910,14.0,26.32,1.8800000000000001,1,1,1
2022-05,ITEM_2537,P006712,2.0,150.37,75.184,1,1,1
2023-03,ITEM_2537,P006712,2.0,87.6,43.8,1,1,1
2023-05,ITEM_2537,P006712,2.0,87.6,43.8,1,1,1
2021-03,ITEM_2538,P001049,1.0,3.23,3.234,1,1,1
2022-05,ITEM_2538,P001049,1.0,3.95,3.95,1,1,1
2023-02,ITEM_2538,P001049,5.0,150.36,30.071999999999996,1,1,1
2023-12,ITEM_2539,P008485,12.0,150.34,12.528,1,1,1
2023-08,ITEM_2540,P006291,16.0,63.69,3.980625,1,1,1
2023-10,ITEM_2540,P006291,6.0,150.12,25.02,1,1,1
2021-01,ITEM_2541,P002641,25.0,150.0,6.0,1,1,1
2021-02,ITEM_2542,P002195,1.0,150.0,150.0,1,1,1
2021-02,ITEM_2543,P004042,1.0,150.0,150.0,1,1,1
2021-03,ITEM_2544,P002496,12.0,150.0,12.5,1,1,1
2021-03,ITEM_2545,P002497,12.0,150.0,12.5,1,1,1
2021-08,ITEM_2546,P005250,2.0,150.0,75.0,1,1,1
2021-02,ITEM_2547,P000260,20.0,114.03,5.7015,1,1,1
2021-04,ITEM_2547,P000260,30.0,120.9,4.03,1,1,1
2021-09,ITEM_2547,P000260,10.0,135.2,13.52,1,1,1
2021-11,ITEM_2547,P000260,20.0,150.0,7.5,1,1,1
2022-09,ITEM_2547,P000260,10.0,57.0,5.7,1,1,1
2023-02,ITEM_2547,P000260,20.0,104.2,5.21,1,1,1
2023-04,ITEM_2547,P000260,20.0,90.08,4.504,1,1,1
2023-07,ITEM_2547,P000260,10.0,39.5,3.95,1,1,1
2023-12,ITEM_2547,P000260,4.0,35.8,8.95,1,1,1
2021-12,ITEM_2548,P005343,1.0,150.0,150.0,1,1,1
2021-04,ITEM_2549,P001251,100.0,91.8,0.9179999999999999,1,1,1
2023-05,ITEM_2549,P001251,10.0,38.0,3.8,1,1,1
2023-10,ITEM_2549,P001251,20.0,23.1,1.155,1,1,1
2023-11,ITEM_2549,P001251,20.0,25.0,1.25,1,1,1
2023-12,ITEM_2549,P001251,100.0,150.0,1.5,1,1,1
2025-08,ITEM_2550,400085,6.0,150.0,,1,1,1
2024-07,ITEM_2551,304365,20.0,149.85,,1,1,1
2025-05,ITEM_2552,305637,7.0,149.63,,1,1,1
2025-06,ITEM_2552,305637,4.0,39.019999999999996,,2,2,1
2025-12,ITEM_2552,305637,2.0,38.25,,1,1,1
2023-11,ITEM_2553,P006523,1.0,149.2,149.2,1,1,1
2025-08,ITEM_2554,302117,180.0,149.08,,1,1,1
2024-03,ITEM_2555,300871,1000.0,1.13,,1,1,1
2024-04,ITEM_2555,300871,2000.0,4.6,,1,1,1
2024-06,ITEM_2555,300871,4.0,148.8,,1,1,1
2023-02,ITEM_2556,P007223,2.0,107.78,53.89,1,1,1
2023-11,ITEM_2556,P007223,2.0,148.63,68.18,1,1,1
2023-10,ITEM_2557,P006512,3.0,148.509999,49.503333,1,1,1
2024-07,ITEM_2558,301595,1.0,126.0,,1,1,1
2024-09,ITEM_2558,301595,10.0,148.5,,1,1,1
2023-01,ITEM_2559,P007025,1.0,74.85,74.85,1,1,1
2023-04,ITEM_2559,P007025,2.0,148.36,74.18,1,1,1
2023-03,ITEM_2560,P007334,12.0,148.08,12.339999999999998,1,1,1
2023-05,ITEM_2560,P007334,12.0,148.08,12.339999999999998,1,1,1
2022-07,ITEM_2561,P006286,2.0,44.0,22.0,2,1,1
2022-09,ITEM_2561,P006286,2.0,148.0,74.0,1,1,1
2025-07,ITEM_2562,900229,200.0,148.0,,1,1,1
2025-11,ITEM_2562,900229,10.0,55.84,,1,1,1
2021-03,ITEM_2563,P002124,1.0,147.5982,147.5982,1,1,1
2023-07,ITEM_2565,P003806,6.0,140.598,21.899999999999995,1,1,1
2023-10,ITEM_2565,P003806,6.0,147.18,24.53,1,1,1
2023-11,ITEM_2565,P003806,6.0,50.620002,8.436667,1,1,1
2022-02,ITEM_2566,P003610,2.0,147.174,73.587,1,1,1
2023-01,ITEM_2567,P007083,1.0,74.21,74.21,1,1,1
2023-04,ITEM_2567,P007083,2.0,147.06,73.53,1,1,1
2025-07,ITEM_2569,304188,160.0,146.54,,1,1,1
2023-07,ITEM_2570,P001177,50.0,146.3,2.926,1,1,1
2024-02,ITEM_2571,303960,120.0,146.28,,1,1,1
2021-11,ITEM_2573,P005475,16.0,139.04,8.69,1,1,1
2022-03,ITEM_2573,P005475,4.0,145.56,36.39,1,1,1
2023-07,ITEM_2573,P005475,3.0,75.36,25.12,2,1,1
2024-05,ITEM_2574,304139,20.0,145.54,,1,1,1
2021-01,ITEM_2575,P000244,65.0,619.5,9.53076923076923,8,7,1
2021-02,ITEM_2575,P000244,6.0,45.0,7.5,1,1,1
2021-03,ITEM_2575,P000244,8.0,81.928,10.241,1,1,1
2021-08,ITEM_2575,P000244,6.0,61.45,10.241,1,1,1
2021-09,ITEM_2575,P000244,4.0,40.0,10.0,1,1,1
2021-10,ITEM_2575,P000244,6.0,81.0,13.5,1,1,1
2022-01,ITEM_2575,P000244,4.0,40.0,10.0,1,1,1
2022-04,ITEM_2575,P000244,22.0,245.2,11.145454545454545,3,3,1
2022-08,ITEM_2575,P000244,1.0,10.241,10.241,1,1,1
2023-05,ITEM_2575,P000244,7.0,70.3385,10.0485,2,2,1
2023-06,ITEM_2575,P000244,6.0,60.0,10.0,1,1,1
2023-07,ITEM_2575,P000244,7.0,70.3395,10.0485,1,1,1
2022-04,ITEM_2576,P005486,20.0,145.12,7.256,1,1,1
2023-12,ITEM_2577,P008554,8.0,145.12,18.14,1,1,1
2021-03,ITEM_2578,P002999,1.0,72.49,72.49,1,1,1
2022-07,ITEM_2578,P002999,2.0,144.98,72.49,1,1,1
2022-05,ITEM_2579,P000713,4.0,144.1068,36.0267,1,1,1
2021-04,ITEM_2580,P005110,3.0,53.016,17.672,1,1,1
2021-05,ITEM_2580,P005110,5.0,144.0,28.8,1,1,1
2021-06,ITEM_2581,P002262,10.0,144.0,14.4,1,1,1
2021-08,ITEM_2581,P002262,8.0,118.08,14.76,1,1,1
2023-07,ITEM_2581,P002262,13.0,166.66,12.820000000000002,2,1,1
2022-08,ITEM_2582,P002483,4.0,144.0,36.0,1,1,1
2023-09,ITEM_2582,P002483,2.0,66.24,33.12,1,1,1
2022-09,ITEM_2583,P000080,8.0,144.0,18.0,1,1,1
2022-12,ITEM_2584,P007072,3.0,144.0,48.0,1,1,1
2023-10,ITEM_2585,P006443,3.0,144.0,48.0,1,1,1
2025-07,ITEM_2586,P000762,300.0,215.94,,2,2,1
2021-11,ITEM_2588,P004328,1.0,143.3355,143.3355,1,1,1
2025-08,ITEM_2589,306269,2.0,285.53,,2,1,1
2025-08,ITEM_2590,306284,2.0,285.53,,2,1,1
2023-01,ITEM_2591,P007176,4.0,142.56,35.64,1,1,1
2023-04,ITEM_2591,P007176,2.0,71.28,35.64,1,1,1
2021-02,ITEM_2592,P001080,15.0,142.5,9.5,1,1,1
2021-04,ITEM_2592,P001080,5.0,40.0,8.0,1,1,1
2021-07,ITEM_2592,P001080,5.0,36.57,7.314,1,1,1
2021-10,ITEM_2592,P001080,6.0,48.0,8.0,1,1,1
2021-12,ITEM_2592,P001080,17.0,132.4,7.788235294117648,2,2,1
2022-04,ITEM_2592,P001080,20.0,120.0,6.0,1,1,1
2022-08,ITEM_2592,P001080,11.0,85.6,7.781818181818181,2,2,1
2023-04,ITEM_2592,P001080,12.0,84.0,7.0,1,1,1
2023-08,ITEM_2592,P001080,12.0,90.0,7.5,1,1,1
2021-02,ITEM_2593,P001824,2.0,36.0,18.0,2,1,1
2021-06,ITEM_2593,P001824,1.0,18.0,18.0,1,1,1
2021-08,ITEM_2593,P001824,1.0,22.0,22.0,1,1,1
2021-09,ITEM_2593,P001824,1.0,42.5,42.5,1,1,1
2023-06,ITEM_2593,P001824,1.0,142.45,142.45,1,1,1
2023-08,ITEM_2593,P001824,1.0,76.97,76.97,1,1,1
2022-11,ITEM_2594,P000267,2.0,65.15,32.575,1,1,1
2023-07,ITEM_2594,P000267,6.0,142.44,23.74,1,1,1
2023-03,ITEM_2595,P007210,6.0,50.76,8.46,1,1,1
2023-11,ITEM_2595,P007210,20.0,235.88,10.82,2,2,1
2022-07,ITEM_2596,P006957,2.0,142.22,71.111,1,1,1
2024-05,ITEM_2597,303255,6.0,142.06,,1,1,1
2021-02,ITEM_2598,P000928,2.0,45.0,22.5,1,1,1
2021-03,ITEM_2598,P000928,2.0,40.0,20.0,1,1,1
2021-04,ITEM_2598,P000928,1.0,20.4,20.4,1,1,1
2021-09,ITEM_2598,P000928,1.0,21.0,21.0,1,1,1
2021-11,ITEM_2598,P000928,1.0,20.4,20.4,1,1,1
2022-07,ITEM_2598,P000928,1.0,23.76,23.76,1,1,1
2022-08,ITEM_2598,P000928,1.0,23.638063,23.638063,1,1,1
2022-10,ITEM_2598,P000928,2.0,44.0,22.0,1,1,1
2023-03,ITEM_2598,P000928,4.0,94.56,23.64,1,1,1
2023-05,ITEM_2598,P000928,6.0,141.834,23.639,1,1,1
2023-06,ITEM_2598,P000928,1.0,23.639,23.639,1,1,1
2023-07,ITEM_2598,P000928,1.0,23.639,23.639,1,1,1
2023-08,ITEM_2598,P000928,1.0,23.64,23.64,1,1,1
2023-12,ITEM_2598,P000928,1.0,24.0,24.0,1,1,1
2025-08,ITEM_2598,P000928,1.0,41.44,,1,1,1
2025-09,ITEM_2599,302565,14.0,141.82,,1,1,1
2025-06,ITEM_2600,305414,9.0,141.74,,1,1,1
2022-09,ITEM_2601,P003825,6.0,15.0,2.5,1,1,1
2023-07,ITEM_2601,P003825,1.0,135.355,126.5,1,1,1
2023-10,ITEM_2601,P003825,1.0,141.68,141.68,1,1,1
2023-11,ITEM_2601,P003825,1.0,81.21,81.21,1,1,1
2021-01,ITEM_2602,P005621,12.0,141.6,11.800000000000002,1,1,1
2024-09,ITEM_2603,304904,6.0,141.6,,1,1,1
2023-02,ITEM_2604,P007232,10.0,95.09,9.5085,1,1,1
2023-06,ITEM_2604,P007232,10.0,141.5,14.15,1,1,1
2023-09,ITEM_2604,P007232,48.0,192.0,4.0,2,2,1
2023-10,ITEM_2604,P007232,8.0,82.82,10.353,1,1,1
2023-11,ITEM_2604,P007232,8.0,82.8,10.35,1,1,1
2025-09,ITEM_2605,302064,20.0,141.4,,1,1,1
2022-11,ITEM_2606,P000124,2.0,141.18,70.59,1,1,1
2021-10,ITEM_2607,P004143,24.0,141.12,5.88,1,1,1
2021-05,ITEM_2608,P002960,6.0,61.2,10.2,1,1,1
2021-08,ITEM_2608,P002960,2.0,54.4,27.2,1,1,1
2022-01,ITEM_2608,P002960,8.0,38.82,4.8525,1,1,1
2022-02,ITEM_2608,P002960,12.0,109.47,9.1225,2,2,1
2022-11,ITEM_2608,P002960,24.0,141.12,5.88,1,1,1
2023-09,ITEM_2608,P002960,6.0,30.0,5.0,1,1,1
2023-10,ITEM_2608,P002960,6.0,51.0,8.5,1,1,1
2025-04,ITEM_2609,306173,12.0,141.0,,1,1,1
2021-03,ITEM_2610,P002232,20.0,140.8,7.040000000000001,1,1,1
2021-08,ITEM_2612,P000269,10.0,72.22,7.2219999999999995,1,1,1
2022-08,ITEM_2612,P000269,40.0,269.76,6.744,2,1,1
2023-09,ITEM_2612,P000269,8.0,47.32,5.915,1,1,1
2023-11,ITEM_2612,P000269,6.0,34.09,5.681667,1,1,1
2023-11,ITEM_2613,P008243,4.0,140.52,32.23,1,1,1
2021-09,ITEM_2614,P001731,30.0,89.31,2.977,1,1,1
2022-02,ITEM_2614,P001731,30.0,67.6998,2.2566600000000006,1,1,1
2022-06,ITEM_2614,P001731,30.0,100.05,3.335,1,1,1
2023-04,ITEM_2614,P001731,60.0,135.6,2.26,1,1,1
2023-07,ITEM_2614,P001731,60.0,140.50002,2.341667,1,1,1
2021-02,ITEM_2615,P001847,4.0,52.62,13.155,1,1,1
2021-10,ITEM_2615,P001847,24.0,140.28,5.845,1,1,1
2022-08,ITEM_2615,P001847,2.0,68.0,34.0,1,1,1
2025-06,ITEM_2617,306099,2.0,139.75,,1,1,1
2024-05,ITEM_2618,304166,10.0,139.5,,1,1,1
2025-09,ITEM_2619,305065,12.0,138.9,,1,1,1
2022-01,ITEM_2620,P001353,10.0,138.8,13.88,1,1,1
2023-03,ITEM_2620,P001353,10.0,90.0,9.0,1,1,1
2021-05,ITEM_2621,P001728,66.0,214.913622,3.2562670000000007,2,1,1
2022-04,ITEM_2621,P001728,36.0,138.78,3.855,1,1,1
2023-05,ITEM_2621,P001728,24.0,87.8,3.6583330000000003,1,1,1
2023-09,ITEM_2621,P001728,48.0,162.399984,3.383333,2,2,1
2023-08,ITEM_2622,P001169,60.0,138.462,2.3077,1,1,1
2025-09,ITEM_2623,306892,48.0,138.1,,1,1,1
2024-04,ITEM_2624,400114,10.0,137.91,,1,1,1
2024-08,ITEM_2624,400114,10.0,128.16,,1,1,1
2024-09,ITEM_2626,300995,10.0,137.65,,1,1,1
2023-08,ITEM_2627,P006351,48.0,137.439984,2.8633329999999995,1,1,1
2023-07,ITEM_2628,P005972,2.0,89.88,42.0,1,1,1
2023-10,ITEM_2628,P005972,2.0,94.08,47.04,1,1,1
2023-11,ITEM_2628,P005972,2.0,137.43,68.715,1,1,1
2022-02,ITEM_2629,P004388,6.0,137.19,22.865,1,1,1
2025-08,ITEM_2630,304677,8.0,137.05,,1,1,1
2021-08,ITEM_2631,P000189,1.0,137.0,137.0,1,1,1
2025-12,ITEM_2631,P000189,4.0,93.0,,1,1,1
2025-12,ITEM_2632,302069,3.0,136.54,,1,1,1
2024-10,ITEM_2633,305202,2.0,136.38,,1,1,1
2023-03,ITEM_2634,P007270,14.0,136.22,9.73,1,1,1
2023-05,ITEM_2634,P007270,14.0,136.22,9.73,1,1,1
2025-08,ITEM_2635,306786,4.0,136.2,,1,1,1
2023-05,ITEM_2636,P002835,4.0,136.08,34.02,1,1,1
2021-07,ITEM_2637,P003508,2.0,136.0,68.0,1,1,1
2023-05,ITEM_2638,P005992,500.0,135.357,0.270714,1,1,1
2025-10,ITEM_2639,900138,1.0,19.1,,1,1,1
2025-12,ITEM_2639,900138,1.0,135.22,,1,1,1
2022-07,ITEM_2640,P006874,2.0,135.2,67.6,1,1,1
2021-05,ITEM_2641,P000641,1.42,61.344,43.2,1,1,1
2021-09,ITEM_2641,P000641,1.0,44.1,44.1,1,1,1
2022-10,ITEM_2641,P000641,3.0,135.0,45.0,1,1,1
2023-10,ITEM_2641,P000641,2.0,88.2,44.1,1,1,1
2021-05,ITEM_2642,P000642,2.0,86.4,43.2,2,1,1
2021-09,ITEM_2642,P000642,1.0,44.1,44.1,1,1,1
2022-10,ITEM_2642,P000642,3.0,135.0,45.0,1,1,1
2023-10,ITEM_2642,P000642,2.0,88.2,44.1,1,1,1
2021-04,ITEM_2643,P005812,32.0,134.4,4.2,1,1,1
2021-05,ITEM_2644,P003269,1.0,134.096,134.096,1,1,1
2025-08,ITEM_2645,306300,4.0,267.95,,2,1,1
2023-07,ITEM_2646,P000789,8.0,133.51,16.68875,1,1,1
2023-08,ITEM_2646,P000789,5.0,128.5,25.7,1,1,1
2021-02,ITEM_2647,P002581,18.0,41.08,2.28222,1,1,1
2023-02,ITEM_2647,P002581,48.0,133.22,2.7754169999999996,1,1,1
2022-05,ITEM_2648,P000970,4.0,133.2,33.3,1,1,1
2023-03,ITEM_2648,P000970,6.0,120.96,20.16,1,1,1
2023-04,ITEM_2648,P000970,3.0,102.06,34.02,1,1,1
2021-10,ITEM_2649,P004594,1.0,18.0,18.0,1,1,1
2025-06,ITEM_2649,P004594,2.0,133.18,,1,1,1
2025-06,ITEM_2651,305396,20.0,132.99,,1,1,1
2023-07,ITEM_2652,P001560,8.0,132.49,16.56125,1,1,1
2025-07,ITEM_2653,301467,10.0,72.27000000000001,,2,1,1
2025-08,ITEM_2653,301467,20.0,132.45,,1,1,1
2023-02,ITEM_2654,P007230,1.0,132.38,132.38,1,1,1
2023-06,ITEM_2654,P007230,1.0,124.59,124.59,1,1,1
2021-11,ITEM_2656,P003720,3.0,132.0,44.0,1,1,1
2022-02,ITEM_2656,P003720,8.0,74.64,9.33,1,1,1
2023-09,ITEM_2656,P003720,6.0,42.6,7.099999999999999,1,1,1
2021-09,ITEM_2657,P001275,1.0,7.0,7.0,1,1,1
2021-11,ITEM_2657,P001275,1.0,15.3,15.3,1,1,1
2022-03,ITEM_2657,P001275,1.0,15.5,15.5,1,1,1
2022-06,ITEM_2657,P001275,2.0,30.4,15.2,1,1,1
2023-05,ITEM_2657,P001275,4.0,132.0,33.0,1,1,1
2025-02,ITEM_2658,301586,30.0,55.76,,1,1,1
2025-03,ITEM_2658,301586,22.0,35.75,,1,1,1
2025-05,ITEM_2658,301586,22.0,37.14,,3,3,1
2025-06,ITEM_2658,301586,4.0,75.6,,1,1,1
2025-07,ITEM_2658,301586,83.0,158.39,,3,2,1
2025-08,ITEM_2658,301586,1.0,9.55,,1,1,1
2025-09,ITEM_2658,301586,80.0,132.0,,1,1,1
2025-10,ITEM_2658,301586,1.0,4.26,,1,1,1
2025-12,ITEM_2658,301586,12.0,9.9,,1,1,1
2022-11,ITEM_2659,P006994,6.0,131.82,21.97,1,1,1
2024-04,ITEM_2660,304219,150.0,131.63,,1,1,1
2021-06,ITEM_2661,P004656,3.0,131.54,43.84799999999999,1,1,1
2023-06,ITEM_2661,P004656,2.0,115.2,57.6,1,1,1
2024-03,ITEM_2662,304168,2.0,131.4,,1,1,1
2024-04,ITEM_2663,304231,320.0,131.2,,1,1,1
2021-02,ITEM_2664,P001508,20.0,70.0,3.5,1,1,1
2021-08,ITEM_2664,P001508,5.0,19.95,3.9900000000000007,1,1,1
2022-02,ITEM_2664,P001508,5.0,16.25,3.25,1,1,1
2022-03,ITEM_2664,P001508,5.0,17.5,3.5,1,1,1
2022-04,ITEM_2664,P001508,5.0,17.25,3.45,1,1,1
2022-11,ITEM_2664,P001508,5.0,30.0,6.0,1,1,1
2023-06,ITEM_2664,P001508,20.0,130.9,6.545,1,1,1
2023-07,ITEM_2664,P001508,10.0,53.849999999999994,5.385000000000001,2,1,1
2023-08,ITEM_2664,P001508,20.0,74.4,3.72,1,1,1
2023-09,ITEM_2664,P001508,1.0,129.57,129.57,1,1,1
2021-03,ITEM_2666,P000799,4.0,5.6,1.4,1,1,1
2021-04,ITEM_2666,P000799,4.0,19.04,4.76,1,1,1
2023-03,ITEM_2666,P000799,15.0,130.5,8.7,1,1,1
2022-02,ITEM_2667,P004724,2.0,130.169,65.0845,1,1,1
2021-04,ITEM_2668,P000265,12.0,130.08,10.839999999999998,1,1,1
2023-05,ITEM_2668,P000265,10.0,106.39,10.639,1,1,1
2025-07,ITEM_2669,302182,1.0,13.61,,1,1,1
2025-08,ITEM_2669,302182,10.0,130.05,,1,1,1
2021-08,ITEM_2671,P003265,50.0,130.0,2.6,1,1,1
2021-11,ITEM_2671,P003265,1.0,70.4,70.4,1,1,1
2022-09,ITEM_2671,P003265,24.0,96.0,4.0,1,1,1
2023-02,ITEM_2671,P003265,40.0,40.0,1.0,1,1,1
2023-05,ITEM_2671,P003265,50.0,54.0,1.08,1,1,1
2023-02,ITEM_2672,P007259,5.0,130.0,26.0,1,1,1
2023-06,ITEM_2672,P007259,4.0,104.0,26.0,1,1,1
2025-09,ITEM_2673,304311,3.0,129.92,,1,1,1
2024-04,ITEM_2674,304140,80.0,129.45,,1,1,1
2023-10,ITEM_2675,P006585,1.0,129.41,129.41,1,1,1
2023-06,ITEM_2678,P007894,16.0,129.12,8.07,1,1,1
2023-10,ITEM_2678,P007894,8.0,64.56,8.07,1,1,1
2021-10,ITEM_2680,P001324,1.0,53.86,53.8575,1,1,1
2023-01,ITEM_2680,P001324,2.0,90.78,45.388,1,1,1
2023-02,ITEM_2680,P001324,2.0,90.78,45.388,1,1,1
2023-11,ITEM_2680,P001324,3.0,128.7,42.9,1,1,1
2024-10,ITEM_2681,300758,5.0,128.63,,1,1,1
2021-11,ITEM_2682,P000221,2.0,9.0,4.5,1,1,1
2022-04,ITEM_2682,P000221,8.0,128.436,16.0545,1,1,1
2023-04,ITEM_2682,P000221,6.0,112.270002,18.711667,1,1,1
2023-06,ITEM_2682,P000221,3.0,19.872,6.624,1,1,1
2025-08,ITEM_2683,306189,24.0,128.43,,1,1,1
2021-04,ITEM_2684,P004574,1.0,99.138,99.138,1,1,1
2021-09,ITEM_2684,P004574,1.0,91.25,91.25,1,1,1
2021-10,ITEM_2684,P004574,1.0,49.896,49.896,1,1,1
2023-08,ITEM_2684,P004574,2.0,128.24,64.12,1,1,1
2021-03,ITEM_2685,P003069,2.0,128.0,64.0,1,1,1
2023-10,ITEM_2687,P006609,1.0,127.65,127.65,1,1,1
2023-01,ITEM_2688,P007082,1.0,127.64,127.64,1,1,1
2023-07,ITEM_2689,P007918,24.0,127.51,5.312917,1,1,1
2021-12,ITEM_2690,P001655,6.0,127.44,21.24,1,1,1
2025-02,ITEM_2691,302387,5.0,15.93,,1,1,1
2025-03,ITEM_2691,302387,15.0,47.79,,2,2,1
2025-04,ITEM_2691,302387,15.0,47.79,,1,1,1
2025-09,ITEM_2691,302387,40.0,127.44,,1,1,1
2024-04,ITEM_2692,302007,20.0,127.25,,1,1,1
2024-07,ITEM_2692,302007,20.0,127.25,,1,1,1
2023-11,ITEM_2693,P002529,8.0,127.2,15.9,1,1,1
2023-07,ITEM_2694,P003870,14.0,121.338,8.1,1,1,1
2023-10,ITEM_2694,P003870,14.0,126.98,9.07,1,1,1
2023-11,ITEM_2694,P003870,14.0,80.1,5.721429,1,1,1
2025-04,ITEM_2695,400215,1.0,126.96,,1,1,1
2025-06,ITEM_2695,400215,1.0,52.84,,1,1,1
2021-03,ITEM_2696,P001138,50.0,110.0,2.2,1,1,1
2021-04,ITEM_2696,P001138,20.0,44.0,2.2,1,1,1
2021-11,ITEM_2696,P001138,60.0,93.0,1.55,1,1,1
2022-06,ITEM_2696,P001138,20.0,54.8,2.74,1,1,1
2022-11,ITEM_2696,P001138,80.0,126.280069,1.578501,1,1,1
2023-06,ITEM_2696,P001138,8.0,16.256,2.032,1,1,1
2021-05,ITEM_2697,P000676,2.0,126.28,63.14,1,1,1
2023-05,ITEM_2698,P006050,17.0,126.044596,7.414388,1,1,1
2025-12,ITEM_2700,400237,4.0,125.56,,1,1,1
2021-04,ITEM_2702,P005809,8.0,125.05,13.36,1,1,1
2021-05,ITEM_2704,P005202,50.0,97.5,1.95,1,1,1
2023-01,ITEM_2704,P005202,50.0,125.0,2.5,1,1,1
2023-08,ITEM_2704,P005202,12.0,22.2,1.8500000000000003,1,1,1
2021-02,ITEM_2705,P004107,1.0,25.0,25.0,1,1,1
2021-05,ITEM_2705,P004107,1.0,22.0,22.0,1,1,1
2021-10,ITEM_2705,P004107,2.0,30.0,15.0,1,1,1
2022-01,ITEM_2705,P004107,9.0,225.0,25.0,3,3,1
2022-02,ITEM_2705,P004107,1.0,15.0,15.0,1,1,1
2022-04,ITEM_2705,P004107,6.0,112.1,18.683333333333334,2,2,1
2022-11,ITEM_2705,P004107,2.0,50.0,25.0,1,1,1
2023-04,ITEM_2705,P004107,1.0,93.76,93.76,1,1,1
2023-09,ITEM_2705,P004107,5.0,125.0,25.0,1,1,1
2025-06,ITEM_2706,306096,63.0,124.93,,1,1,1
2024-11,ITEM_2707,304346,1.0,124.73,,1,1,1
2025-02,ITEM_2707,304346,8.0,4.38,,1,1,1
2025-05,ITEM_2707,304346,30.0,16.41,,1,1,1
2024-03,ITEM_2709,302413,10.0,124.6,,1,1,1
2025-09,ITEM_2710,306888,48.0,124.32,,1,1,1
2022-08,ITEM_2711,P004886,20.0,124.28,6.214,1,1,1
2023-05,ITEM_2712,P007882,24.0,248.4,10.35,2,1,1
2024-02,ITEM_2713,301935,200.0,56.0,,1,1,1
2024-03,ITEM_2713,301935,300.0,123.97,,1,1,1
2024-04,ITEM_2713,301935,160.0,61.49,,2,2,1
2022-11,ITEM_2714,P003923,20.0,123.8,6.19,1,1,1
2021-04,ITEM_2715,P001130,40.0,39.2,0.9800000000000001,1,1,1
2022-07,ITEM_2715,P001130,28.0,33.6,1.2,1,1,1
2023-06,ITEM_2715,P001130,150.0,123.63,0.8242,1,1,1
2023-10,ITEM_2716,P006584,1.0,123.53,123.53,1,1,1
2023-11,ITEM_2717,P006514,20.0,123.2,6.16,1,1,1
2022-03,ITEM_2719,P006463,2.0,46.56,23.28,1,1,1
2022-07,ITEM_2719,P006463,4.0,93.12,23.28,1,1,1
2023-04,ITEM_2719,P006463,2.0,53.32,26.66,1,1,1
2023-10,ITEM_2719,P006463,1.0,123.0,123.0,1,1,1
2023-12,ITEM_2719,P006463,1.0,27.45,27.45,1,1,1
2024-03,ITEM_2721,304094,120.0,122.88,,1,1,1
2025-06,ITEM_2721,304094,12.0,13.2,,1,1,1
2024-02,ITEM_2722,303977,12.0,122.76,,1,1,1
2023-07,ITEM_2723,P003813,2.0,117.058,54.7,1,1,1
2023-10,ITEM_2723,P003813,2.0,122.52,61.26,1,1,1
2023-11,ITEM_2723,P003813,2.0,75.78,37.89,1,1,1
2021-12,ITEM_2724,P005348,8.0,122.48,15.31,1,1,1
2021-01,ITEM_2725,P003810,24.0,122.4,5.1,1,1,1
2023-07,ITEM_2725,P003810,2.0,21.614,10.1,1,1,1
2023-10,ITEM_2725,P003810,2.0,22.62,11.31,1,1,1
2023-11,ITEM_2725,P003810,2.0,21.22,10.61,1,1,1
2021-01,ITEM_2726,P003225,36.0,122.4,3.4,1,1,1
2021-03,ITEM_2727,P000290,6.0,48.0,8.0,1,1,1
2023-10,ITEM_2727,P000290,24.0,122.4,5.1,1,1,1
2023-07,ITEM_2728,P003838,12.0,116.844,9.1,1,1,1
2023-10,ITEM_2728,P003838,12.0,122.28,10.19,1,1,1
2023-06,ITEM_2730,P006206,330.0,122.1,0.37,1,1,1
2023-08,ITEM_2730,P006206,150.0,42.0,0.28,1,1,1
2022-12,ITEM_2731,P000035,10.0,122.04,12.204,1,1,1
2023-06,ITEM_2731,P000035,5.0,61.02,12.204,1,1,1
2025-08,ITEM_2732,305855,2.0,243.64,,2,1,1
2024-03,ITEM_2733,302161,900.0,121.5,,1,1,1
2024-04,ITEM_2734,302147,900.0,121.5,,1,1,1
2021-05,ITEM_2735,P003171,1.0,121.4456,121.4456,1,1,1
2023-08,ITEM_2735,P003171,1.0,95.0,95.0,1,1,1
2021-01,ITEM_2736,P002435,12.0,22.17,1.8473999999999997,1,1,1
2021-02,ITEM_2736,P002435,22.0,31.1,1.4136363636363638,2,2,1
2021-04,ITEM_2736,P002435,4.0,6.0,1.5,1,1,1
2021-05,ITEM_2736,P002435,8.0,12.94,1.617,1,1,1
2021-06,ITEM_2736,P002435,12.0,7.65,0.6375,1,1,1
2021-10,ITEM_2736,P002435,8.0,28.0,3.5,1,1,1
2022-03,ITEM_2736,P002435,108.0,238.31,2.2066666666666666,8,8,1
2022-05,ITEM_2736,P002435,24.0,121.44,5.06,1,1,1
2022-06,ITEM_2736,P002435,6.0,9.7,1.6170090000000001,1,1,1
2022-10,ITEM_2736,P002435,17.0,27.49,1.617,1,1,1
2022-11,ITEM_2736,P002435,20.0,54.94,2.7468,2,2,1
2023-02,ITEM_2736,P002435,8.0,12.94,1.617,1,1,1
2023-03,ITEM_2736,P002435,12.0,19.4,1.6166670000000003,1,1,1
2023-04,ITEM_2736,P002435,6.0,21.0,3.5,1,1,1
2023-05,ITEM_2736,P002435,6.0,21.0,3.5,1,1,1
2023-10,ITEM_2736,P002435,15.0,66.23,4.415,3,3,1
2023-11,ITEM_2736,P002435,15.0,66.23,4.415,3,3,1
2023-01,ITEM_2737,P007167,1.0,121.25,121.25,1,1,1
2021-01,ITEM_2738,P005605,12.0,121.2,10.1,1,1,1
2023-08,ITEM_2740,P004997,6.0,120.96,20.16,1,1,1
2022-09,ITEM_2742,P007017,4.0,120.64,30.16,1,1,1
2024-09,ITEM_2743,304923,4.0,120.27,,1,1,1
2025-03,ITEM_2743,304923,4.0,22.66,,1,1,1
2021-03,ITEM_2744,P003555,2.0,19.52,9.76,1,1,1
2021-05,ITEM_2744,P003555,12.0,120.048,10.004,1,1,1
2021-01,ITEM_2745,P000289,12.0,120.0,10.0,1,1,1
2021-02,ITEM_2745,P000289,18.0,111.0,6.166666666666667,2,1,1
2021-03,ITEM_2745,P000289,18.0,42.0,2.3333333333333335,2,2,1
2021-07,ITEM_2745,P000289,6.0,15.0,2.5,1,1,1
2021-08,ITEM_2745,P000289,18.0,94.580004,5.254444666666667,2,2,1
2021-09,ITEM_2745,P000289,16.0,80.61,5.038125,2,2,1
2021-10,ITEM_2745,P000289,12.0,71.616,5.968,1,1,1
2021-11,ITEM_2745,P000289,10.0,29.5,2.95,1,1,1
2021-12,ITEM_2745,P000289,6.0,35.808,5.968,1,1,1
2022-03,ITEM_2745,P000289,30.0,189.74,6.324399999999999,5,5,1
2022-04,ITEM_2745,P000289,44.0,196.45924,4.464982727272727,5,3,1
2022-06,ITEM_2745,P000289,10.0,52.8,5.279999999999999,2,2,1
2022-10,ITEM_2745,P000289,6.0,31.416,5.236,1,1,1
2022-11,ITEM_2745,P000289,6.0,18.0,3.0,1,1,1
2023-02,ITEM_2745,P000289,32.0,167.556,5.236000000000001,6,5,1
2023-03,ITEM_2745,P000289,8.0,48.048,6.006,1,1,1
2023-05,ITEM_2745,P000289,1.0,5.236,5.236,1,1,1
2023-06,ITEM_2745,P000289,33.0,98.661,2.9897272727272726,3,3,1
2023-08,ITEM_2745,P000289,12.0,62.832,5.236,1,1,1
2023-10,ITEM_2745,P000289,42.0,153.0,3.642857142857143,2,2,1
2021-05,ITEM_2746,P003472,10.0,120.0,12.0,1,1,1
2021-08,ITEM_2746,P003472,3.0,72.75,24.25,1,1,1
2022-02,ITEM_2746,P003472,1.0,8.44,8.44,1,1,1
2021-07,ITEM_2748,P004930,4.0,120.0,30.0,1,1,1
2023-11,ITEM_2748,P004930,4.0,68.0,17.0,1,1,1
2021-05,ITEM_2749,P001182,50.0,75.0,1.5,1,1,1
2021-08,ITEM_2749,P001182,60.0,120.0,2.0,1,1,1
2022-07,ITEM_2749,P001182,38.0,85.5,2.25,1,1,1
2021-02,ITEM_2750,P004637,60.0,114.0,1.9,1,1,1
2021-06,ITEM_2750,P004637,60.0,90.0,1.5,1,1,1
2021-09,ITEM_2750,P004637,60.0,120.0,2.0,1,1,1
2021-11,ITEM_2750,P004637,60.0,112.5,1.875,1,1,1
2022-03,ITEM_2750,P004637,60.0,112.8,1.88,1,1,1
2022-06,ITEM_2750,P004637,60.0,114.0,1.9,1,1,1
2022-09,ITEM_2750,P004637,60.0,114.0,1.9,1,1,1
2022-11,ITEM_2750,P004637,60.0,114.0,1.9,1,1,1
2023-03,ITEM_2750,P004637,60.0,114.0,1.9,1,1,1
2021-04,ITEM_2751,P005760,20.0,76.0,3.8,1,1,1
2022-10,ITEM_2751,P005760,6.0,75.24,12.54,1,1,1
2023-02,ITEM_2751,P005760,15.0,120.0,8.0,1,1,1
2023-12,ITEM_2751,P005760,12.0,12.0,1.0,1,1,1
2021-04,ITEM_2752,P002597,10.0,33.0,3.3,1,1,1
2023-02,ITEM_2752,P002597,15.0,120.0,8.0,1,1,1
2023-02,ITEM_2753,P002801,15.0,120.0,8.0,1,1,1
2023-11,ITEM_2754,P000781,10.0,120.0,12.0,1,1,1
2023-11,ITEM_2755,P006516,15.0,120.0,8.0,1,1,1
2025-11,ITEM_2756,303204,1.0,120.0,,1,1,1
2024-03,ITEM_2757,301075,20.0,120.0,,1,1,1
2024-04,ITEM_2758,301541,800.0,120.0,,1,1,1
2024-08,ITEM_2758,301541,320.0,41.28,,1,1,1
2025-08,ITEM_2758,301541,24.0,29.52,,1,1,1
2022-04,ITEM_2760,P000927,2.0,84.0,42.0,1,1,1
2023-11,ITEM_2760,P000927,3.0,119.7,39.9,1,1,1
2021-11,ITEM_2761,P005482,2.0,119.6,59.8,1,1,1
2024-09,ITEM_2762,302635,3.0,119.6,,1,1,1
2025-03,ITEM_2763,305317,2.0,119.33,,1,1,1
2023-09,ITEM_2764,P002387,10.0,119.26,11.926,1,1,1
2023-07,ITEM_2766,P002578,16.0,148.91,9.307125000000001,2,1,1
2022-09,ITEM_2767,P004371,200.0,118.4,0.592,1,1,1
2024-04,ITEM_2768,301445,1500.0,118.2,,1,1,1
2021-04,ITEM_2769,P000327,40.0,118.08,2.952,1,1,1
2022-06,ITEM_2770,P001245,2.0,118.0,59.0,1,1,1
2024-03,ITEM_2771,304083,10.0,2.23,,1,1,1
2024-04,ITEM_2771,304083,20.0,3.88,,1,1,1
2024-07,ITEM_2771,304083,120.0,117.65,,1,1,1
2022-11,ITEM_2772,P006651,2.0,117.64,58.82,1,1,1
2025-06,ITEM_2773,305357,28.0,117.61,,1,1,1
2022-01,ITEM_2774,P000377,2.0,70.0,35.0,1,1,1
2022-03,ITEM_2774,P000377,3.0,117.6,39.2,1,1,1
2023-07,ITEM_2774,P000377,3.0,105.0,35.0,1,1,1
2025-11,ITEM_2775,400063,1.0,117.6,,1,1,1
2023-06,ITEM_2776,P006223,1.0,117.49,117.49,1,1,1
2022-05,ITEM_2777,P001181,24.0,69.6,2.9,1,1,1
2023-04,ITEM_2777,P001181,60.0,117.43998,1.957333,1,1,1
2021-04,ITEM_2778,P004113,6.0,117.42,19.57,1,1,1
2023-06,ITEM_2779,P006224,1.0,117.410001,117.410001,1,1,1
2023-11,ITEM_2780,P008242,2.0,117.33,53.82,1,1,1
2024-07,ITEM_2781,301910,36.0,60.24,,1,1,1
2024-09,ITEM_2781,301910,24.0,117.2,,1,1,1
2021-04,ITEM_2782,P000336,51.0,167.18,3.2780392156862748,2,2,1
2022-06,ITEM_2782,P000336,50.0,62.5,1.25,1,1,1
2023-08,ITEM_2782,P000336,200.0,117.18,0.5859,1,1,1
2023-10,ITEM_2782,P000336,200.0,117.18,0.5859,1,1,1
2023-11,ITEM_2782,P000336,200.0,117.18,0.5859,1,1,1
2024-10,ITEM_2784,300726,6.0,116.72,,1,1,1
2023-08,ITEM_2785,P006320,35.0,116.55,3.33,1,1,1
2022-06,ITEM_2786,P003250,1.0,116.52,116.52,1,1,1
2025-06,ITEM_2787,301231,2.0,155.22,,2,1,1
2025-08,ITEM_2787,301231,6.0,131.89000000000001,,2,1,1
2025-08,ITEM_2788,302302,3.0,115.92,,1,1,1
2021-12,ITEM_2790,P005206,6.0,115.5,19.25,1,1,1
2023-02,ITEM_2792,P007192,8.0,115.2,14.4,1,1,1
2023-04,ITEM_2792,P007192,8.0,112.64,14.08,1,1,1
2021-02,ITEM_2793,P004915,1.0,115.03,115.03,1,1,1
2021-03,ITEM_2794,P001106,4.0,60.0,15.0,1,1,1
2021-04,ITEM_2794,P001106,3.0,28.05,9.35,1,1,1
2022-06,ITEM_2794,P001106,3.0,31.2,10.4,1,1,1
2022-07,ITEM_2794,P001106,3.0,36.660000000000004,12.219000000000001,2,2,1
2022-08,ITEM_2794,P001106,3.0,51.15,17.05,1,1,1
2022-09,ITEM_2794,P001106,4.0,52.514,13.1285,1,1,1
2023-02,ITEM_2794,P001106,3.0,39.39,13.1285,1,1,1
2023-03,ITEM_2794,P001106,3.0,36.760000000000005,12.252333333333334,2,2,1
2023-07,ITEM_2794,P001106,6.0,78.7755,13.1285,2,2,1
2023-08,ITEM_2794,P001106,2.0,25.0,12.5,1,1,1
2023-09,ITEM_2794,P001106,3.0,39.39,13.13,1,1,1
2023-11,ITEM_2794,P001106,3.0,38.360001,12.786667,1,1,1
2025-05,ITEM_2794,P001106,2.0,29.09,,1,1,1
2025-10,ITEM_2794,P001106,4.0,46.24,,4,4,1
2025-12,ITEM_2794,P001106,3.0,115.0,,1,1,1
2025-08,ITEM_2795,301469,20.0,208.43,,2,2,1
2022-06,ITEM_2796,P006856,20.0,114.6,5.73,1,1,1
2022-06,ITEM_2797,P006902,4.0,114.59,27.2825,1,1,1
2021-05,ITEM_2798,P001684,50.0,60.0,1.2,1,1,1
2021-12,ITEM_2798,P001684,110.0,105.87995,0.962545,1,1,1
2022-02,ITEM_2798,P001684,130.0,114.4,0.88,1,1,1
2023-02,ITEM_2798,P001684,100.0,66.21874,0.662187,1,1,1
2023-12,ITEM_2799,P008547,1.0,114.23,114.23,1,1,1
2021-09,ITEM_2800,P002163,1.0,114.05,114.052,1,1,1
2022-12,ITEM_2800,P002163,1.0,38.4,38.4,1,1,1
2021-05,ITEM_2801,P005200,30.0,114.0,3.8,1,1,1
2021-01,ITEM_2802,P000959,30.0,30.0,1.0,1,1,1
2021-02,ITEM_2802,P000959,20.0,20.0,1.0,1,1,1
2022-07,ITEM_2802,P000959,30.0,30.0,1.0,1,1,1
2022-08,ITEM_2802,P000959,30.0,114.0,3.8,1,1,1
2023-10,ITEM_2802,P000959,30.0,114.0,3.8,1,1,1
2025-08,ITEM_2803,306185,12.0,113.86,,1,1,1
2021-09,ITEM_2804,P000503,6.0,85.390002,14.231667,1,1,1
2022-06,ITEM_2804,P000503,8.0,113.84,14.23,1,1,1
2023-05,ITEM_2804,P000503,8.0,85.65,10.70625,1,1,1
2023-08,ITEM_2805,P006335,5.0,113.44,22.688,1,1,1
2025-10,ITEM_2805,P006335,5.0,69.57,,1,1,1
2023-11,ITEM_2806,P008240,2.0,113.08,51.87,1,1,1
2023-03,ITEM_2807,P007311,2.0,113.0,56.5,1,1,1
2023-05,ITEM_2807,P007311,2.0,113.0,56.5,1,1,1
2024-06,ITEM_2808,304435,10.0,112.97,,1,1,1
2025-08,ITEM_2809,306301,1.0,112.83,,1,1,1
2022-09,ITEM_2810,P000879,1.0,51.282,51.282,1,1,1
2023-08,ITEM_2810,P000879,1.0,112.753573,112.753573,1,1,1
2025-08,ITEM_2811,306198,6.0,112.53,,1,1,1
2023-06,ITEM_2812,P000239,20.0,17.0,0.85,1,1,1
2023-10,ITEM_2812,P000239,50.0,112.5,2.25,1,1,1
2021-02,ITEM_2815,P000705,12.0,72.0,6.0,1,1,1
2021-07,ITEM_2815,P000705,12.0,103.2,8.6,1,1,1
2022-05,ITEM_2815,P000705,6.0,53.5788,8.9298,1,1,1
2023-07,ITEM_2815,P000705,10.0,112.1,11.21,1,1,1
2021-04,ITEM_2817,P004748,14.0,112.0,8.0,1,1,1
2022-07,ITEM_2818,P006951,14.0,112.0,8.0,1,1,1
2021-03,ITEM_2819,P002212,15.0,60.0,4.0,1,1,1
2022-02,ITEM_2819,P002212,20.0,62.4,3.12,1,1,1
2022-08,ITEM_2819,P002212,32.0,112.0,3.5,1,1,1
2022-11,ITEM_2819,P002212,20.0,70.0,3.5,1,1,1
2023-04,ITEM_2819,P002212,15.0,58.2,3.88,1,1,1
2023-05,ITEM_2819,P002212,6.0,29.4,4.9,1,1,1
2023-11,ITEM_2819,P002212,6.0,39.78,6.63,1,1,1
2025-06,ITEM_2820,305552,10.0,186.37,,3,3,1
2021-02,ITEM_2821,P005562,4.0,106.08,26.52,1,1,1
2022-02,ITEM_2821,P005562,4.0,111.88,27.97,1,1,1
2021-02,ITEM_2822,P002717,4.0,111.68,27.92,1,1,1
2021-04,ITEM_2822,P002717,1.0,42.0,42.0,1,1,1
2025-06,ITEM_2823,305972,6.0,111.29,,1,1,1
2021-02,ITEM_2824,P001352,14.0,98.11,7.008,1,1,1
2023-07,ITEM_2824,P001352,12.0,111.24,9.27,1,1,1
2023-04,ITEM_2825,P007021,8.0,111.12,13.89,1,1,1
2021-09,ITEM_2826,P005254,4.0,222.12,55.53,2,1,1
2021-01,ITEM_2827,P001192,17.0,23.82,1.4011764705882352,2,1,1
2021-02,ITEM_2827,P001192,24.0,21.709992,0.904583,1,1,1
2021-03,ITEM_2827,P001192,12.0,12.0,1.0,1,1,1
2021-04,ITEM_2827,P001192,20.0,32.817499999999995,1.640875,2,2,1
2021-05,ITEM_2827,P001192,38.0,44.9642,1.1832684210526316,3,3,1
2021-06,ITEM_2827,P001192,36.0,36.0,1.0,2,2,1
2021-07,ITEM_2827,P001192,32.0,41.5625,1.298828125,3,2,1
2021-08,ITEM_2827,P001192,28.0,38.8926,1.3890214285714286,3,2,1
2021-09,ITEM_2827,P001192,34.0,48.800008,1.4352943529411766,2,2,1
2021-10,ITEM_2827,P001192,30.0,43.087199999999996,1.43624,3,3,1
2021-11,ITEM_2827,P001192,12.0,5.8926,0.49105,1,1,1
2022-03,ITEM_2827,P001192,42.0,59.6,1.4188571428571428,7,7,1
2022-04,ITEM_2827,P001192,12.0,20.64,1.72,1,1,1
2022-06,ITEM_2827,P001192,12.0,10.8,0.9,1,1,1
2022-07,ITEM_2827,P001192,6.0,10.8,1.8,1,1,1
2022-09,ITEM_2827,P001192,15.0,29.4,1.96,1,1,1
2022-10,ITEM_2827,P001192,48.0,109.03399999999999,2.2714999999999996,2,2,1
2022-11,ITEM_2827,P001192,18.0,36.036,2.002,1,1,1
2023-01,ITEM_2827,P001192,12.0,9.6,0.8000000000000002,1,1,1
2023-02,ITEM_2827,P001192,36.0,120.66,3.3516666666666666,2,2,1
2023-03,ITEM_2827,P001192,54.0,102.22999999999999,1.893148148148148,4,3,1
2023-04,ITEM_2827,P001192,6.0,13.5,2.25,1,1,1
2023-05,ITEM_2827,P001192,24.0,22.8,0.9499999999999998,1,1,1
2023-06,ITEM_2827,P001192,36.0,50.616,1.406,2,2,1
2023-08,ITEM_2827,P001192,4.0,5.08,1.27,1,1,1
2023-09,ITEM_2827,P001192,60.0,129.930004,2.1655,3,2,1
2023-11,ITEM_2827,P001192,27.0,50.85,1.883333333333333,2,2,1
2022-03,ITEM_2829,P003854,3.0,111.0,37.0,1,1,1
2023-12,ITEM_2830,P008480,1.0,110.76,110.76,1,1,1
2025-07,ITEM_2831,400093,4.0,60.48,,1,1,1
2025-11,ITEM_2831,400093,6.0,110.69,,1,1,1
2023-11,ITEM_2832,P008210,4.0,219.48000000000002,50.34,2,2,1
2025-05,ITEM_2833,306456,12.0,110.48,,1,1,1
2025-09,ITEM_2834,304304,4.0,110.42,,1,1,1
2021-02,ITEM_2835,P000397,1.0,19.6,19.6,1,1,1
2021-09,ITEM_2835,P000397,1.0,44.0,44.0,1,1,1
2022-03,ITEM_2835,P000397,1.0,7.238,7.238,1,1,1
2022-11,ITEM_2835,P000397,1.0,9.12,9.1245,1,1,1
2022-12,ITEM_2835,P000397,1.0,5.525,5.525,1,1,1
2023-02,ITEM_2835,P000397,3.0,124.89,41.63,3,3,1
2023-03,ITEM_2835,P000397,1.0,5.0,5.0,1,1,1
2023-06,ITEM_2835,P000397,2.0,22.022,11.011,1,1,1
2023-09,ITEM_2835,P000397,2.0,40.0,20.0,2,2,1
2023-10,ITEM_2835,P000397,1.0,20.0,20.0,1,1,1
2023-11,ITEM_2835,P000397,5.0,44.44,8.888,1,1,1
2022-05,ITEM_2837,P001733,24.0,110.34,4.5975,1,1,1
2023-05,ITEM_2838,P007885,32.0,220.48,6.89,2,1,1
2023-11,ITEM_2840,P001176,25.0,110.09,4.4036,1,1,1
2021-10,ITEM_2841,P003765,1.0,110.0,110.0,1,1,1
2022-09,ITEM_2841,P003765,1.0,78.54,78.54,1,1,1
2023-08,ITEM_2843,P001495,2.0,110.0,55.0,1,1,1
2022-03,ITEM_2844,P005002,24.0,109.87,4.2,1,1,1
2021-01,ITEM_2845,P000806,54.0,80.4,1.488888888888889,4,4,1
2021-02,ITEM_2845,P000806,74.0,111.0,1.5,6,5,1
2021-03,ITEM_2845,P000806,84.0,164.250004,1.9553571904761904,5,4,1
2021-04,ITEM_2845,P000806,57.0,163.94,2.876140350877193,3,2,1
2021-05,ITEM_2845,P000806,42.0,63.760000000000005,1.5180952380952382,4,3,1
2021-06,ITEM_2845,P000806,112.0,223.73000000000002,1.9975714285714286,4,3,1
2021-07,ITEM_2845,P000806,40.0,69.48,1.737,4,4,1
2021-08,ITEM_2845,P000806,129.0,212.70000000000002,1.6488372093023258,9,4,1
2021-09,ITEM_2845,P000806,52.0,94.0,1.8076923076923077,3,3,1
2021-10,ITEM_2845,P000806,66.0,100.20000000000002,1.5181818181818185,6,6,1
2021-11,ITEM_2845,P000806,54.0,93.0,1.7222222222222223,2,2,1
2021-12,ITEM_2845,P000806,88.0,133.92,1.5218181818181817,4,4,1
2022-01,ITEM_2845,P000806,50.0,75.0,1.5,2,2,1
2022-02,ITEM_2845,P000806,20.0,30.0,1.5,1,1,1
2022-03,ITEM_2845,P000806,278.0,438.0400000000001,1.5756834532374104,12,11,1
2022-04,ITEM_2845,P000806,114.0,174.36,1.5294736842105265,4,3,1
2022-05,ITEM_2845,P000806,44.0,67.76,1.54,2,1,1
2022-06,ITEM_2845,P000806,18.0,33.24,1.8466693333333335,2,2,1
2022-07,ITEM_2845,P000806,20.0,30.8,1.54,1,1,1
2022-08,ITEM_2845,P000806,36.0,72.0,2.0,1,1,1
2022-10,ITEM_2845,P000806,104.0,158.61,1.525096153846154,5,3,1
2022-11,ITEM_2845,P000806,138.0,216.12,1.5660869565217392,6,6,1
2023-01,ITEM_2845,P000806,20.0,30.8,1.54,1,1,1
2023-02,ITEM_2845,P000806,94.0,151.9,1.6159574468085107,7,7,1
2023-03,ITEM_2845,P000806,118.0,199.36,1.6894915254237288,6,6,1
2023-04,ITEM_2845,P000806,38.0,66.5,1.75,2,2,1
2023-05,ITEM_2845,P000806,85.0,151.54,1.7828235294117647,4,3,1
2023-06,ITEM_2845,P000806,38.0,62.72,1.6505263157894736,2,2,1
2023-07,ITEM_2845,P000806,62.0,100.52,1.6212903225806452,3,2,1
2023-08,ITEM_2845,P000806,48.0,80.22,1.67125,3,3,1
2023-09,ITEM_2845,P000806,96.0,168.0,1.75,2,2,1
2023-10,ITEM_2845,P000806,194.0,310.2,1.5989690721649483,10,8,1
2023-11,ITEM_2845,P000806,94.0,159.0,1.6914893617021276,6,5,1
2023-12,ITEM_2845,P000806,18.0,31.5,1.75,1,1,1
2025-03,ITEM_2845,P000806,23.0,39.25000000000001,,4,3,1
2025-04,ITEM_2845,P000806,14.0,21.76,,1,1,1
2025-05,ITEM_2845,P000806,10.0,16.0,,1,1,1
2025-06,ITEM_2845,P000806,20.0,41.94,,2,2,1
2025-07,ITEM_2845,P000806,66.0,79.93,,3,2,1
2025-08,ITEM_2845,P000806,20.0,31.79,,1,1,1
2025-09,ITEM_2845,P000806,92.0,90.93,,7,6,1
2022-08,ITEM_2846,P004887,1.0,109.564,109.564,1,1,1
2024-07,ITEM_2847,301062,5.0,52.0,,1,1,1
2025-07,ITEM_2847,301062,5.0,109.5,,1,1,1
2025-08,ITEM_2847,301062,5.0,109.5,,1,1,1
2025-06,ITEM_2848,306143,1.0,109.49,,1,1,1
2024-04,ITEM_2849,400078,60.0,109.4,,1,1,1
2025-07,ITEM_2849,400078,4.0,86.88,,1,1,1
2025-12,ITEM_2849,400078,6.0,86.88,,1,1,1
2025-06,ITEM_2850,305977,12.0,109.18,,1,1,1
2023-03,ITEM_2851,P007324,2.0,109.1,54.55,1,1,1
2023-05,ITEM_2851,P007324,2.0,109.1,54.55,1,1,1
2025-02,ITEM_2852,302389,5.0,12.96,,1,1,1
2025-03,ITEM_2852,302389,15.0,38.88,,2,2,1
2025-04,ITEM_2852,302389,15.0,38.88,,1,1,1
2025-09,ITEM_2852,302389,40.0,109.05,,1,1,1
2021-02,ITEM_2853,P000237,12.0,129.4,10.783333333333333,2,2,1
2022-12,ITEM_2853,P000237,1.0,10.81,10.81,1,1,1
2022-04,ITEM_2854,P005502,4.0,108.86,27.215,1,1,1
2021-01,ITEM_2855,P000777,14.0,35.0,2.5,2,2,1
2021-02,ITEM_2855,P000777,6.0,33.0,5.5,1,1,1
2021-03,ITEM_2855,P000777,21.0,52.5,2.5,2,2,1
2021-04,ITEM_2855,P000777,10.0,26.69,2.669,1,1,1
2021-06,ITEM_2855,P000777,12.0,30.0,2.5,1,1,1
2021-09,ITEM_2855,P000777,10.0,17.4,1.7399999999999998,1,1,1
2021-11,ITEM_2855,P000777,12.0,18.0,1.5,1,1,1
2022-01,ITEM_2855,P000777,10.0,25.0,2.5,1,1,1
2022-03,ITEM_2855,P000777,12.0,86.4,7.2,1,1,1
2022-04,ITEM_2855,P000777,16.0,116.45,7.278125,2,2,1
2022-05,ITEM_2855,P000777,15.0,25.5,1.7,1,1,1
2023-02,ITEM_2855,P000777,12.0,86.856,7.238,1,1,1
2023-04,ITEM_2855,P000777,6.0,43.429998,7.238333,1,1,1
2023-10,ITEM_2855,P000777,24.0,48.0,2.0,1,1,1
2023-11,ITEM_2855,P000777,10.0,108.75,10.875,1,1,1
2023-11,ITEM_2856,P008239,2.0,108.61,49.82,1,1,1
2023-03,ITEM_2857,P001687,2.0,108.55,54.275,1,1,1
2025-12,ITEM_2858,302401,20.0,108.54,,1,1,1
2025-06,ITEM_2859,305969,6.0,108.49,,1,1,1
2023-09,ITEM_2860,P008250,1.0,108.31,108.31,1,1,1
2023-10,ITEM_2861,P006587,2.0,108.24,54.12,1,1,1
2023-08,ITEM_2862,P006344,30.0,108.231,3.6077,1,1,1
2022-06,ITEM_2863,P006857,90.0,183.5,2.0388466666666667,2,1,1
2023-12,ITEM_2863,P006857,60.0,108.04,1.800667,1,1,1
2025-08,ITEM_2864,306199,12.0,216.07,,2,1,1
2021-03,ITEM_2865,P005431,6.0,108.0,18.0,1,1,1
2022-06,ITEM_2866,P006306,1.0,23.1,23.100127,1,1,1
2023-02,ITEM_2866,P006306,1.0,24.64,24.64,1,1,1
2023-08,ITEM_2866,P006306,18.0,108.0,6.0,1,1,1
2023-09,ITEM_2866,P006306,1.0,21.95,21.945,1,1,1
2024-04,ITEM_2867,300873,4000.0,15.2,,1,1,1
2024-06,ITEM_2867,300873,10.0,108.0,,1,1,1
2025-05,ITEM_2867,300873,100.0,2.5,,1,1,1
2025-09,ITEM_2867,300873,300.0,6.0,,3,3,1
2025-04,ITEM_2868,304969,2.0,107.79,,1,1,1
2024-09,ITEM_2869,304917,2.0,107.73,,1,1,1
2021-04,ITEM_2870,P005830,4.0,107.7,26.925,1,1,1
2023-11,ITEM_2870,P005830,3.0,66.0,22.0,1,1,1
2025-08,ITEM_2871,306302,2.0,215.37,,2,1,1
2021-02,ITEM_2872,P000704,30.0,90.0,3.0,1,1,1
2022-04,ITEM_2872,P000704,12.0,59.4,4.95,1,1,1
2023-06,ITEM_2872,P000704,12.0,107.16,8.93,1,1,1
2024-07,ITEM_2873,301195,12.0,107.16,,1,1,1
2022-07,ITEM_2874,P006844,4.0,107.12,26.78,1,1,1
2023-12,ITEM_2874,P006844,2.0,63.1,31.55,1,1,1
2021-02,ITEM_2875,P003162,1.0,49.28,49.28,1,1,1
2022-06,ITEM_2875,P003162,14.0,107.1,7.65,1,1,1
2025-08,ITEM_2876,305701,2.0,107.03,,1,1,1
2021-02,ITEM_2877,P000776,5.0,7.75,1.55,1,1,1
2021-06,ITEM_2877,P000776,12.0,32.02,2.6686980000000005,1,1,1
2021-09,ITEM_2877,P000776,12.0,106.8,8.9,1,1,1
2022-04,ITEM_2877,P000776,15.0,89.25,5.95,1,1,1
2022-05,ITEM_2877,P000776,24.0,24.0,1.0,1,1,1
2023-09,ITEM_2877,P000776,12.0,42.0,3.5,1,1,1
2023-10,ITEM_2877,P000776,36.0,65.79,1.8274999999999997,2,2,1
2024-05,ITEM_2878,304138,20.0,106.2,,1,1,1
2025-06,ITEM_2879,306004,2.0,106.17,,1,1,1
2022-02,ITEM_2880,P000049,6.0,50.4,8.4,2,2,1
2023-08,ITEM_2880,P000049,2.0,106.0,53.0,1,1,1
2022-11,ITEM_2881,P006663,1.0,105.88,105.88,1,1,1
2023-05,ITEM_2883,P006073,60.0,105.58458,1.759743,1,1,1
2024-09,ITEM_2884,304734,8.0,105.41,,1,1,1
2023-03,ITEM_2885,P007306,8.0,105.03,13.129,1,1,1
2023-05,ITEM_2885,P007306,8.0,105.03,13.129,1,1,1
2025-06,ITEM_2886,305578,5.0,105.0,,1,1,1
2025-08,ITEM_2886,305578,6.0,9.0,,1,1,1
2024-07,ITEM_2887,301241,2.0,105.0,,1,1,1
2024-03,ITEM_2888,300877,1000.0,26.25,,1,1,1
2024-04,ITEM_2888,300877,5000.0,157.6,,2,2,1
2024-06,ITEM_2888,300877,20.0,22.5,,1,1,1
2022-06,ITEM_2889,P006909,8.0,104.93,12.49125,1,1,1
2023-03,ITEM_2890,P007170,8.0,69.76,8.72,1,1,1
2023-12,ITEM_2890,P007170,12.0,104.64,8.72,1,1,1
2025-06,ITEM_2891,306037,2.0,104.52,,1,1,1
2024-06,ITEM_2892,301144,9.0,104.52,,1,1,1
2024-03,ITEM_2893,300872,1000.0,2.25,,1,1,1
2024-04,ITEM_2893,300872,3000.0,12.0,,1,1,1
2025-05,ITEM_2893,300872,300.0,7.57,,2,2,1
2025-06,ITEM_2893,300872,400.0,5.52,,1,1,1
2025-09,ITEM_2893,300872,500.0,206.53000000000003,,5,5,1
2021-08,ITEM_2894,P001351,8.0,104.432,13.054,1,1,1
2023-10,ITEM_2895,P000015,4.0,104.17,26.0425,1,1,1
2023-03,ITEM_2896,P007295,2.0,104.1,52.05,1,1,1
2023-05,ITEM_2896,P007295,2.0,104.1,52.05,1,1,1
2021-02,ITEM_2897,P002589,10.0,58.23,5.823,1,1,1
2021-04,ITEM_2897,P002589,20.0,104.0,5.2,1,1,1
2023-05,ITEM_2897,P002589,4.0,20.63,5.1575,1,1,1
2025-05,ITEM_2898,304030,4.0,186.48000000000002,,2,2,1
2025-12,ITEM_2898,304030,1.0,1.69,,1,1,1
2021-01,ITEM_2899,P000296,3.0,12.0,4.0,1,1,1
2021-02,ITEM_2899,P000296,52.0,254.5,4.894192307692308,5,4,1
2021-04,ITEM_2899,P000296,6.0,24.0,4.0,1,1,1
2021-06,ITEM_2899,P000296,14.0,76.32,5.451428571428571,2,2,1
2021-08,ITEM_2899,P000296,6.0,24.0,4.0,1,1,1
2021-09,ITEM_2899,P000296,4.0,19.1,4.774,1,1,1
2021-11,ITEM_2899,P000296,6.0,22.8,3.7999999999999994,1,1,1
2022-03,ITEM_2899,P000296,57.0,185.895,3.261315789473684,8,8,1
2022-06,ITEM_2899,P000296,6.0,25.87,4.312024,1,1,1
2022-07,ITEM_2899,P000296,6.0,24.0,4.0,1,1,1
2022-09,ITEM_2899,P000296,10.0,37.65,3.7647999999999997,2,2,1
2022-11,ITEM_2899,P000296,30.0,127.49,4.2496,2,2,1
2023-02,ITEM_2899,P000296,11.0,47.44,4.312,4,4,1
2023-03,ITEM_2899,P000296,6.0,24.0,4.0,1,1,1
2023-05,ITEM_2899,P000296,6.0,25.87,4.312,1,1,1
2023-10,ITEM_2899,P000296,2.0,8.63,4.3125,1,1,1
2023-11,ITEM_2899,P000296,14.0,56.63,4.044642857142857,3,2,1
2021-04,ITEM_2900,P002595,6.0,103.32,17.22,1,1,1
2024-07,ITEM_2901,304588,20.0,103.25,,1,1,1
2021-11,ITEM_2902,P005318,20.0,98.0,4.9,1,1,1
2022-04,ITEM_2902,P005318,24.0,103.2,4.3,1,1,1
2025-07,ITEM_2902,P005318,3.0,8.26,,1,1,1
2025-06,ITEM_2903,302536,2.0,103.2,,1,1,1
2023-11,ITEM_2904,P008213,4.0,205.57,47.15,2,2,1
2022-11,ITEM_2905,P006699,6.0,103.08,17.18,1,1,1
2021-09,ITEM_2906,P001108,3.0,6.25,2.0833333333333335,2,2,1
2021-12,ITEM_2906,P001108,1.0,1.6,1.6,1,1,1
2022-07,ITEM_2906,P001108,1.0,2.55,2.55,1,1,1
2022-08,ITEM_2906,P001108,2.0,6.8,3.4,2,2,1
2023-02,ITEM_2906,P001108,6.0,197.62,32.9366665,2,1,1
2023-04,ITEM_2906,P001108,1.0,2.5,2.5,1,1,1
2021-02,ITEM_2907,P003087,50.0,2.0,0.04,1,1,1
2021-03,ITEM_2907,P003087,2.0,76.0,38.0,1,1,1
2022-05,ITEM_2907,P003087,1.0,32.0,32.0,1,1,1
2022-06,ITEM_2907,P003087,3.0,96.0,32.0,1,1,1
2023-07,ITEM_2907,P003087,3.0,102.6,34.2,1,1,1
2023-10,ITEM_2908,P006563,4.0,102.6,25.65,1,1,1
2022-07,ITEM_2911,P003771,8.0,20.0,2.5,1,1,1
2022-09,ITEM_2911,P003771,60.0,102.066966,1.701116,1,1,1
2023-04,ITEM_2912,P000973,3.0,102.06,34.02,1,1,1
2023-04,ITEM_2914,P000977,3.0,102.06,34.02,1,1,1
2025-06,ITEM_2915,305274,1.0,101.98,,1,1,1
2022-06,ITEM_2916,P004968,2.0,101.97,50.985,1,1,1
2021-04,ITEM_2918,P005139,3.0,101.58,33.86,1,1,1
2023-10,ITEM_2919,P006573,2.0,101.18,50.59,1,1,1
2021-03,ITEM_2920,P000632,1.0,74.28,74.282,1,1,1
2021-08,ITEM_2920,P000632,1.0,60.0,60.0,1,1,1
2023-02,ITEM_2920,P000632,1.0,101.0,101.0,1,1,1
2023-09,ITEM_2921,P000974,5.0,100.8,20.16,1,1,1
2022-04,ITEM_2922,P003896,3.0,100.5,33.5,1,1,1
2021-02,ITEM_2923,P002718,16.0,100.35,6.272,1,1,1
2024-04,ITEM_2924,303218,150.0,125.41,,2,2,1
2024-07,ITEM_2924,303218,80.0,56.48,,1,1,1
2025-05,ITEM_2924,303218,9.0,65.38,,3,3,1
2025-06,ITEM_2924,303218,21.0,35.14,,3,3,1
2025-07,ITEM_2924,303218,1.0,6.9,,1,1,1
2025-10,ITEM_2924,303218,15.0,24.340000000000003,,5,5,1
2025-11,ITEM_2924,303218,2.0,7.98,,2,1,1
2025-12,ITEM_2924,303218,4.0,17.85,,1,1,1
2023-03,ITEM_2925,P004246,6.0,300.03000000000003,50.005,3,3,1
2021-02,ITEM_2926,P000711,20.0,100.0,5.0,1,1,1
2022-05,ITEM_2926,P000711,12.0,91.512,7.626,1,1,1
2021-11,ITEM_2927,P005298,2.0,100.0,50.0,1,1,1
2022-02,ITEM_2928,P006410,3.0,150.0,50.0,2,2,1
2023-01,ITEM_2928,P006410,1.0,57.74,57.74,1,1,1
2023-12,ITEM_2928,P006410,1.0,60.68,60.68,1,1,1
2024-03,ITEM_2929,303277,30.0,24.0,,1,1,1
2024-04,ITEM_2929,303277,270.0,171.84,,2,2,1
2025-05,ITEM_2929,303277,8.0,53.5,,3,3,1
2025-06,ITEM_2929,303277,10.0,4.8,,1,1,1
2025-07,ITEM_2929,303277,2.0,7.69,,1,1,1
2025-08,ITEM_2929,303277,3.0,4.77,,1,1,1
2025-10,ITEM_2929,303277,15.0,114.88,,5,5,1
2025-11,ITEM_2929,303277,2.0,14.45,,2,1,1
2025-12,ITEM_2929,303277,6.0,23.52,,1,1,1
2024-04,ITEM_2930,301898,10.0,99.75,,1,1,1
2024-09,ITEM_2930,301898,40.0,49.5,,1,1,1
2025-06,ITEM_2931,305273,1.0,99.63,,1,1,1
2021-01,ITEM_2932,P001536,24.0,12.94,0.539,1,1,1
2021-03,ITEM_2932,P001536,12.0,12.0,1.0,1,1,1
2021-04,ITEM_2932,P001536,12.0,18.0,1.5,1,1,1
2021-05,ITEM_2932,P001536,10.0,10.0,1.0,1,1,1
2021-07,ITEM_2932,P001536,23.0,26.4,1.1478260869565218,2,2,1
2021-08,ITEM_2932,P001536,24.0,25.8,1.075,2,1,1
2021-10,ITEM_2932,P001536,28.0,27.4,0.9785714285714285,2,2,1
2021-11,ITEM_2932,P001536,24.0,28.8,1.2,1,1,1
2022-03,ITEM_2932,P001536,58.0,57.8,0.996551724137931,8,8,1
2022-04,ITEM_2932,P001536,48.0,36.96,0.77,2,2,1
2022-07,ITEM_2932,P001536,20.0,18.48,0.924,1,1,1
2022-09,ITEM_2932,P001536,12.0,4.62,0.385,1,1,1
2022-10,ITEM_2932,P001536,24.0,9.24,0.385,2,2,1
2022-11,ITEM_2932,P001536,10.0,15.0,1.5,1,1,1
2022-12,ITEM_2932,P001536,2.0,3.0,1.5,1,1,1
2023-02,ITEM_2932,P001536,95.0,208.94,2.1993684210526316,4,2,1
2023-03,ITEM_2932,P001536,12.0,4.62,0.385,1,1,1
2023-04,ITEM_2932,P001536,12.0,18.0,1.5,1,1,1
2023-05,ITEM_2932,P001536,10.0,15.0,1.5,1,1,1
2023-06,ITEM_2932,P001536,59.0,80.286,1.3607796610169491,3,3,1
2023-08,ITEM_2932,P001536,24.0,27.72,1.155,2,2,1
2023-09,ITEM_2932,P001536,48.0,63.72,1.3275,2,2,1
2023-10,ITEM_2932,P001536,12.0,13.5,1.125,1,1,1
2025-06,ITEM_2932,P001536,6.0,27.0,,1,1,1
2021-03,ITEM_2933,P004533,12.0,85.2,7.099999999999999,1,1,1
2022-02,ITEM_2933,P004533,12.0,85.2,7.099999999999999,1,1,1
2022-11,ITEM_2933,P004533,12.0,99.36,8.28,1,1,1
2023-03,ITEM_2934,P007271,22.0,99.22,4.51,1,1,1
2023-05,ITEM_2934,P007271,22.0,99.22,4.51,1,1,1
2022-05,ITEM_2935,P001494,2.0,99.2,49.6,1,1,1
2025-09,ITEM_2936,302582,8.0,99.06,,1,1,1
2021-12,ITEM_2938,P003082,12.0,138.0,11.5,2,1,1
2022-09,ITEM_2938,P003082,6.0,26.76,4.46,1,1,1
2023-01,ITEM_2938,P003082,6.0,28.129806,4.688301,1,1,1
2021-12,ITEM_2939,P001720,6.0,99.0,16.5,1,1,1
2022-06,ITEM_2939,P001720,12.0,51.0,4.25,1,1,1
2023-04,ITEM_2939,P001720,6.0,24.0,4.0,1,1,1
2023-10,ITEM_2939,P001720,6.0,42.0,7.0,1,1,1
2022-11,ITEM_2941,P003183,24.0,98.88,4.12,1,1,1
2023-12,ITEM_2942,P008476,1.0,98.84,98.84,1,1,1
2021-07,ITEM_2943,P004690,1.0,81.277,81.277,1,1,1
2021-11,ITEM_2943,P004690,1.0,98.753,98.753,1,1,1
2023-02,ITEM_2943,P004690,1.0,95.0,95.0,1,1,1
2025-08,ITEM_2944,306227,36.0,197.37,,2,1,1
2021-04,ITEM_2945,P005822,1.0,98.67,98.67,1,1,1
2022-06,ITEM_2946,P006919,6.0,185.92,29.51,2,1,1
2021-01,ITEM_2947,P004423,2.0,98.0,49.0,1,1,1
2021-01,ITEM_2948,P000797,8.0,58.82,7.3525,1,1,1
2022-02,ITEM_2948,P000797,10.0,79.8,7.980000000000001,1,1,1
2022-11,ITEM_2948,P000797,5.0,34.35,6.87,1,1,1
2023-04,ITEM_2948,P000797,10.0,97.95,9.795,1,1,1
2023-07,ITEM_2948,P000797,10.0,71.762,7.1762,1,1,1
2023-10,ITEM_2948,P000797,4.0,28.72,7.18,1,1,1
2021-02,ITEM_2949,P002284,12.0,36.0,3.0,1,1,1
2021-07,ITEM_2949,P002284,12.0,97.8,8.15,1,1,1
2022-05,ITEM_2949,P002284,12.0,42.1152,3.5096000000000003,1,1,1
2023-07,ITEM_2949,P002284,10.0,62.05,6.205,1,1,1
2023-05,ITEM_2950,P006087,1.0,97.6046,97.6046,1,1,1
2021-04,ITEM_2952,P005821,1.0,97.42,97.42,1,1,1
2024-04,ITEM_2953,304245,120.0,97.32,,1,1,1
2021-11,ITEM_2954,P005470,25.0,97.0,3.88,1,1,1
2021-03,ITEM_2955,P000214,2.0,6.006,3.003,1,1,1
2021-08,ITEM_2955,P000214,21.0,99.64,4.744761904761905,2,2,1
2022-11,ITEM_2955,P000214,1.0,4.4275,4.4275,1,1,1
2023-10,ITEM_2955,P000214,3.0,9.0,3.0,1,1,1
2023-10,ITEM_2956,P006562,2.0,96.48,48.24,1,1,1
2024-07,ITEM_2957,304271,2.0,17.06,,1,1,1
2024-08,ITEM_2957,304271,10.0,96.3,,1,1,1
2025-06,ITEM_2957,304271,2.0,41.07,,1,1,1
2021-12,ITEM_2958,P005345,4.0,96.11556,24.02889,1,1,1
2022-06,ITEM_2958,P005345,2.0,20.0,10.0,1,1,1
2022-03,ITEM_2959,P004651,3.0,96.0,32.0,1,1,1
2022-05,ITEM_2960,P004183,20.0,96.0,4.8,1,1,1
2022-09,ITEM_2961,P003931,20.0,96.0,4.8,1,1,1
2023-01,ITEM_2963,P005644,2.0,95.99678,47.99839,1,1,1
2025-08,ITEM_2964,304191,300.0,95.88,,1,1,1
2021-04,ITEM_2965,P002324,2.0,95.58,47.79,1,1,1
2023-10,ITEM_2966,P006591,1.0,95.29,95.29,1,1,1
2023-04,ITEM_2967,P003755,500.0,95.225,0.19045,1,1,1
2023-08,ITEM_2968,P003032,170.0,95.2,0.56,1,1,1
2023-11,ITEM_2968,P003032,50.0,28.13,0.5626,1,1,1
2022-02,ITEM_2969,P004184,12.0,82.32,6.86,1,1,1
2022-11,ITEM_2969,P004184,6.0,39.3,6.55,1,1,1
2023-09,ITEM_2969,P004184,12.0,95.04,7.919999999999999,1,1,1
2021-03,ITEM_2970,P000022,10.0,95.0,9.5,1,1,1
2021-08,ITEM_2970,P000022,15.0,9.0,0.6,1,1,1
2022-03,ITEM_2970,P000022,39.0,85.8392,2.201005,2,2,1
2022-05,ITEM_2970,P000022,3.0,2.54,0.847,1,1,1
2022-07,ITEM_2970,P000022,6.0,5.08,0.847,1,1,1
2022-11,ITEM_2970,P000022,24.0,19.764,0.8235000000000001,2,2,1
2023-03,ITEM_2970,P000022,18.0,17.090004,0.9494446666666667,2,2,1
2023-04,ITEM_2970,P000022,10.0,5.3,0.53,1,1,1
2023-06,ITEM_2970,P000022,12.0,32.4,2.7000000000000006,1,1,1
2023-08,ITEM_2970,P000022,18.0,15.246,0.847,1,1,1
2023-10,ITEM_2970,P000022,40.0,28.17,0.70425,3,3,1
2021-06,ITEM_2971,P005253,38.0,95.0,2.5,1,1,1
2022-08,ITEM_2972,P007008,1.0,95.0,95.0,1,1,1
2021-04,ITEM_2973,P005326,10.0,94.95,9.495,1,1,1
2025-06,ITEM_2974,304996,25.0,94.86,,1,1,1
2024-10,ITEM_2975,303903,6.0,94.86,,1,1,1
2023-07,ITEM_2976,P005971,12.0,32.1,2.5,1,1,1
2023-10,ITEM_2976,P005971,12.0,33.6,2.7999999999999994,1,1,1
2023-11,ITEM_2976,P005971,12.0,94.73,7.894167,1,1,1
2021-02,ITEM_2977,P000926,1.0,3.5,3.5,1,1,1
2021-06,ITEM_2977,P000926,1.0,3.5,3.5,1,1,1
2021-08,ITEM_2977,P000926,3.0,10.5,3.5,1,1,1
2022-04,ITEM_2977,P000926,1.0,26.835,26.835,1,1,1
2022-07,ITEM_2977,P000926,1.0,31.53,31.5349,1,1,1
2022-09,ITEM_2977,P000926,3.0,94.479,31.493,1,1,1
2023-09,ITEM_2977,P000926,5.0,15.0,3.0,1,1,1
2023-11,ITEM_2977,P000926,3.0,92.03,30.675,1,1,1
2024-04,ITEM_2978,304239,60.0,94.44,,1,1,1
2021-02,ITEM_2979,P000250,1.0,94.43,94.43,1,1,1
2021-04,ITEM_2979,P000250,2.0,153.85,76.925,2,2,1
2023-05,ITEM_2979,P000250,1.0,89.0,89.0,1,1,1
2023-10,ITEM_2979,P000250,1.0,82.31,82.31,1,1,1
2025-07,ITEM_2981,400062,8.0,94.25,,1,1,1
2022-06,ITEM_2982,P006905,4.0,94.01,22.3825,1,1,1
2021-02,ITEM_2983,P004217,50.0,90.0,1.8,1,1,1
2022-11,ITEM_2983,P004217,50.0,94.0,1.88,1,1,1
2022-11,ITEM_2984,P004216,50.0,94.0,1.88,1,1,1
2022-03,ITEM_2985,P001672,24.0,74.3,3.096,1,1,1
2022-05,ITEM_2985,P001672,5.0,9.2,1.8400000000000003,1,1,1
2023-01,ITEM_2985,P001672,10.0,18.8,1.8799999999999997,1,1,1
2023-02,ITEM_2985,P001672,50.0,94.0,1.88,1,1,1
2023-04,ITEM_2985,P001672,50.0,94.0,1.88,1,1,1
2022-09,ITEM_2986,P005686,1.0,93.65,93.65,1,1,1
2021-05,ITEM_2987,P001128,70.0,45.5,0.65,1,1,1
2021-06,ITEM_2987,P001128,70.0,50.4,0.72,1,1,1
2022-02,ITEM_2987,P001128,60.0,39.0,0.65,1,1,1
2022-05,ITEM_2987,P001128,40.0,36.13,0.9032,1,1,1
2022-06,ITEM_2987,P001128,60.0,90.0,1.5,1,1,1
2022-11,ITEM_2987,P001128,120.0,93.6,0.78,1,1,1
2023-12,ITEM_2988,P008371,130.0,93.6,0.72,1,1,1
2022-06,ITEM_2989,P006903,4.0,93.59,22.2825,1,1,1
2022-06,ITEM_2990,P006913,4.0,93.59,22.2825,1,1,1
2021-03,ITEM_2991,P003512,1.0,93.56,93.56,1,1,1
2022-06,ITEM_2992,P006722,1.0,93.5,93.5,1,1,1
2023-07,ITEM_2993,P007973,8.0,93.36,11.67,1,1,1
2023-11,ITEM_2993,P007973,4.0,54.92,13.73,1,1,1
2022-05,ITEM_2994,P004788,2.0,93.304,43.6,1,1,1
2023-05,ITEM_2995,P006174,12.0,93.048996,7.754082999999999,1,1,1
2021-04,ITEM_2996,P003932,3.0,93.0,31.0,1,1,1
2025-08,ITEM_2997,304685,6.0,92.49,,1,1,1
2022-05,ITEM_2998,P004809,20.0,92.448,4.32,1,1,1
2025-08,ITEM_3000,305862,8.0,184.13,,2,1,1
2023-10,ITEM_3001,P006465,1.0,92.0,92.0,1,1,1
2022-05,ITEM_3002,P002613,2.0,42.18,21.09,1,1,1
2022-08,ITEM_3002,P002613,1.0,91.8,91.8,1,1,1
2022-11,ITEM_3002,P002613,1.0,18.48,18.48,1,1,1
2023-12,ITEM_3002,P002613,1.0,28.0,28.0,1,1,1
2022-11,ITEM_3003,P006701,12.0,91.8,7.650000000000001,1,1,1
2024-04,ITEM_3004,304223,60.0,91.8,,1,1,1
2022-11,ITEM_3005,P006676,2.0,91.76,45.88,1,1,1
2023-07,ITEM_3006,P003872,24.0,87.312,3.4,1,1,1
2023-10,ITEM_3006,P003872,24.0,91.44,3.81,1,1,1
2023-11,ITEM_3006,P003872,24.0,56.920008,2.371667,1,1,1
2025-08,ITEM_3007,302495,4.0,91.41,,1,1,1
2021-11,ITEM_3008,P005464,8.0,91.36,11.42,1,1,1
2023-06,ITEM_3009,P007898,4.0,91.32,22.83,1,1,1
2023-10,ITEM_3009,P007898,2.0,45.66,22.83,1,1,1
2021-01,ITEM_3010,P000830,1.0,84.805,84.805,1,1,1
2021-03,ITEM_3010,P000830,2.0,177.48000000000002,88.74000000000001,2,2,1
2021-05,ITEM_3010,P000830,1.0,89.32,89.32,1,1,1
2022-06,ITEM_3010,P000830,1.0,87.32,87.32,1,1,1
2023-03,ITEM_3010,P000830,1.0,85.47,85.47,1,1,1
2023-10,ITEM_3010,P000830,1.0,88.31,88.31,1,1,1
2023-05,ITEM_3011,P006093,4.0,91.1846,22.79615,1,1,1
2022-06,ITEM_3012,P006910,4.0,91.07,21.6825,1,1,1
2021-02,ITEM_3013,P001289,10.0,91.0,9.1,1,1,1
2021-04,ITEM_3013,P001289,4.0,48.87,12.2175,1,1,1
2023-05,ITEM_3013,P001289,4.0,58.24,14.56,1,1,1
2023-06,ITEM_3013,P001289,2.0,16.25,8.125,1,1,1
2021-02,ITEM_3014,P001290,12.0,109.19,9.099166666666667,2,2,1
2021-04,ITEM_3014,P001290,4.0,48.87,12.2175,1,1,1
2023-05,ITEM_3014,P001290,4.0,58.24,14.56,1,1,1
2023-06,ITEM_3014,P001290,2.0,16.25,8.125,1,1,1
2025-06,ITEM_3015,305391,12.0,90.99,,1,1,1
2022-10,ITEM_3016,P007066,1.0,90.97,90.97,1,1,1
2024-02,ITEM_3017,303978,12.0,90.9,,1,1,1
2022-11,ITEM_3018,P000256,2.0,90.52,45.26,1,1,1
2023-04,ITEM_3018,P000256,4.0,118.6,29.65,2,1,1
2023-08,ITEM_3018,P000256,4.0,145.3,36.325,2,1,1
2025-08,ITEM_3019,306207,6.0,180.93,,2,1,1
2025-04,ITEM_3020,P004765,1.0,90.25,,1,1,1
2023-12,ITEM_3021,P008505,3.0,90.06,30.02,1,1,1
2021-02,ITEM_3022,P000971,5.0,90.0,18.0,1,1,1
2021-02,ITEM_3023,P000691,10.0,90.0,9.0,1,1,1
2021-02,ITEM_3024,P004429,24.0,60.36,2.515,1,1,1
2021-04,ITEM_3024,P004429,150.0,123.72999999999999,0.8248333333333333,2,1,1
2022-07,ITEM_3024,P004429,100.0,80.0,0.8,1,1,1
2021-08,ITEM_3025,P001671,50.0,90.0,1.8,1,1,1
2021-03,ITEM_3026,P000951,40.0,72.0,1.8,1,1,1
2022-03,ITEM_3026,P000951,50.0,90.0,1.8,1,1,1
2022-06,ITEM_3026,P000951,20.0,38.0,1.9,2,1,1
2022-10,ITEM_3029,P001069,5.0,90.0,18.0,1,1,1
2023-09,ITEM_3029,P001069,5.0,85.85,17.17,1,1,1
2021-01,ITEM_3030,P001364,6.0,12.0,2.0,1,1,1
2021-02,ITEM_3030,P001364,4.0,6.62,1.656,1,1,1
2021-07,ITEM_3030,P001364,4.0,14.0,3.5,1,1,1
2021-09,ITEM_3030,P001364,7.0,12.649999999999999,1.8068571428571427,2,2,1
2021-11,ITEM_3030,P001364,17.0,51.5,3.0294117647058822,3,3,1
2022-03,ITEM_3030,P001364,21.0,41.31999999999999,1.9680000000000002,7,7,1
2022-07,ITEM_3030,P001364,6.0,15.0,2.5,1,1,1
2022-08,ITEM_3030,P001364,6.0,13.5,2.25,1,1,1
2022-09,ITEM_3030,P001364,6.0,11.46,1.91,1,1,1
2022-11,ITEM_3030,P001364,12.0,27.0,2.25,1,1,1
2023-03,ITEM_3030,P001364,32.0,32.03,1.000937375,2,2,1
2023-09,ITEM_3030,P001364,26.0,103.5,3.980769230769231,2,2,1
2023-10,ITEM_3030,P001364,5.0,11.25,2.25,1,1,1
2023-11,ITEM_3030,P001364,5.0,11.25,2.25,1,1,1
2024-09,ITEM_3031,301676,1.0,90.0,,1,1,1
2024-04,ITEM_3032,304024,20.0,90.0,,1,1,1
2025-07,ITEM_3033,900104,54.0,95.60000000000002,,4,4,1
2025-11,ITEM_3033,900104,55.0,15.4,,4,4,1
2025-12,ITEM_3033,900104,18.0,5.04,,1,1,1
2025-08,ITEM_3035,305640,3.0,134.01,,2,1,1
2022-05,ITEM_3036,P004789,2.0,89.238,41.7,1,1,1
2022-05,ITEM_3037,P004790,2.0,89.238,41.7,1,1,1
2022-05,ITEM_3038,P004791,2.0,89.238,41.7,1,1,1
2022-06,ITEM_3039,P006918,2.0,89.18,42.465,1,1,1
2025-04,ITEM_3040,304972,4.0,89.04,,1,1,1
2025-08,ITEM_3041,302814,2.0,178.06,,2,1,1
2025-08,ITEM_3042,301470,8.0,142.37,,2,1,1
2023-02,ITEM_3043,P001709,2.0,49.2,24.6015,1,1,1
2023-06,ITEM_3043,P001709,1.0,38.5,38.5,1,1,1
2023-11,ITEM_3043,P001709,2.0,88.72,44.36,1,1,1
2021-03,ITEM_3044,P000795,2.0,44.3,22.15,1,1,1
2021-04,ITEM_3044,P000795,4.0,88.6,22.15,1,1,1
2022-05,ITEM_3044,P000795,4.0,59.4,14.85,1,1,1
2023-09,ITEM_3044,P000795,2.0,76.77,38.385,1,1,1
2023-10,ITEM_3044,P000795,4.0,64.0,16.0,1,1,1
2024-10,ITEM_3045,304788,1.0,88.48,,1,1,1
2023-11,ITEM_3046,P002156,20.0,88.23,4.4115,1,1,1
2022-02,ITEM_3047,P006411,3.0,132.24,44.080000000000005,2,2,1
2023-01,ITEM_3047,P006411,1.0,50.93,50.93,1,1,1
2023-12,ITEM_3047,P006411,1.0,51.95,51.95,1,1,1
2021-04,ITEM_3048,P004751,11.0,88.0,8.0,1,1,1
2021-12,ITEM_3049,P004947,1.0,88.0,88.0,1,1,1
2022-05,ITEM_3050,P004855,30.0,130.0,4.333333333333333,2,2,1
2023-03,ITEM_3050,P004855,12.0,63.0,5.25,1,1,1
2023-09,ITEM_3051,P000408,4.0,88.0,22.0,1,1,1
2025-07,ITEM_3052,301530,120.0,87.87,,1,1,1
2021-01,ITEM_3053,P001187,6.0,32.112,5.352,1,1,1
2021-02,ITEM_3053,P001187,8.0,63.28,7.91,1,1,1
2021-03,ITEM_3053,P001187,6.0,21.0,3.5,1,1,1
2021-05,ITEM_3053,P001187,4.0,21.5,5.375,1,1,1
2021-06,ITEM_3053,P001187,12.0,49.9,4.158333333333333,2,2,1
2021-07,ITEM_3053,P001187,6.0,34.386,5.730999999999999,1,1,1
2021-09,ITEM_3053,P001187,3.0,25.2,8.4,1,1,1
2021-10,ITEM_3053,P001187,6.0,33.264,5.544,1,1,1
2021-11,ITEM_3053,P001187,4.0,32.0,8.0,1,1,1
2022-03,ITEM_3053,P001187,27.0,181.73000000000002,6.730444444444445,8,8,1
2022-06,ITEM_3053,P001187,2.0,14.78,7.392041,1,1,1
2022-08,ITEM_3053,P001187,6.0,30.0,5.0,1,1,1
2022-10,ITEM_3053,P001187,8.0,59.136,7.392,1,1,1
2023-02,ITEM_3053,P001187,16.0,149.94,9.37125,3,3,1
2023-03,ITEM_3053,P001187,16.0,105.34,6.58362525,2,2,1
2023-06,ITEM_3053,P001187,6.0,31.219998,5.203333,1,1,1
2023-08,ITEM_3053,P001187,12.0,66.0,5.5,1,1,1
2023-09,ITEM_3053,P001187,21.0,126.0,6.0,2,2,1
2023-10,ITEM_3053,P001187,17.0,129.15,7.597058823529412,3,3,1
2023-11,ITEM_3053,P001187,5.0,69.15,13.830000000000002,2,2,1
2021-02,ITEM_3054,P004367,350.0,87.5,0.25,1,1,1
2022-04,ITEM_3054,P004367,50.0,11.55,0.231,1,1,1
2021-04,ITEM_3056,P005138,2.0,87.08,43.54,1,1,1
2022-11,ITEM_3057,P006637,2.0,87.06,43.53,1,1,1
2021-04,ITEM_3058,P003906,3.0,87.0,29.0,1,1,1
2021-06,ITEM_3059,P002985,1.0,9.5,9.5,1,1,1
2021-07,ITEM_3059,P002985,6.0,87.0,14.5,1,1,1
2022-02,ITEM_3059,P002985,2.0,22.0,11.0,1,1,1
2023-06,ITEM_3059,P002985,10.0,40.0,4.0,1,1,1
2023-08,ITEM_3059,P002985,2.0,48.0,24.0,1,1,1
2021-08,ITEM_3060,P000227,28.0,86.8,3.1,1,1,1
2021-05,ITEM_3061,P000593,1.0,7.18,7.18,1,1,1
2022-12,ITEM_3061,P000593,1.0,14.4,14.4,1,1,1
2023-03,ITEM_3061,P000593,4.0,86.24,21.56,1,1,1
2023-10,ITEM_3061,P000593,1.0,16.5,16.5,1,1,1
2025-08,ITEM_3062,305240,5.0,132.84,,2,2,1
2023-07,ITEM_3064,P007963,1.0,86.02,86.022786,1,1,1
2021-09,ITEM_3065,P000404,2.0,40.0,20.0,2,2,1
2021-12,ITEM_3065,P000404,1.0,8.56,8.56,1,1,1
2022-08,ITEM_3065,P000404,2.0,34.1,17.05,2,2,1
2022-09,ITEM_3065,P000404,1.0,8.18,8.179981,1,1,1
2023-02,ITEM_3065,P000404,1.0,86.0,86.0,1,1,1
2023-04,ITEM_3065,P000404,1.0,10.0,10.0,1,1,1
2024-04,ITEM_3067,304248,40.0,85.68,,1,1,1
2024-04,ITEM_3068,304249,40.0,85.68,,1,1,1
2022-04,ITEM_3069,P003034,6.0,85.5,14.25,1,1,1
2025-08,ITEM_3071,302843,4.0,85.4,,1,1,1
2023-08,ITEM_3072,P008162,3.0,85.05,28.350000000000005,1,1,1
2021-10,ITEM_3073,P006265,1.0,85.0,85.0,1,1,1
2024-06,ITEM_3074,900174,4.0,85.0,,1,1,1
2024-07,ITEM_3074,900174,1.0,68.0,,1,1,1
2021-08,ITEM_3075,P002819,11.0,84.81,7.71,1,1,1
2022-01,ITEM_3075,P002819,4.0,17.68536,4.42134,1,1,1
2025-08,ITEM_3076,305766,1.0,84.59,,1,1,1
2021-05,ITEM_3077,P000798,8.0,84.48,10.56,1,1,1
2021-02,ITEM_3078,P000709,12.0,72.0,6.0,1,1,1
2023-06,ITEM_3078,P000709,12.0,84.35,7.029,1,1,1
2021-04,ITEM_3079,P001161,112.0,125.2,1.1178571428571429,3,2,1
2022-09,ITEM_3079,P001161,200.0,84.15,0.42075,1,1,1
2023-06,ITEM_3079,P001161,50.0,25.08,0.5016,1,1,1
2023-07,ITEM_3079,P001161,25.0,12.54,0.5016,1,1,1
2021-04,ITEM_3080,P001139,100.0,118.0,1.18,2,1,1
2023-06,ITEM_3080,P001139,24.0,22.06,0.919167,1,1,1
2022-03,ITEM_3081,P000206,12.0,84.0,7.0,1,1,1
2023-07,ITEM_3081,P000206,12.0,33.65,2.804167,1,1,1
2023-02,ITEM_3082,P007241,2.0,84.0,42.0,1,1,1
2023-07,ITEM_3083,P007999,1.0,84.0,84.0,1,1,1
2024-09,ITEM_3084,301359,60.0,83.88,,1,1,1
2023-10,ITEM_3087,P006590,12.0,83.28,6.94,1,1,1
2025-06,ITEM_3088,305378,6.0,83.28,,1,1,1
2021-07,ITEM_3089,P002553,6.0,82.92,13.82,1,1,1
2021-03,ITEM_3090,P005379,2.0,82.8,41.4,1,1,1
2022-11,ITEM_3092,P006653,1.0,82.35,82.35,1,1,1
2025-06,ITEM_3094,305425,4.0,82.13,,1,1,1
2021-06,ITEM_3095,P002194,1.0,82.0,82.0,1,1,1
2023-03,ITEM_3095,P002194,1.0,28.0,28.0,1,1,1
2022-07,ITEM_3096,P006942,1.0,82.0,82.0,1,1,1
2022-08,ITEM_3097,P002213,20.0,82.0,4.1,1,1,1
2023-11,ITEM_3097,P002213,6.0,27.3,4.55,1,1,1
2021-02,ITEM_3098,P005593,1.0,13.42,13.42,1,1,1
2021-06,ITEM_3098,P005593,1.0,81.86,81.86,1,1,1
2021-07,ITEM_3098,P005593,1.0,13.53,13.53,1,1,1
2022-02,ITEM_3098,P005593,2.0,28.3,14.15,2,1,1
2025-08,ITEM_3099,302283,11.0,81.84,,1,1,1
2024-04,ITEM_3100,304146,20.0,81.65,,1,1,1
2021-07,ITEM_3101,P004149,12.0,81.6,6.8,1,1,1
2021-08,ITEM_3102,P000765,24.0,81.6,3.4,1,1,1
2022-11,ITEM_3103,P007094,1.0,81.6,81.6,1,1,1
2023-05,ITEM_3104,P006779,80.0,163.2,2.04,2,1,1
2021-03,ITEM_3105,P000349,8.0,17.92,2.24,1,1,1
2021-08,ITEM_3105,P000349,10.0,38.0,3.8,1,1,1
2021-10,ITEM_3105,P000349,30.0,78.0,2.6,1,1,1
2023-06,ITEM_3105,P000349,12.0,81.6,6.8,1,1,1
2023-01,ITEM_3106,P005651,1.0,81.57839,81.57839,1,1,1
2021-03,ITEM_3107,P005376,1.0,81.3,81.3,1,1,1
2024-07,ITEM_3108,301025,5.0,52.0,,1,1,1
2025-12,ITEM_3108,301025,9.0,86.97999999999999,,2,1,1
2025-06,ITEM_3109,306024,1.0,81.06,,1,1,1
2021-01,ITEM_3110,P003197,6.0,81.0,13.5,1,1,1
2024-10,ITEM_3111,304789,40.0,81.0,,1,1,1
2023-09,ITEM_3112,P006424,8.0,80.98,10.1225,1,1,1
2023-08,ITEM_3114,P008163,3.0,80.6,26.865,1,1,1
2023-03,ITEM_3115,P007300,2.0,80.52,40.26,1,1,1
2023-05,ITEM_3115,P007300,2.0,80.52,40.26,1,1,1
2023-03,ITEM_3116,P007303,2.0,80.52,40.26,1,1,1
2023-05,ITEM_3116,P007303,2.0,80.52,40.26,1,1,1
2021-02,ITEM_3118,P004932,400.0,160.7144,0.401786,2,2,1
2021-05,ITEM_3118,P004932,400.0,160.0,0.4,2,2,1
2021-08,ITEM_3118,P004932,100.0,75.0,0.75,1,1,1
2021-09,ITEM_3118,P004932,600.0,220.0,0.36666666666666664,3,3,1
2021-11,ITEM_3118,P004932,450.0,135.0,0.3,3,3,1
2022-02,ITEM_3118,P004932,450.0,157.5,0.35,3,3,1
2022-06,ITEM_3118,P004932,450.0,180.0,0.4,3,3,1
2024-10,ITEM_3119,300740,4.0,80.23,,1,1,1
2021-02,ITEM_3120,P001315,4.0,80.0,20.0,1,1,1
2021-09,ITEM_3121,P003057,10.0,80.0,8.0,1,1,1
2021-11,ITEM_3122,P002296,20.0,80.0,4.0,1,1,1
2022-11,ITEM_3124,P006674,1.0,80.0,80.0,1,1,1
2021-01,ITEM_3125,P000191,13.0,52.3391,4.026084615384615,3,2,1
2021-02,ITEM_3125,P000191,10.0,38.09,3.809,2,2,1
2021-05,ITEM_3125,P000191,2.0,7.06,3.53,1,1,1
2021-07,ITEM_3125,P000191,15.0,60.4465,4.029766666666666,2,1,1
2021-08,ITEM_3125,P000191,4.0,16.0712,4.0178,1,1,1
2021-09,ITEM_3125,P000191,6.0,21.0,3.5,1,1,1
2022-04,ITEM_3125,P000191,10.0,34.5,3.45,1,1,1
2022-06,ITEM_3125,P000191,2.0,7.06,3.53,1,1,1
2022-08,ITEM_3125,P000191,6.0,29.1,4.85,1,1,1
2022-09,ITEM_3125,P000191,4.0,17.08,4.27,1,1,1
2022-11,ITEM_3125,P000191,6.0,23.793,3.9655,1,1,1
2023-03,ITEM_3125,P000191,20.0,80.0,4.0,1,1,1
2023-04,ITEM_3125,P000191,6.0,24.0,4.0,1,1,1
2023-06,ITEM_3125,P000191,6.0,24.024,4.004,1,1,1
2023-09,ITEM_3125,P000191,12.0,48.0,4.0,1,1,1
2021-01,ITEM_3126,P001369,2.0,7.6,3.8,1,1,1
2021-06,ITEM_3126,P001369,36.0,72.0,2.0,1,1,1
2021-07,ITEM_3126,P001369,6.0,7.5,1.25,1,1,1
2021-08,ITEM_3126,P001369,22.0,45.059996,2.0481816363636365,2,1,1
2021-09,ITEM_3126,P001369,16.0,31.419996,1.96349975,2,2,1
2021-10,ITEM_3126,P001369,22.0,56.228,2.5558181818181818,2,2,1
2021-11,ITEM_3126,P001369,15.0,27.6,1.84,2,2,1
2021-12,ITEM_3126,P001369,12.0,24.0,2.0,1,1,1
2022-06,ITEM_3126,P001369,12.0,28.2,2.35,1,1,1
2022-07,ITEM_3126,P001369,32.0,66.19,2.0684375,2,2,1
2022-10,ITEM_3126,P001369,12.0,21.71,1.8095,1,1,1
2022-11,ITEM_3126,P001369,30.0,54.29,1.8095,2,2,1
2023-02,ITEM_3126,P001369,28.0,53.67400000000001,1.9167142857142856,5,5,1
2023-05,ITEM_3126,P001369,58.0,112.571,1.9408793103448276,2,2,1
2023-06,ITEM_3126,P001369,33.0,62.567004,1.895969818181818,3,3,1
2023-07,ITEM_3126,P001369,24.0,48.0,2.0,1,1,1
2023-08,ITEM_3126,P001369,12.0,27.0,2.25,1,1,1
2023-10,ITEM_3126,P001369,54.0,95.17999999999999,1.7625,3,3,1
2023-11,ITEM_3126,P001369,6.0,10.58,1.7625,1,1,1
2023-08,ITEM_3127,P003357,1.0,80.0,80.0,1,1,1
2024-02,ITEM_3128,303990,1.0,80.0,,1,1,1
2024-04,ITEM_3129,301340,10.0,5.0,,1,1,1
2024-07,ITEM_3129,301340,60.0,31.05,,1,1,1
2024-09,ITEM_3129,301340,10.0,80.0,,1,1,1
2025-06,ITEM_3129,301340,2.0,5.25,,1,1,1
2025-07,ITEM_3129,301340,12.0,52.16,,1,1,1
2025-08,ITEM_3129,301340,2.0,6.46,,1,1,1
2025-10,ITEM_3129,301340,2.0,42.72,,1,1,1
2025-11,ITEM_3129,301340,2.0,2.55,,1,1,1
2025-12,ITEM_3129,301340,1.0,32.26,,1,1,1
2022-06,ITEM_3130,P006906,4.0,79.73,18.9825,1,1,1
2022-06,ITEM_3131,P006908,4.0,79.73,18.9825,1,1,1
2025-09,ITEM_3132,302404,2.0,79.73,,1,1,1
2022-09,ITEM_3133,P004421,18.0,79.56,4.42,1,1,1
2022-03,ITEM_3134,P004435,6.0,79.5,13.25,1,1,1
2023-06,ITEM_3134,P004435,3.0,23.3415,7.7805,1,1,1
2024-07,ITEM_3135,302067,1.0,31.18,,1,1,1
2025-09,ITEM_3135,302067,6.0,79.29,,1,1,1
2024-07,ITEM_3136,302001,120.0,64.8,,1,1,1
2024-09,ITEM_3136,302001,9.0,95.63,,2,1,1
2024-02,ITEM_3137,303957,10.0,78.91,,1,1,1
2021-04,ITEM_3138,P005820,1.0,78.9,78.895,1,1,1
2023-05,ITEM_3139,P007886,8.0,157.68,19.71,2,1,1
2024-03,ITEM_3140,300978,120.0,78.82,,1,1,1
2022-06,ITEM_3141,P006920,2.0,78.68,37.465,1,1,1
2023-09,ITEM_3142,P008293,1.0,78.45,78.449787,1,1,1
2021-02,ITEM_3143,P002719,8.0,78.08,9.76,1,1,1
2021-03,ITEM_3143,P002719,2.0,17.2,8.6,1,1,1
2023-01,ITEM_3144,P005645,2.0,78.07678,39.03839,1,1,1
2021-02,ITEM_3145,P003943,15.0,41.85,2.79,1,1,1
2021-05,ITEM_3145,P003943,4.0,10.2,2.55,1,1,1
2023-05,ITEM_3145,P003943,12.0,78.0,6.5,1,1,1
2025-08,ITEM_3146,300915,200.0,78.0,,1,1,1
2021-02,ITEM_3147,P002434,10.0,20.0,2.0,1,1,1
2021-03,ITEM_3147,P002434,18.0,23.233998,1.2907776666666666,2,2,1
2021-04,ITEM_3147,P002434,12.0,19.2,1.6000000000000003,1,1,1
2021-06,ITEM_3147,P002434,12.0,18.0,1.5,1,1,1
2021-07,ITEM_3147,P002434,12.0,21.6,1.8,1,1,1
2021-08,ITEM_3147,P002434,13.0,15.66,1.2046153846153846,2,1,1
2021-10,ITEM_3147,P002434,32.0,36.96,1.155,2,2,1
2022-04,ITEM_3147,P002434,48.0,77.204004,1.60841675,3,3,1
2022-07,ITEM_3147,P002434,20.0,32.34,1.6170000000000002,1,1,1
2022-10,ITEM_3147,P002434,12.0,19.404,1.617,1,1,1
2022-11,ITEM_3147,P002434,27.0,94.5,3.5,2,2,1
2023-03,ITEM_3147,P002434,36.0,58.212,1.617,2,2,1
2023-05,ITEM_3147,P002434,12.0,19.404,1.617,1,1,1
2023-06,ITEM_3147,P002434,14.0,49.0,3.5,1,1,1
2023-08,ITEM_3147,P002434,24.0,38.808,1.617,1,1,1
2023-10,ITEM_3147,P002434,30.0,47.25,1.575,2,2,1
2023-11,ITEM_3147,P002434,20.0,31.5,1.575,1,1,1
2025-09,ITEM_3147,P002434,44.0,116.42,,4,4,1
2025-10,ITEM_3147,P002434,8.0,7.83,,1,1,1
2025-06,ITEM_3148,305408,9.0,77.69,,1,1,1
2023-08,ITEM_3149,P002043,18.0,77.616,4.312,1,1,1
2023-05,ITEM_3150,P006058,9.0,77.584599,8.620511,1,1,1
2021-09,ITEM_3151,P003430,40.0,54.0,1.35,1,1,1
2023-04,ITEM_3151,P003430,60.0,77.35002,1.289167,1,1,1
2025-06,ITEM_3152,305473,15.0,77.01,,1,1,1
2025-06,ITEM_3153,306002,6.0,77.01,,1,1,1
2022-04,ITEM_3154,P003459,10.0,77.0,7.7,1,1,1
2023-09,ITEM_3154,P003459,11.0,73.15,6.65,1,1,1
2021-02,ITEM_3155,P000233,3.0,103.94999999999999,34.65,2,2,1
2022-04,ITEM_3155,P000233,1.0,25.0,25.0,1,1,1
2022-11,ITEM_3155,P000233,1.0,24.05,24.05,1,1,1
2023-07,ITEM_3155,P000233,3.0,101.0,33.666666666666664,2,2,1
2023-10,ITEM_3155,P000233,2.0,60.0,30.0,1,1,1
2021-03,ITEM_3156,P005003,12.0,15.252,1.271,1,1,1
2021-07,ITEM_3156,P005003,6.0,6.72,1.12,1,1,1
2021-08,ITEM_3156,P005003,1.0,1.25,1.25,1,1,1
2022-03,ITEM_3156,P005003,6.0,6.9,1.15,1,1,1
2022-07,ITEM_3156,P005003,8.0,10.164,1.2705,1,1,1
2022-11,ITEM_3156,P005003,8.0,9.2,1.15,1,1,1
2023-02,ITEM_3156,P005003,32.0,90.52,2.82875,2,2,1
2023-05,ITEM_3156,P005003,20.0,32.0,1.6,1,1,1
2023-08,ITEM_3156,P005003,20.0,23.0,1.15,1,1,1
2023-09,ITEM_3156,P005003,6.0,7.5,1.25,1,1,1
2025-06,ITEM_3157,301844,2.0,76.8,,1,1,1
2021-04,ITEM_3158,P000230,20.0,76.6,3.8299999999999996,1,1,1
2023-04,ITEM_3160,P002608,18.0,76.5,4.25,1,1,1
2023-11,ITEM_3160,P002608,12.0,52.88,4.406667,1,1,1
2022-04,ITEM_3162,P004322,8.0,76.38,9.5475,1,1,1
2023-11,ITEM_3163,P008181,8.0,76.21,8.74,1,1,1
2023-02,ITEM_3164,P002404,20.0,76.06,3.803,1,1,1
2023-08,ITEM_3164,P002404,18.0,16.2,0.8999999999999999,1,1,1
2021-08,ITEM_3166,P002966,4.0,76.0,19.0,1,1,1
2021-04,ITEM_3167,P003922,15.0,35.25,2.35,1,1,1
2022-09,ITEM_3167,P003922,20.0,76.0,3.8,1,1,1
2023-02,ITEM_3167,P003922,6.0,5.775,0.9625,1,1,1
2023-03,ITEM_3167,P003922,10.0,37.345,3.7344999999999997,1,1,1
2021-01,ITEM_3168,P000294,19.0,33.8,1.7789473684210524,4,4,1
2021-02,ITEM_3168,P000294,24.0,56.04,2.3345,3,3,1
2021-03,ITEM_3168,P000294,12.0,25.872,2.156,1,1,1
2021-04,ITEM_3168,P000294,11.0,22.0,2.0,2,2,1
2021-05,ITEM_3168,P000294,10.0,20.619999999999997,2.0624000000000002,2,2,1
2021-06,ITEM_3168,P000294,29.0,58.589999999999996,2.0201724137931034,5,5,1
2021-07,ITEM_3168,P000294,6.0,11.4,1.8999999999999997,1,1,1
2021-08,ITEM_3168,P000294,12.0,35.1,2.9250000000000003,2,1,1
2021-09,ITEM_3168,P000294,9.0,18.69,2.0766666666666667,2,2,1
2021-10,ITEM_3168,P000294,13.0,26.681,2.0523846153846153,2,2,1
2021-11,ITEM_3168,P000294,24.0,44.1,1.8375000000000001,4,4,1
2021-12,ITEM_3168,P000294,18.0,47.1,2.6166666666666667,3,3,1
2022-03,ITEM_3168,P000294,48.0,73.12,1.5235,8,8,1
2022-04,ITEM_3168,P000294,20.0,40.78,2.039,3,3,1
2022-05,ITEM_3168,P000294,6.0,10.2,1.7,1,1,1
2022-06,ITEM_3168,P000294,12.0,29.740000000000002,2.4780059999999997,2,2,1
2022-07,ITEM_3168,P000294,12.0,24.0,2.0,2,2,1
2022-08,ITEM_3168,P000294,18.0,31.2,1.7333333333333334,3,3,1
2022-09,ITEM_3168,P000294,6.0,11.7,1.95,1,1,1
2022-10,ITEM_3168,P000294,21.0,36.94,1.758857142857143,2,2,1
2022-11,ITEM_3168,P000294,50.0,105.62,2.1123200000000004,5,4,1
2023-02,ITEM_3168,P000294,33.0,125.51599999999999,3.8032727272727276,7,7,1
2023-03,ITEM_3168,P000294,24.0,49.348,2.0561667499999996,4,4,1
2023-05,ITEM_3168,P000294,12.0,25.88,2.156,2,2,1
2023-06,ITEM_3168,P000294,6.0,12.1014,2.0169,1,1,1
2023-07,ITEM_3168,P000294,6.0,12.94,2.156,1,1,1
2023-08,ITEM_3168,P000294,30.0,60.94,2.0313334,2,2,1
2023-09,ITEM_3168,P000294,18.0,32.4,1.7999999999999998,2,2,1
2023-10,ITEM_3168,P000294,50.0,91.330004,1.82660008,5,5,1
2023-11,ITEM_3168,P000294,7.0,13.05,1.8642857142857143,2,2,1
2022-05,ITEM_3169,P005522,6.0,25.74,4.29,1,1,1
2023-06,ITEM_3169,P005522,12.0,75.89,6.324167,1,1,1
2025-06,ITEM_3170,306027,5.0,75.84,,1,1,1
2021-08,ITEM_3171,P003746,5.0,35.0,7.0,1,1,1
2022-04,ITEM_3171,P003746,4.0,28.0,7.0,1,1,1
2022-07,ITEM_3171,P003746,3.0,43.7745,14.591500000000002,1,1,1
2023-02,ITEM_3171,P003746,10.0,75.76,7.575999999999999,1,1,1
2023-07,ITEM_3171,P003746,11.0,73.15,6.65,1,1,1
2021-11,ITEM_3172,P003047,1.0,75.6,75.6,1,1,1
2025-06,ITEM_3173,304520,12.0,75.53,,1,1,1
2021-04,ITEM_3174,P000328,100.0,22.1,0.221,1,1,1
2021-08,ITEM_3174,P000328,50.0,24.11,0.48219999999999996,1,1,1
2021-11,ITEM_3174,P000328,100.0,35.7,0.357,1,1,1
2022-12,ITEM_3174,P000328,100.0,25.5024,0.255024,1,1,1
2023-05,ITEM_3174,P000328,100.0,23.87,0.23870000000000002,1,1,1
2023-06,ITEM_3174,P000328,300.0,75.41,0.251367,1,1,1
2023-10,ITEM_3174,P000328,50.0,15.75,0.315,1,1,1
2022-02,ITEM_3175,P003949,12.0,70.08,5.84,1,1,1
2022-11,ITEM_3175,P003949,12.0,75.36,6.28,1,1,1
2023-07,ITEM_3176,P003874,12.0,71.904,5.599999999999999,1,1,1
2023-10,ITEM_3176,P003874,12.0,75.24,6.27,1,1,1
2023-11,ITEM_3176,P003874,12.0,36.76,3.063333,1,1,1
2021-09,ITEM_3177,P001716,6.0,75.0,12.5,1,1,1
2022-02,ITEM_3177,P001716,6.0,37.92,6.32,1,1,1
2022-09,ITEM_3177,P001716,3.0,21.99,7.330000000000001,1,1,1
2023-04,ITEM_3177,P001716,6.0,34.278,5.713,1,1,1
2023-09,ITEM_3177,P001716,8.0,47.26,5.9075,2,2,1
2023-06,ITEM_3178,P002991,74.0,111.0,1.5,2,2,1
2021-08,ITEM_3179,P001659,4.0,18.0,4.5,1,1,1
2021-12,ITEM_3179,P001659,6.0,24.0,4.0,1,1,1
2022-03,ITEM_3179,P001659,6.0,42.0,7.0,1,1,1
2023-06,ITEM_3179,P001659,3.0,22.5,7.5,1,1,1
2023-07,ITEM_3179,P001659,10.0,75.0,7.5,1,1,1
2023-09,ITEM_3179,P001659,4.0,23.2,5.8,1,1,1
2025-02,ITEM_3180,305932,1.0,75.0,,1,1,1
2025-06,ITEM_3181,301936,80.0,75.0,,1,1,1
2021-05,ITEM_3183,P005890,3.0,53.87,17.956667,1,1,1
2021-12,ITEM_3183,P005890,4.0,67.83,16.9575,1,1,1
2023-03,ITEM_3183,P005890,4.0,74.63,18.6575,1,1,1
2021-08,ITEM_3184,P002644,12.0,54.0,4.5,1,1,1
2022-02,ITEM_3184,P002644,12.0,64.68,5.39,1,1,1
2022-11,ITEM_3184,P002644,12.0,62.76,5.23,1,1,1
2023-09,ITEM_3184,P002644,12.0,74.52,6.21,1,1,1
2025-07,ITEM_3185,301205,25.0,138.35999999999999,,2,2,1
2025-08,ITEM_3185,301205,10.0,40.3,,1,1,1
2021-11,ITEM_3186,P005319,12.0,46.8,3.9,1,1,1
2022-04,ITEM_3186,P005319,24.0,74.4,3.1,1,1,1
2022-07,ITEM_3187,P006965,24.0,74.4,3.1,1,1,1
2023-05,ITEM_3188,P006186,15.0,74.239005,4.949267,1,1,1
2025-06,ITEM_3189,305389,12.0,74.19,,1,1,1
2025-07,ITEM_3192,303941,1.0,73.91,,1,1,1
2022-05,ITEM_3193,P004306,1.0,73.71,73.71,1,1,1
2021-08,ITEM_3194,P003252,40.0,73.6,1.8400000000000003,1,1,1
2023-08,ITEM_3195,P008031,8.0,73.6,9.2,1,1,1
2023-01,ITEM_3196,P005633,2.0,73.59678,36.79839,1,1,1
2023-01,ITEM_3197,P005640,2.0,73.59678,36.79839,1,1,1
2021-04,ITEM_3198,P004370,60.0,138.15,2.3024999999999998,2,1,1
2021-05,ITEM_3199,P000890,1.0,13.5,13.5,1,1,1
2021-12,ITEM_3199,P000890,1.0,13.5,13.5,1,1,1
2022-08,ITEM_3199,P000890,1.0,35.6,35.6,1,1,1
2023-02,ITEM_3199,P000890,2.0,28.0,14.0,1,1,1
2023-04,ITEM_3199,P000890,1.0,32.0,32.0,1,1,1
2023-10,ITEM_3199,P000890,3.0,98.94,32.98,2,2,1
2023-10,ITEM_3200,P004079,4.0,73.47,18.3675,1,1,1
2021-04,ITEM_3201,P000019,15.0,22.5,1.5,1,1,1
2021-05,ITEM_3201,P000019,24.0,24.48,1.02,1,1,1
2021-08,ITEM_3201,P000019,27.0,8.1,0.3,2,2,1
2022-03,ITEM_3201,P000019,36.0,80.592,2.238666666666666,2,2,1
2022-04,ITEM_3201,P000019,10.0,3.465,0.3465,1,1,1
2022-07,ITEM_3201,P000019,6.0,2.079,0.3465,1,1,1
2022-11,ITEM_3201,P000019,12.0,3.6,0.3,1,1,1
2023-02,ITEM_3201,P000019,10.0,17.0,1.7,1,1,1
2023-03,ITEM_3201,P000019,22.0,18.889996,0.8586361818181818,2,2,1
2023-04,ITEM_3201,P000019,24.0,11.04,0.46,1,1,1
2023-05,ITEM_3201,P000019,12.0,21.6,1.8,1,1,1
2023-07,ITEM_3201,P000019,15.0,4.0425,0.2695,1,1,1
2023-08,ITEM_3201,P000019,18.0,11.088,0.616,1,1,1
2023-09,ITEM_3201,P000019,36.0,15.600000000000001,0.4333333333333333,2,2,1
2023-11,ITEM_3201,P000019,24.0,11.349996,0.4729165,2,2,1
2023-04,ITEM_3202,P000344,5.0,72.94,14.588,1,1,1
2023-09,ITEM_3202,P000344,1.0,15.5,15.5,1,1,1
2023-11,ITEM_3202,P000344,4.0,58.35,14.5875,1,1,1
2021-08,ITEM_3203,P001502,1.0,12.0,12.0,1,1,1
2023-10,ITEM_3203,P001502,5.0,72.9375,14.5875,1,1,1
2023-12,ITEM_3204,P008469,3.0,72.9,24.3,1,1,1
2021-03,ITEM_3205,P000788,2.0,72.56,36.28,1,1,1
2021-05,ITEM_3206,P002338,10.0,72.55,7.255,1,1,1
2022-11,ITEM_3206,P002338,3.0,30.339999,10.113333,1,1,1
2025-12,ITEM_3207,306323,1.0,72.48,,1,1,1
2025-04,ITEM_3208,P006744,4.0,72.45,,1,1,1
2023-03,ITEM_3209,P007209,6.0,38.58,6.43,1,1,1
2023-11,ITEM_3209,P007209,8.0,72.11,8.27,1,1,1
2022-02,ITEM_3210,P002640,24.0,144.144,6.006,2,1,1
2021-02,ITEM_3211,P000768,24.0,19.2,0.8000000000000002,1,1,1
2021-08,ITEM_3211,P000768,24.0,72.0,3.0,1,1,1
2021-02,ITEM_3212,P000771,24.0,19.2,0.8000000000000002,1,1,1
2021-08,ITEM_3212,P000771,24.0,72.0,3.0,1,1,1
2021-08,ITEM_3213,P000773,24.0,72.0,3.0,1,1,1
2021-08,ITEM_3214,P000772,24.0,72.0,3.0,1,1,1
2022-07,ITEM_3215,P006943,1.0,72.0,72.0,1,1,1
2023-06,ITEM_3215,P006943,1.0,56.0,56.0,1,1,1
2021-01,ITEM_3217,P000314,15.0,29.7,1.98,1,1,1
2023-04,ITEM_3217,P000314,100.0,22.0,0.22,1,1,1
2023-07,ITEM_3217,P000314,30.0,72.0,2.4,1,1,1
2022-06,ITEM_3218,P002281,5.0,54.75,10.95,1,1,1
2023-08,ITEM_3218,P002281,12.0,72.0,6.0,1,1,1
2023-10,ITEM_3218,P002281,4.0,22.0,5.5,1,1,1
2021-06,ITEM_3219,P001366,3.0,11.25,3.75,1,1,1
2021-08,ITEM_3219,P001366,15.0,45.156,3.0103999999999997,2,2,1
2021-11,ITEM_3219,P001366,7.0,20.1,2.8714285714285714,2,2,1
2023-09,ITEM_3219,P001366,18.0,72.0,4.0,1,1,1
2021-01,ITEM_3220,P000295,13.0,41.4,3.1846153846153844,3,3,1
2021-02,ITEM_3220,P000295,34.0,121.00999999999999,3.5592352941176473,4,4,1
2021-03,ITEM_3220,P000295,18.0,61.428,3.412666666666667,2,2,1
2021-05,ITEM_3220,P000295,6.0,18.0,3.0,1,1,1
2021-06,ITEM_3220,P000295,23.0,67.51,2.9351304347826086,4,4,1
2021-07,ITEM_3220,P000295,6.0,8.22,1.37,1,1,1
2021-08,ITEM_3220,P000295,6.0,34.5,5.75,1,1,1
2021-09,ITEM_3220,P000295,12.0,34.29,2.8575,3,3,1
2021-10,ITEM_3220,P000295,13.0,37.694,2.899538461538462,2,2,1
2021-11,ITEM_3220,P000295,6.0,16.86,2.81,1,1,1
2021-12,ITEM_3220,P000295,18.0,75.0,4.166666666666667,3,3,1
2022-03,ITEM_3220,P000295,6.0,28.2,4.7,1,1,1
2022-04,ITEM_3220,P000295,12.0,36.0,3.0,1,1,1
2022-05,ITEM_3220,P000295,12.0,30.6,2.55,1,1,1
2022-06,ITEM_3220,P000295,6.0,25.2,4.2,1,1,1
2022-07,ITEM_3220,P000295,6.0,18.0,3.0,1,1,1
2022-08,ITEM_3220,P000295,6.0,14.1,2.35,1,1,1
2022-11,ITEM_3220,P000295,6.0,18.0,3.0,1,1,1
2023-02,ITEM_3220,P000295,6.0,19.404,3.234,1,1,1
2023-03,ITEM_3220,P000295,6.0,19.4,3.233333,1,1,1
2023-05,ITEM_3220,P000295,21.0,64.4,3.0668571428571427,2,2,1
2023-06,ITEM_3220,P000295,6.0,19.44,3.24,1,1,1
2023-08,ITEM_3220,P000295,6.0,19.4,3.233333,1,1,1
2023-09,ITEM_3220,P000295,12.0,32.04,2.67,1,1,1
2023-10,ITEM_3220,P000295,50.0,147.10000000000002,2.9420000000000006,5,5,1
2023-11,ITEM_3220,P000295,15.0,42.6,2.8400000000000003,2,2,1
2021-04,ITEM_3221,P003559,8.0,27.04,3.38,1,1,1
2021-05,ITEM_3221,P003559,10.0,44.7,4.47,1,1,1
2023-02,ITEM_3221,P003559,20.0,71.86,3.593,1,1,1
2022-01,ITEM_3222,P004485,1.0,34.24,34.242,1,1,1
2022-05,ITEM_3222,P004485,2.0,71.79,35.89304,1,1,1
2023-01,ITEM_3222,P004485,1.0,45.39,45.388,1,1,1
2023-02,ITEM_3222,P004485,1.0,45.39,45.388,1,1,1
2022-05,ITEM_3223,P004484,2.0,71.78,35.89242,1,1,1
2023-03,ITEM_3224,P007317,2.0,71.74,35.87,1,1,1
2023-05,ITEM_3224,P007317,2.0,71.74,35.87,1,1,1
2023-03,ITEM_3225,P007308,2.0,71.68,35.84,1,1,1
2023-05,ITEM_3225,P007308,2.0,71.68,35.84,1,1,1
2021-08,ITEM_3227,P002818,2.0,71.428,35.714,1,1,1
2021-05,ITEM_3228,P001722,11.0,107.0,9.727272727272727,2,2,1
2022-11,ITEM_3229,P002334,3.0,71.379999,23.793333,1,1,1
2025-08,ITEM_3230,304679,4.0,71.25,,1,1,1
2025-06,ITEM_3231,306014,1.0,71.05,,1,1,1
2025-06,ITEM_3232,306038,1.0,71.05,,1,1,1
2024-04,ITEM_3234,304128,40.0,70.88,,1,1,1
2024-03,ITEM_3235,300874,1000.0,5.0,,1,1,1
2025-05,ITEM_3235,300874,100.0,4.6,,1,1,1
2025-09,ITEM_3235,300874,600.0,30.54,,6,5,1
2025-11,ITEM_3235,300874,101.0,75.41999999999999,,2,2,1
2025-12,ITEM_3235,300874,100.0,0.09,,1,1,1
2021-10,ITEM_3236,P001534,30.0,70.8,2.36,1,1,1
2024-03,ITEM_3238,304254,1500.0,70.5,,1,1,1
2025-04,ITEM_3240,304973,4.0,70.29,,1,1,1
2023-06,ITEM_3241,P006236,10.0,70.2,7.019999999999999,1,1,1
2022-01,ITEM_3242,P004863,4.0,15.2,3.8,1,1,1
2022-03,ITEM_3242,P004863,15.0,70.12,4.674667,1,1,1
2021-03,ITEM_3243,P002179,3.0,105.0,35.0,2,1,1
2021-12,ITEM_3244,P001174,10.0,70.0,7.0,1,1,1
2024-07,ITEM_3245,304580,10.0,70.0,,1,1,1
2024-04,ITEM_3246,301757,20.0,70.0,,1,1,1
2021-02,ITEM_3247,P000613,16.0,24.299999999999997,1.5187500000000003,2,2,1
2021-03,ITEM_3247,P000613,10.0,13.5,1.35,2,2,1
2021-04,ITEM_3247,P000613,13.0,19.5,1.5,2,2,1
2021-12,ITEM_3247,P000613,4.0,12.6,3.15,1,1,1
2022-03,ITEM_3247,P000613,26.0,43.812,1.685076923076923,3,2,1
2022-04,ITEM_3247,P000613,8.0,11.2,1.4,1,1,1
2022-07,ITEM_3247,P000613,6.0,9.24,1.54,1,1,1
2022-11,ITEM_3247,P000613,6.0,7.76,1.2936,1,1,1
2022-12,ITEM_3247,P000613,12.0,24.0,2.0,1,1,1
2023-02,ITEM_3247,P000613,30.0,94.93,3.1643333333333334,2,2,1
2023-03,ITEM_3247,P000613,12.0,15.5232,1.2936,1,1,1
2023-05,ITEM_3247,P000613,20.0,39.8,1.9899999999999998,1,1,1
2023-06,ITEM_3247,P000613,12.0,20.8824,1.7402,1,1,1
2023-07,ITEM_3247,P000613,12.0,21.1,1.7583335,2,2,1
2023-08,ITEM_3247,P000613,26.0,33.5,1.2884615384615385,2,2,1
2023-09,ITEM_3247,P000613,6.0,10.2,1.7,1,1,1
2023-10,ITEM_3247,P000613,5.0,6.38,1.275,1,1,1
2023-11,ITEM_3247,P000613,5.0,6.38,1.275,1,1,1
2025-11,ITEM_3248,306908,24.0,69.6,,1,1,1
2021-12,ITEM_3249,P001172,10.0,50.0,5.0,1,1,1
2022-08,ITEM_3249,P001172,10.0,69.5,6.95,1,1,1
2025-08,ITEM_3250,300883,20.0,69.44,,1,1,1
2025-04,ITEM_3252,304961,4.0,69.19,,1,1,1
2025-06,ITEM_3253,305347,8.0,69.06,,1,1,1
2021-04,ITEM_3254,P002181,1.0,69.0,69.0,1,1,1
2023-12,ITEM_3255,P008534,150.0,69.0,0.46,1,1,1
2023-12,ITEM_3256,P008488,2.0,68.9,34.45,1,1,1
2021-06,ITEM_3259,P004655,1.0,68.79,68.792,1,1,1
2023-11,ITEM_3260,P008167,34.0,130.41,3.518823529411765,2,2,1
2023-07,ITEM_3261,P003887,4.0,65.484,15.3,1,1,1
2023-10,ITEM_3261,P003887,4.0,68.56,17.14,1,1,1
2023-11,ITEM_3261,P003887,4.0,19.12,4.78,1,1,1
2023-07,ITEM_3262,P003886,12.0,65.484,5.1,1,1,1
2023-10,ITEM_3262,P003886,12.0,68.52,5.71,1,1,1
2023-11,ITEM_3262,P003886,12.0,31.72,2.643333,1,1,1
2021-05,ITEM_3263,P000643,1.0,58.52,58.52,1,1,1
2021-09,ITEM_3263,P000643,1.0,68.4,68.4,1,1,1
2025-05,ITEM_3264,306322,1.0,68.3,,1,1,1
2023-05,ITEM_3265,P006198,5.0,68.27,13.654,1,1,1
2021-02,ITEM_3266,P003770,30.0,30.0,1.0,1,1,1
2021-06,ITEM_3266,P003770,10.0,18.0,1.8,1,1,1
2021-07,ITEM_3266,P003770,4.0,7.2,1.8,1,1,1
2021-08,ITEM_3266,P003770,15.0,15.0,1.0,1,1,1
2021-10,ITEM_3266,P003770,30.0,22.5,0.75,1,1,1
2021-12,ITEM_3266,P003770,20.0,68.0,3.4,1,1,1
2022-04,ITEM_3266,P003770,15.0,15.0,1.0,1,1,1
2023-01,ITEM_3266,P003770,20.0,20.0,1.0,1,1,1
2023-02,ITEM_3266,P003770,60.0,60.0,1.0,2,2,1
2025-05,ITEM_3266,P003770,18.0,15.549999999999999,,2,2,1
2023-08,ITEM_3267,P008029,4.0,68.0,17.0,1,1,1
2022-08,ITEM_3268,P000880,4.0,20.0,5.0,1,1,1
2023-11,ITEM_3268,P000880,1.0,68.0,68.0,1,1,1
2023-08,ITEM_3269,P006282,7.0,50.579998,7.225714000000001,1,1,1
2023-10,ITEM_3269,P006282,10.0,67.92,6.792,1,1,1
2023-07,ITEM_3270,P005011,2.0,64.628,30.2,1,1,1
2023-10,ITEM_3270,P005011,2.0,67.64,33.82,1,1,1
2023-11,ITEM_3270,P005011,2.0,17.02,8.51,1,1,1
2021-02,ITEM_3271,P002591,10.0,34.0,3.4,1,1,1
2021-04,ITEM_3271,P002591,20.0,67.6,3.38,1,1,1
2022-04,ITEM_3272,P005503,4.0,67.58,16.895,1,1,1
2021-02,ITEM_3273,P002200,8.0,60.0,7.5,1,1,1
2021-08,ITEM_3273,P002200,6.0,45.0,7.5,1,1,1
2021-12,ITEM_3273,P002200,5.0,29.84,5.967,1,1,1
2022-10,ITEM_3273,P002200,15.0,67.5,4.5,1,1,1
2022-11,ITEM_3273,P002200,14.0,69.82,4.986857142857143,2,2,1
2023-02,ITEM_3273,P002200,12.0,73.42,6.117999999999999,2,2,1
2023-10,ITEM_3273,P002200,12.0,46.8,3.9,1,1,1
2022-11,ITEM_3274,P006652,2.0,67.3,33.65,1,1,1
2025-04,ITEM_3275,304970,4.0,67.3,,1,1,1
2021-03,ITEM_3276,P005739,4.0,67.2,16.8,1,1,1
2021-04,ITEM_3276,P005739,5.0,34.47,6.892999999999999,1,1,1
2022-10,ITEM_3276,P005739,3.0,30.1455,10.0485,1,1,1
2022-11,ITEM_3276,P005739,3.0,30.1455,10.0485,1,1,1
2023-01,ITEM_3276,P005739,3.0,30.0,10.0,1,1,1
2023-04,ITEM_3276,P005739,3.0,30.72,10.24,1,1,1
2023-11,ITEM_3276,P005739,5.0,48.94,9.788,1,1,1
2022-05,ITEM_3277,P001723,3.0,73.82000000000001,24.607333333333333,2,2,1
2023-04,ITEM_3277,P001723,3.0,45.0,15.0,1,1,1
2025-09,ITEM_3278,306891,48.0,67.2,,1,1,1
2021-04,ITEM_3279,P001676,6.0,44.76,7.46,1,1,1
2023-08,ITEM_3279,P001676,12.0,66.9,5.575,1,1,1
2025-06,ITEM_3280,305981,1.0,66.85,,1,1,1
2024-04,ITEM_3281,304027,200.0,66.84,,1,1,1
2023-08,ITEM_3282,P006372,2.0,66.75,33.375,1,1,1
2023-11,ITEM_3283,P008246,2.0,66.53,30.52,1,1,1
2021-02,ITEM_3285,P000112,200.0,0.84,0.0042,1,1,1
2021-12,ITEM_3285,P000112,200.0,25.3,0.126495,1,1,1
2022-04,ITEM_3285,P000112,500.0,44.0,0.088,3,3,1
2022-05,ITEM_3285,P000112,100.0,45.0,0.45,1,1,1
2022-06,ITEM_3285,P000112,300.0,67.2,0.22399999999999995,2,1,1
2023-01,ITEM_3285,P000112,100.0,10.4,0.10400000000000001,1,1,1
2023-02,ITEM_3285,P000112,100.0,10.4,0.10400000000000001,1,1,1
2023-06,ITEM_3285,P000112,300.0,110.11,0.3670333333333333,2,2,1
2023-08,ITEM_3285,P000112,300.0,28.8,0.096,1,1,1
2023-10,ITEM_3285,P000112,100.0,10.0,0.1,1,1,1
2023-11,ITEM_3285,P000112,200.0,19.2,0.096,1,1,1
2025-05,ITEM_3286,305627,2.0,66.21,,1,1,1
2025-12,ITEM_3286,305627,1.0,39.93,,1,1,1
2021-03,ITEM_3287,P005363,2.0,66.2,33.1,1,1,1
2021-03,ITEM_3289,P000592,1.0,13.31,13.31,1,1,1
2021-04,ITEM_3289,P000592,1.0,15.0,15.0,1,1,1
2021-10,ITEM_3289,P000592,1.0,13.5,13.5,1,1,1
2022-04,ITEM_3289,P000592,2.0,35.51,17.755,2,2,1
2022-05,ITEM_3289,P000592,2.0,43.849999999999994,21.924999999999997,2,2,1
2022-11,ITEM_3289,P000592,1.0,21.85,21.85,1,1,1
2023-01,ITEM_3289,P000592,1.0,21.85,21.85,1,1,1
2023-02,ITEM_3289,P000592,2.0,79.53,39.765,2,2,1
2023-06,ITEM_3289,P000592,1.0,13.35,13.35,1,1,1
2021-04,ITEM_3290,P005838,12.0,66.0,5.5,1,1,1
2024-03,ITEM_3291,303940,20.0,30.4,,1,1,1
2024-04,ITEM_3291,303940,70.0,115.5,,2,2,1
2025-05,ITEM_3291,303940,4.0,66.35,,2,2,1
2025-06,ITEM_3291,303940,2.0,3.3,,1,1,1
2025-07,ITEM_3291,303940,5.0,40.150000000000006,,2,2,1
2023-09,ITEM_3292,P002531,1.0,65.76,65.76,1,1,1
2022-07,ITEM_3293,P006843,12.0,65.64,5.47,1,1,1
2023-12,ITEM_3293,P006843,2.0,12.9,6.45,1,1,1
2023-05,ITEM_3294,P006189,1.0,65.583,65.583,1,1,1
2022-02,ITEM_3296,P003742,24.0,16.8,0.6999999999999998,1,1,1
2023-08,ITEM_3296,P003742,300.0,65.4,0.21800000000000003,1,1,1
2021-01,ITEM_3297,P000293,13.0,24.85,1.9115384615384616,3,3,1
2021-02,ITEM_3297,P000293,24.0,36.04,1.5015,3,3,1
2021-03,ITEM_3297,P000293,12.0,10.164,0.847,1,1,1
2021-04,ITEM_3297,P000293,4.0,5.8,1.45,1,1,1
2021-05,ITEM_3297,P000293,4.0,6.47,1.617,1,1,1
2021-06,ITEM_3297,P000293,17.0,26.25,1.5442941176470588,4,4,1
2021-07,ITEM_3297,P000293,6.0,8.52,1.42,1,1,1
2021-08,ITEM_3297,P000293,10.0,16.17,1.6170000000000002,1,1,1
2021-09,ITEM_3297,P000293,12.0,21.269999999999996,1.7724999999999997,3,3,1
2021-10,ITEM_3297,P000293,12.0,18.0,1.5,1,1,1
2021-11,ITEM_3297,P000293,12.0,22.560000000000002,1.8800000000000001,2,2,1
2021-12,ITEM_3297,P000293,18.0,37.099999999999994,2.0613333333333332,2,2,1
2022-03,ITEM_3297,P000293,25.0,41.175,1.6469999999999998,3,3,1
2022-04,ITEM_3297,P000293,13.0,18.32,1.409230769230769,2,2,1
2022-05,ITEM_3297,P000293,6.0,7.74,1.29,1,1,1
2022-08,ITEM_3297,P000293,12.0,13.5,1.125,2,2,1
2022-10,ITEM_3297,P000293,6.0,10.16,1.694,1,1,1
2022-11,ITEM_3297,P000293,54.0,87.97999999999999,1.6293333333333333,6,6,1
2023-02,ITEM_3297,P000293,33.0,104.074,3.1539999999999995,7,7,1
2023-03,ITEM_3297,P000293,24.0,36.0,1.5,3,3,1
2023-05,ITEM_3297,P000293,16.0,24.194,1.512125,2,2,1
2023-06,ITEM_3297,P000293,18.0,29.272403999999998,1.6262446666666666,2,2,1
2023-07,ITEM_3297,P000293,6.0,10.15,1.6924599999999999,1,1,1
2023-08,ITEM_3297,P000293,12.0,18.0,1.5,1,1,1
2023-09,ITEM_3297,P000293,20.0,30.0,1.5,1,1,1
2023-10,ITEM_3297,P000293,68.0,81.00000000000001,1.1911764705882355,5,5,1
2023-11,ITEM_3297,P000293,36.0,51.0,1.4166666666666665,5,4,1
2021-08,ITEM_3300,P001222,12.0,95.03,7.9191666666666665,2,1,1
2021-10,ITEM_3300,P001222,2.0,22.36,11.18,1,1,1
2022-05,ITEM_3300,P001222,6.0,40.8,6.8,1,1,1
2023-03,ITEM_3300,P001222,2.0,15.708,7.854,1,1,1
2023-05,ITEM_3300,P001222,5.0,46.2,9.24,1,1,1
2023-06,ITEM_3300,P001222,1.0,23.14,23.14,1,1,1
2023-09,ITEM_3300,P001222,4.0,31.26,7.815000250000001,2,2,1
2023-11,ITEM_3300,P001222,3.0,17.090001,5.696667000000001,1,1,1
2023-05,ITEM_3302,P005299,1.0,65.0,65.0,1,1,1
2025-04,ITEM_3303,304965,4.0,64.95,,1,1,1
2025-06,ITEM_3305,305731,2.0,129.73000000000002,,2,1,1
2023-08,ITEM_3306,P008166,2.0,64.6,32.3,1,1,1
2022-07,ITEM_3307,P003433,12.0,64.419996,5.368333,1,1,1
2023-05,ITEM_3308,P005994,536.0,64.317,0.119994,1,1,1
2025-09,ITEM_3309,305025,4.0,64.31,,1,1,1
2025-09,ITEM_3310,305026,4.0,64.31,,1,1,1
2025-09,ITEM_3311,305027,4.0,64.31,,1,1,1
2025-08,ITEM_3313,306186,24.0,128.43,,2,1,1
2025-08,ITEM_3314,306228,24.0,128.43,,2,1,1
2025-08,ITEM_3315,306230,24.0,128.43,,2,1,1
2025-08,ITEM_3316,306231,24.0,128.43,,2,1,1
2023-12,ITEM_3317,P007015,30.0,64.2,2.14,1,1,1
2023-05,ITEM_3318,P006108,11.0,64.144597,5.831327000000001,1,1,1
2021-05,ITEM_3319,P002119,7.0,116.59,16.655714285714286,2,1,1
2021-05,ITEM_3320,P002276,40.0,48.0,1.2,1,1,1
2021-06,ITEM_3320,P002276,40.0,64.0,1.6,1,1,1
2021-11,ITEM_3320,P002276,42.0,60.9,1.45,1,1,1
2022-01,ITEM_3321,P002878,16.0,64.0,4.0,1,1,1
2022-07,ITEM_3322,P006961,16.0,64.0,4.0,1,1,1
2021-02,ITEM_3323,P001286,2.0,59.0,29.5,1,1,1
2023-06,ITEM_3323,P001286,2.0,64.0,32.0,1,1,1
2023-11,ITEM_3324,P001935,2.0,64.0,32.0,1,1,1
2021-04,ITEM_3326,P002359,6.0,63.96,10.66,1,1,1
2022-04,ITEM_3327,P005507,4.0,63.86,15.965,1,1,1
2022-04,ITEM_3328,P005508,4.0,63.86,15.965,1,1,1
2025-08,ITEM_3329,305639,3.0,63.84,,1,1,1
2023-07,ITEM_3330,P006256,1.0,63.75,63.75,1,1,1
2023-10,ITEM_3331,P006597,12.0,63.48,5.29,1,1,1
2025-06,ITEM_3332,305732,1.0,63.41,,1,1,1
2023-11,ITEM_3333,P008202,4.0,125.47999999999999,28.78,2,2,1
2024-05,ITEM_3334,303258,12.0,63.04,,1,1,1
2021-01,ITEM_3335,P001107,3.0,45.0,15.0,1,1,1
2021-03,ITEM_3335,P001107,4.0,60.0,15.0,1,1,1
2021-04,ITEM_3335,P001107,3.0,28.05,9.35,1,1,1
2022-03,ITEM_3335,P001107,9.0,101.92,11.322666666666667,8,8,1
2022-06,ITEM_3335,P001107,1.0,10.4,10.4,1,1,1
2022-07,ITEM_3335,P001107,2.0,24.255,12.1275,1,1,1
2022-09,ITEM_3335,P001107,4.0,48.51,12.1275,1,1,1
2023-02,ITEM_3335,P001107,9.0,99.38,11.042499999999999,2,2,1
2023-03,ITEM_3335,P001107,1.0,10.5,10.5,1,1,1
2023-11,ITEM_3335,P001107,3.0,35.439999,11.813333,1,1,1
2025-05,ITEM_3335,P001107,2.0,28.24,,1,1,1
2025-10,ITEM_3335,P001107,4.0,56.96,,4,4,1
2025-12,ITEM_3335,P001107,3.0,43.64,,1,1,1
2025-06,ITEM_3336,305381,12.0,63.0,,1,1,1
2023-07,ITEM_3337,P004837,4.0,62.912,15.728,1,1,1
2024-06,ITEM_3338,301891,30.0,62.85,,1,1,1
2021-01,ITEM_3339,P001111,8.0,18.79,2.34875,1,1,1
2021-03,ITEM_3339,P001111,10.0,22.5,2.25,1,1,1
2021-04,ITEM_3339,P001111,11.0,30.990000000000002,2.8172727272727274,3,3,1
2021-05,ITEM_3339,P001111,12.0,27.994,2.3325,3,3,1
2021-06,ITEM_3339,P001111,8.0,17.25,2.15625,2,2,1
2021-08,ITEM_3339,P001111,11.0,24.75,2.25,2,2,1
2021-09,ITEM_3339,P001111,10.0,27.45,2.745,3,3,1
2021-12,ITEM_3339,P001111,2.0,11.0,5.5,1,1,1
2022-03,ITEM_3339,P001111,24.0,59.3,2.4705,8,8,1
2022-04,ITEM_3339,P001111,19.0,49.010999999999996,2.5795263157894737,3,2,1
2022-07,ITEM_3339,P001111,6.0,15.71,2.618,1,1,1
2022-09,ITEM_3339,P001111,6.0,15.708,2.618,1,1,1
2022-10,ITEM_3339,P001111,6.0,15.0,2.5,1,1,1
2022-11,ITEM_3339,P001111,39.0,100.332,2.5726153846153843,3,2,1
2023-02,ITEM_3339,P001111,3.0,9.01,3.003,1,1,1
2023-03,ITEM_3339,P001111,10.0,30.630000000000003,3.0628,2,2,1
2023-04,ITEM_3339,P001111,10.0,30.0,3.0,1,1,1
2023-06,ITEM_3339,P001111,15.0,48.507999999999996,3.234,2,2,1
2023-07,ITEM_3339,P001111,15.0,47.81,3.1872,2,1,1
2023-08,ITEM_3339,P001111,9.0,28.9,3.2111110000000003,2,2,1
2023-09,ITEM_3339,P001111,18.0,62.832,3.490666666666667,2,2,1
2023-10,ITEM_3339,P001111,3.0,9.68,3.225,1,1,1
2023-12,ITEM_3339,P001111,3.0,10.05,3.35,1,1,1
2025-08,ITEM_3340,306277,12.0,62.76,,1,1,1
2021-02,ITEM_3341,P005164,5.0,27.75,5.55,1,1,1
2022-03,ITEM_3341,P005164,5.0,62.75,12.55,1,1,1
2023-11,ITEM_3342,P008382,28.0,62.72,2.24,1,1,1
2023-12,ITEM_3342,P008382,26.0,58.239999999999995,2.24,2,2,1
2025-06,ITEM_3342,P008382,6.0,40.0,,1,1,1
2023-12,ITEM_3343,P008542,1.0,62.72,62.72,1,1,1
2021-02,ITEM_3344,P000106,300.0,47.300000000000004,0.15766666666666668,2,2,1
2021-04,ITEM_3344,P000106,800.0,11.17,0.0139625,2,2,1
2021-11,ITEM_3344,P000106,300.0,3.3501,0.011167,1,1,1
2022-04,ITEM_3344,P000106,400.0,6.204,0.015510000000000001,2,2,1
2022-06,ITEM_3344,P000106,100.0,2.0,0.02,1,1,1
2023-01,ITEM_3344,P000106,100.0,1.6,0.016,1,1,1
2023-02,ITEM_3344,P000106,103.0,64.3,0.6242718446601941,2,2,1
2023-04,ITEM_3344,P000106,100.0,1.6,0.016,1,1,1
2023-05,ITEM_3344,P000106,300.0,4.8,0.016,1,1,1
2023-06,ITEM_3344,P000106,400.0,3.55,0.008875000000000001,2,1,1
2023-10,ITEM_3344,P000106,100.0,2.0,0.02,1,1,1
2022-01,ITEM_3345,P000627,3.0,41.76,13.92,1,1,1
2022-03,ITEM_3345,P000627,2.0,21.1,10.55,1,1,1
2022-08,ITEM_3345,P000627,4.0,62.64,15.66,1,1,1
2023-04,ITEM_3345,P000627,3.0,39.57,13.19,1,1,1
2021-05,ITEM_3346,P003053,4.0,6.93,1.7325,1,1,1
2021-09,ITEM_3346,P003053,6.0,62.4,10.4,1,1,1
2023-08,ITEM_3347,P000013,12.0,62.4,5.2,1,1,1
2025-02,ITEM_3348,305929,8.0,62.28,,1,1,1
2025-03,ITEM_3348,305929,8.0,62.32,,1,1,1
2022-07,ITEM_3349,P006958,2.0,62.3,31.15,1,1,1
2021-02,ITEM_3350,P005594,1.0,28.46,28.46,1,1,1
2021-04,ITEM_3350,P005594,1.0,10.96,10.96,1,1,1
2022-02,ITEM_3350,P005594,2.0,29.88,14.94,2,1,1
2022-05,ITEM_3350,P005594,20.0,62.2,3.11,1,1,1
2023-06,ITEM_3351,P007408,30.0,62.09,2.069667,1,1,1
2022-04,ITEM_3352,P002980,2.0,62.0,31.0,1,1,1
2024-07,ITEM_3353,304591,10.0,62.0,,1,1,1
2024-07,ITEM_3354,304590,40.0,62.0,,1,1,1
2021-07,ITEM_3356,P003711,100.0,61.6,0.616,1,1,1
2022-02,ITEM_3356,P003711,24.0,20.4,0.85,1,1,1
2023-08,ITEM_3356,P003711,10.0,9.625,0.9625,1,1,1
2021-03,ITEM_3358,P000800,4.0,19.04,4.76,1,1,1
2021-10,ITEM_3358,P000800,12.0,15.0,1.25,1,1,1
2022-07,ITEM_3358,P000800,20.0,32.0,1.6,1,1,1
2022-10,ITEM_3358,P000800,8.0,12.4,1.55,1,1,1
2023-06,ITEM_3358,P000800,12.0,61.446,5.1205,1,1,1
2023-08,ITEM_3358,P000800,2.0,6.15,3.075,1,1,1
2023-09,ITEM_3358,P000800,4.0,8.0,2.0,1,1,1
2023-11,ITEM_3358,P000800,4.0,7.98,1.995,1,1,1
2023-10,ITEM_3360,P006555,6.0,61.44,10.24,1,1,1
2024-07,ITEM_3361,301756,20.0,61.35,,1,1,1
2023-03,ITEM_3362,P007321,2.0,61.34,30.67,1,1,1
2023-05,ITEM_3362,P007321,2.0,61.34,30.67,1,1,1
2021-04,ITEM_3363,P004351,20.0,61.2,3.06,1,1,1
2022-03,ITEM_3364,P002552,6.0,61.2,10.2,1,1,1
2023-08,ITEM_3365,P002847,6.0,61.2,10.2,1,1,1
2023-10,ITEM_3365,P002847,6.0,61.2,10.2,1,1,1
2021-01,ITEM_3366,P003205,6.0,5.4,0.9,1,1,1
2022-11,ITEM_3366,P003205,7.0,60.97,8.71,1,1,1
2025-06,ITEM_3367,305417,6.0,60.9,,1,1,1
2023-08,ITEM_3368,P008165,3.0,60.48,20.16,1,1,1
2021-03,ITEM_3369,P001096,2.0,60.22,30.11,1,1,1
2025-08,ITEM_3370,306250,3.0,90.07,,2,1,1
2025-04,ITEM_3371,304967,2.0,60.01,,1,1,1
2021-02,ITEM_3372,P000366,15.0,60.0,4.0,1,1,1
2021-02,ITEM_3373,P003021,20.0,60.0,3.0,1,1,1
2021-04,ITEM_3374,P003693,100.0,90.0,0.9,2,1,1
2021-06,ITEM_3375,P000675,3.0,16.47,5.491,1,1,1
2021-10,ITEM_3375,P000675,10.0,60.0,6.0,1,1,1
2022-05,ITEM_3375,P000675,3.0,16.5,5.5,1,1,1
2021-06,ITEM_3376,P000158,1.0,31.17,31.17,1,1,1
2021-10,ITEM_3376,P000158,1.0,60.0,60.0,1,1,1
2022-04,ITEM_3377,P002917,6.0,60.0,10.0,1,1,1
2023-06,ITEM_3378,P006157,15.0,60.0,4.0,1,1,1
2023-08,ITEM_3379,P008030,4.0,60.0,15.0,1,1,1
2021-01,ITEM_3380,P001368,18.0,36.0,2.0,1,1,1
2021-02,ITEM_3380,P001368,14.0,26.88,1.92,1,1,1
2021-03,ITEM_3380,P001368,48.0,83.616,1.742,2,2,1
2021-04,ITEM_3380,P001368,12.0,11.4,0.9499999999999998,1,1,1
2021-05,ITEM_3380,P001368,18.0,29.800008,1.655556,1,1,1
2021-07,ITEM_3380,P001368,12.0,30.0,2.5,1,1,1
2021-08,ITEM_3380,P001368,7.0,22.66,3.237142857142857,2,2,1
2022-03,ITEM_3380,P001368,12.0,10.164,0.847,1,1,1
2022-04,ITEM_3380,P001368,12.0,20.328,1.694,1,1,1
2022-08,ITEM_3380,P001368,18.0,42.3,2.35,1,1,1
2022-10,ITEM_3380,P001368,15.0,29.25,1.95,1,1,1
2022-11,ITEM_3380,P001368,12.0,27.0,2.25,1,1,1
2023-02,ITEM_3380,P001368,12.0,12.012,1.001,1,1,1
2023-03,ITEM_3380,P001368,12.0,12.012,1.001,1,1,1
2023-06,ITEM_3380,P001368,6.0,6.006,1.001,1,1,1
2023-08,ITEM_3380,P001368,12.0,60.0,5.0,1,1,1
2023-09,ITEM_3380,P001368,12.0,24.0,2.0,1,1,1
2023-10,ITEM_3380,P001368,48.0,46.8,0.975,1,1,1
2023-11,ITEM_3380,P001368,8.0,16.0,2.0,2,1,1
2025-07,ITEM_3381,302572,10.0,60.0,,1,1,1
2024-06,ITEM_3382,301951,12.0,21.87,,1,1,1
2024-09,ITEM_3382,301951,12.0,60.0,,1,1,1
2025-05,ITEM_3383,305635,4.0,59.88,,1,1,1
2024-04,ITEM_3384,301594,30.0,9.0,,1,1,1
2024-07,ITEM_3384,301594,30.0,13.5,,1,1,1
2024-09,ITEM_3384,301594,1.0,23.03,,1,1,1
2025-06,ITEM_3384,301594,4.0,61.260000000000005,,2,2,1
2025-08,ITEM_3384,301594,2.0,1.65,,1,1,1
2023-07,ITEM_3385,P003832,6.0,57.138,8.9,1,1,1
2023-10,ITEM_3385,P003832,6.0,59.82,9.97,1,1,1
2025-06,ITEM_3385,P003832,1.0,13.54,,1,1,1
2022-11,ITEM_3387,P006642,2.0,59.76,29.88,1,1,1
2023-04,ITEM_3388,P006374,2.0,59.76,29.88,1,1,1
2021-12,ITEM_3389,P004116,1.0,59.5,59.5,1,1,1
2023-07,ITEM_3389,P004116,1.0,52.53,52.53,1,1,1
2022-08,ITEM_3390,P000636,1.0,59.4,59.4,1,1,1
2022-10,ITEM_3390,P000636,3.0,57.0,19.0,1,1,1
2025-07,ITEM_3391,301461,12.0,39.21,,1,1,1
2025-08,ITEM_3391,301461,20.0,59.4,,1,1,1
2025-06,ITEM_3392,306005,2.0,59.27,,1,1,1
2024-04,ITEM_3393,304220,60.0,59.04,,1,1,1
2023-05,ITEM_3394,P005710,30.0,59.014,1.967133,1,1,1
2021-02,ITEM_3396,P000337,100.0,37.1,0.371,1,1,1
2021-04,ITEM_3396,P000337,100.0,35.3,0.353,1,1,1
2022-04,ITEM_3396,P000337,12.0,47.4,3.9500000000000006,1,1,1
2023-09,ITEM_3396,P000337,200.0,58.91,0.29455,1,1,1
2021-02,ITEM_3397,P000804,5.0,33.35,6.67,2,2,1
2021-06,ITEM_3397,P000804,8.0,43.03,5.37875,2,2,1
2022-03,ITEM_3397,P000804,2.0,13.0,6.5,1,1,1
2023-05,ITEM_3397,P000804,6.0,58.8,9.8,1,1,1
2023-08,ITEM_3397,P000804,6.0,30.0,5.0,1,1,1
2025-03,ITEM_3397,P000804,1.0,4.5,,1,1,1
2025-06,ITEM_3398,305955,2.0,58.8,,1,1,1
2024-04,ITEM_3399,304119,120.0,18.6,,1,1,1
2024-07,ITEM_3399,304119,6.0,58.6,,1,1,1
2024-04,ITEM_3400,304129,40.0,58.57,,1,1,1
2024-04,ITEM_3401,304150,20.0,58.55,,1,1,1
2021-04,ITEM_3402,P000130,100.0,18.4,0.184,2,1,1
2021-12,ITEM_3402,P000130,110.0,36.41,0.331,1,1,1
2022-02,ITEM_3402,P000130,130.0,58.5,0.45,1,1,1
2023-02,ITEM_3402,P000130,44.0,9.06,0.205909,1,1,1
2023-12,ITEM_3402,P000130,90.0,26.78,0.2976,1,1,1
2025-08,ITEM_3403,306780,4.0,58.5,,1,1,1
2023-05,ITEM_3404,P007887,8.0,116.88,14.61,2,1,1
2025-05,ITEM_3405,304155,3.0,58.32,,1,1,1
2024-03,ITEM_3406,301569,30.0,52.88,,1,1,1
2024-04,ITEM_3406,301569,40.0,78.2,,2,1,1
2025-05,ITEM_3407,304438,4.0,116.19999999999999,,2,2,1
2023-02,ITEM_3408,P002390,4.0,58.05,14.5125,1,1,1
2025-09,ITEM_3409,305014,30.0,58.03,,1,1,1
2022-05,ITEM_3411,P003130,1.0,58.0,58.0,1,1,1
2025-06,ITEM_3412,305733,1.0,57.99,,1,1,1
2025-06,ITEM_3413,305734,2.0,115.87,,2,1,1
2023-10,ITEM_3414,P006572,12.0,57.84,4.82,1,1,1
2023-11,ITEM_3415,P004667,8.0,114.93,13.18,2,2,1
2023-03,ITEM_3416,P007250,3.0,57.78,19.26,1,1,1
2021-04,ITEM_3417,P005819,1.0,57.73,57.725,1,1,1
2023-08,ITEM_3418,P004994,2.0,57.6,28.8,1,1,1
2024-05,ITEM_3419,302489,20.0,57.6,,1,1,1
2021-04,ITEM_3420,P001664,6.0,20.795202,3.465867,1,1,1
2022-11,ITEM_3420,P001664,6.0,22.55,3.758333,1,1,1
2023-08,ITEM_3420,P001664,4.0,15.2,3.8,1,1,1
2023-09,ITEM_3420,P001664,24.0,57.319992,2.388333,1,1,1
2023-12,ITEM_3420,P001664,6.0,14.4,2.4,1,1,1
2022-10,ITEM_3422,P000639,3.0,57.0,19.0,1,1,1
2024-03,ITEM_3423,304169,10.0,57.0,,1,1,1
2021-02,ITEM_3425,P005588,1.0,53.93,53.93,1,1,1
2021-04,ITEM_3425,P005588,1.0,53.93,53.93,1,1,1
2022-02,ITEM_3425,P005588,1.0,56.92,56.92,1,1,1
2024-06,ITEM_3426,301901,30.0,56.88,,1,1,1
2023-07,ITEM_3427,P000320,20.0,56.8,2.84,1,1,1
2025-08,ITEM_3428,300882,30.0,56.74,,1,1,1
2022-11,ITEM_3429,P006645,2.0,56.7,28.35,1,1,1
2022-05,ITEM_3430,P004919,20.0,56.67,2.8336,1,1,1
2025-08,ITEM_3431,302698,8.0,56.67,,1,1,1
2025-08,ITEM_3432,302704,8.0,56.67,,1,1,1
2023-03,ITEM_3433,P007297,2.0,56.62,28.31,1,1,1
2023-05,ITEM_3433,P007297,2.0,56.62,28.31,1,1,1
2021-01,ITEM_3434,P000881,3.0,56.61,18.86975,1,1,1
2023-10,ITEM_3435,P006582,12.0,56.52,4.71,1,1,1
2025-09,ITEM_3436,306375,2.0,56.51,,1,1,1
2023-11,ITEM_3437,P008214,4.0,111.98,25.685000000000002,2,2,1
2025-08,ITEM_3438,302150,60.0,56.21,,1,1,1
2025-06,ITEM_3439,306094,13.0,56.12,,1,1,1
2025-08,ITEM_3440,306330,2.0,56.11,,1,1,1
2022-05,ITEM_3441,P000097,2.0,56.0,28.0,1,1,1
2023-08,ITEM_3443,P006308,2.0,56.0,28.0,1,1,1
2023-10,ITEM_3444,P006610,2.0,56.0,28.0,1,1,1
2025-06,ITEM_3445,305392,12.0,56.0,,1,1,1
2024-07,ITEM_3446,400004,6.0,56.0,,1,1,1
2025-08,ITEM_3447,304686,6.0,55.95,,1,1,1
2025-08,ITEM_3448,306781,4.0,55.95,,1,1,1
2023-07,ITEM_3449,P003859,2.0,53.072,24.8,1,1,1
2023-10,ITEM_3449,P003859,2.0,55.56,27.78,1,1,1
2023-05,ITEM_3450,P006168,9.0,55.519002,6.168778,1,1,1
2025-06,ITEM_3451,305954,5.0,55.41,,1,1,1
2023-06,ITEM_3452,P007946,1.0,55.2,55.2,1,1,1
2023-07,ITEM_3453,P006250,1.0,55.2,55.2,1,1,1
2023-12,ITEM_3454,P008376,30.0,55.2,1.84,1,1,1
2023-05,ITEM_3455,P006196,5.0,55.02,11.004,1,1,1
2023-12,ITEM_3456,P008468,1.0,55.02,55.02,1,1,1
2021-02,ITEM_3457,P000411,10.0,55.0,5.5,1,1,1
2025-09,ITEM_3458,900762,1.0,55.0,,1,1,1
2024-04,ITEM_3459,301896,10.0,54.94,,1,1,1
2025-06,ITEM_3460,306036,2.0,54.61,,1,1,1
2021-02,ITEM_3461,P005549,8.0,51.68,6.46,1,1,1
2022-02,ITEM_3461,P005549,8.0,54.56,6.82,1,1,1
2023-11,ITEM_3462,P008397,280.0,54.46,0.1945,1,1,1
2025-08,ITEM_3463,306176,3.0,54.38,,1,1,1
2025-08,ITEM_3464,306177,3.0,54.38,,1,1,1
2021-02,ITEM_3466,P000611,16.0,19.0,1.1875,2,2,1
2021-04,ITEM_3466,P000611,13.0,16.45,1.2653846153846153,2,2,1
2021-06,ITEM_3466,P000611,6.0,7.5,1.25,1,1,1
2021-10,ITEM_3466,P000611,6.0,5.958,0.993,1,1,1
2021-11,ITEM_3466,P000611,3.0,3.75,1.25,1,1,1
2021-12,ITEM_3466,P000611,10.0,12.5,1.25,1,1,1
2022-03,ITEM_3466,P000611,12.0,13.8,1.15,1,1,1
2022-04,ITEM_3466,P000611,29.0,36.841499999999996,1.2703965517241378,3,3,1
2022-05,ITEM_3466,P000611,4.0,4.6,1.15,1,1,1
2022-07,ITEM_3466,P000611,18.0,22.869,1.2705,2,2,1
2022-08,ITEM_3466,P000611,12.0,17.408067000000003,1.450672,2,2,1
2022-11,ITEM_3466,P000611,26.0,29.99,1.1534615384615383,3,3,1
2023-02,ITEM_3466,P000611,20.0,23.0,1.15,1,1,1
2023-03,ITEM_3466,P000611,15.0,18.71,1.2473333333333334,3,3,1
2023-07,ITEM_3466,P000611,36.0,48.26,1.3406666666666667,3,1,1
2023-08,ITEM_3466,P000611,30.0,25.37455,0.8458184000000001,2,2,1
2023-09,ITEM_3466,P000611,36.0,54.0,1.5,1,1,1
2023-10,ITEM_3466,P000611,5.0,5.63,1.125,1,1,1
2023-11,ITEM_3466,P000611,5.0,5.63,1.125,1,1,1
2023-11,ITEM_3467,P008012,8.0,54.0,6.75,1,1,1
2024-04,ITEM_3468,304137,20.0,53.93,,1,1,1
2024-04,ITEM_3469,304147,20.0,53.91,,1,1,1
2024-02,ITEM_3470,303959,10.0,53.65,,1,1,1
2023-11,ITEM_3471,P005232,4.0,53.63,12.3,1,1,1
2024-07,ITEM_3472,301213,4.0,53.58,,1,1,1
2021-04,ITEM_3473,P005805,4.0,53.49,11.43,1,1,1
2021-02,ITEM_3474,P000664,6.0,11.02,1.837,1,1,1
2021-03,ITEM_3474,P000664,3.0,5.661,1.8869999999999998,1,1,1
2021-08,ITEM_3474,P000664,2.0,3.77,1.887,1,1,1
2022-03,ITEM_3474,P000664,4.0,9.8,2.45,1,1,1
2023-02,ITEM_3474,P000664,4.0,53.32,13.33,1,1,1
2023-04,ITEM_3474,P000664,3.0,4.970001,1.656667,1,1,1
2022-10,ITEM_3475,P007029,1.0,53.31,53.31,1,1,1
2022-11,ITEM_3475,P007029,1.0,53.31,53.31,1,1,1
2022-07,ITEM_3476,P006845,8.0,53.28,6.66,1,1,1
2023-12,ITEM_3476,P006845,5.0,39.25,7.85,1,1,1
2024-10,ITEM_3477,301333,24.0,89.58,,3,3,1
2021-02,ITEM_3478,P003401,14.0,53.2,3.8,1,1,1
2021-05,ITEM_3478,P003401,4.0,19.04,4.76,1,1,1
2021-03,ITEM_3479,P001271,16.0,75.44800000000001,4.7151875,3,2,1
2021-04,ITEM_3479,P001271,5.0,20.0,4.0,1,1,1
2021-12,ITEM_3479,P001271,3.0,15.939,5.313,1,1,1
2022-02,ITEM_3479,P001271,10.0,53.13,5.313,1,1,1
2022-04,ITEM_3479,P001271,10.0,50.0,5.0,1,1,1
2022-05,ITEM_3479,P001271,5.0,35.0,7.0,1,1,1
2022-11,ITEM_3479,P001271,6.0,31.878,5.313,1,1,1
2023-01,ITEM_3479,P001271,5.0,35.0,7.0,1,1,1
2023-02,ITEM_3479,P001271,2.0,9.0,4.5,1,1,1
2023-06,ITEM_3479,P001271,6.0,32.109,5.351499999999999,1,1,1
2023-11,ITEM_3479,P001271,5.0,26.06,5.212,1,1,1
2021-02,ITEM_3480,P000775,1.0,8.0,8.0,1,1,1
2021-04,ITEM_3480,P000775,1.0,5.0,5.0,1,1,1
2023-02,ITEM_3480,P000775,6.0,45.1,7.516667000000001,1,1,1
2023-05,ITEM_3480,P000775,10.0,53.0,5.3,1,1,1
2023-08,ITEM_3480,P000775,10.0,35.0,3.5,1,1,1
2023-10,ITEM_3481,P006561,1.0,52.94,52.94,1,1,1
2022-10,ITEM_3482,P003406,2.0,52.822,26.411,1,1,1
2023-08,ITEM_3482,P003406,2.0,50.0,25.0,1,1,1
2021-04,ITEM_3483,P000318,60.0,52.8,0.88,1,1,1
2021-11,ITEM_3483,P000318,10.0,11.73,1.173,1,1,1
2022-01,ITEM_3484,P001718,5.0,45.1,9.02,1,1,1
2022-02,ITEM_3484,P001718,6.0,52.8,8.8,1,1,1
2022-04,ITEM_3485,P006482,4.0,44.8,11.2,1,1,1
2023-05,ITEM_3485,P006482,8.0,105.6,13.2,2,1,1
2023-03,ITEM_3486,P007172,4.0,52.56,13.14,1,1,1
2021-02,ITEM_3487,P000170,2.0,6.93,3.465,1,1,1
2021-03,ITEM_3487,P000170,9.0,65.3,7.2555555555555555,2,1,1
2022-04,ITEM_3487,P000170,12.0,38.4,3.2000000000000006,1,1,1
2022-05,ITEM_3487,P000170,4.0,13.86,3.465,1,1,1
2023-10,ITEM_3487,P000170,6.0,23.1,3.85,1,1,1
2021-04,ITEM_3488,P002045,15.0,52.5,3.5,1,1,1
2021-03,ITEM_3489,P003514,1.0,52.32,52.32,1,1,1
2023-08,ITEM_3490,P004456,3.0,52.32,17.44,1,1,1
2023-09,ITEM_3490,P004456,2.0,16.16,8.08,1,1,1
2025-06,ITEM_3491,306029,1.0,52.27,,1,1,1
2023-10,ITEM_3492,P006439,6.0,52.032,8.672,1,1,1
2021-08,ITEM_3493,P000429,5.0,52.0,10.4,1,1,1
2023-06,ITEM_3494,P007943,1.0,52.0,52.0,1,1,1
2023-08,ITEM_3495,P006292,2.0,52.0,26.0,1,1,1
2024-06,ITEM_3496,301069,10.0,52.0,,1,1,1
2025-06,ITEM_3497,305973,12.0,51.82,,1,1,1
2023-04,ITEM_3498,P007403,2.0,51.64,25.82,1,1,1
2022-07,ITEM_3499,P006954,24.0,51.6,2.15,1,1,1
2023-04,ITEM_3500,P007402,4.0,37.36,9.34,1,1,1
2023-11,ITEM_3500,P007402,4.0,51.56,11.825,1,1,1
2023-12,ITEM_3501,P008433,14.0,51.39,3.670714,1,1,1
2025-08,ITEM_3502,306329,2.0,51.28,,1,1,1
2023-11,ITEM_3503,P008170,4.0,51.19,11.74,1,1,1
2023-04,ITEM_3504,P003421,20.0,51.17,2.5585,1,1,1
2025-08,ITEM_3505,306264,1.0,51.08,,1,1,1
2025-08,ITEM_3506,306285,1.0,51.08,,1,1,1
2022-11,ITEM_3507,P006664,2.0,51.06,25.53,1,1,1
2021-01,ITEM_3508,P002193,1.0,51.022998,51.022998,1,1,1
2021-07,ITEM_3508,P002193,1.0,45.045,45.045,1,1,1
2022-04,ITEM_3509,P004933,870.0,44.99988,0.051724,1,1,1
2022-06,ITEM_3509,P004933,6.0,12.0,2.0,1,1,1
2022-09,ITEM_3509,P004933,15.0,37.5,2.5,4,3,1
2025-12,ITEM_3509,P004933,1.0,51.0,,1,1,1
2021-02,ITEM_3510,P001009,2.0,22.0,11.0,1,1,1
2021-08,ITEM_3510,P001009,1.0,20.0,20.0,1,1,1
2023-03,ITEM_3510,P001009,1.0,25.41,25.41,1,1,1
2023-05,ITEM_3510,P001009,2.0,50.82,25.41,1,1,1
2023-09,ITEM_3511,P006432,7.0,50.800001,7.257143,1,1,1
2023-03,ITEM_3512,P007330,10.0,50.7,5.07,1,1,1
2023-05,ITEM_3512,P007330,10.0,50.7,5.07,1,1,1
2021-04,ITEM_3513,P005818,3.0,50.64,16.88,1,1,1
2021-04,ITEM_3514,P000373,1.0,19.84,19.84,1,1,1
2022-02,ITEM_3514,P000373,15.0,253.05,16.87,5,5,1
2023-09,ITEM_3514,P000373,2.0,16.0,8.0,1,1,1
2021-11,ITEM_3515,P005323,4.0,50.56,12.64,1,1,1
2023-08,ITEM_3516,P006309,2.0,50.56,25.28,1,1,1
2023-12,ITEM_3517,P008561,1.0,50.44,50.44,1,1,1
2022-04,ITEM_3518,P000357,6.0,7.5,1.25,1,1,1
2023-05,ITEM_3518,P000357,60.0,50.4,0.84,1,1,1
2023-05,ITEM_3519,P006185,10.0,50.289,5.0289,1,1,1
2023-02,ITEM_3520,P005861,1.0,50.18,50.18,1,1,1
2022-10,ITEM_3521,P005763,4.0,50.16,12.54,1,1,1
2022-07,ITEM_3522,P006960,20.0,19.41,0.9705,1,1,1
2022-09,ITEM_3522,P006960,10.0,50.05,5.005,1,1,1
2025-06,ITEM_3523,306015,1.0,50.05,,1,1,1
2022-05,ITEM_3524,P005082,100.0,50.0,0.5,1,1,1
2021-05,ITEM_3525,P002126,2.0,18.0,9.0,1,1,1
2021-08,ITEM_3525,P002126,1.0,5.5,5.5,1,1,1
2021-09,ITEM_3525,P002126,1.0,3.0,3.0,1,1,1
2022-08,ITEM_3525,P002126,5.0,50.0,10.0,1,1,1
2021-10,ITEM_3526,P001319,3.0,21.6,7.2,1,1,1
2022-08,ITEM_3526,P001319,2.0,10.3,5.15,1,1,1
2023-02,ITEM_3526,P001319,3.0,57.0,19.0,2,1,1
2023-03,ITEM_3526,P001319,2.0,38.0,19.0,1,1,1
2025-05,ITEM_3527,305534,2.0,50.0,,1,1,1
2025-05,ITEM_3528,305535,2.0,50.0,,1,1,1
2025-06,ITEM_3529,305416,7.0,49.83,,1,1,1
2025-06,ITEM_3530,900121,2.0,42.75,,1,1,1
2025-07,ITEM_3530,900121,3.0,53.019999999999996,,2,2,1
2022-12,ITEM_3531,P004738,100.0,49.665,0.49665,1,1,1
2025-06,ITEM_3532,304681,2.0,9.6,,1,1,1
2025-12,ITEM_3532,304681,1.0,49.32,,1,1,1
2022-10,ITEM_3534,P005762,4.0,49.0,12.25,1,1,1
2022-07,ITEM_3535,P006865,0.9,48.96,54.4,1,1,1
2024-04,ITEM_3536,304322,160.0,48.8,,1,1,1
2025-08,ITEM_3537,302309,11.0,53.650000000000006,,2,1,1
2023-02,ITEM_3538,P002373,30.0,48.75,1.625,1,1,1
2024-02,ITEM_3539,303952,20.0,48.62,,1,1,1
2021-03,ITEM_3540,P000829,1.0,18.5,18.5,1,1,1
2021-09,ITEM_3540,P000829,1.0,22.85,22.85,1,1,1
2022-04,ITEM_3540,P000829,1.0,16.0,16.0,1,1,1
2022-07,ITEM_3540,P000829,1.0,18.15,18.15,1,1,1
2023-02,ITEM_3540,P000829,1.0,48.6,48.6,1,1,1
2023-05,ITEM_3541,P007900,1.0,48.45,48.45,1,1,1
2023-05,ITEM_3542,P006197,5.0,48.42,9.684,1,1,1
2021-02,ITEM_3543,P001112,12.0,42.6,3.5500000000000003,3,2,1
2021-03,ITEM_3543,P001112,6.0,19.5,3.25,1,1,1
2021-05,ITEM_3543,P001112,1.0,3.25,3.25,1,1,1
2021-07,ITEM_3543,P001112,1.0,4.0,4.0,1,1,1
2021-09,ITEM_3543,P001112,8.0,26.8,3.35,3,3,1
2021-10,ITEM_3543,P001112,2.0,6.5,3.25,1,1,1
2022-03,ITEM_3543,P001112,3.0,17.85,5.95,1,1,1
2022-04,ITEM_3543,P001112,10.0,48.4,4.84,1,1,1
2022-07,ITEM_3543,P001112,2.0,10.01,5.005,1,1,1
2022-09,ITEM_3543,P001112,4.0,20.02,5.005,1,1,1
2022-10,ITEM_3543,P001112,12.0,36.0,3.0,1,1,1
2022-11,ITEM_3543,P001112,4.0,20.02,5.005,1,1,1
2022-12,ITEM_3543,P001112,5.0,14.875,2.975,1,1,1
2023-03,ITEM_3543,P001112,3.0,15.02,5.005,1,1,1
2023-07,ITEM_3543,P001112,3.0,10.4,3.465,1,1,1
2023-08,ITEM_3543,P001112,6.0,18.53,3.0883334999999996,2,2,1
2023-10,ITEM_3543,P001112,4.0,11.4,2.85,1,1,1
2023-11,ITEM_3543,P001112,12.0,1.8,0.15,1,1,1
2023-12,ITEM_3543,P001112,1.0,3.65,3.65,1,1,1
2025-06,ITEM_3543,P001112,6.0,12.32,,2,2,1
2025-08,ITEM_3543,P001112,2.0,6.6,,1,1,1
2025-10,ITEM_3543,P001112,6.0,57.72,,4,4,1
2024-07,ITEM_3544,304355,40.0,48.4,,1,1,1
2025-04,ITEM_3545,304968,2.0,48.29,,1,1,1
2025-08,ITEM_3546,306181,9.0,48.16,,1,1,1
2025-08,ITEM_3547,304390,12.0,48.15,,1,1,1
2021-02,ITEM_3548,P000536,2.0,63.0,31.5,2,2,1
2022-01,ITEM_3550,P001537,4.0,21.6,5.4,1,1,1
2022-02,ITEM_3550,P001537,12.0,48.0,4.0,1,1,1
2022-03,ITEM_3550,P001537,12.0,25.5,2.125,1,1,1
2023-07,ITEM_3550,P001537,6.0,12.75,2.125,1,1,1
2023-09,ITEM_3550,P001537,6.0,12.0,2.0,1,1,1
2022-08,ITEM_3551,P003970,3.0,48.0,16.0,1,1,1
2023-06,ITEM_3552,P007407,2.0,48.0,24.0,1,1,1
2023-08,ITEM_3553,P006293,2.0,48.0,24.0,1,1,1
2021-03,ITEM_3554,P000952,6.0,13.5,2.25,1,1,1
2023-08,ITEM_3554,P000952,15.0,48.0,3.2,1,1,1
2021-01,ITEM_3555,P002671,6.0,24.0,4.0,1,1,1
2023-07,ITEM_3555,P002671,6.0,24.0,4.0,1,1,1
2023-11,ITEM_3555,P002671,12.0,48.0,4.0,1,1,1
2024-09,ITEM_3556,301342,50.0,48.0,,1,1,1
2025-06,ITEM_3558,305380,12.0,47.62,,1,1,1
2022-11,ITEM_3559,P004209,2.0,47.52,23.76,1,1,1
2023-11,ITEM_3560,P008169,4.0,47.44,10.88,1,1,1
2023-02,ITEM_3561,P004377,2.0,47.28,23.639,1,1,1
2021-04,ITEM_3562,P003607,100.0,47.25,0.4725,1,1,1
2023-06,ITEM_3563,P006219,1.0,47.23,47.23,1,1,1
2024-04,ITEM_3564,301912,10.0,47.21,,1,1,1
2021-08,ITEM_3566,P002777,1.0,47.2,47.2,1,1,1
2022-07,ITEM_3566,P002777,1.0,19.52,19.5195,1,1,1
2023-06,ITEM_3567,P007940,4.0,33.64,8.41,1,1,1
2023-11,ITEM_3567,P007940,4.0,47.09,10.8,1,1,1
2021-02,ITEM_3568,P001756,2.0,47.04,23.52,1,1,1
2022-06,ITEM_3568,P001756,1.0,30.0,30.0,1,1,1
2023-06,ITEM_3568,P001756,1.0,36.0,36.0,1,1,1
2021-02,ITEM_3569,P004732,50.0,47.0,0.94,1,1,1
2021-03,ITEM_3570,P002180,2.0,47.0,23.5,1,1,1
2024-04,ITEM_3571,900180,50.0,47.0,,1,1,1
2023-10,ITEM_3572,P006578,2.0,46.58,23.29,1,1,1
2021-02,ITEM_3573,P001345,18.0,46.37,2.576,1,1,1
2025-09,ITEM_3574,305030,16.0,46.24,,1,1,1
2022-01,ITEM_3575,P001302,2.0,11.0,5.5,1,1,1
2022-02,ITEM_3575,P001302,4.0,22.0,5.5,1,1,1
2023-06,ITEM_3575,P001302,6.0,46.2,7.7,1,1,1
2024-04,ITEM_3576,304131,40.0,46.2,,1,1,1
2024-04,ITEM_3577,304135,40.0,46.2,,1,1,1
2024-03,ITEM_3578,302466,50.0,46.08,,1,1,1
2025-09,ITEM_3578,302466,2.0,29.0,,1,1,1
2023-11,ITEM_3579,P002607,12.0,46.02,3.8349999999999995,1,1,1
2025-10,ITEM_3580,303946,6.0,46.0,,1,1,1
2023-10,ITEM_3581,P002845,6.0,45.9,7.650000000000001,1,1,1
2024-11,ITEM_3582,304347,59.0,45.9,,1,1,1
2025-02,ITEM_3582,304347,2.0,1.09,,1,1,1
2025-05,ITEM_3582,304347,10.0,5.47,,1,1,1
2023-05,ITEM_3583,P007888,16.0,91.68,5.73,2,1,1
2023-06,ITEM_3584,P007920,1.0,45.65,45.65,1,1,1
2024-09,ITEM_3585,304905,24.0,45.6,,1,1,1
2021-02,ITEM_3586,P002265,20.0,37.4,1.8700000000000003,1,1,1
2021-04,ITEM_3586,P002265,20.0,34.8,1.7399999999999998,1,1,1
2021-05,ITEM_3586,P002265,20.0,42.4,2.12,1,1,1
2021-08,ITEM_3586,P002265,16.0,28.8,1.8,1,1,1
2021-09,ITEM_3586,P002265,20.0,45.52,2.276,1,1,1
2022-03,ITEM_3586,P002265,10.0,22.758,2.2758,1,1,1
2022-08,ITEM_3586,P002265,10.0,21.8,2.18,1,1,1
2022-09,ITEM_3586,P002265,10.0,22.76,2.276,1,1,1
2023-02,ITEM_3586,P002265,20.0,33.6,1.6800000000000002,1,1,1
2023-04,ITEM_3586,P002265,20.0,30.56,1.528,1,1,1
2023-07,ITEM_3586,P002265,10.0,15.28,1.528,1,1,1
2023-09,ITEM_3586,P002265,6.0,9.14,1.523333,1,1,1
2023-11,ITEM_3586,P002265,8.0,11.61,1.45125,1,1,1
2025-06,ITEM_3589,306041,2.0,45.27,,1,1,1
2023-12,ITEM_3590,P008427,30.0,45.23,1.5075,1,1,1
2022-04,ITEM_3591,P004899,10.0,45.1451,4.51451,1,1,1
2023-05,ITEM_3592,P006100,13.0,45.084598,3.468046,1,1,1
2021-02,ITEM_3593,P002162,1.0,45.0,45.0,1,1,1
2021-05,ITEM_3593,P002162,1.0,45.0,45.0,1,1,1
2023-04,ITEM_3593,P002162,1.0,45.0,45.0,1,1,1
2023-08,ITEM_3593,P002162,3.0,111.9,37.300000000000004,3,3,1
2023-10,ITEM_3593,P002162,1.0,39.53,39.525,1,1,1
2021-02,ITEM_3594,P000002,18.0,45.0,2.5,1,1,1
2021-09,ITEM_3594,P000002,6.0,6.0,1.0,1,1,1
2023-08,ITEM_3594,P000002,10.0,3.51,0.351,1,1,1
2021-03,ITEM_3595,P004632,1.0,45.0,45.0,1,1,1
2021-10,ITEM_3595,P004632,1.0,38.0,38.0,1,1,1
2023-03,ITEM_3595,P004632,1.0,29.0,29.0,1,1,1
2021-04,ITEM_3596,P004197,20.0,30.0,1.5,1,1,1
2021-08,ITEM_3596,P004197,30.0,45.0,1.5,1,1,1
2023-11,ITEM_3598,P001072,10.0,45.0,4.5,1,1,1
2025-07,ITEM_3599,304033,20.0,45.0,,1,1,1
2025-10,ITEM_3600,303947,2.0,45.0,,1,1,1
2024-07,ITEM_3601,302164,6.0,45.0,,1,1,1
2024-10,ITEM_3602,300779,300.0,45.0,,1,1,1
2025-07,ITEM_3603,300908,20.0,44.96,,1,1,1
2025-08,ITEM_3603,300908,20.0,44.96,,1,1,1
2025-08,ITEM_3604,305676,8.0,44.9,,1,1,1
2023-09,ITEM_3606,P006379,1.0,44.7915,44.7915,1,1,1
2023-08,ITEM_3608,P001166,12.0,44.76,3.73,1,1,1
2024-04,ITEM_3609,304143,20.0,44.67,,1,1,1
2024-03,ITEM_3610,304088,10.0,5.55,,1,1,1
2024-04,ITEM_3610,304088,80.0,44.4,,1,1,1
2024-04,ITEM_3611,304226,10.0,16.0,,1,1,1
2024-06,ITEM_3611,304226,1.0,44.28,,1,1,1
2025-06,ITEM_3611,304226,3.0,32.46,,2,2,1
2021-10,ITEM_3612,P000340,20.0,18.77,0.9385,1,1,1
2021-11,ITEM_3612,P000340,1.0,30.8,30.8,1,1,1
2022-05,ITEM_3612,P000340,100.0,36.62,0.3662,1,1,1
2022-11,ITEM_3612,P000340,100.0,44.2,0.442,1,1,1
2023-06,ITEM_3612,P000340,100.0,16.88,0.16879999999999998,1,1,1
2023-11,ITEM_3612,P000340,50.0,22.5,0.45,1,1,1
2021-09,ITEM_3613,P003438,1.0,44.1,44.1,1,1,1
2022-01,ITEM_3614,P001349,6.0,44.050002,7.341667,1,1,1
2023-03,ITEM_3614,P001349,6.0,36.0,6.0,1,1,1
2021-02,ITEM_3615,P003305,1.0,5.2,5.198,1,1,1
2022-08,ITEM_3615,P003305,2.0,44.0,22.0,1,1,1
2023-02,ITEM_3615,P003305,2.0,27.72,13.86,1,1,1
2023-03,ITEM_3615,P003305,1.0,8.32,8.316,1,1,1
2023-08,ITEM_3616,P006296,2.0,44.0,22.0,1,1,1
2024-04,ITEM_3617,304222,10.0,10.8,,1,1,1
2025-06,ITEM_3617,304222,3.0,43.83,,1,1,1
2023-10,ITEM_3618,P006595,12.0,43.8,3.65,1,1,1
2021-04,ITEM_3619,P004733,25.0,43.75,1.75,1,1,1
2021-02,ITEM_3620,P001739,20.0,4.0,0.2,1,1,1
2023-02,ITEM_3620,P001739,6.0,43.72,7.286666999999999,1,1,1
2023-05,ITEM_3620,P001739,10.0,2.0,0.2,1,1,1
2023-03,ITEM_3621,P007301,4.0,43.68,10.92,1,1,1
2023-05,ITEM_3621,P007301,4.0,43.68,10.92,1,1,1
2023-03,ITEM_3622,P007304,4.0,43.68,10.92,1,1,1
2023-05,ITEM_3622,P007304,4.0,43.68,10.92,1,1,1
2023-11,ITEM_3623,P008383,1.0,43.61,43.605,1,1,1
2023-08,ITEM_3625,P002541,1.0,43.5,43.5,1,1,1
2023-12,ITEM_3626,P008432,6.0,43.38,7.23,1,1,1
2025-05,ITEM_3627,303207,2.0,43.36,,1,1,1
2025-05,ITEM_3628,303208,2.0,43.36,,1,1,1
2025-08,ITEM_3629,302696,8.0,43.35,,1,1,1
2022-11,ITEM_3630,P003199,8.0,43.28,5.41,1,1,1
2023-03,ITEM_3631,P007249,12.0,43.2,3.6,1,1,1
2023-06,ITEM_3632,P007922,12.0,43.2,3.6,1,1,1
2023-05,ITEM_3633,P006167,9.0,43.189002,4.798778,1,1,1
2021-04,ITEM_3634,P005810,10.0,43.0,4.3,1,1,1
2023-12,ITEM_3635,P008429,6.0,42.97,7.161666999999999,1,1,1
2021-12,ITEM_3636,P005344,2.0,42.90356,21.45178,1,1,1
2021-02,ITEM_3638,P001347,12.0,42.82,3.568,1,1,1
2022-01,ITEM_3638,P001347,8.0,26.12736,3.26592,1,1,1
2025-08,ITEM_3639,302390,10.0,42.81,,1,1,1
2025-12,ITEM_3640,305883,2.0,42.75,,1,1,1
2023-06,ITEM_3641,P004488,30.0,42.74,1.4244999999999999,1,1,1
2025-06,ITEM_3642,900330,1.0,42.73,,1,1,1
2025-10,ITEM_3643,306904,6.0,42.73,,1,1,1
2024-04,ITEM_3644,304224,20.0,42.59,,1,1,1
2025-08,ITEM_3645,304675,10.0,42.53,,1,1,1
2022-03,ITEM_3646,P002728,5.0,42.52,8.504,1,1,1
2021-03,ITEM_3647,P002820,3.0,42.5085,14.1695,1,1,1
2021-08,ITEM_3647,P002820,2.0,18.62,9.31,1,1,1
2022-01,ITEM_3647,P002820,2.0,12.93768,6.46884,1,1,1
2023-05,ITEM_3648,P006184,20.0,42.489,2.12445,1,1,1
2021-01,ITEM_3649,P000929,8.0,14.17,1.77125,1,1,1
2021-02,ITEM_3649,P000929,6.0,12.0,2.0,1,1,1
2021-03,ITEM_3649,P000929,4.0,18.0,4.5,1,1,1
2021-05,ITEM_3649,P000929,3.0,6.0,2.0,1,1,1
2021-07,ITEM_3649,P000929,3.0,6.9642,2.3214,1,1,1
2021-08,ITEM_3649,P000929,1.0,2.0,2.0,1,1,1
2021-09,ITEM_3649,P000929,5.0,9.39,1.8783999999999998,2,2,1
2022-03,ITEM_3649,P000929,19.0,38.32,2.017263157894737,8,8,1
2022-07,ITEM_3649,P000929,3.0,5.73,1.91,1,1,1
2022-08,ITEM_3649,P000929,12.0,28.589451,2.382454,3,3,1
2022-09,ITEM_3649,P000929,3.0,6.93,2.31,1,1,1
2022-11,ITEM_3649,P000929,3.0,6.93,2.31,1,1,1
2023-03,ITEM_3649,P000929,9.0,20.25,2.25,2,2,1
2023-04,ITEM_3649,P000929,5.0,12.5,2.5,2,2,1
2023-06,ITEM_3649,P000929,3.0,7.74,2.5795,1,1,1
2023-07,ITEM_3649,P000929,6.0,15.48,2.5795,1,1,1
2023-08,ITEM_3649,P000929,9.0,23.22,2.58,2,2,1
2023-09,ITEM_3649,P000929,3.0,6.9,2.3,1,1,1
2023-10,ITEM_3649,P000929,17.0,43.88,2.5808823529411766,3,3,1
2023-11,ITEM_3649,P000929,5.0,13.13,2.625,1,1,1
2025-05,ITEM_3649,P000929,3.0,7.53,,1,1,1
2025-07,ITEM_3649,P000929,8.0,22.66,,2,2,1
2025-08,ITEM_3649,P000929,6.0,6.24,,1,1,1
2025-10,ITEM_3649,P000929,12.0,18.720000000000002,,4,4,1
2025-12,ITEM_3649,P000929,3.0,42.37,,1,1,1
2023-10,ITEM_3650,P006544,6.0,42.36,7.06,1,1,1
2022-07,ITEM_3651,P002797,7.0,42.209999999999994,6.030571428571428,2,2,1
2023-03,ITEM_3651,P002797,3.0,20.4,6.8,1,1,1
2023-08,ITEM_3651,P002797,3.0,19.17,6.39,1,1,1
2023-09,ITEM_3651,P002797,2.0,10.96,5.48,1,1,1
2023-12,ITEM_3651,P002797,6.0,42.3,7.05,1,1,1
2021-03,ITEM_3652,P004853,5.0,52.85,10.57,2,1,1
2021-02,ITEM_3653,P001350,8.0,42.24,5.28,1,1,1
2022-01,ITEM_3653,P001350,6.0,30.996,5.166,1,1,1
2021-08,ITEM_3654,P000422,1.0,15.0,15.0,1,1,1
2021-09,ITEM_3654,P000422,1.0,15.0,15.0,1,1,1
2022-02,ITEM_3654,P000422,2.0,32.3,16.15,1,1,1
2022-07,ITEM_3654,P000422,2.0,28.028,14.014,1,1,1
2023-03,ITEM_3654,P000422,1.0,42.21,42.21,1,1,1
2021-03,ITEM_3655,P004165,2.0,35.0,17.5,1,1,1
2022-03,ITEM_3655,P004165,2.0,42.18,21.09,1,1,1
2022-02,ITEM_3656,P006407,4.0,42.16,10.54,1,1,1
2023-12,ITEM_3657,P008510,1.0,42.15,42.15,1,1,1
2021-05,ITEM_3658,P001023,12.0,25.872,2.156,1,1,1
2021-07,ITEM_3658,P001023,6.0,20.4,3.4,1,1,1
2022-03,ITEM_3658,P001023,12.0,42.048,3.504,1,1,1
2022-07,ITEM_3658,P001023,4.0,13.86,3.465,1,1,1
2023-06,ITEM_3658,P001023,6.0,11.55,1.925,1,1,1
2023-07,ITEM_3658,P001023,6.0,11.55,1.925,1,1,1
2023-09,ITEM_3658,P001023,6.0,15.3,2.55,1,1,1
2021-03,ITEM_3659,P001244,1.0,42.0,42.0,1,1,1
2021-04,ITEM_3660,P001160,100.0,70.0,0.7,2,1,1
2023-08,ITEM_3660,P001160,12.0,9.96,0.83,1,1,1
2021-05,ITEM_3661,P001753,1.0,42.0,42.0,1,1,1
2022-04,ITEM_3662,P003759,120.0,42.0,0.35,1,1,1
2023-02,ITEM_3663,P005855,1.0,42.0,42.0,1,1,1
2023-05,ITEM_3665,P006126,2.0,42.0,21.0,1,1,1
2023-06,ITEM_3666,P000821,15.0,42.0,2.8,1,1,1
2023-09,ITEM_3667,P008258,2.0,42.0,21.0,1,1,1
2023-12,ITEM_3668,P008459,3.0,42.0,14.0,1,1,1
2021-02,ITEM_3669,P001757,2.0,7.0,3.5,1,1,1
2023-12,ITEM_3669,P001757,6.0,42.0,7.0,1,1,1
2024-07,ITEM_3670,301514,5.0,42.0,,1,1,1
2023-12,ITEM_3671,P008537,1.0,41.95,41.95,1,1,1
2022-02,ITEM_3672,P004387,2.0,41.94,20.97,1,1,1
2024-04,ITEM_3673,301085,20.0,41.9,,1,1,1
2025-07,ITEM_3673,301085,5.0,22.05,,1,1,1
2025-08,ITEM_3674,306785,4.0,41.85,,1,1,1
2021-03,ITEM_3675,P005374,2.0,41.8,20.9,1,1,1
2023-07,ITEM_3676,P006251,2.0,41.6,20.8,1,1,1
2022-02,ITEM_3677,P001701,20.0,41.4,2.07,1,1,1
2023-02,ITEM_3677,P001701,20.0,24.8,1.24,1,1,1
2023-12,ITEM_3677,P001701,12.0,20.25,1.6875,1,1,1
2025-06,ITEM_3678,304031,2.0,41.4,,1,1,1
2023-05,ITEM_3679,P006105,1.0,41.3346,41.3346,1,1,1
2025-06,ITEM_3680,305369,6.0,41.29,,1,1,1
2025-06,ITEM_3681,306021,6.0,41.29,,1,1,1
2025-08,ITEM_3682,304704,24.0,41.28,,1,1,1
2024-04,ITEM_3683,900179,50.0,41.25,,1,1,1
2025-06,ITEM_3684,306028,1.0,41.18,,1,1,1
2021-04,ITEM_3685,P005128,1.0,41.12,41.12,1,1,1
2025-05,ITEM_3686,302437,4.0,10.129999999999999,,2,2,1
2025-06,ITEM_3686,302437,4.0,21.49,,1,1,1
2025-07,ITEM_3686,302437,3.0,41.11,,1,1,1
2025-10,ITEM_3686,302437,19.0,67.02,,5,5,1
2025-12,ITEM_3686,302437,6.0,1.28,,1,1,1
2023-03,ITEM_3687,P007315,2.0,41.1,20.55,1,1,1
2023-05,ITEM_3687,P007315,2.0,41.1,20.55,1,1,1
2025-06,ITEM_3688,304602,2.0,41.0,,1,1,1
2021-01,ITEM_3689,P003815,24.0,40.8,1.7,1,1,1
2025-08,ITEM_3690,306267,2.0,81.59,,2,1,1
2025-08,ITEM_3691,306288,2.0,81.59,,2,1,1
2025-06,ITEM_3692,305472,6.0,40.6,,1,1,1
2025-06,ITEM_3693,305989,3.0,40.6,,1,1,1
2021-08,ITEM_3694,P000651,12.0,18.24,1.5200000000000002,1,1,1
2022-04,ITEM_3694,P000651,10.0,15.2,1.52,1,1,1
2022-06,ITEM_3694,P000651,1.0,1.59,1.59,1,1,1
2022-09,ITEM_3694,P000651,6.0,8.814874,1.469146,1,1,1
2023-01,ITEM_3694,P000651,10.0,19.12,1.9119999999999997,1,1,1
2023-08,ITEM_3694,P000651,6.0,13.5,2.25,1,1,1
2023-10,ITEM_3694,P000651,10.0,22.5,2.25,1,1,1
2023-11,ITEM_3694,P000651,10.0,19.04,1.904,1,1,1
2025-05,ITEM_3694,P000651,1.0,1.7,,1,1,1
2025-06,ITEM_3694,P000651,12.0,40.56,,1,1,1
2021-06,ITEM_3695,P000925,2.0,31.38,15.69,1,1,1
2021-08,ITEM_3695,P000925,2.0,29.72,14.861,1,1,1
2021-10,ITEM_3695,P000925,2.0,29.722,14.861,1,1,1
2023-03,ITEM_3695,P000925,1.0,19.12,19.1172,1,1,1
2023-10,ITEM_3695,P000925,2.0,40.51,20.255,1,1,1
2023-12,ITEM_3696,P008430,20.0,40.5,2.025,1,1,1
2025-08,ITEM_3697,302301,3.0,40.48,,1,1,1
2023-09,ITEM_3698,P000685,8.0,53.91,6.73874975,2,2,1
2023-11,ITEM_3698,P000685,1.0,10.5,10.5,1,1,1
2023-09,ITEM_3699,P004989,2.0,40.32,20.16,1,1,1
2025-02,ITEM_3700,305952,1.0,40.26,,1,1,1
2025-07,ITEM_3701,301797,1.0,40.2,,1,1,1
2024-07,ITEM_3702,304648,2.0,40.14,,1,1,1
2022-11,ITEM_3703,P002372,18.0,40.019994,2.223333,1,1,1
2021-01,ITEM_3705,P000988,5.0,41.8,8.36,2,2,1
2021-02,ITEM_3705,P000988,9.0,54.64,6.071422222222222,2,1,1
2021-07,ITEM_3705,P000988,3.0,10.9821,3.6607,1,1,1
2021-08,ITEM_3705,P000988,3.0,10.9821,3.6607,1,1,1
2021-11,ITEM_3705,P000988,3.0,10.9821,3.6607,1,1,1
2022-03,ITEM_3705,P000988,7.0,50.96000000000001,7.2788571428571425,7,7,1
2022-10,ITEM_3705,P000988,2.0,15.246,7.623,1,1,1
2023-03,ITEM_3705,P000988,2.0,15.25,7.625,1,1,1
2021-03,ITEM_3706,P001225,1.0,40.0,40.0,1,1,1
2021-04,ITEM_3707,P000533,2.0,40.0,20.0,1,1,1
2021-04,ITEM_3708,P000161,13.0,56.5,4.346153846153846,3,3,1
2021-11,ITEM_3708,P000161,3.0,15.0,5.0,1,1,1
2022-03,ITEM_3708,P000161,6.0,24.0,4.0,3,3,1
2022-07,ITEM_3708,P000161,3.0,15.0,5.0,1,1,1
2022-11,ITEM_3708,P000161,1.0,3.5,3.5,1,1,1
2023-09,ITEM_3708,P000161,6.0,17.4,2.9,1,1,1
2021-05,ITEM_3709,P001346,8.0,40.0,5.0,1,1,1
2021-08,ITEM_3709,P001346,1.0,4.982,4.982,1,1,1
2022-07,ITEM_3709,P001346,1.0,5.0,5.0,1,1,1
2022-03,ITEM_3710,P003040,5.0,40.0,8.0,1,1,1
2023-04,ITEM_3711,P001374,2.0,40.0,20.0,1,1,1
2022-10,ITEM_3712,P002135,1.0,35.0,35.0,1,1,1
2023-06,ITEM_3712,P002135,1.0,40.0,40.0,1,1,1
2021-02,ITEM_3713,P000220,4.0,30.0,7.5,1,1,1
2022-10,ITEM_3713,P000220,4.0,34.34,8.5855,1,1,1
2023-10,ITEM_3713,P000220,4.0,40.0,10.0,1,1,1
2023-11,ITEM_3714,P006537,4.0,40.0,10.0,1,1,1
2024-07,ITEM_3715,304479,6.0,40.0,,1,1,1
2024-09,ITEM_3716,301591,4.0,40.0,,1,1,1
2024-09,ITEM_3717,304903,1.0,39.84,,1,1,1
2023-05,ITEM_3718,P005981,80.0,39.757,0.49696299999999993,1,1,1
2025-09,ITEM_3719,306374,3.0,39.7,,1,1,1
2023-11,ITEM_3720,P008217,8.0,78.57,9.010000000000002,2,2,1
2023-02,ITEM_3721,P007219,2.0,28.64,14.32,1,1,1
2023-11,ITEM_3721,P007219,2.0,39.46,18.1,1,1,1
2025-05,ITEM_3722,304439,4.0,78.68,,2,2,1
2025-06,ITEM_3724,305962,12.0,39.22,,1,1,1
2025-06,ITEM_3725,306013,1.0,39.22,,1,1,1
2022-07,ITEM_3726,P006846,2.0,34.1,17.05,1,1,1
2023-04,ITEM_3726,P006846,2.0,39.02,19.51,1,1,1
2023-12,ITEM_3726,P006846,1.0,20.08,20.08,1,1,1
2021-06,ITEM_3727,P000157,1.0,31.17,31.17,1,1,1
2021-10,ITEM_3727,P000157,1.0,39.0,39.0,1,1,1
2021-12,ITEM_3728,P001547,6.0,10.8,1.8,1,1,1
2022-03,ITEM_3728,P001547,12.0,39.0,3.25,1,1,1
2022-06,ITEM_3728,P001547,6.0,22.44,3.74,1,1,1
2022-10,ITEM_3728,P001547,12.0,30.12,2.51,1,1,1
2023-04,ITEM_3728,P001547,6.0,6.432,1.072,1,1,1
2021-02,ITEM_3729,P000602,4.0,30.6,7.65,1,1,1
2021-03,ITEM_3729,P000602,2.0,28.0,14.0,1,1,1
2022-04,ITEM_3729,P000602,6.0,39.0,6.5,1,1,1
2021-03,ITEM_3730,P003474,3.0,38.994,12.998,1,1,1
2021-04,ITEM_3731,P002088,14.0,19.86,1.4184,1,1,1
2023-07,ITEM_3731,P002088,54.0,56.555302999999995,1.0473205555555556,2,1,1
2023-08,ITEM_3731,P002088,16.0,38.88,2.43,1,1,1
2023-06,ITEM_3732,P000225,3.0,38.85,12.949999999999998,1,1,1
2023-09,ITEM_3733,P008284,4.0,154.44,38.61,4,4,1
2021-04,ITEM_3734,P001126,100.0,21.0,0.21,2,1,1
2021-05,ITEM_3734,P001126,100.0,35.0,0.35,1,1,1
2021-06,ITEM_3734,P001126,70.0,38.5,0.55,1,1,1
2022-05,ITEM_3734,P001126,50.0,22.5,0.45,1,1,1
2022-06,ITEM_3734,P001126,40.0,13.2,0.33,1,1,1
2025-06,ITEM_3735,305990,4.0,38.27,,1,1,1
2025-06,ITEM_3736,306095,8.0,38.27,,1,1,1
2021-02,ITEM_3737,P000368,15.0,38.25,2.55,1,1,1
2023-03,ITEM_3738,P007267,10.0,38.2,3.8199999999999994,1,1,1
2023-05,ITEM_3738,P007267,10.0,38.2,3.8199999999999994,1,1,1
2025-08,ITEM_3739,306219,12.0,76.22999999999999,,2,1,1
2022-08,ITEM_3740,P007007,1.0,38.0,38.0,1,1,1
2021-01,ITEM_3741,P000805,10.0,7.5,0.75,1,1,1
2021-02,ITEM_3741,P000805,30.0,40.86,1.3619999999999999,2,2,1
2021-03,ITEM_3741,P000805,48.0,29.450000000000003,0.613625,3,2,1
2021-05,ITEM_3741,P000805,4.0,3.0,0.75,1,1,1
2021-07,ITEM_3741,P000805,12.0,9.0,0.75,1,1,1
2021-08,ITEM_3741,P000805,22.0,14.415000000000001,0.6552272727272728,2,2,1
2021-09,ITEM_3741,P000805,18.0,13.5,0.75,2,2,1
2021-10,ITEM_3741,P000805,14.0,38.0,2.7142857142857144,2,2,1
2021-11,ITEM_3741,P000805,24.0,13.44,0.56,1,1,1
2022-03,ITEM_3741,P000805,156.0,105.73,0.6778461538461537,7,7,1
2022-04,ITEM_3741,P000805,24.0,14.779992,0.615833,1,1,1
2022-05,ITEM_3741,P000805,20.0,12.32,0.616,1,1,1
2022-10,ITEM_3741,P000805,20.0,38.0,1.9,1,1,1
2022-11,ITEM_3741,P000805,32.0,34.09,1.0653125,2,2,1
2023-01,ITEM_3741,P000805,10.0,10.0,1.0,1,1,1
2023-02,ITEM_3741,P000805,24.0,20.328,0.847,1,1,1
2023-03,ITEM_3741,P000805,34.0,33.24,0.9776470588235294,3,3,1
2023-04,ITEM_3741,P000805,10.0,8.47,0.8469999999999999,1,1,1
2023-05,ITEM_3741,P000805,38.0,45.246,1.1906842105263156,2,2,1
2023-06,ITEM_3741,P000805,18.0,15.249996,0.847222,1,1,1
2023-07,ITEM_3741,P000805,12.0,9.0,0.75,1,1,1
2023-08,ITEM_3741,P000805,20.0,15.0,0.75,1,1,1
2023-09,ITEM_3741,P000805,6.0,5.1,0.85,1,1,1
2023-10,ITEM_3741,P000805,8.0,6.8,0.85,1,1,1
2023-11,ITEM_3741,P000805,28.0,23.3,0.8321428571428572,2,2,1
2025-07,ITEM_3741,P000805,10.0,7.79,,1,1,1
2023-05,ITEM_3742,P006055,1.0,37.9946,37.9946,1,1,1
2023-05,ITEM_3743,P006065,35.0,37.834615,1.080989,1,1,1
2025-08,ITEM_3744,300880,20.0,37.82,,1,1,1
2025-06,ITEM_3745,400065,4.0,37.65,,1,1,1
2021-01,ITEM_3746,P000986,1.0,9.8,9.8,1,1,1
2021-02,ITEM_3746,P000986,6.0,21.9614,3.6607,2,2,1
2021-05,ITEM_3746,P000986,4.0,37.6,9.4,1,1,1
2021-08,ITEM_3746,P000986,2.0,7.3214,3.6607,1,1,1
2022-03,ITEM_3746,P000986,6.0,50.25,8.375,4,4,1
2023-11,ITEM_3746,P000986,9.0,57.03,6.336666666666667,2,2,1
2023-12,ITEM_3746,P000986,5.0,37.5,7.5,1,1,1
2025-06,ITEM_3746,P000986,2.0,7.2,,1,1,1
2025-12,ITEM_3746,P000986,2.0,21.0,,1,1,1
2021-01,ITEM_3747,P000987,1.0,9.8,9.8,1,1,1
2021-02,ITEM_3747,P000987,4.0,14.64,3.6607,1,1,1
2021-05,ITEM_3747,P000987,4.0,37.6,9.4,1,1,1
2021-06,ITEM_3747,P000987,4.0,14.64,3.6607,1,1,1
2021-07,ITEM_3747,P000987,7.0,24.376800000000003,3.4828,2,2,1
2021-08,ITEM_3747,P000987,2.0,7.3214,3.6607,1,1,1
2021-11,ITEM_3747,P000987,3.0,10.9821,3.6607,1,1,1
2022-03,ITEM_3747,P000987,7.0,50.96000000000001,7.2788571428571425,7,7,1
2023-03,ITEM_3747,P000987,2.0,15.25,7.625,1,1,1
2023-08,ITEM_3747,P000987,4.0,37.28,9.32,1,1,1
2023-11,ITEM_3747,P000987,9.0,57.03,6.336666666666667,2,2,1
2025-06,ITEM_3748,305997,7.0,37.59,,1,1,1
2025-04,ITEM_3749,304971,2.0,37.53,,1,1,1
2021-02,ITEM_3750,P000873,3.0,37.5,12.5,1,1,1
2021-04,ITEM_3751,P001579,1.0,9.6,9.6,1,1,1
2021-11,ITEM_3751,P001579,2.0,16.4,8.2,1,1,1
2022-04,ITEM_3751,P001579,2.0,20.448,10.224,1,1,1
2022-06,ITEM_3751,P001579,1.0,11.2,11.2,1,1,1
2022-12,ITEM_3751,P001579,2.0,21.6,10.8,2,2,1
2023-08,ITEM_3751,P001579,2.0,21.6,10.8,1,1,1
2023-10,ITEM_3751,P001579,1.0,11.48,11.48,1,1,1
2023-11,ITEM_3751,P001579,2.0,37.5,18.75,1,1,1
2021-11,ITEM_3752,P001576,2.0,9.83,4.915,1,1,1
2022-04,ITEM_3752,P001576,2.0,12.592,6.296,1,1,1
2022-06,ITEM_3752,P001576,1.0,7.2,7.2,1,1,1
2023-11,ITEM_3752,P001576,2.0,37.5,18.75,1,1,1
2021-04,ITEM_3753,P005129,1.0,37.49,37.49,1,1,1
2025-08,ITEM_3754,300898,20.0,37.44,,1,1,1
2025-12,ITEM_3755,305885,2.0,57.629999999999995,,2,1,1
2023-04,ITEM_3756,P007252,2.0,37.32,18.66,1,1,1
2023-12,ITEM_3756,P007252,1.0,19.21,19.21,1,1,1
2023-02,ITEM_3757,P000747,12.0,37.2,3.1,1,1,1
2025-02,ITEM_3758,305928,8.0,37.2,,1,1,1
2025-03,ITEM_3758,305928,8.0,37.2,,1,1,1
2024-04,ITEM_3759,304144,20.0,36.97,,1,1,1
2022-03,ITEM_3760,P001022,12.0,36.96,3.08,1,1,1
2022-07,ITEM_3760,P001022,4.0,12.32,3.08,1,1,1
2023-02,ITEM_3760,P001022,10.0,16.0,1.6,1,1,1
2021-02,ITEM_3761,P000168,4.0,12.0,3.0,1,1,1
2021-04,ITEM_3761,P000168,4.0,12.0,3.0,1,1,1
2021-08,ITEM_3761,P000168,6.0,21.0,3.5,1,1,1
2022-04,ITEM_3761,P000168,6.0,18.0,3.0,1,1,1
2023-07,ITEM_3761,P000168,12.0,36.96,3.08,1,1,1
2023-10,ITEM_3761,P000168,6.0,21.0,3.5,1,1,1
2021-06,ITEM_3762,P000923,2.0,30.0,15.0,1,1,1
2021-08,ITEM_3762,P000923,2.0,30.03,15.015,1,1,1
2021-10,ITEM_3762,P000923,2.0,30.03,15.015,1,1,1
2023-03,ITEM_3762,P000923,2.0,29.9,14.9504,2,2,1
2023-10,ITEM_3762,P000923,2.0,36.75,18.375,1,1,1
2022-11,ITEM_3763,P003194,24.0,36.72,1.53,1,1,1
2024-07,ITEM_3764,302163,20.0,36.48,,1,1,1
2024-07,ITEM_3765,301218,2.0,36.23,,1,1,1
2021-04,ITEM_3767,P002603,20.0,36.0,1.8,1,1,1
2021-05,ITEM_3768,P005180,8.0,36.0,4.5,1,1,1
2021-09,ITEM_3769,P000004,6.0,36.0,6.0,1,1,1
2022-07,ITEM_3770,P006964,24.0,36.0,1.5,1,1,1
2022-12,ITEM_3771,P004614,1.0,36.0,36.0,1,1,1
2023-05,ITEM_3772,P006125,2.0,36.0,18.0,1,1,1
2023-05,ITEM_3773,P006127,1.0,36.0,36.0,1,1,1
2021-12,ITEM_3774,P001021,6.0,6.3,1.05,1,1,1
2022-03,ITEM_3774,P001021,12.0,27.0,2.25,1,1,1
2022-10,ITEM_3774,P001021,12.0,30.0,2.5,1,1,1
2023-02,ITEM_3774,P001021,10.0,13.0,1.3,1,1,1
2023-04,ITEM_3774,P001021,6.0,10.8,1.8,1,1,1
2023-07,ITEM_3774,P001021,10.0,15.4,1.54,1,1,1
2023-09,ITEM_3774,P001021,12.0,36.0,3.0,1,1,1
2023-12,ITEM_3775,P008455,2.0,36.0,18.0,1,1,1
2023-05,ITEM_3776,P005974,24.0,35.837,1.493208,1,1,1
2021-04,ITEM_3777,P005817,3.0,35.79,11.93,1,1,1
2025-05,ITEM_3778,301585,3.0,5.37,,1,1,1
2025-07,ITEM_3778,301585,9.0,8.4,,2,2,1
2025-08,ITEM_3778,301585,5.0,35.78,,1,1,1
2025-12,ITEM_3778,301585,6.0,8.0,,1,1,1
2021-09,ITEM_3779,P002121,3.0,35.7,11.9,1,1,1
2023-02,ITEM_3780,P007260,1.0,35.66,35.66,1,1,1
2023-03,ITEM_3781,P007305,2.0,35.66,17.83,1,1,1
2023-05,ITEM_3781,P007305,2.0,35.66,17.83,1,1,1
2025-04,ITEM_3782,304966,2.0,35.66,,1,1,1
2023-04,ITEM_3783,P007253,2.0,35.62,17.81,1,1,1
2023-05,ITEM_3784,P005709,30.0,35.614,1.187133,1,1,1
2025-05,ITEM_3786,304345,4.0,23.63,,1,1,1
2025-07,ITEM_3786,304345,10.0,59.06999999999999,,2,2,1
2025-08,ITEM_3786,304345,2.0,11.81,,1,1,1
2024-04,ITEM_3787,301589,30.0,35.44,,1,1,1
2024-04,ITEM_3788,301588,30.0,35.44,,1,1,1
2025-09,ITEM_3790,306370,1.0,35.34,,1,1,1
2023-05,ITEM_3791,P006085,2.0,35.3046,17.6523,1,1,1
2023-05,ITEM_3792,P006101,2.0,35.3046,17.6523,1,1,1
2021-05,ITEM_3793,P000102,1.0,7.7,7.7,1,1,1
2021-06,ITEM_3793,P000102,2.0,18.5,9.25,1,1,1
2022-04,ITEM_3793,P000102,2.0,35.2,17.6,1,1,1
2022-09,ITEM_3793,P000102,1.0,10.3565,10.3565,1,1,1
2023-08,ITEM_3793,P000102,1.0,11.0,11.0,1,1,1
2023-10,ITEM_3795,P006589,20.0,35.2,1.7600000000000002,1,1,1
2023-05,ITEM_3796,P005978,48.0,35.117,0.731604,1,1,1
2021-03,ITEM_3797,P000793,1.0,1.6,1.6,1,1,1
2021-12,ITEM_3797,P000793,12.0,27.0,2.25,1,1,1
2022-03,ITEM_3797,P000793,24.0,17.556,0.7315,1,1,1
2022-04,ITEM_3797,P000793,48.0,35.112,0.7315,1,1,1
2023-03,ITEM_3797,P000793,1.0,2.8,2.8,1,1,1
2023-08,ITEM_3797,P000793,24.0,14.4,0.6,1,1,1
2023-10,ITEM_3797,P000793,1.0,2.5,2.5,1,1,1
2023-08,ITEM_3798,P006352,24.0,35.110008,1.462917,1,1,1
2023-08,ITEM_3799,P008164,6.0,35.1,5.849999999999999,1,1,1
2025-08,ITEM_3800,302520,2.0,35.07,,1,1,1
2021-01,ITEM_3801,P003396,1.0,35.0,35.0,1,1,1
2021-05,ITEM_3802,P000835,1.0,35.0,35.0,1,1,1
2021-06,ITEM_3802,P000835,1.0,23.0,23.0,1,1,1
2021-10,ITEM_3802,P000835,1.0,20.4,20.4,1,1,1
2022-03,ITEM_3802,P000835,1.0,22.0,22.0,1,1,1
2022-07,ITEM_3802,P000835,1.0,27.5275,27.5275,1,1,1
2023-01,ITEM_3802,P000835,1.0,20.4,20.4,1,1,1
2023-03,ITEM_3802,P000835,1.0,27.53,27.53,1,1,1
2023-05,ITEM_3802,P000835,1.0,27.5275,27.5275,1,1,1
2023-08,ITEM_3802,P000835,1.0,27.53,27.53,1,1,1
2022-01,ITEM_3803,P002885,2.0,35.0,17.5,1,1,1
2023-03,ITEM_3804,P000093,10.0,35.0,3.5,1,1,1
2024-10,ITEM_3805,300769,5.0,34.92,,1,1,1
2021-01,ITEM_3806,P002107,2.0,53.2,26.6,2,1,1
2021-02,ITEM_3806,P002107,1.0,6.0,6.0,1,1,1
2023-06,ITEM_3806,P002107,2.0,5.6,2.8,1,1,1
2024-07,ITEM_3807,301126,30.0,3.26,,1,1,1
2025-03,ITEM_3807,301126,4.0,5.81,,1,1,1
2025-09,ITEM_3807,301126,30.0,34.87,,1,1,1
2025-12,ITEM_3807,301126,2.0,23.09,,1,1,1
2022-11,ITEM_3808,P006650,2.0,34.82,17.41,1,1,1
2021-06,ITEM_3809,P001507,5.0,17.5,3.5,1,1,1
2021-07,ITEM_3809,P001507,5.0,34.75,6.95,1,1,1
2022-02,ITEM_3809,P001507,5.0,17.8,3.56,1,1,1
2022-04,ITEM_3809,P001507,4.0,16.744,4.186,1,1,1
2022-11,ITEM_3809,P001507,8.0,42.83,5.3535,2,2,1
2022-12,ITEM_3809,P001507,5.0,17.85,3.5699999999999994,1,1,1
2023-03,ITEM_3809,P001507,2.0,10.0,5.0,1,1,1
2023-04,ITEM_3809,P001507,6.0,30.0,5.0,1,1,1
2023-07,ITEM_3809,P001507,10.0,37.625,3.7625,2,2,1
2023-08,ITEM_3809,P001507,5.0,16.45,3.29,1,1,1
2023-09,ITEM_3809,P001507,5.0,22.5,4.5,1,1,1
2023-10,ITEM_3809,P001507,5.0,25.0,5.0,1,1,1
2025-09,ITEM_3810,305016,8.0,34.7,,1,1,1
2023-12,ITEM_3811,P003036,2.0,34.58,17.29,1,1,1
2025-08,ITEM_3812,300914,20.0,34.56,,1,1,1
2022-12,ITEM_3813,P007075,3.0,34.5,11.5,1,1,1
2021-02,ITEM_3814,P000171,3.0,10.4,3.465,1,1,1
2021-04,ITEM_3814,P000171,4.0,21.05,5.2625,1,1,1
2022-04,ITEM_3814,P000171,5.0,17.315,3.463,1,1,1
2022-12,ITEM_3814,P000171,2.0,21.0,10.5,1,1,1
2023-07,ITEM_3814,P000171,6.0,27.72,4.62,1,1,1
2025-07,ITEM_3814,P000171,10.0,34.29,,1,1,1
2021-03,ITEM_3815,P003689,6.0,34.2,5.7,1,1,1
2021-05,ITEM_3816,P005178,4.0,34.2,8.55,1,1,1
2021-02,ITEM_3817,P000407,1.0,3.43,3.427,1,1,1
2021-03,ITEM_3817,P000407,5.0,28.2,5.64,2,2,1
2021-05,ITEM_3817,P000407,6.0,41.757999999999996,6.959666666666666,3,3,1
2021-07,ITEM_3817,P000407,3.0,10.5,3.5,1,1,1
2021-08,ITEM_3817,P000407,12.0,42.0,3.5,4,4,1
2021-09,ITEM_3817,P000407,1.0,3.42,3.417,1,1,1
2021-10,ITEM_3817,P000407,5.0,20.0,4.0,1,1,1
2021-11,ITEM_3817,P000407,2.0,2.0,1.0,1,1,1
2021-12,ITEM_3817,P000407,2.0,8.5,4.25,1,1,1
2022-04,ITEM_3817,P000407,4.0,15.32,3.83,1,1,1
2022-05,ITEM_3817,P000407,4.0,16.59,4.1475,2,2,1
2022-07,ITEM_3817,P000407,2.0,8.932,4.466,1,1,1
2022-08,ITEM_3817,P000407,4.0,23.2,5.8,1,1,1
2022-09,ITEM_3817,P000407,2.0,8.932,4.466,1,1,1
2022-10,ITEM_3817,P000407,4.0,18.0,4.5,1,1,1
2022-11,ITEM_3817,P000407,14.0,58.760000000000005,4.197357142857144,4,3,1
2023-01,ITEM_3817,P000407,1.0,4.11,4.11,1,1,1
2023-02,ITEM_3817,P000407,5.0,26.25,5.2504,2,2,1
2023-03,ITEM_3817,P000407,14.0,70.94,5.067142785714286,5,5,1
2023-06,ITEM_3817,P000407,4.0,16.36,4.09,1,1,1
2023-09,ITEM_3817,P000407,2.0,11.4,5.7,1,1,1
2023-10,ITEM_3817,P000407,11.0,58.900000000000006,5.354545454545455,3,3,1
2023-11,ITEM_3817,P000407,2.0,9.7,4.85,1,1,1
2023-12,ITEM_3817,P000407,2.0,10.0,5.0,1,1,1
2021-06,ITEM_3818,P000511,6.0,34.08,5.68,1,1,1
2023-08,ITEM_3818,P000511,12.0,60.6,5.05,2,1,1
2023-07,ITEM_3819,P003888,4.0,32.528,7.6,1,1,1
2023-10,ITEM_3819,P003888,4.0,34.04,8.51,1,1,1
2023-11,ITEM_3819,P003888,4.0,19.12,4.78,1,1,1
2022-12,ITEM_3820,P002683,100.0,34.034,0.34034,1,1,1
2023-06,ITEM_3821,P007903,1.0,34.02,34.02,1,1,1
2023-06,ITEM_3822,P007902,1.0,34.02,34.02,1,1,1
2021-01,ITEM_3823,P004186,2.0,34.0,17.0,1,1,1
2021-07,ITEM_3824,P005683,4.0,34.0,8.5,1,1,1
2021-03,ITEM_3825,P000023,9.0,4.95,0.55,1,1,1
2021-06,ITEM_3825,P000023,20.0,11.0,0.55,1,1,1
2021-09,ITEM_3825,P000023,6.0,3.3,0.55,1,1,1
2022-03,ITEM_3825,P000023,40.0,67.264,1.6816000000000002,3,3,1
2022-04,ITEM_3825,P000023,10.0,7.7,0.77,1,1,1
2022-05,ITEM_3825,P000023,3.0,2.31,0.77,1,1,1
2022-07,ITEM_3825,P000023,12.0,23.4,1.95,1,1,1
2022-10,ITEM_3825,P000023,10.0,7.7,0.77,1,1,1
2022-11,ITEM_3825,P000023,24.0,17.64,0.735,2,2,1
2023-03,ITEM_3825,P000023,20.0,23.7,1.185,2,2,1
2023-04,ITEM_3825,P000023,10.0,5.9,0.59,1,1,1
2023-05,ITEM_3825,P000023,6.0,13.8,2.3,1,1,1
2023-07,ITEM_3825,P000023,15.0,11.55,0.77,1,1,1
2023-08,ITEM_3825,P000023,18.0,13.86,0.77,1,1,1
2023-09,ITEM_3825,P000023,24.0,13.302800000000001,0.5542834999999999,2,2,1
2023-10,ITEM_3825,P000023,32.0,18.590004,0.580937625,2,2,1
2023-11,ITEM_3825,P000023,10.0,7.5,0.75,1,1,1
2023-02,ITEM_3826,P007261,2.0,34.0,17.0,1,1,1
2024-07,ITEM_3827,304360,20.0,33.98,,1,1,1
2022-08,ITEM_3828,P005666,100.0,33.97,0.3397,1,1,1
2024-04,ITEM_3829,304202,20.0,33.92,,1,1,1
2021-02,ITEM_3830,P005589,1.0,33.89,33.89,1,1,1
2021-04,ITEM_3831,P000802,4.0,28.08,7.02,1,1,1
2023-12,ITEM_3831,P000802,10.0,33.8,3.38,1,1,1
2023-02,ITEM_3832,P000905,2.0,33.77,16.885,1,1,1
2021-05,ITEM_3833,P005184,3.0,33.75,11.25,1,1,1
2023-06,ITEM_3834,P006225,1.0,33.75,33.75,1,1,1
2022-03,ITEM_3835,P001024,24.0,61.332,2.5555,2,2,1
2022-03,ITEM_3836,P001026,12.0,33.732,2.811,1,1,1
2023-02,ITEM_3836,P001026,10.0,12.5,1.25,1,1,1
2022-03,ITEM_3837,P001030,12.0,33.732,2.811,1,1,1
2025-08,ITEM_3838,306424,6.0,33.68,,1,1,1
2021-05,ITEM_3839,P000904,1.0,2.75,2.75,1,1,1
2021-07,ITEM_3839,P000904,2.0,4.774,2.387,1,1,1
2023-02,ITEM_3839,P000904,2.0,33.65,16.825,1,1,1
2025-08,ITEM_3840,305679,12.0,67.28999999999999,,2,1,1
2022-02,ITEM_3841,P000301,12.0,33.6,2.7999999999999994,1,1,1
2021-02,ITEM_3842,P002419,12.0,6.93,0.5775,1,1,1
2021-03,ITEM_3842,P002419,10.0,7.5,0.75,1,1,1
2021-05,ITEM_3842,P002419,12.0,7.96,0.6633333333333333,2,2,1
2021-06,ITEM_3842,P002419,60.0,40.230000000000004,0.6705000000000001,2,1,1
2021-09,ITEM_3842,P002419,12.0,6.94,0.578,1,1,1
2021-10,ITEM_3842,P002419,18.0,11.8,0.6555555555555556,2,2,1
2021-11,ITEM_3842,P002419,4.0,3.0,0.75,1,1,1
2022-03,ITEM_3842,P002419,48.0,33.6,0.6999999999999998,1,1,1
2022-05,ITEM_3842,P002419,24.0,14.4,0.6,1,1,1
2022-09,ITEM_3842,P002419,12.0,7.86,0.65527,1,1,1
2022-10,ITEM_3842,P002419,24.0,15.71,0.6545,1,1,1
2022-11,ITEM_3842,P002419,24.0,20.33,0.847,1,1,1
2023-02,ITEM_3842,P002419,36.0,30.5,0.847,4,4,1
2023-03,ITEM_3842,P002419,24.0,20.33,0.847083,1,1,1
2023-05,ITEM_3842,P002419,12.0,10.16,0.847,1,1,1
2023-08,ITEM_3842,P002419,12.0,10.16,0.846667,1,1,1
2023-10,ITEM_3842,P002419,6.0,4.95,0.8249999999999998,1,1,1
2023-11,ITEM_3842,P002419,18.0,13.95,0.7749999999999999,3,2,1
2022-08,ITEM_3843,P000255,20.0,33.52,1.6759999999999997,1,1,1
2021-07,ITEM_3844,P000903,2.0,4.158,2.079,1,1,1
2022-11,ITEM_3844,P000903,2.0,3.773,1.8865,1,1,1
2023-02,ITEM_3844,P000903,2.0,33.51,16.755,1,1,1
2022-03,ITEM_3845,P005047,16.0,48.110676,3.0069172500000003,2,1,1
2021-04,ITEM_3847,P001308,6.0,29.94,4.99,1,1,1
2023-12,ITEM_3847,P001308,2.0,33.4,16.7,1,1,1
2023-10,ITEM_3848,P006560,1.0,33.29,33.29,1,1,1
2022-03,ITEM_3849,P000024,24.0,33.264,1.386,1,1,1
2022-05,ITEM_3849,P000024,3.0,4.16,1.386,1,1,1
2023-02,ITEM_3849,P000024,1.0,2.9,2.9,1,1,1
2023-08,ITEM_3849,P000024,18.0,22.176,1.232,1,1,1
2023-10,ITEM_3849,P000024,8.0,10.8,1.35,1,1,1
2024-04,ITEM_3850,304029,60.0,4.73,,1,1,1
2025-05,ITEM_3850,304029,8.0,6.26,,2,2,1
2025-06,ITEM_3850,304029,5.0,23.11,,1,1,1
2025-07,ITEM_3850,304029,4.0,33.18,,1,1,1
2025-12,ITEM_3850,304029,3.0,29.88,,1,1,1
2025-05,ITEM_3851,305634,5.0,33.15,,1,1,1
2022-10,ITEM_3852,P005764,4.0,33.04,8.26,1,1,1
2021-03,ITEM_3853,P000921,1.0,13.85,13.85,1,1,1
2021-08,ITEM_3853,P000921,2.0,26.95,13.475,1,1,1
2021-10,ITEM_3853,P000921,1.0,13.475,13.475,1,1,1
2023-02,ITEM_3853,P000921,1.0,13.4,13.4,1,1,1
2023-03,ITEM_3853,P000921,1.0,15.33,15.33,1,1,1
2023-10,ITEM_3853,P000921,2.0,33.03,16.515,1,1,1
2022-03,ITEM_3854,P001050,14.0,35.002,2.5001428571428574,2,1,1
2022-05,ITEM_3855,P004593,6.0,18.0,3.0,1,1,1
2022-07,ITEM_3855,P004593,6.0,33.0,5.5,1,1,1
2022-10,ITEM_3855,P004593,12.0,20.33,1.694,1,1,1
2023-03,ITEM_3855,P004593,12.0,20.33,1.694167,1,1,1
2023-04,ITEM_3855,P004593,6.0,21.0,3.5,1,1,1
2023-05,ITEM_3855,P004593,4.0,14.0,3.5,1,1,1
2022-03,ITEM_3856,P000577,1.0,8.0,8.0,1,1,1
2022-04,ITEM_3856,P000577,1.0,18.0,18.0,1,1,1
2023-02,ITEM_3856,P000577,1.0,33.0,33.0,1,1,1
2023-03,ITEM_3856,P000577,1.0,7.0,7.0,1,1,1
2023-10,ITEM_3856,P000577,1.0,9.0,9.0,1,1,1
2021-08,ITEM_3857,P003048,2.0,32.98,16.49,1,1,1
2021-03,ITEM_3858,P002170,1.0,32.92,32.92,1,1,1
2023-01,ITEM_3859,P004666,2.0,23.26,11.63,1,1,1
2023-11,ITEM_3859,P004666,2.0,32.81,15.05,1,1,1
2023-02,ITEM_3860,P000902,2.0,32.79,16.395,1,1,1
2023-02,ITEM_3861,P000901,2.0,32.73,16.365,1,1,1
2022-03,ITEM_3862,P003066,11.0,32.719995,2.9745449999999996,1,1,1
2023-09,ITEM_3862,P003066,6.0,12.6,2.1,1,1,1
2023-07,ITEM_3863,P003833,2.0,31.244,14.6,1,1,1
2023-10,ITEM_3863,P003833,2.0,32.7,16.35,1,1,1
2025-11,ITEM_3864,306907,24.0,32.7,,1,1,1
2021-07,ITEM_3865,P005917,4.0,32.6,8.15,1,1,1
2025-12,ITEM_3866,305933,3.0,32.6,,1,1,1
2023-06,ITEM_3867,P006139,4.0,32.5,8.125,1,1,1
2021-01,ITEM_3868,P000020,16.0,7.392,0.462,1,1,1
2021-03,ITEM_3868,P000020,9.0,2.77,0.308,1,1,1
2021-04,ITEM_3868,P000020,27.0,32.85,1.2166666666666668,2,2,1
2021-05,ITEM_3868,P000020,6.0,1.5,0.25,1,1,1
2021-07,ITEM_3868,P000020,12.0,13.8,1.15,1,1,1
2021-08,ITEM_3868,P000020,24.0,15.0,0.625,2,2,1
2021-09,ITEM_3868,P000020,12.0,3.0,0.25,1,1,1
2022-03,ITEM_3868,P000020,27.0,12.616,0.46725944444444445,2,2,1
2022-05,ITEM_3868,P000020,3.0,1.39,0.462,1,1,1
2022-06,ITEM_3868,P000020,5.0,1.25,0.25,1,1,1
2022-11,ITEM_3868,P000020,24.0,6.696,0.27899999999999997,2,2,1
2023-02,ITEM_3868,P000020,12.0,7.92,0.66,1,1,1
2023-03,ITEM_3868,P000020,22.0,19.62,0.8918181818181818,2,2,1
2023-06,ITEM_3868,P000020,24.0,32.4,1.3500000000000003,1,1,1
2023-07,ITEM_3868,P000020,15.0,4.62,0.308,1,1,1
2023-08,ITEM_3868,P000020,18.0,6.93,0.385,1,1,1
2023-09,ITEM_3868,P000020,48.0,31.536000000000005,0.657,3,3,1
2023-10,ITEM_3868,P000020,30.0,13.620004,0.45400013333333333,3,3,1
2023-11,ITEM_3868,P000020,12.0,2.7,0.225,1,1,1
2023-08,ITEM_3869,P006343,6.0,32.4,5.400000000000001,1,1,1
2021-05,ITEM_3870,P000885,1.0,19.0,19.0,1,1,1
2023-02,ITEM_3870,P000885,1.0,32.34,32.34,1,1,1
2022-06,ITEM_3871,P006721,1.0,32.3,32.3,1,1,1
2023-02,ITEM_3872,P000900,2.0,32.27,16.135,1,1,1
2023-10,ITEM_3873,P006533,2.0,32.27,16.135,1,1,1
2024-04,ITEM_3874,304203,20.0,32.22,,1,1,1
2025-06,ITEM_3875,305464,6.0,32.2,,1,1,1
2023-02,ITEM_3876,P000899,2.0,32.14,16.07,1,1,1
2025-08,ITEM_3877,304680,6.0,32.14,,1,1,1
2025-08,ITEM_3879,304674,2.0,32.11,,1,1,1
2025-08,ITEM_3880,306213,12.0,64.21000000000001,,2,1,1
2025-08,ITEM_3881,306216,12.0,64.21000000000001,,2,1,1
2025-08,ITEM_3882,306218,12.0,64.21000000000001,,2,1,1
2025-08,ITEM_3883,306220,12.0,64.21000000000001,,2,1,1
2025-08,ITEM_3884,306226,12.0,64.21000000000001,,2,1,1
2021-04,ITEM_3885,P004737,5.0,32.0,6.4,1,1,1
2021-10,ITEM_3886,P001503,2.0,32.0,16.0,1,1,1
2021-12,ITEM_3886,P001503,1.0,14.1,14.1,1,1,1
2022-07,ITEM_3886,P001503,2.0,28.0,14.0,2,2,1
2022-08,ITEM_3886,P001503,2.0,31.3,15.65,2,2,1
2023-04,ITEM_3886,P001503,1.0,20.0,20.0,1,1,1
2022-02,ITEM_3887,P000073,2.0,32.0,16.0,1,1,1
2022-02,ITEM_3888,P000067,2.0,32.0,16.0,1,1,1
2021-08,ITEM_3889,P000898,1.0,8.5,8.5,1,1,1
2021-10,ITEM_3889,P000898,1.0,7.5,7.5,1,1,1
2022-03,ITEM_3889,P000898,1.0,32.0,32.0,1,1,1
2023-02,ITEM_3889,P000898,1.0,10.0,10.0,1,1,1
2023-08,ITEM_3889,P000898,1.0,7.0,7.0,1,1,1
2023-05,ITEM_3890,P006124,2.0,32.0,16.0,1,1,1
2023-12,ITEM_3891,P008559,2.0,32.0,16.0,1,1,1
2025-06,ITEM_3892,304719,2.0,32.0,,1,1,1
2023-12,ITEM_3893,P002599,20.0,31.95,1.5975,1,1,1
2023-11,ITEM_3894,P008197,2.0,31.81,14.59,1,1,1
2023-12,ITEM_3895,P003417,3.0,31.8,10.6,1,1,1
2023-06,ITEM_3896,P001732,30.0,31.74999,1.058333,1,1,1
2023-12,ITEM_3897,P008451,36.0,31.68,0.88,1,1,1
2022-06,ITEM_3898,P005536,15.0,31.44,2.096,1,1,1
2024-04,ITEM_3899,304233,20.0,31.44,,1,1,1
2023-11,ITEM_3900,P008399,8.0,31.41,3.92625,1,1,1
2025-08,ITEM_3901,306217,6.0,31.38,,1,1,1
2021-03,ITEM_3902,P005364,1.0,31.3,31.3,1,1,1
2025-07,ITEM_3903,301538,50.0,31.25,,1,1,1
2022-10,ITEM_3904,P003135,12.0,31.2,2.6,1,1,1
2023-04,ITEM_3905,P000525,48.0,31.2,0.65,1,1,1
2023-07,ITEM_3905,P000525,6.0,21.0,3.5,1,1,1
2021-02,ITEM_3906,P000813,6.0,7.8,1.3,1,1,1
2021-05,ITEM_3906,P000813,3.0,3.9,1.3,1,1,1
2021-06,ITEM_3906,P000813,16.0,20.8,1.3,2,2,1
2021-08,ITEM_3906,P000813,6.0,7.159998,1.193333,1,1,1
2021-09,ITEM_3906,P000813,22.0,29.9,1.3590909090909091,2,2,1
2021-11,ITEM_3906,P000813,6.0,7.2,1.2,1,1,1
2021-12,ITEM_3906,P000813,5.0,5.97,1.194,1,1,1
2022-03,ITEM_3906,P000813,12.0,14.328,1.194,1,1,1
2022-04,ITEM_3906,P000813,18.0,21.480995999999998,1.1933886666666664,2,2,1
2022-06,ITEM_3906,P000813,4.0,5.2,1.3,1,1,1
2022-08,ITEM_3906,P000813,11.0,17.6,1.6,2,2,1
2022-11,ITEM_3906,P000813,3.0,5.082,1.694,1,1,1
2022-12,ITEM_3906,P000813,10.0,13.5,1.35,1,1,1
2023-03,ITEM_3906,P000813,22.0,29.240004,1.329091090909091,4,4,1
2023-09,ITEM_3906,P000813,36.0,52.2,1.4500000000000002,2,2,1
2023-10,ITEM_3906,P000813,2.0,2.4,1.2,1,1,1
2023-11,ITEM_3906,P000813,2.0,2.4,1.2,1,1,1
2024-04,ITEM_3907,304370,1.0,31.2,,1,1,1
2021-11,ITEM_3908,P001223,4.0,26.0,6.5,1,1,1
2022-04,ITEM_3908,P001223,3.0,31.190001,10.396667,1,1,1
2022-05,ITEM_3908,P001223,1.0,10.4,10.395,1,1,1
2023-11,ITEM_3908,P001223,3.0,17.090001,5.696667000000001,1,1,1
2023-05,ITEM_3909,P006063,20.0,31.1846,1.55923,1,1,1
2023-01,ITEM_3910,P007085,1.0,31.17,31.17,1,1,1
2023-12,ITEM_3911,P002828,6.0,31.08,5.18,1,1,1
2021-03,ITEM_3912,P000834,3.0,89.53,29.842666666666663,3,2,1
2023-02,ITEM_3913,P005854,1.0,31.0,31.0,1,1,1
2023-03,ITEM_3914,P000792,1.0,31.0,31.0,1,1,1
2023-02,ITEM_3916,P007225,2.0,22.36,11.18,1,1,1
2023-11,ITEM_3916,P007225,2.0,30.85,14.15,1,1,1
2021-04,ITEM_3917,P005826,200.0,30.0,0.15,1,1,1
2023-06,ITEM_3917,P005826,200.0,30.8,0.154,1,1,1
2023-12,ITEM_3918,P008529,1.0,30.73,30.73,1,1,1
2022-10,ITEM_3919,P002226,3.0,30.723,10.241,1,1,1
2022-11,ITEM_3919,P002226,3.0,30.723,10.241,1,1,1
2023-01,ITEM_3919,P002226,3.0,30.0,10.0,1,1,1
2023-04,ITEM_3919,P002226,3.0,30.72,10.24,1,1,1
2023-11,ITEM_3919,P002226,3.0,29.360001,9.786667,1,1,1
2024-03,ITEM_3920,301702,10.0,16.81,,1,1,1
2024-07,ITEM_3920,301702,20.0,30.72,,1,1,1
2024-07,ITEM_3921,301699,20.0,30.72,,1,1,1
2021-12,ITEM_3922,P000006,6.0,30.6,5.1,1,1,1
2023-04,ITEM_3922,P000006,6.0,17.94,2.99,1,1,1
2022-02,ITEM_3923,P000066,6.0,43.6,7.266666666666667,2,2,1
2021-04,ITEM_3924,P005829,1.0,30.56,30.56,1,1,1
2022-02,ITEM_3925,P005528,2.0,30.51,15.255,1,1,1
2025-07,ITEM_3925,P005528,1.0,16.5,,1,1,1
2021-04,ITEM_3926,P003461,1.0,30.47,30.47,1,1,1
2025-06,ITEM_3927,306022,1.0,30.46,,1,1,1
2023-06,ITEM_3928,P000095,1.0,30.4,30.4,1,1,1
2021-02,ITEM_3929,P002592,20.0,22.1,1.105,1,1,1
2021-04,ITEM_3929,P002592,30.0,30.3,1.01,1,1,1
2021-06,ITEM_3930,P002990,4.0,30.3,7.575,1,1,1
2022-11,ITEM_3930,P002990,4.0,20.07,5.0175,1,1,1
2023-07,ITEM_3931,P000131,96.0,30.14,0.313958,1,1,1
2025-06,ITEM_3932,305980,1.0,30.09,,1,1,1
2023-10,ITEM_3933,P002182,1.0,30.058,30.058,1,1,1
2021-02,ITEM_3934,P000365,15.0,30.0,2.0,1,1,1
2021-03,ITEM_3935,P001292,2.0,30.0,15.0,1,1,1
2021-05,ITEM_3935,P001292,1.0,15.0,15.0,1,1,1
2022-05,ITEM_3935,P001292,4.0,50.620000000000005,12.655000000000001,2,1,1
2023-05,ITEM_3935,P001292,1.0,14.091,14.091,1,1,1
2023-07,ITEM_3935,P001292,1.0,15.0,15.0,1,1,1
2023-08,ITEM_3935,P001292,1.0,15.0,15.0,1,1,1
2023-10,ITEM_3935,P001292,1.0,13.73,13.73,1,1,1
2021-03,ITEM_3936,P001075,1.0,30.0,30.0,1,1,1
2021-12,ITEM_3936,P001075,1.0,21.25,21.25,1,1,1
2021-02,ITEM_3937,P001110,6.0,9.9,1.6499999999999997,1,1,1
2021-03,ITEM_3937,P001110,16.0,26.4,1.65,2,2,1
2021-04,ITEM_3937,P001110,10.0,36.19,3.6192,2,2,1
2021-05,ITEM_3937,P001110,5.0,25.0,5.0,1,1,1
2021-09,ITEM_3937,P001110,15.0,39.649998000000004,2.6433332,3,3,1
2022-04,ITEM_3937,P001110,8.0,20.944,2.618,1,1,1
2022-06,ITEM_3937,P001110,3.0,6.0,2.0,1,1,1
2022-07,ITEM_3937,P001110,3.0,10.26,3.42,1,1,1
2022-09,ITEM_3937,P001110,6.0,12.474,2.079,1,1,1
2022-10,ITEM_3937,P001110,6.0,12.474,2.079,1,1,1
2022-11,ITEM_3937,P001110,7.0,14.557,2.079,2,2,1
2023-02,ITEM_3937,P001110,3.0,6.24,2.079,1,1,1
2023-03,ITEM_3937,P001110,4.0,8.0,2.0,1,1,1
2023-04,ITEM_3937,P001110,12.0,24.0,2.0,1,1,1
2023-07,ITEM_3937,P001110,15.0,30.95,2.0632,2,1,1
2023-08,ITEM_3937,P001110,5.0,10.4,2.08,2,2,1
2023-09,ITEM_3937,P001110,12.0,24.948,2.079,1,1,1
2025-05,ITEM_3937,P001110,6.0,11.25,,3,2,1
2025-12,ITEM_3937,P001110,4.0,0.68,,1,1,1
2021-03,ITEM_3939,P000888,1.0,24.05,24.05,1,1,1
2021-11,ITEM_3939,P000888,1.0,24.05,24.05,1,1,1
2022-11,ITEM_3939,P000888,1.0,24.05,24.05,1,1,1
2023-01,ITEM_3939,P000888,1.0,24.25,24.25,1,1,1
2023-02,ITEM_3939,P000888,1.0,30.0,30.0,1,1,1
2023-08,ITEM_3939,P000888,1.0,28.0,28.0,1,1,1
2023-04,ITEM_3940,P001372,2.0,30.0,15.0,1,1,1
2023-07,ITEM_3941,P000684,3.0,30.0,10.0,1,1,1
2023-09,ITEM_3941,P000684,2.0,20.0,10.0,1,1,1
2023-07,ITEM_3942,P002771,3.0,30.0,10.0,1,1,1
2023-11,ITEM_3942,P002771,2.0,13.05,6.525,1,1,1
2024-07,ITEM_3943,304642,10.0,30.0,,1,1,1
2024-07,ITEM_3944,302174,30.0,30.0,,1,1,1
2024-03,ITEM_3945,304170,10.0,30.0,,1,1,1
2023-03,ITEM_3946,P007312,4.0,29.92,7.48,1,1,1
2023-05,ITEM_3946,P007312,4.0,29.92,7.48,1,1,1
2021-02,ITEM_3947,P000614,10.0,25.0,2.5,1,1,1
2021-03,ITEM_3947,P000614,12.0,26.796,2.233,1,1,1
2022-04,ITEM_3947,P000614,6.0,13.2,2.2,1,1,1
2022-11,ITEM_3947,P000614,12.0,27.258,2.2715,1,1,1
2023-03,ITEM_3947,P000614,8.0,18.172,2.2715,1,1,1
2023-05,ITEM_3947,P000614,10.0,29.9,2.99,1,1,1
2023-07,ITEM_3947,P000614,6.0,16.42,2.736667,1,1,1
2023-08,ITEM_3947,P000614,10.0,20.0,2.0,1,1,1
2023-12,ITEM_3948,P008465,3.0,29.88,9.96,1,1,1
2025-06,ITEM_3949,305352,1.0,29.78,,1,1,1
2022-04,ITEM_3950,P003044,1.0,29.75,29.75,1,1,1
2022-05,ITEM_3951,P000447,1.0,29.7245,29.7245,1,1,1
2021-03,ITEM_3952,P000831,1.0,25.0,25.0,1,1,1
2021-05,ITEM_3952,P000831,1.0,25.0,25.0,1,1,1
2021-10,ITEM_3952,P000831,1.0,28.82,28.82,1,1,1
2023-06,ITEM_3952,P000831,1.0,29.65,29.65,1,1,1
2023-08,ITEM_3952,P000831,1.0,9.75,9.75,1,1,1
2023-03,ITEM_3953,P007318,2.0,29.6,14.8,1,1,1
2023-05,ITEM_3953,P007318,2.0,29.6,14.8,1,1,1
2023-08,ITEM_3954,P005067,2.0,29.6,14.8,1,1,1
2023-01,ITEM_3955,P007177,8.0,29.52,3.69,1,1,1
2021-06,ITEM_3956,P005265,2.0,15.8,7.9,1,1,1
2021-07,ITEM_3956,P005265,2.0,15.8,7.9,1,1,1
2022-07,ITEM_3956,P005265,2.0,19.28,9.64,1,1,1
2023-03,ITEM_3956,P005265,2.0,19.66,9.83,1,1,1
2023-12,ITEM_3956,P005265,3.0,29.49,9.83,1,1,1
2023-08,ITEM_3957,P006039,2.0,29.48,14.74,1,1,1
2023-08,ITEM_3958,P006329,2.0,29.475,14.7375,1,1,1
2023-07,ITEM_3959,P003823,1.0,28.141,26.3,1,1,1
2023-10,ITEM_3959,P003823,1.0,29.46,29.46,1,1,1
2023-11,ITEM_3959,P003823,1.0,15.97,15.97,1,1,1
2024-02,ITEM_3960,303969,10.0,29.46,,1,1,1
2025-06,ITEM_3961,306035,12.0,29.38,,1,1,1
2024-04,ITEM_3962,304132,20.0,29.29,,1,1,1
2024-04,ITEM_3963,304134,20.0,29.29,,1,1,1
2023-12,ITEM_3964,P007148,10.0,29.1,2.91,1,1,1
2023-03,ITEM_3965,P007281,4.0,29.04,7.26,1,1,1
2023-05,ITEM_3965,P007281,4.0,29.04,7.26,1,1,1
2024-03,ITEM_3966,304070,2.0,29.0,,1,1,1
2025-07,ITEM_3967,300919,10.0,17.03,,1,1,1
2025-08,ITEM_3967,300919,20.0,28.95,,1,1,1
2023-11,ITEM_3969,P008193,4.0,28.91,6.63,1,1,1
2025-05,ITEM_3970,304344,12.0,28.88,,1,1,1
2025-07,ITEM_3970,304344,12.0,28.88,,1,1,1
2022-08,ITEM_3972,P004888,4.0,28.856,7.214,1,1,1
2024-04,ITEM_3973,304205,20.0,28.82,,1,1,1
2024-04,ITEM_3974,304206,20.0,28.82,,1,1,1
2023-01,ITEM_3975,P005635,2.0,28.81678,14.40839,1,1,1
2021-01,ITEM_3976,P000446,18.0,13.8,0.7666666666666667,2,2,1
2021-02,ITEM_3976,P000446,12.0,3.0,0.25,2,2,1
2021-03,ITEM_3976,P000446,74.0,16.090000000000003,0.2174864864864865,5,3,1
2021-05,ITEM_3976,P000446,18.0,11.357999999999999,0.6309999999999999,2,2,1
2021-07,ITEM_3976,P000446,9.0,13.049999999999999,1.45,2,2,1
2021-08,ITEM_3976,P000446,18.0,4.159998,0.23111099999999998,2,2,1
2021-09,ITEM_3976,P000446,39.0,15.33,0.3930769230769231,3,3,1
2021-10,ITEM_3976,P000446,6.0,1.158,0.19299999999999998,1,1,1
2021-11,ITEM_3976,P000446,6.0,1.02,0.17,1,1,1
2021-12,ITEM_3976,P000446,6.0,1.02,0.17,1,1,1
2022-03,ITEM_3976,P000446,20.0,4.5600000000000005,0.2272,8,8,1
2022-04,ITEM_3976,P000446,24.0,5.4,0.225,2,2,1
2022-06,ITEM_3976,P000446,6.0,1.15,0.191667,1,1,1
2022-07,ITEM_3976,P000446,9.0,1.7799999999999998,0.19750000000000004,2,2,1
2022-09,ITEM_3976,P000446,12.0,1.848,0.154,1,1,1
2022-10,ITEM_3976,P000446,48.0,8.256,0.17200000000000001,2,2,1
2022-11,ITEM_3976,P000446,15.0,8.25,0.55,3,2,1
2023-02,ITEM_3976,P000446,18.0,31.572,1.7539999999999998,2,2,1
2023-03,ITEM_3976,P000446,10.0,2.31,0.231,1,1,1
2023-05,ITEM_3976,P000446,12.0,2.772,0.231,1,1,1
2023-07,ITEM_3976,P000446,12.0,2.77,0.231,1,1,1
2023-10,ITEM_3976,P000446,30.0,6.79,0.2262,3,3,1
2023-11,ITEM_3976,P000446,6.0,1.35,0.225,1,1,1
2023-12,ITEM_3976,P000446,6.0,6.0,1.0,1,1,1
2025-12,ITEM_3976,P000446,3.0,4.8,,1,1,1
2024-10,ITEM_3977,300787,300.0,28.8,,1,1,1
2025-06,ITEM_3978,301204,19.0,48.57,,2,1,1
2025-07,ITEM_3978,301204,22.0,51.71000000000001,,3,1,1
2025-08,ITEM_3978,301204,12.0,14.739999999999998,,2,1,1
2021-12,ITEM_3979,P001548,6.0,7.5,1.25,1,1,1
2022-06,ITEM_3979,P001548,12.0,28.66,2.388333,1,1,1
2023-04,ITEM_3979,P001548,6.0,4.896,0.816,1,1,1
2024-09,ITEM_3980,300854,30.0,28.56,,1,1,1
2023-01,ITEM_3981,P002167,1.0,28.5,28.5,1,1,1
2023-02,ITEM_3981,P002167,1.0,19.55,19.55,1,1,1
2022-05,ITEM_3982,P004828,3.0,10.97,3.6575,1,1,1
2023-06,ITEM_3982,P004828,3.0,28.5,9.5,1,1,1
2023-08,ITEM_3982,P004828,3.0,25.18,8.393333,1,1,1
2021-05,ITEM_3983,P000649,4.0,14.016,3.504,1,1,1
2022-08,ITEM_3983,P000649,10.0,15.68,1.568,1,1,1
2023-06,ITEM_3983,P000649,3.0,28.5,9.5,1,1,1
2023-09,ITEM_3983,P000649,6.0,18.0,3.0,1,1,1
2024-07,ITEM_3984,301348,30.0,28.5,,1,1,1
2024-04,ITEM_3985,301593,100.0,28.5,,1,1,1
2024-09,ITEM_3985,301593,20.0,16.8,,1,1,1
2023-06,ITEM_3986,P000223,4.0,28.4,7.1,1,1,1
2025-06,ITEM_3987,305985,1.0,28.32,,1,1,1
2023-12,ITEM_3988,P008448,24.0,28.3,1.1792,1,1,1
2025-11,ITEM_3989,306865,2.0,28.3,,1,1,1
2023-07,ITEM_3990,P002664,6.0,28.18,4.697,1,1,1
2023-07,ITEM_3991,P007155,6.0,28.18,4.697,1,1,1
2025-04,ITEM_3992,302488,3.0,28.16,,1,1,1
2025-05,ITEM_3992,302488,4.0,27.46,,1,1,1
2021-09,ITEM_3993,P005023,20.0,28.12,1.406,1,1,1
2023-04,ITEM_3993,P005023,20.0,20.08,1.004,1,1,1
2023-07,ITEM_3993,P005023,20.0,20.08,1.004,1,1,1
2023-11,ITEM_3994,P008010,4.0,28.08,7.02,1,1,1
2023-06,ITEM_3995,P006220,1.0,28.06,28.06,1,1,1
2021-02,ITEM_3996,P000438,1.0,28.0,28.0,1,1,1
2023-08,ITEM_3996,P000438,1.0,28.0,28.0,1,1,1
2023-10,ITEM_3996,P000438,1.0,21.68,21.68,1,1,1
2022-07,ITEM_3997,P006977,1.0,28.0,28.0,1,1,1
2022-09,ITEM_3998,P001326,1.0,17.28,17.27569,1,1,1
2023-02,ITEM_3998,P001326,1.0,28.0,28.0,1,1,1
2023-03,ITEM_3998,P001326,1.0,20.0,20.0,1,1,1
2023-07,ITEM_3999,P008001,2.0,28.0,14.0,1,1,1
2021-02,ITEM_4000,P001363,13.0,26.1,2.007846153846154,2,2,1
2021-03,ITEM_4000,P001363,10.0,20.0,2.0,1,1,1
2021-06,ITEM_4000,P001363,7.0,11.55,1.6502857142857141,2,2,1
2021-08,ITEM_4000,P001363,3.0,7.5,2.5,1,1,1
2021-09,ITEM_4000,P001363,4.0,5.84,1.46,1,1,1
2021-10,ITEM_4000,P001363,10.0,14.63,1.463,1,1,1
2022-03,ITEM_4000,P001363,21.0,35.18000000000001,1.6742857142857142,7,7,1
2022-06,ITEM_4000,P001363,6.0,5.31,0.8855049999999999,1,1,1
2022-09,ITEM_4000,P001363,6.0,5.31,0.8855,1,1,1
2022-10,ITEM_4000,P001363,12.0,10.626,0.8855,1,1,1
2022-11,ITEM_4000,P001363,6.0,5.31,0.8855,1,1,1
2023-03,ITEM_4000,P001363,26.0,23.02,0.8853846153846155,2,2,1
2023-05,ITEM_4000,P001363,6.0,5.31,0.8855,1,1,1
2023-08,ITEM_4000,P001363,18.0,15.936,0.8853333333333333,2,2,1
2023-09,ITEM_4000,P001363,6.0,15.0,2.5,1,1,1
2023-10,ITEM_4000,P001363,3.0,7.5,2.5,1,1,1
2023-11,ITEM_4000,P001363,16.0,56.0,3.5,2,1,1
2025-06,ITEM_4001,305362,6.0,27.98,,1,1,1
2024-03,ITEM_4002,300959,20.0,27.9,,1,1,1
2025-06,ITEM_4003,304995,4.0,27.88,,1,1,1
2024-07,ITEM_4005,304589,60.0,27.77,,1,1,1
2021-04,ITEM_4006,P000017,15.0,27.75,1.85,1,1,1
2022-03,ITEM_4006,P000017,19.0,43.85,2.3078947368421048,2,2,1
2022-04,ITEM_4006,P000017,10.0,6.545,0.6545,1,1,1
2022-05,ITEM_4006,P000017,3.0,1.96,0.6545,1,1,1
2022-07,ITEM_4006,P000017,6.0,3.927,0.6545,1,1,1
2022-11,ITEM_4006,P000017,12.0,7.854,0.6545,1,1,1
2023-03,ITEM_4006,P000017,10.0,19.8,1.98,1,1,1
2023-08,ITEM_4006,P000017,18.0,12.474,0.693,1,1,1
2023-10,ITEM_4006,P000017,12.0,7.2,0.6,1,1,1
2025-06,ITEM_4007,306008,1.0,27.65,,1,1,1
2023-05,ITEM_4008,P006102,1.0,27.5746,27.5746,1,1,1
2023-09,ITEM_4009,P006426,2.0,27.55,13.775,1,1,1
2023-07,ITEM_4010,P003802,4.0,19.688,4.6,1,1,1
2023-10,ITEM_4010,P003802,4.0,20.6,5.15,1,1,1
2023-11,ITEM_4010,P003802,4.0,27.52,6.88,1,1,1
2022-02,ITEM_4011,P000065,2.0,10.8,5.4,1,1,1
2022-09,ITEM_4011,P000065,5.0,27.5,5.5,1,1,1
2025-06,ITEM_4012,304998,25.0,27.5,,1,1,1
2025-08,ITEM_4012,304998,1.0,2.85,,1,1,1
2023-03,ITEM_4013,P007266,4.0,27.44,6.86,1,1,1
2023-05,ITEM_4013,P007266,4.0,27.44,6.86,1,1,1
2025-06,ITEM_4014,305480,1.0,27.4,,1,1,1
2023-01,ITEM_4015,P007175,4.0,27.32,6.83,1,1,1
2023-04,ITEM_4015,P007175,2.0,13.66,6.83,1,1,1
2023-10,ITEM_4016,P006492,4.0,27.28,6.82,1,1,1
2025-06,ITEM_4017,305359,6.0,27.28,,1,1,1
2023-08,ITEM_4018,P006040,9.0,27.199998,3.022222,1,1,1
2025-12,ITEM_4019,305333,3.0,27.19,,1,1,1
2023-07,ITEM_4020,P006261,48.0,20.94091,0.436269,1,1,1
2023-08,ITEM_4020,P006261,16.0,27.11,1.694375,1,1,1
2023-11,ITEM_4021,P008198,4.0,53.69,12.315000000000001,2,2,1
2022-02,ITEM_4022,P000491,12.0,27.0,2.25,1,1,1
2023-12,ITEM_4024,P003307,90.0,27.0,0.3,1,1,1
2025-08,ITEM_4025,306783,16.0,27.0,,1,1,1
2025-09,ITEM_4025,306783,6.0,10.12,,1,1,1
2023-05,ITEM_4026,P005984,60.0,26.957,0.449283,1,1,1
2025-06,ITEM_4027,305983,21.0,26.94,,1,1,1
2023-01,ITEM_4028,P007084,1.0,26.91,26.91,1,1,1
2023-03,ITEM_4029,P007329,4.0,26.64,6.66,1,1,1
2023-05,ITEM_4029,P007329,4.0,26.64,6.66,1,1,1
2021-03,ITEM_4030,P005365,1.0,26.6,26.6,1,1,1
2021-05,ITEM_4031,P005179,3.0,26.46,8.82,1,1,1
2023-11,ITEM_4032,P008396,100.0,26.44,0.2644,1,1,1
2023-06,ITEM_4033,P006158,15.0,26.42,1.761333,1,1,1
2022-07,ITEM_4035,P006953,16.0,26.4,1.65,1,1,1
2022-05,ITEM_4036,P006182,280.0,78.4,0.28,7,7,1
2023-05,ITEM_4036,P006182,10.0,26.289,2.6289,1,1,1
2023-05,ITEM_4037,P006066,30.0,26.28459,0.876153,1,1,1
2021-01,ITEM_4038,P000985,1.0,9.8,9.8,1,1,1
2021-02,ITEM_4038,P000985,2.0,7.3214,3.6607,1,1,1
2021-08,ITEM_4038,P000985,3.0,10.9821,3.6607,1,1,1
2022-03,ITEM_4038,P000985,3.0,26.25,8.75,1,1,1
2025-06,ITEM_4039,301442,5.0,38.05,,2,2,1
2025-07,ITEM_4039,301442,3.0,1.35,,1,1,1
2025-08,ITEM_4039,301442,5.0,6.9,,1,1,1
2025-10,ITEM_4039,301442,20.0,28.580000000000002,,5,5,1
2025-12,ITEM_4039,301442,8.0,6.0,,1,1,1
2025-06,ITEM_4040,306025,1.0,26.13,,1,1,1
2021-09,ITEM_4041,P001231,10.0,26.0,2.6,1,1,1
2022-01,ITEM_4042,P005332,2.0,26.0,13.0,1,1,1
2022-04,ITEM_4043,P000054,2.0,13.0,6.5,1,1,1
2022-09,ITEM_4043,P000054,4.0,26.0,6.5,1,1,1
2024-06,ITEM_4044,301052,10.0,26.0,,1,1,1
2024-09,ITEM_4044,301052,5.0,26.0,,1,1,1
2025-08,ITEM_4045,306291,1.0,25.9,,1,1,1
2023-01,ITEM_4046,P007197,2.0,25.84,12.92,1,1,1
2025-06,ITEM_4047,305994,1.0,25.77,,1,1,1
2023-06,ITEM_4048,P007942,1.0,25.7,25.7,1,1,1
2023-05,ITEM_4049,P006181,10.0,25.689,2.5689,1,1,1
2021-08,ITEM_4050,P000594,1.0,14.0,14.0,1,1,1
2021-11,ITEM_4050,P000594,1.0,14.45,14.45,1,1,1
2022-01,ITEM_4050,P000594,1.0,12.8,12.8,1,1,1
2022-04,ITEM_4050,P000594,2.0,25.6,12.8,1,1,1
2022-09,ITEM_4050,P000594,1.0,13.167,13.167,1,1,1
2023-03,ITEM_4050,P000594,1.0,13.17,13.17,1,1,1
2023-03,ITEM_4051,P007323,2.0,25.56,12.78,1,1,1
2023-05,ITEM_4051,P007323,2.0,25.56,12.78,1,1,1
2024-04,ITEM_4052,300571,40.0,25.56,,1,1,1
2021-02,ITEM_4053,P000312,3.0,25.5,8.5,1,1,1
2021-06,ITEM_4054,P000304,10.0,25.5,2.55,1,1,1
2022-03,ITEM_4054,P000304,5.0,19.5,3.9,1,1,1
2022-05,ITEM_4054,P000304,4.0,15.2,3.8,1,1,1
2022-07,ITEM_4054,P000304,4.0,18.0,4.5,2,2,1
2022-08,ITEM_4056,P003395,3.0,25.5,8.5,1,1,1
2021-04,ITEM_4057,P003744,7.0,3.85,0.55,1,1,1
2023-06,ITEM_4057,P003744,12.0,25.5,2.125,1,1,1
2021-02,ITEM_4058,P003654,1.0,25.48,25.48,1,1,1
2024-05,ITEM_4059,303266,1.0,25.47,,1,1,1
2022-11,ITEM_4060,P003184,12.0,25.44,2.12,1,1,1
2024-04,ITEM_4061,301801,10.0,25.44,,1,1,1
2023-07,ITEM_4062,P003811,2.0,11.556,5.4,1,1,1
2023-10,ITEM_4062,P003811,2.0,12.1,6.05,1,1,1
2023-11,ITEM_4062,P003811,2.0,25.42,12.71,1,1,1
2021-04,ITEM_4063,P005130,1.0,25.4,25.4,1,1,1
2023-05,ITEM_4064,P006180,10.0,25.389,2.5389,1,1,1
2022-01,ITEM_4065,P001354,3.0,25.3827,8.4609,1,1,1
2023-12,ITEM_4066,P008543,1.0,25.31,25.31,1,1,1
2025-08,ITEM_4067,306236,1.0,25.27,,1,1,1
2021-09,ITEM_4068,P000822,10.0,28.0,2.8,2,1,1
2025-03,ITEM_4069,302386,15.0,37.8,,2,2,1
2025-04,ITEM_4069,302386,10.0,25.2,,1,1,1
2025-06,ITEM_4070,305993,4.0,25.2,,1,1,1
2022-11,ITEM_4071,P006635,2.0,25.18,12.59,1,1,1
2021-02,ITEM_4072,P002425,1.0,8.0,8.0,1,1,1
2023-02,ITEM_4072,P002425,1.0,25.18,25.18,1,1,1
2023-09,ITEM_4072,P002425,1.0,12.0,12.0,1,1,1
2024-04,ITEM_4073,301806,10.0,25.16,,1,1,1
2021-02,ITEM_4074,P000984,2.0,7.3214,3.6607,1,1,1
2021-04,ITEM_4074,P000984,3.0,10.98,3.66,1,1,1
2021-11,ITEM_4074,P000984,3.0,25.11,8.37,1,1,1
2022-10,ITEM_4074,P000984,2.0,16.0,8.0,1,1,1
2023-03,ITEM_4074,P000984,2.0,15.25,7.625,1,1,1
2023-09,ITEM_4074,P000984,2.0,16.0,8.0,1,1,1
2023-05,ITEM_4075,P006104,1.0,25.1046,25.1046,1,1,1
2023-05,ITEM_4077,P006178,15.0,25.039005,1.669267,1,1,1
2021-04,ITEM_4078,P004200,2.0,25.0,12.5,1,1,1
2021-01,ITEM_4079,P001592,1.0,13.3,13.3,1,1,1
2021-03,ITEM_4079,P001592,2.0,35.3,17.65,2,1,1
2021-05,ITEM_4079,P001592,1.0,12.4,12.4,1,1,1
2021-09,ITEM_4079,P001592,2.0,25.4,12.7,2,2,1
2021-10,ITEM_4079,P001592,1.0,12.4,12.4,1,1,1
2022-09,ITEM_4079,P001592,2.0,24.3936,12.1968,1,1,1
2023-02,ITEM_4079,P001592,1.0,8.6,8.6,1,1,1
2023-03,ITEM_4079,P001592,2.0,24.416,12.207877,2,2,1
2023-04,ITEM_4079,P001592,2.0,25.0,12.5,1,1,1
2023-10,ITEM_4079,P001592,1.0,12.45,12.45,1,1,1
2023-08,ITEM_4080,P000062,2.0,25.0,12.5,1,1,1
2024-04,ITEM_4081,301128,30.0,2.7,,1,1,1
2025-05,ITEM_4081,301128,4.0,3.6,,1,1,1
2025-10,ITEM_4081,301128,4.0,25.0,,1,1,1
2021-01,ITEM_4082,P001827,7.0,12.25,1.75,2,2,1
2021-03,ITEM_4082,P001827,4.0,7.0,1.75,1,1,1
2021-04,ITEM_4082,P001827,8.0,15.6,1.95,1,1,1
2021-12,ITEM_4082,P001827,2.0,8.0,4.0,1,1,1
2022-03,ITEM_4082,P001827,21.0,32.870000000000005,1.564285714285714,7,7,1
2022-06,ITEM_4082,P001827,6.0,14.06,2.3435065,2,2,1
2023-02,ITEM_4082,P001827,3.0,4.27,1.4245,1,1,1
2023-04,ITEM_4082,P001827,3.0,5.25,1.75,1,1,1
2023-07,ITEM_4082,P001827,12.0,17.09,1.4245,1,1,1
2023-10,ITEM_4082,P001827,7.0,9.71,1.3874999999999997,2,2,1
2023-11,ITEM_4082,P001827,15.0,23.71,1.5808333333333333,4,3,1
2025-07,ITEM_4082,P001827,4.0,9.3,,1,1,1
2025-10,ITEM_4082,P001827,6.0,53.15,,3,3,1
2025-11,ITEM_4082,P001827,2.0,6.79,,1,1,1
2025-08,ITEM_4083,301440,5.0,10.5,,1,1,1
2025-10,ITEM_4083,301440,16.0,56.58,,4,4,1
2024-02,ITEM_4084,303964,20.0,25.0,,1,1,1
2024-07,ITEM_4085,304022,100.0,25.0,,1,1,1
2021-01,ITEM_4086,P001365,6.0,11.76,1.96,1,1,1
2021-02,ITEM_4086,P001365,12.0,17.56,1.463,1,1,1
2021-03,ITEM_4086,P001365,6.0,12.0,2.0,1,1,1
2021-06,ITEM_4086,P001365,11.0,29.85,2.713636363636364,3,3,1
2021-07,ITEM_4086,P001365,6.0,15.0,2.5,1,1,1
2021-08,ITEM_4086,P001365,6.0,24.9,4.15,1,1,1
2021-09,ITEM_4086,P001365,5.0,10.5,2.1,1,1,1
2021-11,ITEM_4086,P001365,9.0,22.8,2.533333333333333,2,2,1
2021-12,ITEM_4086,P001365,18.0,48.9,2.716666666666667,2,2,1
2022-03,ITEM_4086,P001365,8.0,18.0,2.25,1,1,1
2022-06,ITEM_4086,P001365,10.0,18.86,1.885706,2,2,1
2022-09,ITEM_4086,P001365,6.0,11.4,1.8999999999999997,1,1,1
2023-03,ITEM_4086,P001365,6.0,7.68,1.28,1,1,1
2023-05,ITEM_4086,P001365,18.0,24.95,1.386,1,1,1
2023-07,ITEM_4086,P001365,12.0,19.61,1.634167,1,1,1
2023-08,ITEM_4086,P001365,6.0,8.34,1.39,1,1,1
2023-10,ITEM_4086,P001365,12.0,25.580000000000002,2.13125,4,4,1
2023-11,ITEM_4086,P001365,5.0,9.53,1.905,2,2,1
2021-11,ITEM_4087,P002354,3.0,24.816,8.272,1,1,1
2024-03,ITEM_4088,301654,10.0,24.73,,1,1,1
2025-08,ITEM_4089,300918,20.0,41.19,,2,1,1
2023-03,ITEM_4090,P007275,2.0,24.68,12.34,1,1,1
2023-05,ITEM_4090,P007275,2.0,24.68,12.34,1,1,1
2023-11,ITEM_4091,P008199,2.0,24.59,11.28,1,1,1
2023-05,ITEM_4092,P006179,10.0,24.489,2.4489,1,1,1
2023-05,ITEM_4093,P005980,36.0,24.437,0.678806,1,1,1
2021-02,ITEM_4094,P005547,8.0,24.4,3.05,1,1,1
2023-11,ITEM_4095,P003819,1.0,24.35,24.35,1,1,1
2023-06,ITEM_4096,P003031,132.0,24.34,0.184394,1,1,1
2023-08,ITEM_4096,P003031,80.0,19.2,0.24,1,1,1
2022-08,ITEM_4097,P004889,4.0,24.256,6.064,1,1,1
2023-11,ITEM_4098,P008196,2.0,24.22,11.11,1,1,1
2024-03,ITEM_4099,304084,120.0,7.2,,1,1,1
2024-04,ITEM_4099,304084,120.0,7.2,,1,1,1
2025-12,ITEM_4099,304084,12.0,24.17,,1,1,1
2023-05,ITEM_4100,P006048,13.0,24.154598,1.858046,1,1,1
2023-05,ITEM_4101,P006054,2.0,24.1446,12.0723,1,1,1
2023-11,ITEM_4102,P006253,2.0,24.13,11.07,1,1,1
2023-02,ITEM_4103,P000142,100.0,24.11752,0.241175,1,1,1
2023-10,ITEM_4104,P002132,1.0,24.08,24.08,1,1,1
2023-05,ITEM_4105,P005977,16.0,24.077,1.504813,1,1,1
2021-03,ITEM_4107,P000513,20.0,24.0,1.2,1,1,1
2021-11,ITEM_4108,P003058,2.0,24.0,12.0,1,1,1
2022-01,ITEM_4108,P003058,2.0,17.77482,8.88741,1,1,1
2021-11,ITEM_4109,P005481,60.0,24.0,0.4,1,1,1
2023-02,ITEM_4110,P005853,1.0,24.0,24.0,1,1,1
2023-05,ITEM_4110,P005853,2.0,22.4,11.2,1,1,1
2023-12,ITEM_4111,P008456,2.0,24.0,12.0,1,1,1
2025-10,ITEM_4112,305909,1.0,24.0,,1,1,1
2021-04,ITEM_4113,P005806,4.0,23.96,5.12,1,1,1
2024-03,ITEM_4114,301372,40.0,23.94,,1,1,1
2023-02,ITEM_4115,P004395,1.0,23.9,23.9,1,1,1
2023-05,ITEM_4116,P007889,32.0,47.68,1.49,2,1,1
2022-02,ITEM_4117,P003440,6.0,36.8,6.133333333333333,2,2,1
2023-07,ITEM_4118,P007957,8.0,23.77,2.97125,1,1,1
2024-04,ITEM_4119,304321,160.0,23.68,,1,1,1
2021-06,ITEM_4120,P000920,2.0,23.5,11.75,1,1,1
2022-06,ITEM_4122,P006940,3.0,23.4,7.8,1,1,1
2021-03,ITEM_4123,P002117,5.0,5.0,1.0,1,1,1
2022-06,ITEM_4123,P002117,2.0,10.93,5.467,1,1,1
2022-11,ITEM_4123,P002117,6.0,23.4,3.9,1,1,1
2023-04,ITEM_4123,P002117,6.0,9.0,1.5,1,1,1
2023-06,ITEM_4123,P002117,12.0,9.79,0.815833,1,1,1
2023-08,ITEM_4123,P002117,3.0,7.5,2.5,1,1,1
2023-11,ITEM_4123,P002117,3.0,3.0,1.0,1,1,1
2021-09,ITEM_4124,P000650,5.0,10.0,2.0,1,1,1
2022-11,ITEM_4124,P000650,6.0,23.4,3.9,1,1,1
2023-04,ITEM_4124,P000650,6.0,13.5,2.25,1,1,1
2021-04,ITEM_4125,P003548,6.0,23.37,3.895,1,1,1
2025-06,ITEM_4126,305996,1.0,23.33,,1,1,1
2025-08,ITEM_4127,305853,31.0,30.03,,2,1,1
2025-08,ITEM_4128,306258,4.0,46.489999999999995,,2,1,1
2024-06,ITEM_4129,301915,60.0,23.2,,1,1,1
2021-02,ITEM_4130,P000110,400.0,24.75,0.061875,3,2,1
2021-03,ITEM_4130,P000110,100.0,5.808973,0.05809,1,1,1
2021-04,ITEM_4130,P000110,500.0,29.96,0.05992,2,2,1
2021-06,ITEM_4130,P000110,300.0,15.0,0.05,1,1,1
2021-10,ITEM_4130,P000110,103.0,27.98,0.2716019417475728,2,2,1
2021-11,ITEM_4130,P000110,400.0,30.25,0.075625,2,2,1
2021-12,ITEM_4130,P000110,200.0,15.45,0.07725,1,1,1
2022-04,ITEM_4130,P000110,400.0,17.6,0.044,2,2,1
2022-05,ITEM_4130,P000110,100.0,4.62,0.0462,1,1,1
2022-06,ITEM_4130,P000110,300.0,15.6,0.052,2,2,1
2022-07,ITEM_4130,P000110,3.0,0.14,0.0462,1,1,1
2022-09,ITEM_4130,P000110,300.0,18.0,0.06,1,1,1
2023-01,ITEM_4130,P000110,2.0,9.6,4.8,1,1,1
2023-04,ITEM_4130,P000110,100.0,4.8,0.048,1,1,1
2023-05,ITEM_4130,P000110,300.0,13.2,0.044,1,1,1
2023-06,ITEM_4130,P000110,500.0,22.03,0.04406,3,3,1
2023-08,ITEM_4130,P000110,500.0,22.6399,0.0452798,3,3,1
2023-10,ITEM_4130,P000110,300.0,14.5,0.04833333333333333,2,2,1
2023-11,ITEM_4130,P000110,300.0,13.8,0.046,2,2,1
2023-11,ITEM_4131,P008236,2.0,23.11,10.6,1,1,1
2024-04,ITEM_4132,304149,20.0,23.1,,1,1,1
2025-06,ITEM_4133,305415,3.0,23.09,,1,1,1
2023-12,ITEM_4134,P008501,1.0,23.06,23.06,1,1,1
2024-04,ITEM_4135,304234,20.0,23.0,,1,1,1
2025-04,ITEM_4136,306052,1.0,21.47,,1,1,1
2025-06,ITEM_4136,306052,1.0,22.94,,1,1,1
2023-08,ITEM_4137,P006324,36.0,22.752,0.632,1,1,1
2022-09,ITEM_4138,P005694,6.0,22.71,3.785,1,1,1
2021-05,ITEM_4139,P005181,5.0,22.5,4.5,1,1,1
2022-01,ITEM_4140,P001318,9.0,67.5,7.5,3,3,1
2022-02,ITEM_4140,P001318,3.0,22.5,7.5,1,1,1
2021-12,ITEM_4141,P000939,1.0,17.0,17.0,1,1,1
2022-07,ITEM_4141,P000939,1.0,22.5,22.5,1,1,1
2021-12,ITEM_4142,P000941,1.0,21.0,21.0,1,1,1
2022-07,ITEM_4142,P000941,1.0,22.5,22.5,1,1,1
2023-07,ITEM_4143,P007972,15.0,22.5,1.5,1,1,1
2024-07,ITEM_4144,302177,20.0,22.5,,1,1,1
2025-08,ITEM_4145,302517,1.0,22.49,,1,1,1
2022-03,ITEM_4146,P001539,12.0,22.44,1.87,1,1,1
2023-07,ITEM_4146,P001539,6.0,11.22,1.87,1,1,1
2023-09,ITEM_4146,P001539,6.0,10.8,1.8,1,1,1
2022-04,ITEM_4147,P005488,2.0,21.046,10.523,1,1,1
2022-12,ITEM_4147,P005488,1.0,11.2,11.2,1,1,1
2023-08,ITEM_4147,P005488,2.0,22.4,11.2,1,1,1
2025-04,ITEM_4148,302255,4.0,22.4,,1,1,1
2024-09,ITEM_4149,304921,2.0,22.4,,1,1,1
2023-04,ITEM_4150,P005024,10.0,22.31,2.231,1,1,1
2025-04,ITEM_4151,306051,2.0,22.3,,1,1,1
2025-06,ITEM_4151,306051,2.0,0.44,,1,1,1
2023-08,ITEM_4152,P005066,2.0,22.24,11.12,1,1,1
2022-03,ITEM_4153,P000367,6.0,22.2,3.7000000000000006,1,1,1
2023-07,ITEM_4154,P001031,6.0,22.18,3.696,1,1,1
2021-02,ITEM_4155,P001010,2.0,5.0,2.5,1,1,1
2021-03,ITEM_4155,P001010,5.0,12.5,2.5,1,1,1
2021-08,ITEM_4155,P001010,4.0,9.8,2.45,1,1,1
2021-09,ITEM_4155,P001010,3.0,7.35,2.45,1,1,1
2021-12,ITEM_4155,P001010,2.0,5.54,2.772,1,1,1
2022-04,ITEM_4155,P001010,4.0,10.32,2.58,1,1,1
2022-08,ITEM_4155,P001010,2.0,7.2,3.6,1,1,1
2022-09,ITEM_4155,P001010,2.0,5.54,2.770266,1,1,1
2023-03,ITEM_4155,P001010,6.0,16.630002,2.7716669999999994,1,1,1
2023-05,ITEM_4155,P001010,8.0,22.176,2.772,1,1,1
2023-06,ITEM_4155,P001010,3.0,8.33,2.776667,1,1,1
2023-08,ITEM_4155,P001010,5.0,13.86,2.7719997999999997,2,2,1
2025-05,ITEM_4155,P001010,3.0,11.93,,1,1,1
2025-07,ITEM_4155,P001010,3.0,5.37,,1,1,1
2023-12,ITEM_4157,P008526,1.0,22.08,22.08,1,1,1
2023-02,ITEM_4158,P007231,1.0,22.04,22.04,1,1,1
2023-06,ITEM_4158,P007231,1.0,19.84,19.84,1,1,1
2022-04,ITEM_4159,P000047,2.0,11.0,5.5,1,1,1
2022-09,ITEM_4159,P000047,4.0,22.0,5.5,1,1,1
2023-01,ITEM_4161,P007023,1.0,11.07,11.07,1,1,1
2023-04,ITEM_4161,P007023,2.0,21.94,10.97,1,1,1
2024-10,ITEM_4162,300683,3.0,43.17,,2,1,1
2025-06,ITEM_4163,306010,1.0,21.8,,1,1,1
2021-02,ITEM_4164,P005094,1.0,21.77,21.77,1,1,1
2022-09,ITEM_4164,P005094,1.0,12.5587,12.5587,1,1,1
2024-04,ITEM_4165,301145,20.0,29.560000000000002,,2,1,1
2024-06,ITEM_4165,301145,12.0,1.34,,1,1,1
2023-11,ITEM_4166,P008318,20.0,21.74,1.087,1,1,1
2025-09,ITEM_4167,305019,4.0,21.7,,1,1,1
2025-09,ITEM_4168,305020,4.0,21.7,,1,1,1
2025-08,ITEM_4169,302693,4.0,21.67,,1,1,1
2022-11,ITEM_4170,P000236,1.0,21.62,21.62,1,1,1
2021-03,ITEM_4171,P005368,6.0,21.6,3.6,1,1,1
2024-03,ITEM_4172,304097,10.0,21.6,,1,1,1
2025-06,ITEM_4173,305422,5.0,21.57,,1,1,1
2024-07,ITEM_4175,300835,300.0,21.39,,1,1,1
2021-06,ITEM_4176,P000436,1.0,9.41,9.41,1,1,1
2023-02,ITEM_4176,P000436,1.0,21.32,21.32,1,1,1
2023-07,ITEM_4177,P006240,2.0,21.26,10.63,1,1,1
2021-09,ITEM_4178,P001059,3.0,21.15,7.05,1,1,1
2023-11,ITEM_4179,P006521,12.0,21.15,1.7625,1,1,1
2025-07,ITEM_4180,300900,10.0,21.06,,1,1,1
2021-03,ITEM_4181,P002166,1.0,21.0,21.0,1,1,1
2021-05,ITEM_4181,P002166,1.0,20.0,20.0,1,1,1
2022-03,ITEM_4181,P002166,1.0,12.75,12.75,1,1,1
2022-11,ITEM_4181,P002166,1.0,9.0,9.0,1,1,1
2021-04,ITEM_4182,P001312,7.0,37.980000000000004,5.425714285714286,2,2,1
2021-10,ITEM_4184,P004160,6.0,21.0,3.5,1,1,1
2023-04,ITEM_4184,P004160,4.0,15.4,3.85,1,1,1
2021-01,ITEM_4185,P002463,6.0,11.1,1.8500000000000003,1,1,1
2021-03,ITEM_4185,P002463,3.0,4.5,1.5,1,1,1
2021-04,ITEM_4185,P002463,6.0,19.5,3.25,1,1,1
2021-07,ITEM_4185,P002463,12.0,18.0,1.5,1,1,1
2021-11,ITEM_4185,P002463,6.0,21.0,3.5,1,1,1
2022-03,ITEM_4185,P002463,6.0,12.6,2.1,1,1,1
2022-03,ITEM_4186,P005061,6.0,21.0,3.5,1,1,1
2022-07,ITEM_4187,P006842,2.0,21.0,10.5,1,1,1
2022-09,ITEM_4188,P003126,2.0,20.96,10.48,1,1,1
2023-10,ITEM_4189,P006541,2.0,20.94,10.47,1,1,1
2024-06,ITEM_4190,302848,1.0,20.94,,1,1,1
2024-10,ITEM_4190,302848,2.0,20.94,,1,1,1
2021-04,ITEM_4191,P000133,100.0,32.8,0.32799999999999996,2,1,1
2023-10,ITEM_4192,P006493,2.0,20.8,10.4,1,1,1
2025-05,ITEM_4193,304162,2.0,20.8,,1,1,1
2024-04,ITEM_4194,304136,20.0,20.8,,1,1,1
2024-04,ITEM_4195,304142,20.0,20.8,,1,1,1
2023-12,ITEM_4196,P008499,1.0,20.76,20.76,1,1,1
2023-07,ITEM_4197,P006284,2.0,20.73,10.365,1,1,1
2025-09,ITEM_4198,304117,3.0,20.7,,1,1,1
2025-08,ITEM_4199,305856,8.0,41.28,,2,1,1
2023-06,ITEM_4200,P007896,4.0,20.6,5.15,1,1,1
2023-10,ITEM_4200,P007896,2.0,10.3,5.15,1,1,1
2021-08,ITEM_4201,P000919,2.0,20.41,10.203,1,1,1
2022-03,ITEM_4202,P003468,12.0,20.4,1.7,1,1,1
2022-01,ITEM_4203,P001538,4.0,9.2,2.3,1,1,1
2022-03,ITEM_4203,P001538,12.0,20.4,1.7,1,1,1
2023-09,ITEM_4203,P001538,6.0,9.0,1.5,1,1,1
2022-05,ITEM_4204,P000646,2.0,20.4,10.2,1,1,1
2021-01,ITEM_4205,P002447,12.0,6.0,0.5,1,1,1
2021-03,ITEM_4205,P002447,12.0,9.0,0.75,1,1,1
2021-08,ITEM_4205,P002447,48.0,45.0,0.9375,3,1,1
2021-12,ITEM_4205,P002447,12.0,9.0,0.75,1,1,1
2022-03,ITEM_4205,P002447,12.0,9.0,0.75,1,1,1
2022-06,ITEM_4205,P002447,12.0,10.2,0.85,1,1,1
2022-08,ITEM_4205,P002447,24.0,20.4,0.85,1,1,1
2022-11,ITEM_4205,P002447,24.0,15.708,0.6545,1,1,1
2021-02,ITEM_4206,P000612,10.0,16.0,1.6,1,1,1
2021-06,ITEM_4206,P000612,6.0,10.8,1.8,1,1,1
2021-07,ITEM_4206,P000612,4.0,7.6,1.9,1,1,1
2021-12,ITEM_4206,P000612,10.0,18.0,1.8,1,1,1
2022-02,ITEM_4206,P000612,6.0,10.8,1.8,1,1,1
2022-04,ITEM_4206,P000612,6.0,9.93,1.655,1,1,1
2022-11,ITEM_4206,P000612,12.0,20.328,1.694,1,1,1
2023-05,ITEM_4206,P000612,10.0,19.9,1.9899999999999998,1,1,1
2023-07,ITEM_4206,P000612,6.0,8.97,1.495,1,1,1
2023-08,ITEM_4206,P000612,10.0,19.8,1.98,1,1,1
2023-06,ITEM_4207,P007895,16.0,20.32,1.27,1,1,1
2023-10,ITEM_4207,P007895,8.0,10.16,1.27,1,1,1
2023-11,ITEM_4208,P005360,2.0,20.32,9.32,1,1,1
2021-01,ITEM_4209,P000025,16.0,7.392,0.462,1,1,1
2021-03,ITEM_4209,P000025,21.0,5.25,0.25,2,2,1
2021-04,ITEM_4209,P000025,27.0,35.85,1.3277777777777777,2,2,1
2021-05,ITEM_4209,P000025,30.0,15.78,0.526,2,2,1
2021-06,ITEM_4209,P000025,20.0,5.0,0.25,1,1,1
2021-07,ITEM_4209,P000025,12.0,15.0,1.25,1,1,1
2021-08,ITEM_4209,P000025,27.0,6.75,0.25,2,2,1
2022-03,ITEM_4209,P000025,45.0,28.62,0.636,4,3,1
2022-04,ITEM_4209,P000025,10.0,5.0,0.5,1,1,1
2022-05,ITEM_4209,P000025,3.0,1.39,0.462,1,1,1
2022-06,ITEM_4209,P000025,5.0,1.25,0.25,1,1,1
2022-07,ITEM_4209,P000025,12.0,5.542,0.462,2,2,1
2022-11,ITEM_4209,P000025,12.0,3.696,0.308,1,1,1
2023-02,ITEM_4209,P000025,12.0,4.62,0.385,1,1,1
2023-03,ITEM_4209,P000025,12.0,5.540004,0.461667,1,1,1
2023-05,ITEM_4209,P000025,12.0,18.6,1.55,1,1,1
2023-06,ITEM_4209,P000025,8.0,3.08,0.385,1,1,1
2023-07,ITEM_4209,P000025,15.0,4.62,0.308,1,1,1
2023-08,ITEM_4209,P000025,18.0,8.316,0.462,1,1,1
2023-09,ITEM_4209,P000025,24.0,7.2,0.3,1,1,1
2023-10,ITEM_4209,P000025,24.0,4.5,0.1875,1,1,1
2021-05,ITEM_4210,P005182,3.0,20.25,6.75,1,1,1
2023-04,ITEM_4211,P001134,30.0,20.22999,0.674333,1,1,1
2023-07,ITEM_4212,P002215,6.0,20.22,3.3699999999999997,1,1,1
2023-07,ITEM_4213,P003834,12.0,19.26,1.5,1,1,1
2023-10,ITEM_4213,P003834,12.0,20.16,1.68,1,1,1
2021-09,ITEM_4214,P001057,9.0,30.150000000000002,3.35,2,1,1
2021-12,ITEM_4215,P001046,6.0,20.1,3.35,1,1,1
2023-07,ITEM_4215,P001046,4.0,4.62,1.155,1,1,1
2021-10,ITEM_4216,P000595,1.0,14.96,14.96,1,1,1
2022-03,ITEM_4216,P000595,1.0,20.1,20.1,1,1,1
2023-08,ITEM_4216,P000595,1.0,19.5,19.5,1,1,1
2021-04,ITEM_4217,P000280,9.0,27.02,3.0022222222222217,2,2,1
2021-03,ITEM_4218,P002168,1.0,12.5,12.5,1,1,1
2021-07,ITEM_4218,P002168,1.0,20.0,20.0,1,1,1
2022-11,ITEM_4218,P002168,1.0,9.0,9.0,1,1,1
2022-11,ITEM_4219,P006660,2.0,20.0,10.0,1,1,1
2023-10,ITEM_4220,P006470,10.0,20.0,2.0,1,1,1
2024-03,ITEM_4221,302381,10.0,20.0,,1,1,1
2023-05,ITEM_4222,P005976,24.0,19.997,0.833208,1,1,1
2023-11,ITEM_4223,P006524,1.0,19.98,19.98,1,1,1
2024-09,ITEM_4224,301100,50.0,19.94,,1,1,1
2023-12,ITEM_4225,P008447,24.0,19.92,0.83,1,1,1
2024-03,ITEM_4226,300960,10.0,19.85,,1,1,1
2021-12,ITEM_4227,P000489,6.0,7.5,1.25,1,1,1
2022-02,ITEM_4227,P000489,12.0,10.44,0.87,1,1,1
2022-06,ITEM_4227,P000489,6.0,17.85,2.975,1,1,1
2022-10,ITEM_4227,P000489,12.0,19.8,1.6499999999999997,1,1,1
2023-04,ITEM_4227,P000489,6.0,4.44,0.7399999999999999,1,1,1
2021-01,ITEM_4228,P003206,12.0,6.0,0.5,1,1,1
2022-11,ITEM_4228,P003206,3.0,19.77,6.59,1,1,1
2023-12,ITEM_4229,P008439,20.0,19.77,0.9884999999999999,1,1,1
2023-06,ITEM_4230,P006143,2.0,19.66,9.83,1,1,1
2023-12,ITEM_4232,P008502,2.0,19.64,9.82,1,1,1
2022-05,ITEM_4233,P006629,1.0,8.0,8.0,1,1,1
2023-03,ITEM_4233,P006629,2.0,19.6,9.8,1,1,1
2024-03,ITEM_4234,304092,1000.0,19.57,,1,1,1
2024-04,ITEM_4234,304092,1000.0,19.57,,1,1,1
2024-09,ITEM_4235,302066,2.0,19.56,,1,1,1
2021-08,ITEM_4236,P002530,5.0,19.5,3.9,1,1,1
2025-07,ITEM_4237,301202,6.0,19.47,,1,1,1
2025-06,ITEM_4240,305476,1.0,19.36,,1,1,1
2021-02,ITEM_4241,P005020,1.0,15.45,15.45,1,1,1
2023-08,ITEM_4241,P005020,1.0,19.35,19.35,1,1,1
2023-09,ITEM_4241,P005020,1.0,9.6,9.6,1,1,1
2021-02,ITEM_4242,P000769,24.0,19.2,0.8000000000000002,1,1,1
2024-05,ITEM_4243,303264,4.0,19.16,,1,1,1
2024-05,ITEM_4244,303263,6.0,19.16,,1,1,1
2022-02,ITEM_4245,P000072,2.0,19.0,9.5,1,1,1
2023-08,ITEM_4245,P000072,2.0,19.0,9.5,1,1,1
2023-08,ITEM_4246,P005888,1.0,19.0,19.0,1,1,1
2023-05,ITEM_4247,P006090,1.0,18.9846,18.9846,1,1,1
2021-03,ITEM_4248,P001226,2.0,22.72,11.36,2,2,1
2021-08,ITEM_4248,P001226,2.0,28.98,14.488,2,1,1
2022-06,ITEM_4248,P001226,1.0,16.15,16.15,1,1,1
2023-08,ITEM_4248,P001226,1.0,18.5,18.5,1,1,1
2023-11,ITEM_4248,P001226,1.0,18.9,18.9,1,1,1
2025-06,ITEM_4249,304898,14.0,26.21,,2,1,1
2022-11,ITEM_4250,P006634,20.0,18.8,0.9399999999999998,1,1,1
2022-09,ITEM_4251,P003052,3.0,17.325,5.775000000000001,1,1,1
2023-12,ITEM_4251,P003052,3.0,18.78,6.260000000000001,1,1,1
2024-04,ITEM_4252,304227,20.0,37.44,,2,1,1
2023-02,ITEM_4253,P007236,1.0,18.7,18.701692,1,1,1
2023-06,ITEM_4253,P007236,1.0,9.36,9.36,1,1,1
2025-08,ITEM_4254,301203,10.0,26.68,,2,1,1
2025-06,ITEM_4255,305365,1.0,18.66,,1,1,1
2023-11,ITEM_4256,P008232,2.0,18.6,8.53,1,1,1
2023-12,ITEM_4257,P003033,10.0,18.6,1.86,1,1,1
2022-04,ITEM_4258,P001510,5.0,18.5,3.7,1,1,1
2021-02,ITEM_4259,P002116,5.0,8.0,1.6,1,1,1
2021-03,ITEM_4259,P002116,2.0,3.04,1.52,1,1,1
2021-09,ITEM_4259,P002116,5.0,18.48,3.696,1,1,1
2022-08,ITEM_4259,P002116,6.0,16.32,2.72,1,1,1
2023-07,ITEM_4259,P002116,2.0,4.0,2.0,1,1,1
2022-09,ITEM_4260,P005692,6.0,18.48,3.08,1,1,1
2021-11,ITEM_4261,P005467,16.0,18.4,1.15,1,1,1
2021-11,ITEM_4262,P005469,16.0,18.4,1.15,1,1,1
2025-04,ITEM_4264,301047,4.0,18.4,,1,1,1
2021-02,ITEM_4265,P005541,4.0,18.24,4.56,1,1,1
2023-09,ITEM_4266,P000510,6.0,18.24,3.0400000000000005,1,1,1
2024-03,ITEM_4267,301005,120.0,18.24,,1,1,1
2021-04,ITEM_4268,P002825,26.0,18.2,0.7,1,1,1
2025-06,ITEM_4269,306001,12.0,18.2,,1,1,1
2023-03,ITEM_4270,P007274,2.0,18.18,9.09,1,1,1
2023-05,ITEM_4270,P007274,2.0,18.18,9.09,1,1,1
2023-12,ITEM_4271,P008530,1.0,18.1,18.1,1,1,1
2022-04,ITEM_4272,P001697,10.0,16.401,1.6401,1,1,1
2023-02,ITEM_4272,P001697,20.0,15.2,0.76,1,1,1
2023-04,ITEM_4272,P001697,6.0,3.959502,0.659917,1,1,1
2023-07,ITEM_4272,P001697,10.0,18.095,1.8095000000000003,1,1,1
2023-08,ITEM_4272,P001697,12.0,15.6,1.3,1,1,1
2023-05,ITEM_4274,P006098,3.0,18.034599,6.011533,1,1,1
2024-04,ITEM_4275,304221,10.0,10.8,,1,1,1
2025-06,ITEM_4275,304221,3.0,18.03,,1,1,1
2025-12,ITEM_4275,304221,1.0,7.53,,1,1,1
2021-03,ITEM_4276,P003054,1.0,18.0,18.0,1,1,1
2023-09,ITEM_4276,P003054,2.0,9.0,4.5,1,1,1
2021-04,ITEM_4277,P005811,10.0,18.0,1.8,1,1,1
2021-09,ITEM_4278,P001034,3.0,18.0,6.0,1,1,1
2022-07,ITEM_4278,P001034,4.0,21.0,5.25,2,2,1
2022-03,ITEM_4279,P003297,1.0,8.0,8.0,1,1,1
2022-05,ITEM_4279,P003297,1.0,18.0,18.0,1,1,1
2022-06,ITEM_4279,P003297,1.0,16.5,16.5,1,1,1
2022-09,ITEM_4280,P000070,4.0,18.0,4.5,1,1,1
2023-03,ITEM_4281,P007348,3.0,18.0,6.0,1,1,1
2021-05,ITEM_4282,P000814,10.0,11.94,1.194,1,1,1
2021-09,ITEM_4282,P000814,12.0,14.4,1.2,1,1,1
2022-04,ITEM_4282,P000814,6.0,8.316,1.386,1,1,1
2022-11,ITEM_4282,P000814,13.0,16.37,1.2592307692307694,2,2,1
2023-01,ITEM_4282,P000814,6.0,8.28,1.38,1,1,1
2023-04,ITEM_4282,P000814,12.0,18.0,1.5,1,1,1
2023-08,ITEM_4282,P000814,6.0,8.28,1.38,1,1,1
2023-07,ITEM_4283,P007975,1.0,18.0,18.0,1,1,1
2021-02,ITEM_4284,P005021,1.0,16.49,16.49,1,1,1
2023-08,ITEM_4284,P005021,1.0,18.0,18.0,1,1,1
2023-09,ITEM_4284,P005021,1.0,9.6,9.6,1,1,1
2023-09,ITEM_4285,P001543,6.0,18.0,3.0,1,1,1
2024-03,ITEM_4286,304093,10.0,18.0,,1,1,1
2025-06,ITEM_4288,305401,7.0,17.96,,1,1,1
2023-10,ITEM_4289,P002846,6.0,17.85,2.975,1,1,1
2022-02,ITEM_4290,P002369,20.0,17.804,0.8901999999999999,1,1,1
2023-02,ITEM_4290,P002369,20.0,11.91,0.5955,1,1,1
2025-04,ITEM_4291,306050,2.0,0.44,,1,1,1
2025-06,ITEM_4291,306050,2.0,17.8,,1,1,1
2021-05,ITEM_4292,P000435,1.0,4.35,4.35,1,1,1
2021-06,ITEM_4292,P000435,1.0,6.3,6.3,1,1,1
2023-02,ITEM_4292,P000435,1.0,17.7,17.7,1,1,1
2023-03,ITEM_4293,P007314,2.0,17.66,8.83,1,1,1
2023-05,ITEM_4293,P007314,2.0,17.66,8.83,1,1,1
2021-01,ITEM_4294,P003198,6.0,7.2,1.2,1,1,1
2022-11,ITEM_4294,P003198,6.0,17.64,2.94,1,1,1
2024-07,ITEM_4295,302198,20.0,17.63,,1,1,1
2021-07,ITEM_4296,P001696,20.0,17.62,0.881,1,1,1
2021-09,ITEM_4296,P001696,4.0,4.8,1.2,1,1,1
2025-05,ITEM_4297,301888,3.0,3.85,,1,1,1
2025-07,ITEM_4297,301888,1.0,17.61,,1,1,1
2021-01,ITEM_4298,P000101,1.0,8.15,8.15,1,1,1
2021-09,ITEM_4298,P000101,1.0,7.55,7.55,1,1,1
2021-12,ITEM_4298,P000101,1.0,17.6,17.6,1,1,1
2022-03,ITEM_4298,P000101,1.0,8.5,8.5,1,1,1
2022-08,ITEM_4298,P000101,1.0,9.25,9.25,1,1,1
2022-12,ITEM_4298,P000101,1.0,6.8,6.8,1,1,1
2023-10,ITEM_4298,P000101,1.0,9.0,9.0,1,1,1
2025-06,ITEM_4299,305400,1.0,17.6,,1,1,1
2025-04,ITEM_4300,306045,1.0,1.33,,1,1,1
2025-06,ITEM_4300,306045,1.0,17.58,,1,1,1
2021-09,ITEM_4301,P002408,5.0,15.25,3.05,1,1,1
2023-03,ITEM_4301,P002408,1.0,3.8,3.8,1,1,1
2023-07,ITEM_4301,P002408,5.0,17.53,3.5059999999999993,1,1,1
2023-11,ITEM_4302,P008168,8.0,34.84,3.995,2,2,1
2022-07,ITEM_4303,P001706,8.0,11.39,1.42375,1,1,1
2023-02,ITEM_4303,P001706,20.0,17.51,0.8755,1,1,1
2021-01,ITEM_4304,P000167,5.0,17.5,3.5,1,1,1
2021-02,ITEM_4304,P000167,2.0,6.0,3.0,1,1,1
2023-02,ITEM_4304,P000167,5.0,15.4,3.08,1,1,1
2021-05,ITEM_4305,P002134,2.0,32.63,16.3155,2,2,1
2023-10,ITEM_4306,P006581,50.0,17.5,0.35,1,1,1
2025-07,ITEM_4307,301238,6.0,17.41,,1,1,1
2021-08,ITEM_4308,P000021,12.0,10.2,0.85,1,1,1
2021-09,ITEM_4308,P000021,12.0,3.0,0.25,1,1,1
2022-03,ITEM_4308,P000021,12.0,17.4,1.45,1,1,1
2023-03,ITEM_4308,P000021,12.0,3.6,0.3,1,1,1
2023-09,ITEM_4308,P000021,12.0,5.4,0.45,1,1,1
2023-03,ITEM_4309,P007331,2.0,17.4,8.7,1,1,1
2023-05,ITEM_4309,P007331,2.0,17.4,8.7,1,1,1
2023-10,ITEM_4310,P006468,30.0,17.4,0.58,1,1,1
2023-12,ITEM_4311,P003774,3.0,17.4,5.8,1,1,1
2025-06,ITEM_4312,305479,1.0,17.37,,1,1,1
2025-04,ITEM_4313,306049,2.0,17.28,,1,1,1
2025-06,ITEM_4313,306049,2.0,3.34,,1,1,1
2024-04,ITEM_4314,303290,80.0,17.28,,1,1,1
2025-06,ITEM_4315,304120,90.0,17.24,,1,1,1
2023-11,ITEM_4316,P008218,6.0,17.2,2.63,1,1,1
2023-05,ITEM_4317,P006067,25.0,17.1346,0.685384,1,1,1
2023-03,ITEM_4318,P007328,2.0,17.1,8.55,1,1,1
2023-05,ITEM_4318,P007328,2.0,17.1,8.55,1,1,1
2023-12,ITEM_4319,P008490,2.0,17.1,8.55,1,1,1
2025-04,ITEM_4320,306044,2.0,17.08,,1,1,1
2025-06,ITEM_4320,306044,2.0,8.9,,1,1,1
2025-05,ITEM_4321,304228,4.0,34.16,,2,2,1
2021-03,ITEM_4322,P000889,1.0,17.0,17.0,1,1,1
2022-04,ITEM_4322,P000889,1.0,14.245,14.245,1,1,1
2022-06,ITEM_4322,P000889,1.0,14.25,14.25,1,1,1
2021-06,ITEM_4323,P001542,10.0,17.0,1.7,1,1,1
2023-09,ITEM_4323,P001542,6.0,12.0,2.0,1,1,1
2021-10,ITEM_4324,P004595,1.0,17.0,17.0,1,1,1
2021-11,ITEM_4325,P004327,1.0,17.0,17.0,1,1,1
2024-09,ITEM_4326,300887,42.0,16.96,,1,1,1
2023-05,ITEM_4327,P005973,8.0,16.957,2.119625,1,1,1
2024-07,ITEM_4328,301759,20.0,16.92,,1,1,1
2024-09,ITEM_4329,300852,38.0,16.89,,1,1,1
2025-05,ITEM_4330,304655,4.0,33.7,,2,2,1
2023-12,ITEM_4331,P008498,2.0,16.82,8.41,1,1,1
2021-02,ITEM_4333,P004369,40.0,16.8,0.42000000000000004,1,1,1
2025-06,ITEM_4334,305956,4.0,16.8,,1,1,1
2025-06,ITEM_4335,305988,2.0,16.8,,1,1,1
2023-04,ITEM_4336,P007020,2.0,16.78,8.39,1,1,1
2024-07,ITEM_4337,304363,20.0,16.71,,1,1,1
2021-03,ITEM_4338,P000897,1.0,16.63,16.63,1,1,1
2021-07,ITEM_4338,P000897,1.0,7.55,7.55,1,1,1
2021-08,ITEM_4338,P000897,1.0,8.01,8.008,1,1,1
2022-11,ITEM_4338,P000897,1.0,6.16,6.16,1,1,1
2023-10,ITEM_4338,P000897,1.0,8.5,8.5,1,1,1
2021-09,ITEM_4339,P001060,4.0,16.6,4.15,1,1,1
2024-04,ITEM_4340,301130,40.0,7.05,,1,1,1
2024-07,ITEM_4340,301130,40.0,4.2,,1,1,1
2025-03,ITEM_4340,301130,6.0,6.43,,1,1,1
2025-05,ITEM_4340,301130,4.0,4.2,,1,1,1
2025-06,ITEM_4340,301130,2.0,1.8,,1,1,1
2025-08,ITEM_4340,301130,6.0,16.55,,1,1,1
2025-12,ITEM_4340,301130,4.0,1.5,,1,1,1
2021-12,ITEM_4341,P001051,6.0,16.5,2.75,1,1,1
2023-07,ITEM_4341,P001051,4.0,4.93,1.232,1,1,1
2023-08,ITEM_4342,P001633,6.0,16.5,2.75,1,1,1
2023-12,ITEM_4343,P008462,2.0,16.5,8.25,1,1,1
2024-08,ITEM_4344,302173,5.0,16.5,,1,1,1
2024-07,ITEM_4345,301512,4.0,16.5,,1,1,1
2021-02,ITEM_4346,P000111,100.0,8.0,0.08,1,1,1
2021-03,ITEM_4346,P000111,3.0,24.15,8.049999999999999,2,2,1
2021-09,ITEM_4346,P000111,100.0,9.0,0.09,1,1,1
2021-11,ITEM_4346,P000111,100.0,3.0,0.03,1,1,1
2022-05,ITEM_4346,P000111,100.0,10.0,0.1,1,1,1
2022-08,ITEM_4346,P000111,100.0,10.0,0.1,1,1,1
2025-06,ITEM_4347,305356,3.0,16.45,,1,1,1
2021-03,ITEM_4348,P003557,3.0,16.44,5.48,1,1,1
2023-10,ITEM_4349,P006586,20.0,16.4,0.82,1,1,1
2024-04,ITEM_4350,302280,10.0,16.33,,1,1,1
2021-02,ITEM_4351,P005570,1.0,16.32,16.32,1,1,1
2023-12,ITEM_4352,P008487,2.0,16.32,8.16,1,1,1
2024-07,ITEM_4353,304352,20.0,16.26,,1,1,1
2025-08,ITEM_4354,305836,1.0,16.19,,1,1,1
2023-12,ITEM_4355,P008495,2.0,16.14,8.07,1,1,1
2025-08,ITEM_4357,306200,3.0,16.05,,1,1,1
2021-08,ITEM_4358,P003222,2.0,16.0,8.0,1,1,1
2022-04,ITEM_4359,P001221,2.0,16.0,8.0,1,1,1
2023-01,ITEM_4359,P001221,1.0,7.25,7.25,1,1,1
2023-06,ITEM_4359,P001221,1.0,12.0,12.0,1,1,1
2021-02,ITEM_4360,P000535,1.0,7.01,7.01,1,1,1
2021-09,ITEM_4360,P000535,1.0,8.9,8.9,1,1,1
2022-04,ITEM_4360,P000535,2.0,16.0,8.0,1,1,1
2022-06,ITEM_4360,P000535,1.0,10.0,10.0,1,1,1
2022-09,ITEM_4360,P000535,1.0,7.238,7.238,1,1,1
2023-08,ITEM_4360,P000535,1.0,10.0,10.0,1,1,1
2023-10,ITEM_4360,P000535,1.0,10.0,10.0,1,1,1
2021-12,ITEM_4361,P000938,1.0,11.0,11.0,1,1,1
2022-07,ITEM_4361,P000938,1.0,16.0,16.0,1,1,1
2021-02,ITEM_4362,P002479,1.0,6.9,6.9,1,1,1
2022-04,ITEM_4362,P002479,1.0,6.9,6.9,1,1,1
2022-12,ITEM_4362,P002479,2.0,16.0,8.0,1,1,1
2023-08,ITEM_4362,P002479,1.0,6.9,6.9,1,1,1
2021-03,ITEM_4363,P002133,1.0,5.5,5.5,1,1,1
2021-08,ITEM_4363,P002133,1.0,15.55,15.554,1,1,1
2023-02,ITEM_4363,P002133,1.0,16.0,16.0,1,1,1
2023-09,ITEM_4363,P002133,1.0,7.0,7.0,1,1,1
2021-08,ITEM_4364,P002137,1.0,5.5,5.5,1,1,1
2023-07,ITEM_4364,P002137,2.0,16.0,8.0,1,1,1
2021-10,ITEM_4365,P001007,1.0,6.006,6.006,1,1,1
2023-08,ITEM_4365,P001007,2.0,16.0,8.0,1,1,1
2023-09,ITEM_4366,P008249,2.0,16.0,8.0,1,1,1
2024-04,ITEM_4367,304021,10.0,16.0,,1,1,1
2023-05,ITEM_4368,P006103,1.0,15.9746,15.9746,1,1,1
2021-03,ITEM_4369,P003684,1.0,13.44,13.44,1,1,1
2021-05,ITEM_4369,P003684,1.0,15.95,15.95,1,1,1
2023-05,ITEM_4370,P005987,32.0,15.917,0.497406,1,1,1
2021-12,ITEM_4371,P003254,6.0,15.9,2.65,1,1,1
2023-04,ITEM_4371,P003254,6.0,5.509842,0.918307,1,1,1
2023-03,ITEM_4372,P007332,2.0,15.9,7.95,1,1,1
2023-05,ITEM_4372,P007332,2.0,15.9,7.95,1,1,1
2022-07,ITEM_4373,P001190,2.0,14.0,7.0,1,1,1
2023-10,ITEM_4373,P001190,1.0,15.9,15.9,1,1,1
2023-03,ITEM_4374,P007319,2.0,15.88,7.94,1,1,1
2023-05,ITEM_4374,P007319,2.0,15.88,7.94,1,1,1
2024-04,ITEM_4375,301314,60.0,1.35,,1,1,1
2024-09,ITEM_4375,301314,1.0,15.84,,1,1,1
2021-04,ITEM_4376,P000527,2.0,15.78,7.89,1,1,1
2023-05,ITEM_4377,P006052,1.0,15.7646,15.7646,1,1,1
2023-09,ITEM_4378,P008252,2.0,15.76,7.88,1,1,1
2022-06,ITEM_4379,P001027,12.0,15.71,1.309167,1,1,1
2023-07,ITEM_4379,P001027,10.0,22.33,2.2329999999999997,2,2,1
2021-05,ITEM_4380,P000910,1.0,4.25,4.25,1,1,1
2021-06,ITEM_4380,P000910,2.0,7.6,3.8,1,1,1
2021-09,ITEM_4380,P000910,2.0,9.64,4.82,1,1,1
2022-09,ITEM_4380,P000910,2.0,7.623,3.8115,1,1,1
2023-02,ITEM_4380,P000910,2.0,5.5,2.75,1,1,1
2023-10,ITEM_4380,P000910,2.0,15.61,7.805,1,1,1
2024-04,ITEM_4381,303939,40.0,15.61,,1,1,1
2024-07,ITEM_4381,303939,40.0,15.6,,1,1,1
2021-04,ITEM_4382,P005837,2.0,15.6,7.8,1,1,1
2021-09,ITEM_4383,P001120,2.0,15.52,7.76,1,1,1
2021-02,ITEM_4384,P000687,1.0,6.0,6.0,1,1,1
2022-12,ITEM_4384,P000687,2.0,15.5,7.75,1,1,1
2023-07,ITEM_4384,P000687,1.0,10.0,10.0,1,1,1
2021-02,ITEM_4385,P001220,1.0,15.4,15.4,1,1,1
2021-06,ITEM_4385,P001220,1.0,6.8,6.8,1,1,1
2021-07,ITEM_4386,P003598,2.0,15.4,7.7,1,1,1
2023-08,ITEM_4388,P006333,10.0,15.4,1.54,1,1,1
2025-06,ITEM_4389,305343,6.0,15.4,,1,1,1
2024-04,ITEM_4390,304192,200.0,15.4,,1,1,1
2024-10,ITEM_4391,300746,5.0,15.39,,1,1,1
2021-06,ITEM_4392,P000917,2.0,15.37,7.685,1,1,1
2021-08,ITEM_4392,P000917,2.0,14.38,7.192,1,1,1
2021-10,ITEM_4392,P000917,2.0,14.384,7.192,1,1,1
2023-02,ITEM_4392,P000917,3.0,18.1,6.033333333333334,2,2,1
2023-10,ITEM_4392,P000917,2.0,14.48,7.24,1,1,1
2025-03,ITEM_4393,304928,2.0,15.37,,1,1,1
2025-04,ITEM_4393,304928,4.0,30.729999999999997,,2,1,1
2023-12,ITEM_4395,P008544,1.0,15.13,15.13,1,1,1
2021-03,ITEM_4396,P003462,1.0,1.28,1.28,1,1,1
2021-04,ITEM_4396,P003462,11.0,21.5,1.9545455454545453,2,1,1
2022-08,ITEM_4397,P006992,2.0,15.12,7.56,1,1,1
2021-06,ITEM_4398,P000915,2.0,13.09,6.545,1,1,1
2021-08,ITEM_4398,P000915,2.0,15.09,7.546,1,1,1
2023-02,ITEM_4398,P000915,1.0,3.45,3.45,1,1,1
2023-10,ITEM_4398,P000915,2.0,12.3,6.15,1,1,1
2025-08,ITEM_4399,302516,1.0,15.08,,1,1,1
2021-01,ITEM_4400,P000670,1.0,15.0,15.0,1,1,1
2021-01,ITEM_4401,P001188,1.0,15.0,15.0,1,1,1
2021-02,ITEM_4401,P001188,2.0,10.0,5.0,1,1,1
2022-03,ITEM_4401,P001188,1.0,5.5,5.5,1,1,1
2022-07,ITEM_4401,P001188,1.0,5.5,5.5,1,1,1
2023-09,ITEM_4401,P001188,1.0,6.8,6.8,1,1,1
2021-03,ITEM_4402,P005377,30.0,15.0,0.5,1,1,1
2021-03,ITEM_4403,P002319,4.0,8.0,2.0,1,1,1
2021-04,ITEM_4403,P002319,6.0,15.0,2.5,1,1,1
2021-03,ITEM_4404,P001199,4.0,8.0,2.0,1,1,1
2021-04,ITEM_4404,P001199,6.0,15.0,2.5,1,1,1
2021-05,ITEM_4405,P005191,6.0,15.0,2.5,1,1,1
2021-07,ITEM_4406,P000876,5.0,15.0,3.0,1,1,1
2021-02,ITEM_4407,P000108,100.0,2.8,0.028000000000000004,1,1,1
2021-04,ITEM_4407,P000108,100.0,3.0,0.03,1,1,1
2021-11,ITEM_4407,P000108,200.0,5.63,0.028149999999999998,1,1,1
2022-04,ITEM_4407,P000108,100.0,2.0,0.02,1,1,1
2022-05,ITEM_4407,P000108,100.0,6.0,0.06,1,1,1
2022-08,ITEM_4407,P000108,100.0,4.5,0.045,1,1,1
2022-09,ITEM_4407,P000108,300.0,15.0,0.05,1,1,1
2023-06,ITEM_4407,P000108,100.0,4.0,0.04,1,1,1
2023-08,ITEM_4407,P000108,300.0,8.4,0.028,1,1,1
2023-10,ITEM_4407,P000108,100.0,4.0,0.04,1,1,1
2021-01,ITEM_4408,P000893,1.0,10.569,10.569,1,1,1
2021-03,ITEM_4408,P000893,1.0,13.25,13.25,1,1,1
2021-05,ITEM_4408,P000893,1.0,10.06,10.064,1,1,1
2021-08,ITEM_4408,P000893,1.0,13.07,13.067,1,1,1
2022-04,ITEM_4408,P000893,1.0,11.242,11.242,1,1,1
2022-06,ITEM_4408,P000893,1.0,12.32,12.32,1,1,1
2023-02,ITEM_4408,P000893,1.0,15.0,15.0,1,1,1
2023-10,ITEM_4408,P000893,1.0,13.5,13.5,1,1,1
2023-04,ITEM_4409,P001377,2.0,15.0,7.5,1,1,1
2023-07,ITEM_4410,P007971,10.0,15.0,1.5,1,1,1
2023-07,ITEM_4411,P007982,1.0,15.0,15.0,1,1,1
2024-03,ITEM_4412,304098,20.0,15.0,,1,1,1
2024-04,ITEM_4413,303325,20.0,15.0,,1,1,1
2024-04,ITEM_4414,300875,3000.0,15.0,,1,1,1
2024-07,ITEM_4414,300875,180.0,6.4,,1,1,1
2025-05,ITEM_4414,300875,100.0,3.5,,1,1,1
2025-11,ITEM_4414,300875,1.0,0.05,,1,1,1
2025-12,ITEM_4414,300875,102.0,5.25,,2,1,1
2022-01,ITEM_4415,P002953,6.0,4.38,0.73,1,1,1
2022-02,ITEM_4415,P002953,22.0,13.08,0.5945454545454545,2,2,1
2022-08,ITEM_4415,P002953,20.0,14.9,0.745,1,1,1
2023-04,ITEM_4415,P002953,20.0,11.57,0.5785,1,1,1
2021-11,ITEM_4416,P002976,10.0,14.8022,1.48022,1,1,1
2025-08,ITEM_4417,P000855,10.0,14.75,,1,1,1
2025-06,ITEM_4418,306009,1.0,14.71,,1,1,1
2023-08,ITEM_4419,P003051,3.0,14.7,4.9,1,1,1
2024-09,ITEM_4420,300885,5.0,14.65,,1,1,1
2021-12,ITEM_4421,P001025,6.0,6.0,1.0,1,1,1
2023-02,ITEM_4421,P001025,10.0,14.5,1.45,1,1,1
2023-04,ITEM_4421,P001025,6.0,9.0,1.5,1,1,1
2023-07,ITEM_4421,P001025,10.0,14.63,1.463,1,1,1
2025-08,ITEM_4422,306266,2.0,29.229999999999997,,2,1,1
2025-08,ITEM_4423,306287,2.0,29.229999999999997,,2,1,1
2023-05,ITEM_4424,P006061,6.0,14.524602,2.420767,1,1,1
2021-08,ITEM_4425,P002330,2.0,14.51075,7.255375,1,1,1
2021-09,ITEM_4425,P002330,2.0,14.51075,7.255375,1,1,1
2022-05,ITEM_4426,P006628,50.0,14.5,0.29,1,1,1
2021-02,ITEM_4427,P000307,3.0,14.4,4.8,1,1,1
2022-07,ITEM_4427,P000307,3.0,1.95,0.65,1,1,1
2023-07,ITEM_4427,P000307,4.0,2.31,0.5775,1,1,1
2023-08,ITEM_4428,P000028,12.0,14.4,1.2,1,1,1
2021-12,ITEM_4429,P003775,12.0,8.4,0.6999999999999998,1,1,1
2022-04,ITEM_4429,P003775,5.0,1.735,0.347,1,1,1
2023-08,ITEM_4429,P003775,24.0,14.4,0.6,1,1,1
2023-12,ITEM_4429,P003775,3.0,4.68,1.5599999999999998,1,1,1
2023-11,ITEM_4430,P008322,8.0,14.4,1.8,1,1,1
2023-05,ITEM_4431,P006095,1.0,14.3646,14.3646,1,1,1
2021-05,ITEM_4432,P001344,2.0,7.0,3.5,1,1,1
2021-08,ITEM_4432,P001344,4.0,14.356,3.589,1,1,1
2021-04,ITEM_4433,P005101,6.0,14.350002,2.391667,1,1,1
2023-11,ITEM_4434,P008398,32.0,14.28,0.44625,1,1,1
2025-06,ITEM_4435,306017,1.0,14.25,,1,1,1
2023-07,ITEM_4436,P004127,10.0,14.245,1.4245,1,1,1
2021-03,ITEM_4437,P005366,2.0,14.2,7.1,1,1,1
2023-04,ITEM_4438,P003196,20.0,14.2,0.71,1,1,1
2023-10,ITEM_4439,P006575,20.0,14.2,0.71,1,1,1
2023-03,ITEM_4440,P007282,2.0,14.1,7.05,1,1,1
2023-05,ITEM_4440,P007282,2.0,14.1,7.05,1,1,1
2023-11,ITEM_4441,P004740,6.0,14.06,2.15,1,1,1
2021-08,ITEM_4443,P001105,3.0,9.75,3.25,1,1,1
2022-01,ITEM_4443,P001105,4.0,14.0,3.5,1,1,1
2022-08,ITEM_4443,P001105,1.0,5.0433,5.0433,1,1,1
2023-02,ITEM_4443,P001105,3.0,7.62,2.541,1,1,1
2023-11,ITEM_4443,P001105,3.0,7.880001,2.626667,1,1,1
2023-06,ITEM_4444,P001518,5.0,14.0,2.8,1,1,1
2021-08,ITEM_4445,P002136,1.0,5.0,5.0,1,1,1
2023-07,ITEM_4445,P002136,2.0,14.0,7.0,1,1,1
2023-10,ITEM_4445,P002136,1.0,6.0,6.0,1,1,1
2023-12,ITEM_4446,P003687,1.0,14.0,14.0,1,1,1
2025-06,ITEM_4446,P003687,1.0,6.0,,1,1,1
2025-12,ITEM_4446,P003687,2.0,12.63,,1,1,1
2023-12,ITEM_4447,P008536,4.0,13.96,3.49,1,1,1
2021-04,ITEM_4448,P001310,5.0,13.95,2.79,1,1,1
2021-09,ITEM_4448,P001310,2.0,8.42,4.21,1,1,1
2025-08,ITEM_4449,301960,4.0,13.95,,1,1,1
2023-07,ITEM_4450,P000886,2.0,13.94,6.9685,1,1,1
2025-08,ITEM_4451,302166,1.0,13.93,,1,1,1
2023-07,ITEM_4452,P003812,1.0,5.35,5.0,1,1,1
2023-10,ITEM_4452,P003812,1.0,5.6,5.6,1,1,1
2023-11,ITEM_4452,P003812,1.0,13.87,13.87,1,1,1
2023-06,ITEM_4453,P001109,4.0,13.86,3.465,1,1,1
2023-07,ITEM_4454,P004126,20.0,13.86,0.693,1,1,1
2022-04,ITEM_4455,P001698,10.0,10.395,1.0395,1,1,1
2023-02,ITEM_4455,P001698,10.0,9.2,0.9200000000000002,1,1,1
2023-04,ITEM_4455,P001698,6.0,3.84,0.64,1,1,1
2023-07,ITEM_4455,P001698,10.0,13.86,1.386,1,1,1
2021-05,ITEM_4456,P005175,2.0,13.824,6.912,1,1,1
2021-02,ITEM_4457,P000419,2.0,3.5,1.75,1,1,1
2021-03,ITEM_4457,P000419,6.0,10.5,1.75,1,1,1
2021-06,ITEM_4457,P000419,5.0,8.5,1.7,1,1,1
2021-08,ITEM_4457,P000419,5.0,8.75,1.75,1,1,1
2022-07,ITEM_4457,P000419,3.0,7.85,2.618,1,1,1
2023-02,ITEM_4457,P000419,6.0,13.8,2.3,1,1,1
2023-05,ITEM_4457,P000419,2.0,3.5,1.75,1,1,1
2023-09,ITEM_4457,P000419,4.0,5.698,1.4245,1,1,1
2023-12,ITEM_4458,P008517,3.0,13.8,4.6,1,1,1
2025-06,ITEM_4459,305991,2.0,13.77,,1,1,1
2021-06,ITEM_4460,P000912,2.0,8.9,4.45,1,1,1
2023-02,ITEM_4460,P000912,1.0,3.12,3.12,1,1,1
2023-10,ITEM_4460,P000912,2.0,13.72,6.86,1,1,1
2023-11,ITEM_4461,P008229,4.0,13.69,3.14,1,1,1
2021-09,ITEM_4462,P001311,2.0,13.62,6.81,1,1,1
2021-11,ITEM_4462,P001311,1.0,6.808,6.808,1,1,1
2022-05,ITEM_4463,P003085,2.0,27.1,13.55,2,1,1
2021-05,ITEM_4464,P002413,1.0,7.0,7.0,1,1,1
2023-06,ITEM_4464,P002413,1.0,13.55,13.55,1,1,1
2021-04,ITEM_4465,P001682,6.0,13.53,2.255,1,1,1
2021-06,ITEM_4466,P003156,30.0,13.5,0.45,1,1,1
2021-08,ITEM_4467,P000570,1.0,13.5,13.5,1,1,1
2021-01,ITEM_4468,P000892,1.0,10.269,10.269,1,1,1
2021-08,ITEM_4468,P000892,1.0,10.78,10.78,1,1,1
2021-10,ITEM_4468,P000892,1.0,10.15,10.15,1,1,1
2022-06,ITEM_4468,P000892,1.0,13.5,13.5,1,1,1
2022-11,ITEM_4468,P000892,1.0,8.0,8.0,1,1,1
2023-08,ITEM_4468,P000892,1.0,13.5,13.5,1,1,1
2023-07,ITEM_4469,P007974,1.0,13.5,13.5,1,1,1
2023-11,ITEM_4470,P008324,3.0,13.5,4.5,1,1,1
2023-11,ITEM_4471,P008235,2.0,13.36,6.13,1,1,1
2022-04,ITEM_4472,P005519,1.0,13.35,13.35,1,1,1
2025-08,ITEM_4473,306325,2.0,13.35,,1,1,1
2025-12,ITEM_4474,304212,16.0,13.32,,1,1,1
2024-04,ITEM_4475,302259,120.0,13.24,,1,1,1
2022-11,ITEM_4476,P005402,16.0,13.210526,0.825658,1,1,1
2021-03,ITEM_4477,P000145,1.0,13.09,13.09,1,1,1
2021-05,ITEM_4477,P000145,1.0,8.0,8.0,1,1,1
2021-09,ITEM_4477,P000145,2.0,11.5,5.75,1,1,1
2021-12,ITEM_4477,P000145,1.0,4.31,4.312,1,1,1
2022-03,ITEM_4477,P000145,2.0,8.624,4.312,1,1,1
2022-07,ITEM_4477,P000145,1.0,13.195,13.195,1,1,1
2023-03,ITEM_4477,P000145,1.0,4.93,4.93,1,1,1
2023-09,ITEM_4477,P000145,2.0,10.0,5.0,1,1,1
2021-05,ITEM_4478,P002188,1.0,9.0,9.0,1,1,1
2022-11,ITEM_4478,P002188,1.0,13.18,13.18,1,1,1
2021-03,ITEM_4479,P001397,3.0,13.1325,4.3775,1,1,1
2021-08,ITEM_4480,P000569,3.0,19.59,6.53,2,1,1
2023-10,ITEM_4480,P000569,1.0,2.62,2.62,1,1,1
2023-05,ITEM_4481,P002260,4.0,8.7,2.176,1,1,1
2023-09,ITEM_4481,P002260,6.0,13.08,2.18,1,1,1
2024-07,ITEM_4482,304358,40.0,13.05,,1,1,1
2022-02,ITEM_4483,P000056,2.0,13.0,6.5,1,1,1
2022-04,ITEM_4484,P000060,2.0,13.0,6.5,1,1,1
2022-06,ITEM_4485,P006868,2.0,13.0,6.5,1,1,1
2022-12,ITEM_4485,P006868,2.0,13.0,6.5,1,1,1
2023-08,ITEM_4486,P001921,200.0,13.0,0.065,1,1,1
2021-12,ITEM_4487,P001043,6.0,12.9,2.15,1,1,1
2022-07,ITEM_4487,P001043,4.0,4.31,1.078,1,1,1
2023-07,ITEM_4487,P001043,4.0,7.39,1.848,1,1,1
2024-07,ITEM_4488,304290,25.0,6.56,,1,1,1
2025-08,ITEM_4488,304290,2.0,12.89,,1,1,1
2025-06,ITEM_4489,305992,2.0,12.82,,1,1,1
2021-03,ITEM_4490,P000922,1.0,12.8,12.8,1,1,1
2021-06,ITEM_4491,P001541,10.0,12.75,1.275,1,1,1
2023-09,ITEM_4491,P001541,6.0,10.8,1.8,1,1,1
2021-07,ITEM_4492,P000891,1.0,10.78,10.78,1,1,1
2023-04,ITEM_4492,P000891,1.0,12.75,12.75,1,1,1
2023-11,ITEM_4493,P004945,4.0,25.33,5.81,2,2,1
2023-12,ITEM_4494,P008521,1.0,12.69,12.69,1,1,1
2024-07,ITEM_4495,301708,1.0,12.66,,1,1,1
2021-03,ITEM_4496,P003683,1.0,12.4,12.4,1,1,1
2021-05,ITEM_4496,P003683,1.0,12.64,12.64,1,1,1
2025-08,ITEM_4497,306260,1.0,12.62,,1,1,1
2025-08,ITEM_4498,306261,1.0,12.62,,1,1,1
2021-02,ITEM_4499,P000665,8.0,16.91,2.1140000000000003,2,2,1
2021-08,ITEM_4499,P000665,2.0,4.31,2.156,1,1,1
2022-03,ITEM_4499,P000665,21.0,46.129999999999995,2.196285714285714,7,7,1
2022-08,ITEM_4499,P000665,5.0,12.7,2.54,2,2,1
2022-11,ITEM_4499,P000665,3.0,6.35,2.1175,1,1,1
2023-03,ITEM_4499,P000665,4.0,8.47,2.1175,1,1,1
2023-04,ITEM_4499,P000665,3.0,6.350001,2.116667,1,1,1
2023-09,ITEM_4499,P000665,3.0,3.75,1.25,1,1,1
2023-10,ITEM_4499,P000665,6.0,9.940000000000001,1.65625,2,2,1
2023-11,ITEM_4499,P000665,6.0,9.940000000000001,1.65625,2,2,1
2021-04,ITEM_4500,P001146,20.0,2.8,0.14,1,1,1
2023-08,ITEM_4500,P001146,36.0,12.6,0.35,1,1,1
2023-11,ITEM_4500,P001146,20.0,1.32,0.066,1,1,1
2025-06,ITEM_4501,305477,2.0,12.59,,1,1,1
2021-01,ITEM_4502,P004633,1.0,12.56,12.56,1,1,1
2021-05,ITEM_4502,P004633,1.0,7.5,7.5,1,1,1
2021-03,ITEM_4503,P004248,6.0,8.1,1.3500000000000003,1,1,1
2022-03,ITEM_4503,P004248,6.0,7.2,1.2,1,1,1
2023-06,ITEM_4503,P004248,12.0,10.63,0.885833,1,1,1
2023-07,ITEM_4503,P004248,12.0,12.56,1.046667,1,1,1
2025-07,ITEM_4504,302463,4.0,12.55,,1,1,1
2025-10,ITEM_4504,302463,22.0,25.650000000000002,,5,5,1
2023-05,ITEM_4505,P006097,4.0,12.5446,3.13615,1,1,1
2023-05,ITEM_4506,P006106,1.0,12.5446,12.5446,1,1,1
2024-04,ITEM_4507,304225,10.0,12.5,,1,1,1
2023-12,ITEM_4508,P008471,3.0,12.45,4.15,1,1,1
2025-06,ITEM_4509,305986,2.0,12.36,,1,1,1
2023-05,ITEM_4510,P006064,5.0,12.3346,2.46692,1,1,1
2021-04,ITEM_4511,P000896,2.0,12.32,6.16,1,1,1
2022-09,ITEM_4511,P000896,1.0,4.543,4.543,1,1,1
2022-07,ITEM_4512,P003778,100.0,12.32,0.1232,1,1,1
2023-07,ITEM_4513,P001040,4.0,12.32,3.08,1,1,1
2023-07,ITEM_4514,P005012,2.0,11.77,5.5,1,1,1
2023-10,ITEM_4514,P005012,2.0,12.32,6.16,1,1,1
2023-07,ITEM_4515,P005013,2.0,11.77,5.5,1,1,1
2023-10,ITEM_4515,P005013,2.0,12.32,6.16,1,1,1
2023-06,ITEM_4516,P006144,2.0,12.26,6.13,1,1,1
2023-12,ITEM_4517,P008516,1.0,12.11,12.11,1,1,1
2023-02,ITEM_4518,P007224,2.0,8.66,4.33,1,1,1
2023-11,ITEM_4518,P007224,2.0,12.03,5.52,1,1,1
2021-02,ITEM_4519,P003738,6.0,12.0,2.0,1,1,1
2021-12,ITEM_4519,P003738,1.0,1.25,1.25,1,1,1
2022-08,ITEM_4519,P003738,2.0,6.4,3.2,1,1,1
2022-11,ITEM_4519,P003738,2.0,4.93,2.464,1,1,1
2023-06,ITEM_4519,P003738,4.0,4.25,1.0625,1,1,1
2023-07,ITEM_4519,P003738,10.0,12.26,1.2256,2,2,1
2021-03,ITEM_4520,P002485,20.0,12.0,0.6,1,1,1
2021-03,ITEM_4521,P002501,24.0,12.0,0.5,1,1,1
2021-04,ITEM_4522,P002090,130.0,31.58,0.2429230769230769,3,2,1
2021-04,ITEM_4523,P002736,4.0,12.0,3.0,1,1,1
2021-04,ITEM_4524,P002827,20.0,12.0,0.6,1,1,1
2021-09,ITEM_4525,P002428,6.0,5.1,0.85,1,1,1
2022-04,ITEM_4525,P002428,12.0,12.0,1.0,1,1,1
2022-11,ITEM_4525,P002428,10.0,8.085,0.8085000000000001,1,1,1
2022-07,ITEM_4526,P000940,1.0,12.0,12.0,1,1,1
2021-12,ITEM_4527,P000459,3.0,11.64,3.881,1,1,1
2022-08,ITEM_4527,P000459,3.0,12.0,4.0,1,1,1
2023-06,ITEM_4528,P006141,2.0,12.0,6.0,1,1,1
2023-07,ITEM_4529,P008000,1.0,12.0,12.0,1,1,1
2023-08,ITEM_4530,P006281,5.0,12.0,2.4,1,1,1
2023-08,ITEM_4531,P002044,12.0,12.0,1.0,1,1,1
2023-11,ITEM_4532,P008325,3.0,12.0,4.0,1,1,1
2025-08,ITEM_4533,306263,1.0,12.0,,1,1,1
2025-08,ITEM_4534,306281,1.0,12.0,,1,1,1
2025-08,ITEM_4535,306283,1.0,12.0,,1,1,1
2025-11,ITEM_4536,900139,8.0,12.0,,1,1,1
2024-04,ITEM_4537,301051,10.0,12.0,,1,1,1
2023-11,ITEM_4538,P008192,6.0,18.009999999999998,2.7533333333333334,2,2,1
2021-06,ITEM_4539,P000306,10.0,11.9,1.19,1,1,1
2022-07,ITEM_4539,P000306,4.0,9.0,2.25,2,2,1
2021-04,ITEM_4540,P000887,1.0,6.0,6.0,1,1,1
2021-09,ITEM_4540,P000887,1.0,9.8,9.8,1,1,1
2021-11,ITEM_4540,P000887,1.0,11.45,11.45,1,1,1
2022-03,ITEM_4540,P000887,1.0,9.3,9.3,1,1,1
2022-06,ITEM_4540,P000887,1.0,11.9,11.9,1,1,1
2024-09,ITEM_4541,300862,24.0,11.84,,1,1,1
2024-07,ITEM_4542,304362,20.0,11.82,,1,1,1
2023-02,ITEM_4543,P007243,2.0,11.8,5.9,1,1,1
2021-12,ITEM_4544,P000442,1.0,8.95,8.95,1,1,1
2023-07,ITEM_4544,P000442,3.0,11.6655,3.8885,1,1,1
2025-08,ITEM_4545,306272,1.0,11.62,,1,1,1
2021-11,ITEM_4546,P005462,20.0,11.6,0.58,1,1,1
2025-05,ITEM_4548,303576,6.0,11.54,,1,1,1
2024-07,ITEM_4549,301697,1.0,11.54,,1,1,1
2021-01,ITEM_4550,P002764,3.0,11.4,3.7999999999999994,1,1,1
2024-07,ITEM_4551,301526,12.0,11.4,,1,1,1
2024-04,ITEM_4552,304252,10.0,11.4,,1,1,1
2023-07,ITEM_4553,P007981,24.0,11.36,0.473333,1,1,1
2021-03,ITEM_4554,P001002,1.0,7.65,7.65,1,1,1
2021-06,ITEM_4554,P001002,1.0,11.35,11.35,1,1,1
2023-10,ITEM_4555,P006574,12.0,11.28,0.94,1,1,1
2023-10,ITEM_4556,P006580,12.0,11.28,0.94,1,1,1
2021-02,ITEM_4557,P000861,12.0,4.62,0.385,1,1,1
2021-03,ITEM_4557,P000861,20.0,9.0,0.45,1,1,1
2021-04,ITEM_4557,P000861,8.0,4.0,0.5,1,1,1
2021-05,ITEM_4557,P000861,15.0,5.78,0.385,2,2,1
2021-08,ITEM_4557,P000861,6.0,2.7,0.45,1,1,1
2022-03,ITEM_4557,P000861,54.0,32.192,0.5964444444444446,9,9,1
2022-11,ITEM_4557,P000861,12.0,5.3100000000000005,0.44250000000000006,2,2,1
2023-07,ITEM_4557,P000861,12.0,4.62,0.385,1,1,1
2023-09,ITEM_4557,P000861,12.0,4.62,0.385,1,1,1
2023-10,ITEM_4557,P000861,10.0,5.0,0.5,1,1,1
2025-06,ITEM_4557,P000861,6.0,19.689999999999998,,2,2,1
2023-05,ITEM_4558,P006109,2.0,11.2446,5.6223,1,1,1
2021-03,ITEM_4559,P005425,8.0,11.2,1.4,1,1,1
2021-03,ITEM_4560,P005426,8.0,11.2,1.4,1,1,1
2022-04,ITEM_4561,P005489,2.0,9.44,4.72,1,1,1
2023-08,ITEM_4561,P005489,2.0,11.2,5.6,1,1,1
2021-01,ITEM_4562,P001266,1.0,7.43,7.431,1,1,1
2021-09,ITEM_4562,P001266,1.0,10.5,10.5,1,1,1
2021-11,ITEM_4562,P001266,1.0,10.0,10.0,1,1,1
2022-11,ITEM_4562,P001266,1.0,10.0,10.0,1,1,1
2023-01,ITEM_4562,P001266,1.0,11.15,11.15,1,1,1
2023-02,ITEM_4562,P001266,1.0,10.0,10.0,1,1,1
2023-06,ITEM_4562,P001266,1.0,10.0,10.0,1,1,1
2024-09,ITEM_4563,301450,36.0,11.1,,1,1,1
2021-06,ITEM_4564,P000906,2.0,5.71,2.855,1,1,1
2021-09,ITEM_4564,P000906,1.0,3.57,3.57,1,1,1
2022-09,ITEM_4564,P000906,4.0,11.088,2.772,1,1,1
2022-11,ITEM_4564,P000906,2.0,5.544,2.772,1,1,1
2023-02,ITEM_4564,P000906,2.0,4.5,2.25,1,1,1
2023-03,ITEM_4564,P000906,2.0,6.16,3.08,1,1,1
2023-08,ITEM_4565,P003794,200.0,11.08,0.0554,1,1,1
2022-04,ITEM_4566,P005491,2.0,11.056,5.528,1,1,1
2022-01,ITEM_4567,P004620,5.0,11.025,2.205,1,1,1
2021-02,ITEM_4568,P001501,1.0,11.0,11.0,1,1,1
2021-08,ITEM_4568,P001501,1.0,11.0,11.0,1,1,1
2021-02,ITEM_4569,P002297,1.0,4.5,4.5,1,1,1
2022-04,ITEM_4569,P002297,1.0,4.235,4.235,1,1,1
2022-07,ITEM_4569,P002297,1.0,5.5,5.5,1,1,1
2022-11,ITEM_4569,P002297,1.0,11.0,11.0,1,1,1
2024-07,ITEM_4570,304583,10.0,11.0,,1,1,1
2021-04,ITEM_4571,P001922,1.0,10.96,10.96,1,1,1
2025-06,ITEM_4572,305407,2.0,10.96,,1,1,1
2023-05,ITEM_4573,P006094,1.0,10.9346,10.9346,1,1,1
2022-12,ITEM_4574,P007041,1.0,10.92,10.92,1,1,1
2022-05,ITEM_4575,P005599,1.0,10.8,10.8,1,1,1
2021-06,ITEM_4576,P000027,20.0,6.0,0.3,1,1,1
2022-05,ITEM_4576,P000027,3.0,1.26,0.41965,1,1,1
2022-06,ITEM_4576,P000027,24.0,10.16,0.423502,1,1,1
2022-08,ITEM_4576,P000027,24.0,10.163597,0.423483,1,1,1
2023-03,ITEM_4576,P000027,36.0,10.8,0.3,1,1,1
2023-10,ITEM_4576,P000027,8.0,2.7,0.3375,1,1,1
2023-06,ITEM_4577,P007901,2.0,4.0,2.0,1,1,1
2023-08,ITEM_4577,P007901,2.0,10.8,5.4,1,1,1
2023-07,ITEM_4578,P003835,24.0,10.272,0.4000000000000001,1,1,1
2023-10,ITEM_4578,P003835,24.0,10.8,0.45,1,1,1
2023-08,ITEM_4579,P006328,4.0,8.1,2.025,1,1,1
2025-08,ITEM_4579,P006328,4.0,10.8,,1,1,1
2024-03,ITEM_4580,304086,120.0,10.8,,1,1,1
2024-04,ITEM_4580,304086,120.0,10.8,,1,1,1
2022-08,ITEM_4581,P000235,1.0,10.779573,10.779573,1,1,1
2025-08,ITEM_4582,306204,2.0,10.7,,1,1,1
2023-05,ITEM_4583,P005982,16.0,10.637,0.664813,1,1,1
2023-06,ITEM_4584,P006156,1.0,10.63,10.63,1,1,1
2023-06,ITEM_4585,P003030,32.0,10.63,0.332188,1,1,1
2025-06,ITEM_4586,305964,1.0,10.61,,1,1,1
2025-06,ITEM_4587,306016,1.0,10.61,,1,1,1
2023-05,ITEM_4588,P006086,1.0,10.6046,10.6046,1,1,1
2025-08,ITEM_4589,305638,1.0,10.56,,1,1,1
2021-03,ITEM_4590,P000962,7.0,10.5,1.5,1,1,1
2021-08,ITEM_4591,P000420,6.0,10.5,1.75,1,1,1
2023-07,ITEM_4591,P000420,2.0,3.0,1.5,1,1,1
2022-06,ITEM_4592,P004500,7.0,10.5,1.5,1,1,1
2025-06,ITEM_4593,301437,4.0,10.5,,1,1,1
2023-09,ITEM_4594,P004017,1.0,10.47,10.47,1,1,1
2025-08,ITEM_4595,306203,2.0,10.46,,1,1,1
2023-11,ITEM_4596,P008319,20.0,10.44,0.522,1,1,1
2021-04,ITEM_4597,P000277,9.0,14.8,1.6444444444444446,2,2,1
2021-01,ITEM_4598,P001267,1.0,7.932,7.932,1,1,1
2021-05,ITEM_4598,P001267,1.0,7.431,7.431,1,1,1
2021-09,ITEM_4598,P001267,1.0,7.43,7.431,1,1,1
2022-04,ITEM_4598,P001267,1.0,10.395,10.395,1,1,1
2022-11,ITEM_4598,P001267,1.0,9.75,9.75,1,1,1
2023-08,ITEM_4598,P001267,1.0,4.5,4.5,1,1,1
2023-08,ITEM_4599,P006327,7.0,10.36,1.48,1,1,1
2025-08,ITEM_4600,301584,5.0,10.35,,1,1,1
2024-04,ITEM_4601,304211,120.0,10.32,,1,1,1
2025-08,ITEM_4602,305765,1.0,10.3,,1,1,1
2023-05,ITEM_4603,P006089,1.0,10.2846,10.2846,1,1,1
2025-06,ITEM_4604,305495,4.0,10.27,,1,1,1
2021-03,ITEM_4605,P001004,1.0,10.25,10.25,1,1,1
2021-10,ITEM_4605,P001004,1.0,8.9,8.9,1,1,1
2023-02,ITEM_4605,P001004,1.0,7.55,7.55,1,1,1
2021-01,ITEM_4606,P005603,6.0,10.2,1.7,1,1,1
2023-02,ITEM_4607,P007235,1.0,10.2,10.200923,1,1,1
2023-06,ITEM_4607,P007235,1.0,6.24,6.24,1,1,1
2023-07,ITEM_4608,P003042,6.0,10.2,1.7,1,1,1
2023-10,ITEM_4609,P006451,6.0,10.2,1.7,1,1,1
2021-06,ITEM_4610,P000045,1.0,5.0,5.0,1,1,1
2022-06,ITEM_4610,P000045,1.0,5.0,5.0,1,1,1
2022-08,ITEM_4610,P000045,2.0,10.163597,5.081799,1,1,1
2022-12,ITEM_4610,P000045,1.0,7.0,7.0,1,1,1
2023-10,ITEM_4610,P000045,1.0,8.0,8.0,1,1,1
2023-12,ITEM_4611,P008479,2.0,10.16,5.08,1,1,1
2023-08,ITEM_4612,P006316,16.0,10.112,0.632,1,1,1
2021-11,ITEM_4613,P005001,3.0,10.05,3.35,1,1,1
2022-10,ITEM_4613,P005001,1.0,3.465,3.465,1,1,1
2022-08,ITEM_4614,P003285,1.0,10.0485,10.0485,1,1,1
2023-11,ITEM_4615,P008205,2.0,10.01,4.59,1,1,1
2021-02,ITEM_4616,P002064,20.0,10.0,0.5,1,1,1
2021-04,ITEM_4617,P000135,100.0,17.2,0.172,2,1,1
2022-02,ITEM_4618,P000055,2.0,10.0,5.0,1,1,1
2022-02,ITEM_4619,P000048,2.0,10.0,5.0,1,1,1
2022-02,ITEM_4620,P000082,2.0,10.0,5.0,1,1,1
2022-02,ITEM_4621,P000083,2.0,10.0,5.0,1,1,1
2022-04,ITEM_4622,P005520,2.0,10.0,5.0,1,1,1
2021-02,ITEM_4623,P000109,200.0,8.6,0.043,2,2,1
2022-05,ITEM_4623,P000109,200.0,10.0,0.05,1,1,1
2022-06,ITEM_4623,P000109,100.0,3.6,0.036,1,1,1
2022-08,ITEM_4623,P000109,100.0,4.0,0.04,1,1,1
2023-01,ITEM_4623,P000109,100.0,2.8,0.028000000000000004,1,1,1
2023-02,ITEM_4623,P000109,100.0,2.8,0.028000000000000004,1,1,1
2023-03,ITEM_4623,P000109,100.0,6.0,0.06,1,1,1
2023-06,ITEM_4623,P000109,100.0,3.08,0.0308,1,1,1
2023-09,ITEM_4623,P000109,100.0,2.6,0.026000000000000002,1,1,1
2021-07,ITEM_4624,P000566,1.0,4.3,4.3,1,1,1
2023-07,ITEM_4624,P000566,2.0,10.0,5.0,1,1,1
2023-10,ITEM_4624,P000566,1.0,4.35,4.35,1,1,1
2021-03,ITEM_4625,P001293,1.0,8.5,8.5,1,1,1
2023-08,ITEM_4625,P001293,1.0,10.0,10.0,1,1,1
2025-06,ITEM_4626,P000443,10.0,10.0,,1,1,1
2022-02,ITEM_4627,P000490,12.0,9.96,0.83,1,1,1
2022-02,ITEM_4628,P000493,12.0,9.96,0.83,1,1,1
2021-10,ITEM_4629,P000833,1.0,9.94,9.94,1,1,1
2025-06,ITEM_4630,306040,1.0,9.92,,1,1,1
2024-03,ITEM_4631,302661,10.0,9.9,,1,1,1
2023-12,ITEM_4632,P008520,1.0,9.88,9.88,1,1,1
2023-02,ITEM_4633,P002097,12.0,29.560000000000002,2.4633333333333334,3,3,1
2021-12,ITEM_4634,P000492,6.0,6.0,1.0,1,1,1
2022-02,ITEM_4634,P000492,12.0,9.84,0.82,1,1,1
2023-04,ITEM_4634,P000492,6.0,2.973894,0.495649,1,1,1
2023-05,ITEM_4635,P005986,16.0,9.837,0.614813,1,1,1
2025-06,ITEM_4636,305461,1.0,9.81,,1,1,1
2025-06,ITEM_4637,305465,2.0,9.81,,1,1,1
2025-06,ITEM_4638,306023,1.0,9.81,,1,1,1
2022-04,ITEM_4639,P002431,3.0,9.75,3.25,1,1,1
2024-09,ITEM_4640,300888,10.0,9.7,,1,1,1
2023-09,ITEM_4641,P002261,1.0,9.69,9.69,1,1,1
2021-04,ITEM_4642,P002337,5.0,9.65,1.9300000000000002,1,1,1
2021-09,ITEM_4642,P002337,2.0,5.44,2.72,1,1,1
2023-05,ITEM_4643,P006099,1.0,9.6446,9.6446,1,1,1
2021-01,ITEM_4644,P003227,24.0,9.6,0.4000000000000001,1,1,1
2021-03,ITEM_4646,P005428,12.0,9.6,0.8000000000000002,1,1,1
2022-06,ITEM_4647,P006870,1.0,6.0,6.0,1,1,1
2022-12,ITEM_4647,P006870,2.0,9.6,4.8,1,1,1
2025-06,ITEM_4648,304521,12.0,9.6,,1,1,1
2025-06,ITEM_4649,304522,12.0,9.6,,1,1,1
2024-04,ITEM_4650,301670,10.0,9.6,,1,1,1
2024-03,ITEM_4651,301071,40.0,9.6,,1,1,1
2024-04,ITEM_4651,301071,20.0,1.6,,1,1,1
2024-03,ITEM_4652,304085,120.0,9.6,,1,1,1
2024-04,ITEM_4652,304085,120.0,9.6,,1,1,1
2024-04,ITEM_4653,304218,120.0,9.6,,1,1,1
2023-03,ITEM_4654,P007307,4.0,9.52,2.38,1,1,1
2023-05,ITEM_4654,P007307,4.0,9.52,2.38,1,1,1
2023-05,ITEM_4655,P005990,32.0,9.517,0.297406,1,1,1
2024-07,ITEM_4656,304582,10.0,9.5,,1,1,1
2025-08,ITEM_4657,306262,1.0,9.49,,1,1,1
2025-08,ITEM_4658,306282,1.0,9.49,,1,1,1
2022-04,ITEM_4659,P004699,6.0,9.48,1.58,1,1,1
2023-06,ITEM_4660,P007890,4.0,9.48,2.37,1,1,1
2023-10,ITEM_4660,P007890,2.0,4.74,2.37,1,1,1
2021-05,ITEM_4661,P005183,3.0,9.45,3.15,1,1,1
2023-08,ITEM_4662,P006317,6.0,9.45,1.575,1,1,1
2021-06,ITEM_4663,P002405,4.0,3.2,0.8,1,1,1
2022-06,ITEM_4663,P002405,3.0,3.0,1.0,1,1,1
2022-07,ITEM_4663,P002405,3.0,3.3,1.1,1,1,1
2022-11,ITEM_4663,P002405,9.0,7.279999999999999,0.8085,2,2,1
2023-02,ITEM_4663,P002405,8.0,7.24,0.905,2,2,1
2023-06,ITEM_4663,P002405,5.0,4.050000000000001,0.8091000000000002,2,2,1
2023-09,ITEM_4663,P002405,12.0,7.2,0.6,1,1,1
2023-10,ITEM_4663,P002405,19.0,14.959999999999999,0.7875,3,3,1
2023-11,ITEM_4663,P002405,3.0,2.36,0.7875,1,1,1
2023-10,ITEM_4664,P006435,3.0,9.45,3.15,1,1,1
2023-08,ITEM_4665,P006318,2.0,9.435,4.7175,1,1,1
2023-10,ITEM_4666,P006542,4.0,9.4,2.35,1,1,1
2023-10,ITEM_4667,P006576,20.0,9.4,0.4699999999999999,1,1,1
2023-10,ITEM_4668,P006592,20.0,9.4,0.4699999999999999,1,1,1
2024-03,ITEM_4669,304091,1000.0,9.4,,1,1,1
2024-04,ITEM_4669,304091,1000.0,9.4,,1,1,1
2024-02,ITEM_4671,303967,20.0,9.32,,1,1,1
2022-04,ITEM_4673,P005493,1.0,9.24,9.24,1,1,1
2022-07,ITEM_4674,P006955,28.0,9.24,0.33,1,1,1
2022-09,ITEM_4675,P005687,3.0,9.24,3.08,1,1,1
2023-08,ITEM_4676,P006332,10.0,9.24,0.924,1,1,1
2025-06,ITEM_4677,305483,1.0,9.21,,1,1,1
2023-02,ITEM_4678,P007246,10.0,9.2,0.9200000000000002,1,1,1
2023-02,ITEM_4679,P007247,10.0,9.2,0.9200000000000002,1,1,1
2023-05,ITEM_4680,P006068,6.0,9.184602,1.530767,1,1,1
2021-08,ITEM_4681,P000568,1.0,6.0,6.0,1,1,1
2023-10,ITEM_4681,P000568,1.0,9.15,9.15,1,1,1
2025-06,ITEM_4682,306003,2.0,9.09,,1,1,1
2021-02,ITEM_4683,P000625,2.0,9.086,4.543,1,1,1
2022-04,ITEM_4683,P000625,1.0,2.156,2.156,1,1,1
2023-02,ITEM_4683,P000625,1.0,2.16,2.156,1,1,1
2023-03,ITEM_4684,P007171,8.0,9.04,1.13,1,1,1
2023-12,ITEM_4685,P008531,1.0,9.02,9.02,1,1,1
2025-08,ITEM_4686,305837,1.0,9.01,,1,1,1
2021-02,ITEM_4687,P000313,3.0,9.0,3.0,1,1,1
2023-06,ITEM_4687,P000313,4.0,3.96,0.99,1,1,1
2021-04,ITEM_4688,P000136,100.0,15.0,0.15,2,1,1
2021-04,ITEM_4689,P000137,100.0,13.8,0.138,2,1,1
2023-07,ITEM_4689,P000137,25.0,2.56,0.1024,1,1,1
2023-10,ITEM_4689,P000137,24.0,3.6,0.15,1,1,1
2022-07,ITEM_4690,P005160,1.0,9.0,9.0,1,1,1
2022-06,ITEM_4691,P006867,1.0,4.5,4.5,1,1,1
2022-12,ITEM_4691,P006867,2.0,9.0,4.5,1,1,1
2021-08,ITEM_4692,P000567,1.0,5.0,5.0,1,1,1
2023-02,ITEM_4692,P000567,2.0,9.0,4.5,1,1,1
2022-06,ITEM_4693,P001189,1.0,1.5,1.5,1,1,1
2023-05,ITEM_4693,P001189,20.0,9.0,0.45,1,1,1
2022-11,ITEM_4694,P005923,6.0,4.8,0.8000000000000002,1,1,1
2023-06,ITEM_4694,P005923,6.0,9.0,1.5,1,1,1
2025-07,ITEM_4695,301223,20.0,17.990000000000002,,2,1,1
2024-04,ITEM_4696,300876,2000.0,9.0,,1,1,1
2024-04,ITEM_4697,301803,10.0,9.0,,1,1,1
2021-02,ITEM_4698,P005542,2.0,8.88,4.44,1,1,1
2025-06,ITEM_4699,306011,1.0,8.86,,1,1,1
2023-10,ITEM_4700,P006596,3.0,8.82,2.94,1,1,1
2021-03,ITEM_4701,P005375,2.0,8.8,4.4,1,1,1
2025-07,ITEM_4702,302136,50.0,8.8,,1,1,1
2025-07,ITEM_4703,302179,1.0,8.78,,1,1,1
2022-02,ITEM_4704,P000500,12.0,8.76,0.73,1,1,1
2023-11,ITEM_4705,P008182,2.0,8.76,4.02,1,1,1
2025-05,ITEM_4706,304066,1.0,8.75,,1,1,1
2025-06,ITEM_4707,305402,1.0,8.75,,1,1,1
2024-03,ITEM_4708,301338,10.0,8.75,,1,1,1
2023-05,ITEM_4709,P006096,1.0,8.6746,8.6746,1,1,1
2025-04,ITEM_4710,306043,1.0,8.64,,1,1,1
2025-06,ITEM_4710,306043,1.0,8.67,,1,1,1
2025-06,ITEM_4711,305441,1.0,8.61,,1,1,1
2021-05,ITEM_4712,P003153,6.0,8.55,1.425,1,1,1
2023-03,ITEM_4712,P003153,5.0,7.1225,1.4245,1,1,1
2023-07,ITEM_4712,P003153,5.0,7.1225,1.4245,1,1,1
2023-10,ITEM_4713,P006588,12.0,8.52,0.71,1,1,1
2021-03,ITEM_4714,P005444,1.0,8.5,8.5,1,1,1
2021-05,ITEM_4715,P000309,4.0,8.5,2.125,1,1,1
2021-06,ITEM_4716,P001540,10.0,8.5,0.85,1,1,1
2021-10,ITEM_4717,P006266,1.0,8.5,8.5,1,1,1
2021-09,ITEM_4718,P001227,1.0,3.75,3.75,1,1,1
2022-03,ITEM_4718,P001227,1.0,8.5,8.5,1,1,1
2023-10,ITEM_4718,P001227,1.0,7.58,7.58,1,1,1
2023-11,ITEM_4718,P001227,1.0,3.8,3.8,1,1,1
2023-12,ITEM_4718,P001227,1.0,3.5,3.5,1,1,1
2023-02,ITEM_4719,P007244,1.0,8.5,8.5,1,1,1
2025-05,ITEM_4720,304104,4.0,17.0,,2,2,1
2025-03,ITEM_4721,301129,5.0,8.49,,1,1,1
2023-09,ITEM_4722,P008285,4.0,33.84,8.46,4,4,1
2022-05,ITEM_4723,P000582,2.0,11.43,5.716,2,2,1
2025-04,ITEM_4724,306042,1.0,8.43,,1,1,1
2025-06,ITEM_4724,306042,1.0,0.78,,1,1,1
2021-01,ITEM_4725,P005615,6.0,8.4,1.3999999999999997,1,1,1
2022-11,ITEM_4725,P005615,6.0,2.82,0.47,1,1,1
2021-02,ITEM_4726,P002075,12.0,8.4,0.6999999999999998,1,1,1
2021-06,ITEM_4726,P002075,6.0,1.85,0.308,1,1,1
2022-07,ITEM_4726,P002075,6.0,1.85,0.308,1,1,1
2022-11,ITEM_4726,P002075,6.0,1.848,0.308,1,1,1
2023-03,ITEM_4726,P002075,6.0,1.849998,0.308333,1,1,1
2023-02,ITEM_4727,P007248,1.0,8.4,8.4,1,1,1
2024-02,ITEM_4728,303950,10.0,8.39,,1,1,1
2023-05,ITEM_4729,P006062,4.0,8.3846,2.09615,1,1,1
2023-10,ITEM_4730,P006471,10.0,8.3,0.8299999999999998,1,1,1
2021-05,ITEM_4731,P005187,2.0,8.28,4.14,1,1,1
2021-05,ITEM_4732,P001268,1.0,7.392,7.392,1,1,1
2021-07,ITEM_4732,P001268,1.0,7.4305,7.4305,1,1,1
2023-08,ITEM_4732,P001268,1.0,8.27,8.27,1,1,1
2021-02,ITEM_4733,P000666,2.0,5.08,2.541,1,1,1
2021-10,ITEM_4733,P000666,3.0,3.75,1.25,1,1,1
2022-03,ITEM_4733,P000666,21.0,43.23,2.0585714285714283,7,7,1
2025-07,ITEM_4734,301030,4.0,8.25,,1,1,1
2022-09,ITEM_4735,P000911,2.0,8.162,4.081,1,1,1
2022-04,ITEM_4736,P006476,2.0,13.84,6.92,2,2,1
2023-06,ITEM_4736,P006476,1.0,8.16,8.16,1,1,1
2023-12,ITEM_4737,P008522,1.0,8.16,8.16,1,1,1
2025-06,ITEM_4738,306719,2.0,8.16,,1,1,1
2024-02,ITEM_4739,303954,10.0,8.16,,1,1,1
2023-11,ITEM_4740,P008206,2.0,8.07,3.7,1,1,1
2023-11,ITEM_4741,P008230,2.0,8.07,3.7,1,1,1
2023-12,ITEM_4742,P008513,1.0,8.07,8.07,1,1,1
2024-03,ITEM_4743,302634,30.0,8.04,,1,1,1
2021-03,ITEM_4744,P001198,4.0,8.0,2.0,1,1,1
2021-03,ITEM_4745,P002203,4.0,8.0,2.0,1,1,1
2021-09,ITEM_4746,P000234,10.0,8.0,0.8,1,1,1
2022-04,ITEM_4747,P005490,2.0,8.0,4.0,1,1,1
2022-06,ITEM_4748,P006941,1.0,8.0,8.0,1,1,1
2023-08,ITEM_4749,P002750,2.0,8.0,4.0,1,1,1
2024-07,ITEM_4750,304581,100.0,8.0,,1,1,1
2024-04,ITEM_4751,304025,20.0,8.0,,1,1,1
2023-03,ITEM_4752,P007335,2.0,7.97,3.985,1,1,1
2023-05,ITEM_4752,P007335,2.0,7.97,3.985,1,1,1
2023-05,ITEM_4753,P005989,20.0,7.957,0.39785,1,1,1
2023-05,ITEM_4754,P005996,52.0,7.957,0.153019,1,1,1
2023-08,ITEM_4755,P006311,12.0,7.85,0.654167,1,1,1
2022-12,ITEM_4756,P004026,4.0,7.84,1.96,1,1,1
2025-06,ITEM_4757,301443,7.0,8.05,,2,2,1
2025-10,ITEM_4757,301443,16.0,31.33,,4,4,1
2021-02,ITEM_4758,P000427,2.0,7.8,3.9,1,1,1
2024-04,ITEM_4759,300817,10.0,7.73,,1,1,1
2021-02,ITEM_4760,P000909,2.0,7.7,3.85,1,1,1
2025-06,ITEM_4761,305399,3.0,7.68,,1,1,1
2025-06,ITEM_4762,305995,3.0,7.68,,1,1,1
2025-09,ITEM_4763,305015,16.0,7.66,,1,1,1
2023-06,ITEM_4764,P006153,200.0,7.65,0.03825,1,1,1
2023-06,ITEM_4765,P006203,200.0,7.65,0.03825,1,1,1
2023-06,ITEM_4766,P006204,200.0,7.65,0.03825,1,1,1
2023-12,ITEM_4767,P008478,5.0,7.65,1.53,1,1,1
2023-11,ITEM_4768,P008320,20.0,7.61,0.3805,1,1,1
2023-07,ITEM_4769,P003840,4.0,7.276,1.7,1,1,1
2023-10,ITEM_4769,P003840,4.0,7.6,1.9,1,1,1
2021-02,ITEM_4770,P000908,2.0,7.5,3.75,1,1,1
2021-05,ITEM_4770,P000908,1.0,3.7,3.7,1,1,1
2021-06,ITEM_4771,P002219,30.0,7.5,0.25,1,1,1
2021-02,ITEM_4772,P000591,1.0,6.75,6.75,1,1,1
2021-10,ITEM_4772,P000591,1.0,7.5,7.5,1,1,1
2022-12,ITEM_4772,P000591,1.0,5.6,5.6,1,1,1
2024-09,ITEM_4773,304907,36.0,7.5,,1,1,1
2025-08,ITEM_4774,306265,2.0,14.97,,2,1,1
2025-08,ITEM_4775,306286,2.0,14.97,,2,1,1
2025-06,ITEM_4776,305484,2.0,7.44,,1,1,1
2025-06,ITEM_4777,306039,2.0,7.44,,1,1,1
2024-03,ITEM_4778,301309,70.0,7.49,,2,2,1
2024-04,ITEM_4778,301309,120.0,14.809999999999999,,2,2,1
2021-04,ITEM_4779,P002336,5.0,7.4,1.48,1,1,1
2021-09,ITEM_4779,P002336,3.0,4.430001,1.476667,1,1,1
2022-05,ITEM_4780,P002993,6.0,7.22,1.204,1,1,1
2021-01,ITEM_4781,P003226,36.0,7.2,0.2,1,1,1
2021-04,ITEM_4782,P000930,2.0,7.2,3.6,1,1,1
2022-10,ITEM_4782,P000930,2.0,5.0,2.5,1,1,1
2023-06,ITEM_4782,P000930,1.0,5.1205,5.1205,1,1,1
2023-05,ITEM_4783,P001280,12.0,7.2,0.6,1,1,1
2023-06,ITEM_4783,P001280,4.0,2.4,0.6,1,1,1
2023-07,ITEM_4783,P001280,3.0,1.8,0.6,1,1,1
2023-06,ITEM_4784,P006142,1.0,7.2,7.2,1,1,1
2023-06,ITEM_4785,P003122,1.0,7.2,7.2,1,1,1
2023-08,ITEM_4786,P006280,5.0,7.2,1.44,1,1,1
2022-03,ITEM_4787,P000862,6.0,1.848,0.308,1,1,1
2023-09,ITEM_4787,P000862,18.0,7.2,0.4,1,1,1
2025-05,ITEM_4787,P000862,6.0,2.07,,1,1,1
2025-06,ITEM_4787,P000862,8.0,2.25,,2,2,1
2025-12,ITEM_4787,P000862,4.0,7.0,,1,1,1
2021-08,ITEM_4788,P000863,6.0,2.1,0.3499999999999999,1,1,1
2022-03,ITEM_4788,P000863,6.0,1.848,0.308,1,1,1
2023-07,ITEM_4788,P000863,6.0,1.85,0.308,1,1,1
2023-09,ITEM_4788,P000863,18.0,7.2,0.4,1,1,1
2021-02,ITEM_4789,P000865,6.0,2.4,0.4000000000000001,1,1,1
2021-06,ITEM_4789,P000865,6.0,1.85,0.308,1,1,1
2022-03,ITEM_4789,P000865,54.0,17.948,0.3322222222222222,9,9,1
2022-07,ITEM_4789,P000865,6.0,1.85,0.308,1,1,1
2022-11,ITEM_4789,P000865,6.0,2.4,0.4000000000000001,1,1,1
2023-03,ITEM_4789,P000865,6.0,1.849998,0.308333,1,1,1
2023-07,ITEM_4789,P000865,12.0,3.7,0.308,1,1,1
2023-09,ITEM_4789,P000865,30.0,11.0808,0.36936,2,2,1
2025-12,ITEM_4789,P000865,4.0,1.44,,1,1,1
2025-06,ITEM_4790,305450,2.0,7.2,,1,1,1
2025-06,ITEM_4791,306097,1.0,7.2,,1,1,1
2025-12,ITEM_4792,302492,2.0,7.2,,1,1,1
2025-12,ITEM_4793,306796,2.0,7.18,,1,1,1
2023-05,ITEM_4794,P004081,2.0,3.2,1.6,1,1,1
2023-06,ITEM_4794,P004081,4.0,7.17,1.7925,1,1,1
2024-08,ITEM_4795,301083,30.0,7.17,,1,1,1
2023-05,ITEM_4796,P002824,3.0,4.27,1.4245,1,1,1
2023-08,ITEM_4796,P002824,3.0,7.16,2.386667,1,1,1
2023-11,ITEM_4797,P000683,1.0,7.05,7.05,1,1,1
2021-02,ITEM_4798,P003015,2.0,7.0,3.5,1,1,1
2021-03,ITEM_4799,P000866,20.0,7.0,0.35,1,1,1
2021-05,ITEM_4799,P000866,3.0,0.92,0.308,1,1,1
2022-03,ITEM_4799,P000866,54.0,18.5,0.3424444444444444,8,8,1
2023-07,ITEM_4799,P000866,12.0,3.7,0.308,1,1,1
2023-10,ITEM_4799,P000866,10.0,4.0,0.4,1,1,1
2023-08,ITEM_4800,P006298,1.0,7.0,7.0,1,1,1
2025-06,ITEM_4801,305957,6.0,6.97,,1,1,1
2023-06,ITEM_4802,P003113,12.0,6.93,0.5775,1,1,1
2023-08,ITEM_4803,P006312,30.0,6.93,0.231,1,1,1
2025-06,ITEM_4804,306716,2.0,6.92,,1,1,1
2021-02,ITEM_4805,P002480,1.0,6.9,6.9,1,1,1
2021-03,ITEM_4805,P002480,1.0,6.9,6.9,1,1,1
2022-04,ITEM_4805,P002480,1.0,6.9,6.9,1,1,1
2022-09,ITEM_4805,P002480,1.0,5.8135,5.8135,1,1,1
2023-08,ITEM_4805,P002480,1.0,6.9,6.9,1,1,1
2024-03,ITEM_4806,301049,40.0,6.88,,1,1,1
2024-03,ITEM_4807,304090,1000.0,6.85,,1,1,1
2024-04,ITEM_4807,304090,1000.0,6.85,,1,1,1
2025-07,ITEM_4808,301550,24.0,6.83,,1,1,1
2023-10,ITEM_4809,P006577,2.0,6.82,3.41,1,1,1
2024-05,ITEM_4810,301826,10.0,6.81,,1,1,1
2022-09,ITEM_4811,P003761,2.0,6.804464,3.402232,1,1,1
2021-02,ITEM_4812,P000308,3.0,6.0,2.0,1,1,1
2021-05,ITEM_4812,P000308,4.0,6.8,1.7,1,1,1
2023-07,ITEM_4812,P000308,4.0,3.39,0.847,1,1,1
2023-08,ITEM_4813,P006279,5.0,6.8,1.36,1,1,1
2025-06,ITEM_4814,300579,2.0,6.74,,1,1,1
2025-08,ITEM_4815,306270,2.0,13.47,,2,1,1
2025-08,ITEM_4816,306326,2.0,6.68,,1,1,1
2024-09,ITEM_4817,301380,20.0,6.68,,1,1,1
2023-12,ITEM_4818,P008466,6.0,6.66,1.11,1,1,1
2023-08,ITEM_4819,P006278,5.0,6.6,1.32,1,1,1
2023-02,ITEM_4820,P007199,1.0,6.55,6.55,1,1,1
2021-07,ITEM_4821,P001062,1.0,6.5,6.5,1,1,1
2021-10,ITEM_4822,P001489,1.0,6.5,6.5,1,1,1
2021-12,ITEM_4823,P002464,4.0,6.0,1.5,1,1,1
2023-02,ITEM_4823,P002464,10.0,6.5,0.65,1,1,1
2024-07,ITEM_4824,304353,20.0,6.48,,1,1,1
2024-07,ITEM_4825,304356,20.0,6.48,,1,1,1
2024-07,ITEM_4826,304361,20.0,6.48,,1,1,1
2023-05,ITEM_4827,P005985,4.0,6.477,1.61925,1,1,1
2023-05,ITEM_4828,P005988,4.0,6.477,1.61925,1,1,1
2023-12,ITEM_4829,P008450,6.0,6.47,1.0783,1,1,1
2021-03,ITEM_4830,P002486,8.0,6.4,0.8,1,1,1
2021-09,ITEM_4831,P001694,4.0,6.4,1.6,1,1,1
2022-06,ITEM_4832,P005537,2.0,6.4,3.2,1,1,1
2022-06,ITEM_4833,P001577,1.0,6.4,6.4,1,1,1
2022-06,ITEM_4834,P001578,1.0,6.4,6.4,1,1,1
2023-08,ITEM_4835,P006277,5.0,6.4,1.28,1,1,1
2023-12,ITEM_4836,P008431,4.0,6.4,1.6,1,1,1
2023-08,ITEM_4837,P006325,6.0,6.345,1.0575,1,1,1
2023-03,ITEM_4838,P007322,2.0,6.34,3.17,1,1,1
2023-05,ITEM_4838,P007322,2.0,6.34,3.17,1,1,1
2023-12,ITEM_4839,P008452,36.0,6.34,0.1761,1,1,1
2022-04,ITEM_4840,P005495,1.0,6.336,6.336,1,1,1
2025-06,ITEM_4841,305358,1.0,6.28,,1,1,1
2021-06,ITEM_4843,P000907,2.0,6.24,3.12,1,1,1
2021-09,ITEM_4843,P000907,1.0,3.77,3.77,1,1,1
2023-02,ITEM_4843,P000907,1.0,2.45,2.45,1,1,1
2025-06,ITEM_4844,305466,1.0,6.18,,1,1,1
2025-06,ITEM_4845,306717,2.0,6.16,,1,1,1
2021-09,ITEM_4846,P004913,36.0,6.12,0.17,1,1,1
2023-10,ITEM_4847,P006540,4.0,6.12,1.53,1,1,1
2023-05,ITEM_4848,P005993,8.0,6.077,0.759625,1,1,1
2021-04,ITEM_4849,P005134,1.0,6.05,6.05,1,1,1
2021-02,ITEM_4850,P002424,1.0,6.0,6.0,1,1,1
2021-02,ITEM_4851,P000526,20.0,6.0,0.3,1,1,1
2021-03,ITEM_4852,P005378,2.0,6.0,3.0,1,1,1
2021-03,ITEM_4853,P002500,12.0,6.0,0.5,1,1,1
2021-03,ITEM_4854,P005452,12.0,6.0,0.5,1,1,1
2021-06,ITEM_4855,P000585,1.0,6.0,6.0,1,1,1
2023-03,ITEM_4855,P000585,1.0,5.78,5.775,1,1,1
2021-09,ITEM_4856,P001036,3.0,6.0,2.0,1,1,1
2021-02,ITEM_4857,P000107,200.0,4.0,0.02,2,2,1
2021-09,ITEM_4857,P000107,100.0,3.0,0.03,1,1,1
2021-10,ITEM_4857,P000107,3.0,2.84,0.945,1,1,1
2021-11,ITEM_4857,P000107,100.0,6.0,0.06,1,1,1
2022-05,ITEM_4857,P000107,200.0,6.0,0.03,1,1,1
2022-06,ITEM_4857,P000107,100.0,2.8,0.028000000000000004,1,1,1
2022-08,ITEM_4857,P000107,100.0,3.0,0.03,1,1,1
2023-04,ITEM_4857,P000107,100.0,2.4,0.024,1,1,1
2023-06,ITEM_4857,P000107,100.0,1.54,0.0154,1,1,1
2023-07,ITEM_4857,P000107,200.0,2.96,0.0148,1,1,1
2023-09,ITEM_4857,P000107,200.0,5.2,0.026000000000000002,2,2,1
2023-11,ITEM_4857,P000107,200.0,2.0,0.01,1,1,1
2022-06,ITEM_4858,P006872,100.0,6.0,0.06,1,1,1
2023-06,ITEM_4859,P002095,2.0,6.0,3.0,1,1,1
2023-08,ITEM_4860,P006276,5.0,6.0,1.2,1,1,1
2022-04,ITEM_4861,P001647,30.0,4.8,0.16,1,1,1
2023-10,ITEM_4861,P001647,100.0,6.0,0.06,1,1,1
2023-12,ITEM_4862,P008428,8.0,6.0,0.75,1,1,1
2024-10,ITEM_4863,304852,1.0,6.0,,1,1,1
2023-07,ITEM_4865,P006241,2.0,5.96,2.98,1,1,1
2023-02,ITEM_4866,P007237,1.0,5.95,5.950538,1,1,1
2023-06,ITEM_4866,P007237,1.0,3.8,3.8,1,1,1
2023-06,ITEM_4867,P000868,6.0,5.94,0.9899999999999999,1,1,1
2024-04,ITEM_4868,303327,20.0,5.94,,1,1,1
2023-12,ITEM_4869,P008477,1.0,5.93,5.93,1,1,1
2022-07,ITEM_4870,P001657,2.0,5.9,2.95,1,1,1
2022-02,ITEM_4871,P002954,12.0,5.88,0.49,1,1,1
2025-06,ITEM_4872,305403,1.0,5.82,,1,1,1
2021-04,ITEM_4873,P004353,4.0,5.8,1.45,1,1,1
2023-11,ITEM_4874,P008321,20.0,5.8,0.29,1,1,1
2025-05,ITEM_4875,306457,12.0,5.75,,1,1,1
2023-08,ITEM_4876,P006314,1.0,5.74,5.74,1,1,1
2023-05,ITEM_4877,P005991,4.0,5.717,1.42925,1,1,1
2022-11,ITEM_4878,P006640,12.0,5.64,0.47,1,1,1
2022-11,ITEM_4879,P006678,2.0,5.64,2.82,1,1,1
2023-05,ITEM_4880,P005995,4.0,5.637,1.40925,1,1,1
2024-04,ITEM_4881,301592,30.0,5.63,,1,1,1
2024-07,ITEM_4881,301592,30.0,5.63,,1,1,1
2021-06,ITEM_4882,P005962,2.0,5.6,2.8,1,1,1
2022-05,ITEM_4883,P000590,1.0,4.98,4.98,1,1,1
2023-02,ITEM_4883,P000590,2.0,5.6,2.8,1,1,1
2023-10,ITEM_4883,P000590,1.0,3.15,3.15,1,1,1
2023-11,ITEM_4883,P000590,1.0,3.15,3.15,1,1,1
2025-06,ITEM_4884,306006,2.0,5.59,,1,1,1
2025-06,ITEM_4885,306026,1.0,5.59,,1,1,1
2021-06,ITEM_4886,P000723,1.0,3.5,3.5,1,1,1
2023-03,ITEM_4886,P000723,1.0,5.54,5.544,1,1,1
2025-06,ITEM_4887,304445,2.0,5.54,,1,1,1
2022-04,ITEM_4888,P005494,1.0,5.52,5.52,1,1,1
2023-04,ITEM_4889,P000660,1.0,5.5,5.5,1,1,1
2021-02,ITEM_4890,P000626,2.0,4.312,2.156,1,1,1
2022-04,ITEM_4890,P000626,1.0,1.5,1.5,1,1,1
2023-03,ITEM_4890,P000626,1.0,1.5,1.5,1,1,1
2023-09,ITEM_4890,P000626,1.0,5.5,5.5,1,1,1
2023-05,ITEM_4891,P005997,4.0,5.477,1.36925,1,1,1
2023-05,ITEM_4892,P005998,8.0,5.437,0.679625,1,1,1
2023-05,ITEM_4893,P005999,4.0,5.437,1.35925,1,1,1
2023-05,ITEM_4894,P006000,4.0,5.437,1.35925,1,1,1
2023-10,ITEM_4895,P006564,2.0,5.42,2.71,1,1,1
2025-08,ITEM_4896,306210,1.0,5.35,,1,1,1
2025-08,ITEM_4897,306221,1.0,5.35,,1,1,1
2025-08,ITEM_4898,306268,1.0,5.35,,1,1,1
2025-08,ITEM_4899,306289,2.0,10.69,,2,1,1
2023-12,ITEM_4900,P008470,1.0,5.3,5.3,1,1,1
2024-09,ITEM_4901,304924,4.0,5.3,,1,1,1
2021-05,ITEM_4902,P005190,6.0,5.292,0.882,1,1,1
2023-08,ITEM_4903,P006315,1.0,5.25,5.25,1,1,1
2024-03,ITEM_4904,304089,1000.0,5.22,,1,1,1
2024-04,ITEM_4904,304089,1000.0,5.22,,1,1,1
2025-08,ITEM_4905,305386,2.0,10.41,,2,1,1
2021-09,ITEM_4906,P002259,2.0,5.2,2.6,1,1,1
2022-04,ITEM_4907,P004758,1.0,4.4,4.4,1,1,1
2022-06,ITEM_4907,P004758,1.0,5.2,5.2,1,1,1
2023-02,ITEM_4908,P000584,2.0,5.2,2.6,1,1,1
2023-03,ITEM_4908,P000584,1.0,4.7,4.697,1,1,1
2023-04,ITEM_4909,P007390,4.0,5.2,1.3,1,1,1
2025-06,ITEM_4910,306093,2.0,5.12,,1,1,1
2025-08,ITEM_4911,301224,10.0,5.1,,1,1,1
2024-10,ITEM_4912,300778,300.0,5.04,,1,1,1
2023-12,ITEM_4913,P008506,3.0,5.01,1.67,1,1,1
2021-04,ITEM_4914,P000044,1.0,5.005,5.005,1,1,1
2021-05,ITEM_4914,P000044,1.0,5.0,5.0,1,1,1
2021-07,ITEM_4915,P005896,100.0,5.0,0.05,1,1,1
2021-03,ITEM_4916,P000469,2.0,4.39,2.195,1,1,1
2021-07,ITEM_4916,P000469,4.0,5.0,1.25,1,1,1
2021-02,ITEM_4917,P001740,10.0,2.5,0.25,1,1,1
2022-06,ITEM_4917,P001740,2.0,0.4,0.2,1,1,1
2023-05,ITEM_4917,P001740,20.0,5.0,0.25,1,1,1
2024-07,ITEM_4918,304574,10.0,5.0,,1,1,1
2024-07,ITEM_4919,304573,30.0,5.0,,1,1,1
2021-12,ITEM_4920,P001551,6.0,4.86,0.81,1,1,1
2023-12,ITEM_4921,P008491,1.0,4.85,4.85,1,1,1
2023-08,ITEM_4922,P005033,1.0,4.84,4.84,1,1,1
2021-04,ITEM_4923,P000129,100.0,9.0,0.09,2,1,1
2021-12,ITEM_4924,P001045,6.0,4.8,0.8000000000000002,1,1,1
2023-01,ITEM_4925,P007022,8.0,2.0,0.25,1,1,1
2023-04,ITEM_4925,P007022,24.0,5.76,0.24,2,1,1
2023-02,ITEM_4926,P007240,1.0,2.98,2.975269,1,1,1
2023-06,ITEM_4926,P007240,1.0,4.8,4.8,1,1,1
2023-06,ITEM_4927,P003457,1.0,4.8,4.8,1,1,1
2023-06,ITEM_4928,P003458,1.0,4.8,4.8,1,1,1
2022-07,ITEM_4929,P000018,16.0,12.156,0.7595,3,3,1
2024-03,ITEM_4930,900270,10.0,4.76,,1,1,1
2022-02,ITEM_4931,P006408,1.0,4.74,4.74,1,1,1
2025-06,ITEM_4932,306718,2.0,4.72,,1,1,1
2024-04,ITEM_4933,301890,30.0,4.68,,1,1,1
2022-09,ITEM_4934,P001279,12.0,4.639408,0.386617,1,1,1
2023-06,ITEM_4934,P001279,4.0,1.6,0.4,1,1,1
2021-05,ITEM_4935,P000867,12.0,4.62,0.385,1,1,1
2021-06,ITEM_4935,P000867,6.0,2.31,0.385,1,1,1
2022-11,ITEM_4935,P000867,6.0,2.541,0.4235,1,1,1
2025-05,ITEM_4935,P000867,3.0,1.37,,1,1,1
2025-06,ITEM_4935,P000867,6.0,2.76,,2,2,1
2021-11,ITEM_4936,P005858,8.0,4.52,0.5,1,1,1
2021-03,ITEM_4937,P004129,3.0,4.5,1.5,1,1,1
2021-04,ITEM_4937,P004129,1.0,1.5,1.5,1,1,1
2023-06,ITEM_4937,P004129,1.0,1.5,1.5,1,1,1
2021-09,ITEM_4938,P001035,3.0,4.5,1.5,1,1,1
2022-06,ITEM_4939,P006869,1.0,4.5,4.5,1,1,1
2023-06,ITEM_4940,P006146,200.0,4.48,0.022399999999999996,1,1,1
2023-06,ITEM_4941,P006145,200.0,4.48,0.022399999999999996,1,1,1
2023-06,ITEM_4942,P006147,200.0,4.48,0.022399999999999996,1,1,1
2023-06,ITEM_4943,P006148,200.0,4.48,0.022399999999999996,1,1,1
2023-06,ITEM_4944,P006149,200.0,4.48,0.022399999999999996,1,1,1
2023-06,ITEM_4945,P006150,200.0,4.48,0.022399999999999996,1,1,1
2023-06,ITEM_4946,P006151,200.0,4.48,0.022399999999999996,1,1,1
2023-06,ITEM_4947,P006152,200.0,4.48,0.022399999999999996,1,1,1
2025-09,ITEM_4948,300920,4.0,4.48,,1,1,1
2023-03,ITEM_4949,P007310,2.0,4.46,2.23,1,1,1
2023-05,ITEM_4949,P007310,2.0,4.46,2.23,1,1,1
2023-06,ITEM_4950,P006205,1.0,4.45,4.45,1,1,1
2023-06,ITEM_4951,P007897,4.0,4.44,1.11,1,1,1
2023-10,ITEM_4951,P007897,2.0,2.22,1.11,1,1,1
2024-03,ITEM_4952,304096,10.0,1.48,,1,1,1
2024-04,ITEM_4952,304096,30.0,4.44,,1,1,1
2021-04,ITEM_4953,P000279,4.0,4.4,1.1,1,1,1
2021-03,ITEM_4954,P002951,4.0,4.0,1.0,1,1,1
2021-08,ITEM_4954,P002951,3.0,3.0,1.0,1,1,1
2022-02,ITEM_4954,P002951,4.0,4.4,1.1,1,1,1
2022-11,ITEM_4955,P006683,6.0,4.26,0.71,1,1,1
2024-04,ITEM_4956,304369,1.0,4.26,,1,1,1
2021-10,ITEM_4957,P006267,1.0,4.25,4.25,1,1,1
2023-07,ITEM_4958,P006242,2.0,4.25,2.125,1,1,1
2024-02,ITEM_4959,303955,10.0,4.23,,1,1,1
2022-11,ITEM_4960,P006636,12.0,4.2,0.3499999999999999,1,1,1
2022-11,ITEM_4961,P006644,12.0,4.2,0.3499999999999999,1,1,1
2022-11,ITEM_4962,P006677,12.0,4.2,0.3499999999999999,1,1,1
2025-06,ITEM_4963,306007,1.0,4.19,,1,1,1
2023-08,ITEM_4964,P006353,15.0,4.05,0.2700000000000001,1,1,1
2023-07,ITEM_4965,P007996,2.0,4.02,2.01,1,1,1
2021-02,ITEM_4966,P003088,50.0,4.0,0.08,1,1,1
2021-07,ITEM_4967,P001331,100.0,1.54,0.0154,1,1,1
2022-04,ITEM_4967,P001331,24.0,1.2,0.05000000000000001,1,1,1
2022-09,ITEM_4967,P001331,50.0,1.15,0.023086,1,1,1
2023-03,ITEM_4967,P001331,125.0,4.5,0.036,2,2,1
2024-03,ITEM_4968,301376,40.0,4.0,,1,1,1
2021-08,ITEM_4969,P006155,1.0,3.98,3.984,1,1,1
2023-08,ITEM_4970,P006321,1.0,3.98,3.98,1,1,1
2023-12,ITEM_4971,P004194,4.0,3.94,0.985,1,1,1
2022-02,ITEM_4972,P006394,1.0,3.93,3.93,1,1,1
2021-09,ITEM_4973,P000514,2.0,3.9,1.95,1,1,1
2023-12,ITEM_4974,P008445,20.0,4.06,0.203,2,1,1
2023-11,ITEM_4975,P003509,1.0,3.76,3.76,1,1,1
2025-04,ITEM_4976,305245,2.0,3.26,,1,1,1
2025-06,ITEM_4976,305245,2.0,3.75,,1,1,1
2022-08,ITEM_4977,P000662,1.0,3.734352,3.734352,1,1,1
2021-02,ITEM_4978,P000864,12.0,3.699996,0.308333,1,1,1
2021-08,ITEM_4978,P000864,6.0,2.1,0.3499999999999999,1,1,1
2022-03,ITEM_4978,P000864,6.0,1.848,0.308,1,1,1
2022-04,ITEM_4978,P000864,3.0,1.0014,0.33379999999999993,1,1,1
2022-11,ITEM_4978,P000864,12.0,3.696,0.308,2,2,1
2023-03,ITEM_4978,P000864,12.0,3.697998,0.3081665,2,2,1
2023-09,ITEM_4978,P000864,12.0,3.696,0.308,1,1,1
2023-12,ITEM_4979,P002189,4.0,3.68,0.92,1,1,1
2024-04,ITEM_4980,304232,80.0,3.68,,1,1,1
2025-08,ITEM_4981,302703,2.0,7.29,,2,1,1
2021-04,ITEM_4982,P005135,1.0,3.63,3.63,1,1,1
2021-08,ITEM_4983,P000472,3.0,3.6,1.2,1,1,1
2021-06,ITEM_4984,P000869,6.0,3.01,0.501,1,1,1
2022-04,ITEM_4984,P000869,3.0,1.5,0.5,1,1,1
2023-03,ITEM_4984,P000869,6.0,3.6,0.6,1,1,1
2023-07,ITEM_4985,P000138,25.0,2.6,0.10400000000000001,1,1,1
2023-10,ITEM_4985,P000138,24.0,3.6,0.15,1,1,1
2023-12,ITEM_4986,P008489,6.0,3.6,0.6,1,1,1
2024-07,ITEM_4987,301168,2.0,3.6,,1,1,1
2024-04,ITEM_4988,304368,550.0,3.58,,1,1,1
2021-06,ITEM_4989,P000588,1.0,3.0,3.0,1,1,1
2022-05,ITEM_4989,P000588,1.0,3.5,3.496,1,1,1
2022-06,ITEM_4990,P006871,1.0,3.5,3.5,1,1,1
2023-10,ITEM_4991,P006543,10.0,3.5,0.35,1,1,1
2023-01,ITEM_4992,P004717,1.0,3.47,3.47,1,1,1
2021-09,ITEM_4993,P002429,6.0,1.5,0.25,1,1,1
2022-04,ITEM_4993,P002429,12.0,2.4,0.20000000000000004,1,1,1
2022-11,ITEM_4993,P002429,10.0,2.31,0.231,1,1,1
2023-07,ITEM_4993,P002429,15.0,3.465,0.231,1,1,1
2025-07,ITEM_4994,302464,4.0,3.45,,1,1,1
2025-08,ITEM_4994,302464,2.0,1.73,,1,1,1
2024-10,ITEM_4995,304795,40.0,3.38,,1,1,1
2025-04,ITEM_4996,305548,2.0,0.76,,1,1,1
2025-06,ITEM_4996,305548,2.0,3.34,,1,1,1
2025-04,ITEM_4997,306048,2.0,3.26,,1,1,1
2025-06,ITEM_4997,306048,2.0,3.34,,1,1,1
2025-04,ITEM_4998,306047,2.0,3.26,,1,1,1
2025-06,ITEM_4998,306047,2.0,2.76,,1,1,1
2022-06,ITEM_4999,P006935,2.0,3.2,1.6,1,1,1
2025-08,ITEM_5000,301225,8.0,6.390000000000001,,2,1,1
2022-11,ITEM_5001,P006662,1.0,3.18,3.18,1,1,1
2025-06,ITEM_5003,305486,1.0,3.14,,1,1,1
2022-05,ITEM_5004,P005600,1.0,3.12,3.12,1,1,1
2023-08,ITEM_5004,P005600,1.0,2.97,2.97,1,1,1
2023-12,ITEM_5005,P008535,2.0,3.12,1.56,1,1,1
2021-03,ITEM_5006,P001327,100.0,1.0,0.01,1,1,1
2021-04,ITEM_5006,P001327,200.0,3.08,0.0154,1,1,1
2021-07,ITEM_5006,P001327,100.0,1.54,0.0154,1,1,1
2022-04,ITEM_5006,P001327,24.0,0.96,0.04,1,1,1
2022-09,ITEM_5006,P001327,50.0,0.77,0.01539,1,1,1
2023-03,ITEM_5006,P001327,125.0,3.5,0.028,2,2,1
2023-11,ITEM_5006,P001327,100.0,1.0,0.01,1,1,1
2022-11,ITEM_5007,P006638,2.0,3.06,1.53,1,1,1
2023-12,ITEM_5008,P008483,2.0,3.06,1.53,1,1,1
2023-12,ITEM_5009,P008523,2.0,3.06,1.53,1,1,1
2024-02,ITEM_5010,303970,10.0,3.05,,1,1,1
2023-12,ITEM_5011,P002809,10.0,3.02,0.302,1,1,1
2023-12,ITEM_5012,P008449,10.0,3.02,0.302,1,1,1
2021-12,ITEM_5013,P000497,6.0,3.0,0.5,1,1,1
2022-06,ITEM_5014,P006946,2.0,2.5,1.25,1,1,1
2023-12,ITEM_5014,P006946,2.0,3.0,1.5,1,1,1
2024-05,ITEM_5015,301815,10.0,3.0,,1,1,1
2023-02,ITEM_5016,P007239,1.0,2.98,2.975269,1,1,1
2023-06,ITEM_5016,P007239,1.0,2.5,2.5,1,1,1
2022-11,ITEM_5017,P006659,1.0,2.94,2.94,1,1,1
2025-03,ITEM_5018,301127,3.0,2.91,,1,1,1
2025-06,ITEM_5019,305494,1.0,2.91,,1,1,1
2023-07,ITEM_5020,P002600,25.0,2.88,0.1152,1,1,1
2023-01,ITEM_5021,P007080,1.0,2.87,2.87,1,1,1
2022-05,ITEM_5022,P000564,1.0,2.82,2.82,1,1,1
2023-10,ITEM_5022,P000564,1.0,1.06,1.06,1,1,1
2025-06,ITEM_5023,305367,2.0,2.8,,1,1,1
2025-06,ITEM_5024,305481,2.0,2.8,,1,1,1
2021-09,ITEM_5025,P001695,4.0,2.0,0.5,1,1,1
2021-12,ITEM_5025,P001695,6.0,2.7,0.45,1,1,1
2023-12,ITEM_5026,P008560,2.0,2.7,1.35,1,1,1
2025-12,ITEM_5027,900146,1.0,2.7,,1,1,1
2024-07,ITEM_5028,301192,2.0,2.7,,1,1,1
2025-04,ITEM_5029,306046,2.0,2.68,,1,1,1
2025-06,ITEM_5029,306046,2.0,1.37,,1,1,1
2024-07,ITEM_5030,304644,1.0,2.68,,1,1,1
2023-12,ITEM_5031,P008474,1.0,2.61,2.61,1,1,1
2022-06,ITEM_5032,P006937,1.0,2.6,2.6,1,1,1
2025-06,ITEM_5033,305982,1.0,2.55,,1,1,1
2025-06,ITEM_5034,306000,1.0,2.55,,1,1,1
2021-09,ITEM_5035,P002333,4.0,2.48,0.62,1,1,1
2022-06,ITEM_5036,P006859,2.0,2.47,1.235,1,1,1
2022-11,ITEM_5037,P006665,1.0,2.47,2.47,1,1,1
2021-04,ITEM_5038,P005132,2.0,2.42,1.21,1,1,1
2021-04,ITEM_5039,P005814,1.0,2.4,2.4,1,1,1
2022-07,ITEM_5040,P003737,2.0,2.4,1.2,1,1,1
2021-04,ITEM_5041,P001628,10.0,1.4,0.14,1,1,1
2023-09,ITEM_5041,P001628,12.0,2.4,0.20000000000000004,1,1,1
2023-07,ITEM_5042,P001281,3.0,1.92,0.64,1,1,1
2023-12,ITEM_5042,P001281,4.0,2.4,0.6,1,1,1
2025-07,ITEM_5043,300902,10.0,2.4,,1,1,1
2024-11,ITEM_5044,304885,12.0,2.4,,1,1,1
2024-10,ITEM_5045,300775,1.0,2.4,,1,1,1
2022-05,ITEM_5046,P000563,1.0,2.38,2.38,1,1,1
2023-10,ITEM_5046,P000563,1.0,0.79,0.79,1,1,1
2023-04,ITEM_5047,P000498,6.0,2.34585,0.390975,1,1,1
2025-07,ITEM_5048,301198,8.0,4.289999999999999,,2,1,1
2021-07,ITEM_5049,P000561,1.0,2.25,2.25,1,1,1
2022-05,ITEM_5049,P000561,1.0,1.82,1.82,1,1,1
2022-04,ITEM_5050,P001328,24.0,0.96,0.04,1,1,1
2023-11,ITEM_5050,P001328,100.0,2.25,0.0225,1,1,1
2022-04,ITEM_5051,P001329,24.0,1.2,0.05000000000000001,1,1,1
2023-11,ITEM_5051,P001329,100.0,2.25,0.0225,1,1,1
2023-12,ITEM_5052,P008440,20.0,2.21,0.1105,1,1,1
2023-12,ITEM_5053,P008453,36.0,2.16,0.060000000000000005,1,1,1
2022-11,ITEM_5054,P006675,2.0,2.12,1.06,1,1,1
2022-06,ITEM_5055,P001644,50.0,2.0,0.04,1,1,1
2023-08,ITEM_5055,P001644,36.0,0.8316,0.0231,1,1,1
2022-12,ITEM_5056,P001037,1.0,2.0,2.0,1,1,1
2021-03,ITEM_5057,P001330,100.0,1.5,0.015,1,1,1
2022-04,ITEM_5057,P001330,24.0,1.2,0.05000000000000001,1,1,1
2023-11,ITEM_5057,P001330,100.0,2.0,0.02,1,1,1
2023-12,ITEM_5058,P007341,1.0,2.0,2.0,1,1,1
2023-12,ITEM_5059,P008441,20.0,2.0,0.1,1,1,1
2023-12,ITEM_5060,P008524,2.0,1.98,0.99,1,1,1
2023-08,ITEM_5061,P006322,1.0,1.9465,1.9465,1,1,1
2023-12,ITEM_5062,P008454,36.0,1.9,0.052778,1,1,1
2022-04,ITEM_5063,P006474,2.0,3.78,1.89,2,2,1
2024-07,ITEM_5064,301169,8.0,1.86,,1,1,1
2022-05,ITEM_5065,P000560,1.0,1.82,1.82,1,1,1
2022-06,ITEM_5066,P006858,2.0,1.81,0.9025,1,1,1
2021-04,ITEM_5067,P000128,100.0,3.4000000000000004,0.034,2,1,1
2021-04,ITEM_5068,P000134,100.0,3.4000000000000004,0.034,2,1,1
2021-11,ITEM_5069,P002698,3.0,1.8,0.6,1,1,1
2023-09,ITEM_5070,P008291,1.0,1.8,1.8,1,1,1
2024-07,ITEM_5071,304643,10.0,1.8,,1,1,1
2025-10,ITEM_5072,304067,2.0,1.79,,1,1,1
2025-12,ITEM_5073,900218,2.0,1.76,,1,1,1
2024-03,ITEM_5074,302379,40.0,1.76,,1,1,1
2024-03,ITEM_5075,304068,1.0,1.73,,1,1,1
2023-02,ITEM_5076,P007238,1.0,1.7,1.700154,1,1,1
2023-12,ITEM_5077,P008496,1.0,1.7,1.7,1,1,1
2023-09,ITEM_5078,P008289,1.0,1.55,1.55,1,1,1
2021-07,ITEM_5079,P001332,100.0,1.54,0.0154,1,1,1
2023-12,ITEM_5080,P008514,1.0,1.53,1.53,1,1,1
2023-12,ITEM_5081,P008532,1.0,1.53,1.53,1,1,1
2021-03,ITEM_5082,P001333,100.0,1.5,0.015,1,1,1
2023-03,ITEM_5082,P001333,25.0,0.5,0.02,1,1,1
2023-09,ITEM_5083,P008290,1.0,1.5,1.5,1,1,1
2023-10,ITEM_5084,P000139,24.0,1.44,0.06,1,1,1
2022-06,ITEM_5085,P006939,2.0,1.4,0.7,1,1,1
2022-11,ITEM_5086,P006649,4.0,1.4,0.35,1,1,1
2023-08,ITEM_5087,P001645,36.0,1.386,0.0385,1,1,1
2023-12,ITEM_5088,P008507,1.0,1.38,1.38,1,1,1
2021-04,ITEM_5089,P005133,1.0,1.21,1.21,1,1,1
2021-01,ITEM_5090,P005618,6.0,1.2,0.20000000000000004,1,1,1
2022-06,ITEM_5091,P006936,2.0,1.2,0.6,1,1,1
2024-04,ITEM_5092,304112,10.0,1.2,,1,1,1
2023-10,ITEM_5093,P000565,1.0,1.14,1.14,1,1,1
2021-02,ITEM_5094,P005590,1.0,1.12,1.12,1,1,1
2023-12,ITEM_5095,P008472,1.0,1.06,1.06,1,1,1
2022-11,ITEM_5096,P006647,2.0,0.94,0.47,1,1,1
2022-11,ITEM_5097,P006654,1.0,0.94,0.94,1,1,1
2023-08,ITEM_5098,P006323,1.0,0.9,0.9,1,1,1
2023-12,ITEM_5099,P008438,2.0,0.84,0.42,1,1,1
2023-12,ITEM_5100,P008518,1.0,0.79,0.79,1,1,1
2022-11,ITEM_5101,P006641,2.0,0.7,0.35,1,1,1
2021-04,ITEM_5102,P005816,3.0,0.66,0.22,1,1,1
2023-12,ITEM_5103,P008446,20.0,0.53,0.026500000000000003,1,1,1
2023-12,ITEM_5104,P008442,20.0,0.51,0.025500000000000002,1,1,1
2022-06,ITEM_5106,P001741,2.0,0.4,0.2,1,1,1
2025-06,ITEM_5107,305987,1.0,0.34,,1,1,1
2023-12,ITEM_5108,P008444,2.0,0.28,0.14,1,1,1
2023-10,ITEM_5109,P006565,2.0,0.24,0.12,1,1,1
2023-12,ITEM_5110,P008443,20.0,0.17,0.0085,1,1,1
