Mes,Nivel,Serie,CostoMensualUSD,CantidadMensual,NumeroMovimientos,NumeroItemsDistintos,NumeroProveedores,CostoPromedioMovimiento,CostoMedianoMovimiento,CostoMaximoMovimiento,MesNumerico,Trimestre,Anio,IndiceTemporal,Lag1,Lag2,Lag3,Lag12,MediaMovil3,MediaMovil6
2021-01,CATEGORIA,ACEITE,14827.929999999998,58.0,14.0,10.0,4.0,1059.137857142857,455.265,4675.44,1,1,2021,0,,,,,,
2021-02,CATEGORIA,ACEITE,8151.4,59.0,8.0,8.0,3.0,1018.925,693.7149999999999,2925.0,2,1,2021,1,14827.929999999998,,,,,
2021-03,CATEGORIA,ACEITE,4256.349999999999,54.0,8.0,8.0,5.0,532.0437499999999,173.945,2367.6,3,1,2021,2,8151.4,14827.929999999998,,,,
2021-04,CATEGORIA,ACEITE,12829.45,80.0,10.0,8.0,4.0,1282.9450000000002,687.4000000000001,4680.0,4,2,2021,3,4256.349999999999,8151.4,14827.929999999998,,9078.56,
2021-05,CATEGORIA,ACEITE,2982.4,10.0,5.0,4.0,2.0,596.48,722.55,913.41,5,2,2021,4,12829.45,4256.349999999999,8151.4,,8412.4,
2021-06,CATEGORIA,ACEITE,4446.2999930000005,50.0,5.0,5.0,3.0,889.2599986000001,511.453333,2330.8,6,2,2021,5,2982.4,12829.45,4256.349999999999,,6689.399999999999,
2021-07,CATEGORIA,ACEITE,20745.638599999995,77.0,10.0,8.0,4.0,2074.5638599999993,1155.3557,8486.918,7,3,2021,6,4446.2999930000005,2982.4,12829.45,,6752.716664333333,7915.638332166666
2021-08,CATEGORIA,ACEITE,5564.889999999999,34.0,8.0,8.0,3.0,695.6112499999999,400.855,2504.7,8,3,2021,7,20745.638599999995,4446.2999930000005,2982.4,,9391.446197666664,8901.923098833331
2021-09,CATEGORIA,ACEITE,13566.38,54.0,10.0,6.0,3.0,1356.638,578.5350000000001,5417.2,9,3,2021,8,5564.889999999999,20745.638599999995,4446.2999930000005,,10252.276197666664,8470.838098833332
2021-10,CATEGORIA,ACEITE,2811.12,28.0,5.0,5.0,2.0,562.2239999999999,588.77,1060.86,10,4,2021,9,13566.38,5564.889999999999,20745.638599999995,,13292.302866666663,10022.509765499997
2021-11,CATEGORIA,ACEITE,10147.965,19.0,8.0,6.0,3.0,1268.495625,903.385,3713.01,11,4,2021,10,2811.12,13566.38,5564.889999999999,,7314.13,8352.788098833333
2021-12,CATEGORIA,ACEITE,12718.108960000001,83.0,12.0,10.0,5.0,1059.8424133333335,777.4322,3877.68,12,4,2021,11,10147.965,2811.12,13566.38,,8841.821666666667,9547.048932166666
2022-01,CATEGORIA,ACEITE,4803.29,32.0,3.0,3.0,2.0,1601.0966666666666,1316.5,3369.45,1,1,2022,12,12718.108960000001,10147.965,2811.12,14827.929999999998,8559.064653333335,10925.68376
2022-02,CATEGORIA,ACEITE,38364.028999999995,162.0,32.0,17.0,5.0,1198.8759062499998,571.163,5138.6,2,1,2022,13,4803.29,12718.108960000001,10147.965,8151.4,9223.12132,8268.62566
2022-03,CATEGORIA,ACEITE,1882.0,10.0,4.0,3.0,3.0,470.5,411.45,944.2,3,1,2022,14,38364.028999999995,4803.29,12718.108960000001,4256.349999999999,18628.475986666668,13735.148826666666
2022-04,CATEGORIA,ACEITE,11337.249999999998,44.0,13.0,9.0,3.0,872.0961538461537,598.53,2832.6,4,2,2022,15,1882.0,38364.028999999995,4803.29,12829.45,15016.439666666667,11787.752159999998
2022-05,CATEGORIA,ACEITE,6893.42,74.0,8.0,7.0,2.0,861.6775,595.235,2652.15,5,2,2022,16,11337.249999999998,1882.0,38364.028999999995,2982.4,17194.426333333333,13208.773826666666
2022-06,CATEGORIA,ACEITE,4475.07,15.0,6.0,6.0,3.0,745.8449999999999,395.53499999999997,2448.92,6,2,2022,17,6893.42,11337.249999999998,1882.0,4446.2999930000005,6704.223333333335,12666.34966
2022-07,CATEGORIA,ACEITE,9465.910002,35.0,7.0,7.0,2.0,1352.2728574285716,1284.19,4610.410002,7,3,2022,18,4475.07,6893.42,11337.249999999998,20745.638599999995,7568.580000000002,11292.509833333332
2022-08,CATEGORIA,ACEITE,22910.96,79.0,12.0,8.0,3.0,1909.2466666666667,1314.29,4803.28,8,3,2022,19,9465.910002,4475.07,6893.42,5564.889999999999,6944.80000066667,12069.613166999998
2022-09,CATEGORIA,ACEITE,5462.63,9.0,5.0,3.0,1.0,1092.526,1197.06,1795.59,9,3,2022,20,22910.96,9465.910002,4475.07,13566.38,12283.98000066667,9494.101667
2022-10,CATEGORIA,ACEITE,14776.273000000001,42.0,7.0,7.0,3.0,2110.896142857143,680.0,10376.8,10,4,2022,21,5462.63,22910.96,9465.910002,2811.12,12613.166667333337,10090.873333666666
2022-11,CATEGORIA,ACEITE,12272.749971000001,90.0,8.0,5.0,3.0,1534.0937463750001,929.6699980000001,5480.699977,11,4,2022,22,14776.273000000001,5462.63,22910.96,10147.965,14383.28766666667,10664.043833666667
2022-12,CATEGORIA,ACEITE,8783.74,50.0,9.0,8.0,2.0,975.9711111111111,412.2,4614.84,12,4,2022,23,12272.749971000001,14776.273000000001,5462.63,12718.108960000001,10837.217657000005,11560.598828833334
2023-01,CATEGORIA,ACEITE,4531.429999999999,9.0,4.0,4.0,1.0,1132.8574999999998,949.915,2441.6,1,1,2023,24,8783.74,12272.749971000001,14776.273000000001,4803.29,11944.25432366667,12278.710495500001
2023-02,CATEGORIA,ACEITE,20693.959984,107.0,15.0,13.0,3.0,1379.5973322666666,357.780001,6135.519985,2,1,2023,25,4531.429999999999,8783.74,12272.749971000001,38364.028999999995,8529.306657000003,11456.297161833332
2023-03,CATEGORIA,ACEITE,12937.370000000003,72.0,17.0,14.0,4.0,761.0217647058826,476.1,4272.8,3,1,2023,26,20693.959984,4531.429999999999,8783.74,1882.0,11336.376661333337,11086.797159166666
2023-04,CATEGORIA,ACEITE,4606.66,16.0,8.0,8.0,2.0,575.8325,560.0,1197.06,4,2,2023,27,12937.370000000003,20693.959984,4531.429999999999,11337.249999999998,12720.919994666672,12332.587159166667
2023-05,CATEGORIA,ACEITE,12698.849999999999,21.0,6.0,6.0,2.0,2116.475,1763.17,3662.4,5,2,2023,28,4606.66,12937.370000000003,20693.959984,6893.42,12745.996661333338,10637.651659166668
2023-06,CATEGORIA,ACEITE,4653.43,77.0,9.0,7.0,1.0,517.0477777777778,299.15,2059.5,6,2,2023,29,12698.849999999999,4606.66,12937.370000000003,4475.07,10080.960000000005,10708.668330666665
2023-07,CATEGORIA,ACEITE,16991.28,43.0,8.0,7.0,4.0,2123.91,754.9,9457.44,7,3,2023,30,4653.43,12698.849999999999,4606.66,9465.910002,7319.64666666667,10020.283330666667
2023-08,CATEGORIA,ACEITE,13615.658000000001,66.0,19.0,18.0,4.0,716.6135789473685,596.3,3076.46,8,3,2023,31,16991.28,4653.43,12698.849999999999,22910.96,11447.853333333338,12096.924997333334
2023-09,CATEGORIA,ACEITE,41057.679898,217.0,27.0,20.0,5.0,1520.654811037037,1180.0,7324.8,9,3,2023,32,13615.658000000001,16991.28,4653.43,5462.63,11753.456000000004,10917.208
2023-10,CATEGORIA,ACEITE,5499.19,65.0,7.0,4.0,3.0,785.5985714285714,662.6,2200.0,10,4,2023,33,41057.679898,13615.658000000001,16991.28,14776.273000000001,23888.205966000005,15603.926316333333
2023-11,CATEGORIA,ACEITE,45471.19,83.0,5.0,4.0,3.0,9094.238000000001,1020.0,25106.97,11,4,2023,34,5499.19,41057.679898,13615.658000000001,12272.749971000001,20057.50929933334,15752.681316333334
2024-01,CATEGORIA,ACEITE,816.0,120.0,1.0,1.0,1.0,816.0,816.0,816.0,1,1,2024,35,45471.19,5499.19,41057.679898,8783.74,30676.019966000003,21214.737983000003
2024-03,CATEGORIA,ACEITE,1984.3899999999999,310.0,4.0,3.0,1.0,496.09749999999997,511.45,662.34,3,1,2024,36,816.0,45471.19,5499.19,4531.429999999999,17262.12666666667,20575.166316333332
2024-04,CATEGORIA,ACEITE,26196.84,500.0,6.0,4.0,2.0,4366.14,3256.5,8686.59,4,2,2024,37,1984.3899999999999,816.0,45471.19,20693.959984,16090.52666666667,18074.017983
2024-05,CATEGORIA,ACEITE,170.0,2.0,2.0,1.0,1.0,85.0,85.0,136.0,5,2,2024,38,26196.84,1984.3899999999999,816.0,12937.370000000003,9665.743333333336,20170.881649666666
2024-07,CATEGORIA,ACEITE,2504.04,16.0,4.0,4.0,1.0,626.01,624.435,1199.17,7,3,2024,39,170.0,26196.84,1984.3899999999999,4606.66,9450.410000000002,13356.268333333333
2024-08,CATEGORIA,ACEITE,9201.03,100.0,4.0,2.0,2.0,2300.2575,2262.1400000000003,3389.42,8,3,2024,40,2504.04,170.0,26196.84,12698.849999999999,9623.626666666669,12857.076666666668
2024-09,CATEGORIA,ACEITE,5341.77,14.0,4.0,2.0,1.0,1335.4425,955.6600000000001,2835.97,9,3,2024,41,9201.03,2504.04,170.0,4653.43,3958.356666666669,6812.05
2024-10,CATEGORIA,ACEITE,11386.44,27.0,7.0,5.0,1.0,1626.6342857142859,1196.44,5947.36,10,4,2024,42,5341.77,9201.03,2504.04,16991.28,5682.2800000000025,7566.345
2024-11,CATEGORIA,ACEITE,706.65,3.0,2.0,2.0,1.0,353.325,353.325,650.65,11,4,2024,43,11386.44,5341.77,9201.03,13615.658000000001,8643.080000000002,9133.353333333334
2024-12,CATEGORIA,ACEITE,7883.08,10.0,6.0,3.0,1.0,1313.8466666666666,1197.725,2989.27,12,4,2024,44,706.65,11386.44,5341.77,41057.679898,5811.620000000003,4884.988333333334
2025-01,CATEGORIA,ACEITE,11525.17,30.0,11.0,5.0,1.0,1047.7427272727273,1187.49,2384.7,1,1,2025,45,7883.08,706.65,11386.44,5499.19,6658.723333333335,6170.501666666667
2025-02,CATEGORIA,ACEITE,9056.939999999999,25.0,8.0,4.0,1.0,1132.1174999999998,652.68,4144.23,2,1,2025,46,11525.17,7883.08,706.65,45471.19,6704.96666666667,7674.0233333333335
2025-03,CATEGORIA,ACEITE,7791.929999999999,33.0,9.0,6.0,1.0,865.77,678.58,1814.36,3,1,2025,47,9056.939999999999,11525.17,7883.08,816.0,9488.396666666667,7650.008333333334
2025-04,CATEGORIA,ACEITE,13402.890000000001,33.0,7.0,5.0,1.0,1914.6985714285715,1225.21,6126.03,4,2,2025,48,7791.929999999999,9056.939999999999,11525.17,1984.3899999999999,9458.013333333334,8058.368333333332
2025-05,CATEGORIA,ACEITE,14048.630000000001,128.0,17.0,13.0,1.0,826.3900000000001,617.73,2892.13,5,2,2025,49,13402.890000000001,7791.929999999999,9056.939999999999,26196.84,10083.920000000002,8394.443333333335
2025-06,CATEGORIA,ACEITE,14619.099999999999,198.0,14.0,9.0,3.0,1044.2214285714285,618.3199999999999,6189.05,6,2,2025,50,14048.630000000001,13402.890000000001,7791.929999999999,170.0,11747.816666666671,10618.106666666667
2025-07,CATEGORIA,ACEITE,15043.349999999999,41.0,9.0,6.0,2.0,1671.4833333333331,1197.06,4958.42,7,3,2025,51,14619.099999999999,14048.630000000001,13402.890000000001,2504.04,14023.540000000003,11740.776666666667
2025-08,CATEGORIA,ACEITE,15642.96,51.0,15.0,12.0,1.0,1042.864,619.8,5377.14,8,3,2025,52,15043.349999999999,14619.099999999999,14048.630000000001,9201.03,14570.36,12327.14
2025-09,CATEGORIA,ACEITE,10808.71,74.0,10.0,6.0,1.0,1080.8709999999999,906.365,3496.55,9,3,2025,53,15642.96,15043.349999999999,14619.099999999999,5341.77,15101.803333333335,13424.809999999998
2025-10,CATEGORIA,ACEITE,349.41999999999996,15.0,2.0,2.0,1.0,174.70999999999998,174.70999999999998,188.85,10,4,2025,54,10808.71,15642.96,15043.349999999999,11386.44,13831.673333333334,13927.606666666667
2025-11,CATEGORIA,ACEITE,947.09,25.0,2.0,2.0,1.0,473.545,473.545,723.09,11,4,2025,55,349.41999999999996,10808.71,15642.96,706.65,8933.696666666669,11752.028333333334
2025-12,CATEGORIA,ACEITE,503.6,2.0,1.0,1.0,1.0,503.6,503.6,503.6,12,4,2025,56,947.09,349.41999999999996,10808.71,7883.08,4035.0733333333355,9568.438333333334
2021-01,CATEGORIA,FERRETERIA,9322.455893999999,940.0,124.0,87.0,16.0,75.18109591935483,22.34,669.6429,1,1,2021,0,,,,,,
2021-02,CATEGORIA,FERRETERIA,20326.552578000003,5451.0,300.0,224.0,20.0,67.75517526,26.619999999999997,915.675,2,1,2021,1,9322.455893999999,,,,,
2021-03,CATEGORIA,FERRETERIA,39952.72367099999,3102.0,285.0,219.0,31.0,140.1849953368421,28.878,6500.0,3,1,2021,2,20326.552578000003,9322.455893999999,,,,
2021-04,CATEGORIA,FERRETERIA,51031.24911900001,8797.0,358.0,289.0,31.0,142.54538860055868,44.879999999999995,7980.0,4,2,2021,3,39952.72367099999,20326.552578000003,9322.455893999999,,23200.577381,
2021-05,CATEGORIA,FERRETERIA,53360.66688000001,5325.42,264.0,214.0,26.0,202.12373818181823,50.334999999999994,6111.0,5,2,2021,4,51031.24911900001,39952.72367099999,20326.552578000003,,37103.508456,
2021-06,CATEGORIA,FERRETERIA,37832.730398,4339.0,174.0,135.0,23.0,217.429485045977,25.08,7440.0,6,2,2021,5,53360.66688000001,51031.24911900001,39952.72367099999,,48114.879890000004,
2021-07,CATEGORIA,FERRETERIA,14424.312100000003,3835.0,124.0,107.0,21.0,116.32509758064518,23.11,2133.0,7,3,2021,6,37832.730398,53360.66688000001,51031.24911900001,,47408.215465666675,35304.39642333333
2021-08,CATEGORIA,FERRETERIA,14804.958852,2403.1,222.0,159.0,18.0,66.68900383783783,24.505,735.0,8,3,2021,7,14424.312100000003,37832.730398,53360.66688000001,,35205.903126000005,36154.705791
2021-09,CATEGORIA,FERRETERIA,81704.657923,7409.0,236.0,180.0,25.0,346.2061776398305,35.62875,14370.0,9,3,2021,8,14804.958852,14424.312100000003,37832.730398,,22354.000450000003,35234.44017000001
2021-10,CATEGORIA,FERRETERIA,44367.917792,1390.0,133.0,106.0,19.0,333.5933668571429,25.872,18345.0,10,4,2021,9,81704.657923,14804.958852,14424.312100000003,,36977.97629166667,42193.09587866667
2021-11,CATEGORIA,FERRETERIA,15667.764715,3594.0,116.0,95.0,18.0,135.06693719827587,27.0,5264.67,11,4,2021,10,44367.917792,81704.657923,14804.958852,,46959.178189,41082.5406575
2021-12,CATEGORIA,FERRETERIA,35449.310097999994,3091.0,135.0,108.0,17.0,262.5874822074074,30.0,24471.0,12,4,2021,11,15667.764715,44367.917792,81704.657923,,47246.78014333334,34800.390296666665
2022-01,CATEGORIA,FERRETERIA,30973.521839999998,572.0,63.0,55.0,16.0,491.64320380952375,91.8,9008.0,1,1,2022,12,35449.310097999994,15667.764715,44367.917792,9322.455893999999,31828.33086833333,34403.153580000006
2022-02,CATEGORIA,FERRETERIA,24895.762228,3006.0,134.0,111.0,20.0,185.78927035820894,60.45,2605.5,2,1,2022,13,30973.521839999998,35449.310097999994,15667.764715,20326.552578000003,27363.532217666663,37161.35520333333
2022-03,CATEGORIA,FERRETERIA,36105.321807,3494.0,409.0,174.0,14.0,88.27707043276284,18.0,5481.304,3,1,2022,14,24895.762228,30973.521839999998,35449.310097999994,39952.72367099999,30439.531388666666,38843.155765999996
2022-04,CATEGORIA,FERRETERIA,44004.132282,11982.0,248.0,196.0,24.0,177.43601726612903,29.515,13000.0,4,2,2022,15,36105.321807,24895.762228,30973.521839999998,51031.24911900001,30658.201958333335,31243.26641333333
2022-05,CATEGORIA,FERRETERIA,37365.116519999996,6366.43,184.0,153.0,24.0,203.0712854347826,41.0,9523.8,5,2,2022,16,44004.132282,36105.321807,24895.762228,53360.66688000001,35001.73877233333,31182.635495
2022-06,CATEGORIA,FERRETERIA,28496.210003,11886.0,185.0,158.0,30.0,154.0335675837838,26.4,3072.19,6,2,2022,17,37365.116519999996,44004.132282,36105.321807,37832.730398,39158.190203,34798.86079583333
2022-07,CATEGORIA,FERRETERIA,18283.331996,1948.0,151.0,133.0,23.0,121.08166884768212,23.76,3052.35,7,3,2022,18,28496.210003,37365.116519999996,44004.132282,14424.312100000003,36621.81960166667,33640.01078
2022-08,CATEGORIA,FERRETERIA,11210.579212,2402.0,122.0,104.0,16.0,91.88999354098361,33.745000000000005,1302.69,8,3,2022,19,18283.331996,28496.210003,37365.116519999996,14804.958852,28048.21950633333,31524.979139333333
2022-09,CATEGORIA,FERRETERIA,74546.57444099999,6503.0,121.0,116.0,19.0,616.0873920743801,48.51,13000.0,9,3,2022,20,11210.579212,18283.331996,28496.210003,81704.657923,19330.04040366667,29244.115303333336
2022-10,CATEGORIA,FERRETERIA,15365.135901999998,1647.0,106.0,76.0,12.0,144.95411228301884,45.1376,1324.09,10,4,2022,21,74546.57444099999,11210.579212,18283.331996,44367.917792,34680.161883,35650.99074233333
2022-11,CATEGORIA,FERRETERIA,27101.802381999998,3050.0,225.0,168.0,21.0,120.4524550311111,30.0,1597.6,11,4,2022,22,15365.135901999998,74546.57444099999,11210.579212,15667.764715,33707.42985166666,30877.824678999998
2022-12,CATEGORIA,FERRETERIA,5421.219391,12699.0,49.0,48.0,11.0,110.63713042857142,25.5024,1200.000001,12,4,2022,23,27101.802381999998,15365.135901999998,74546.57444099999,35449.310097999994,39004.50424166666,29167.272322666668
2023-01,CATEGORIA,FERRETERIA,11518.219029000002,3064.0,67.0,61.0,15.0,171.91371685074628,90.78,1475.0,1,1,2023,24,5421.219391,27101.802381999998,15365.135901999998,30973.521839999998,15962.719224999999,25321.440553999997
2023-02,CATEGORIA,FERRETERIA,30888.115077000006,3475.5,311.0,229.0,24.0,99.31869799678458,32.73,1280.0,2,1,2023,25,11518.219029000002,5421.219391,27101.802381999998,24895.762228,14680.413600666667,24193.921726166664
2023-03,CATEGORIA,FERRETERIA,85413.49965499999,3096.0,286.0,222.0,21.0,298.64860019230764,30.0,24502.92,3,1,2023,26,30888.115077000006,11518.219029000002,5421.219391,36105.321807,15942.517832333337,27473.511037
2023-04,CATEGORIA,FERRETERIA,34588.453147,4265.0,181.0,162.0,22.0,191.09642622651933,72.0,7880.0,4,2,2023,27,85413.49965499999,30888.115077000006,11518.219029000002,44004.132282,42606.61125366667,29284.66523933333
2023-05,CATEGORIA,FERRETERIA,174609.20090099997,11595.0,427.0,404.0,24.0,408.9208452014051,71.74,24502.92,5,2,2023,28,34588.453147,85413.49965499999,30888.115077000006,37365.116519999996,50296.689293,32488.55144683333
2023-06,CATEGORIA,FERRETERIA,141343.209331,8494.75,277.0,238.0,40.0,510.2642936137184,36.0,102500.0,6,2,2023,29,174609.20090099997,34588.453147,85413.49965499999,28496.210003,98203.717901,57073.11786666666
2023-07,CATEGORIA,FERRETERIA,178417.80278700002,3150.0,246.0,209.0,37.0,725.275621085366,39.445,42993.3,7,3,2023,30,141343.209331,174609.20090099997,34588.453147,18283.331996,116846.95445966667,79726.78285666666
2023-08,CATEGORIA,FERRETERIA,75452.702926,8106.0,358.0,305.0,31.0,210.76174001675977,44.879999999999995,7080.0,8,3,2023,31,178417.80278700002,141343.209331,174609.20090099997,11210.579212,164790.07100633334,107543.38014966667
2023-09,CATEGORIA,FERRETERIA,28709.138356000003,3118.0,191.0,160.0,20.0,150.30962490052357,32.04,3869.649984,9,3,2023,32,75452.702926,178417.80278700002,141343.209331,74546.57444099999,131737.9050146667,114970.81145783333
2023-10,CATEGORIA,FERRETERIA,86190.273573,4777.9,281.0,196.0,29.0,306.7269522170819,29.7,17652.18,10,4,2023,33,28709.138356000003,75452.702926,178417.80278700002,15365.135901999998,94193.21468966668,105520.08457466667
2023-11,CATEGORIA,FERRETERIA,27748.610010999997,4300.0,227.0,171.0,30.0,122.2405727356828,29.7,4180.0,11,4,2023,34,86190.273573,28709.138356000003,75452.702926,27101.802381999998,63450.70495166667,114120.38797899999
2023-12,CATEGORIA,FERRETERIA,22022.535099999997,2370.0,127.0,122.0,20.0,173.40578818897635,33.8,5379.76,12,4,2023,35,27748.610010999997,86190.273573,28709.138356000003,5421.219391,47549.34064666667,89643.62283066667
2024-01,CATEGORIA,FERRETERIA,358.42,2.0,1.0,1.0,1.0,358.42,358.42,358.42,1,1,2024,36,22022.535099999997,27748.610010999997,86190.273573,11518.219029000002,45320.47289466666,69756.84379216668
2024-02,CATEGORIA,FERRETERIA,1446.0,1000.0,3.0,3.0,2.0,482.0,182.4,1207.6,2,1,2024,37,358.42,22022.535099999997,27748.610010999997,30888.115077000006,16709.855036999998,40080.27999433333
2024-03,CATEGORIA,FERRETERIA,5510.200000000001,5694.0,30.0,27.0,8.0,183.67333333333335,41.44,2222.44,3,1,2024,38,1446.0,358.42,22022.535099999997,85413.49965499999,7942.318366666666,27745.829506666665
2024-04,CATEGORIA,FERRETERIA,4502.0,25270.0,67.0,60.0,10.0,67.19402985074628,28.82,384.0,4,2,2024,39,5510.200000000001,1446.0,358.42,34588.453147,2438.206666666667,23879.33978066666
2024-05,CATEGORIA,FERRETERIA,1049.6399999999999,40.0,4.0,3.0,2.0,262.40999999999997,259.92499999999995,526.79,5,2,2024,40,4502.0,5510.200000000001,1446.0,174609.20090099997,3819.4,10264.6275185
2024-06,CATEGORIA,FERRETERIA,9392.789999999999,557.0,25.0,19.0,4.0,375.7116,104.52,3176.25,6,2,2024,41,1049.6399999999999,4502.0,5510.200000000001,141343.209331,3687.28,5814.799183333333
2024-07,CATEGORIA,FERRETERIA,68966.39000000001,2343.0,81.0,75.0,14.0,851.436913580247,53.58,32770.15,7,3,2024,42,9392.789999999999,1049.6399999999999,4502.0,178417.80278700002,4981.4766666666665,3709.8416666666667
2024-08,CATEGORIA,FERRETERIA,7775.729999999999,795.0,11.0,9.0,4.0,706.8845454545453,316.2,4113.2,8,3,2024,43,68966.39000000001,9392.789999999999,1049.6399999999999,75452.702926,26469.60666666667,15144.503333333336
2024-09,CATEGORIA,FERRETERIA,42924.090000000004,906.0,69.0,58.0,8.0,622.0882608695653,119.6,5979.0,9,3,2024,44,7775.729999999999,68966.39000000001,9392.789999999999,28709.138356000003,28711.63666666667,16199.458333333336
2024-10,CATEGORIA,FERRETERIA,413.74999999999994,139.0,6.0,2.0,1.0,68.95833333333333,61.64,170.17,10,4,2024,45,42924.090000000004,7775.729999999999,68966.39000000001,86190.273573,39888.73666666667,22435.10666666667
2024-11,CATEGORIA,FERRETERIA,3169.63,66.0,3.0,3.0,1.0,1056.5433333333333,124.73,2999.0,11,4,2024,46,413.74999999999994,42924.090000000004,7775.729999999999,27748.610010999997,17037.856666666667,21753.73166666667
2025-01,CATEGORIA,FERRETERIA,71.58,15.0,3.0,1.0,1.0,23.86,23.86,23.86,1,1,2025,47,3169.63,413.74999999999994,42924.090000000004,22022.535099999997,15502.49,22107.06333333334
2025-02,CATEGORIA,FERRETERIA,1494.8799999999999,285.0,20.0,13.0,1.0,74.744,42.06,285.59,2,1,2025,48,71.58,3169.63,413.74999999999994,358.42,1218.32,20553.528333333335
2025-03,CATEGORIA,FERRETERIA,940.2199999999998,144.0,23.0,15.0,1.0,40.8791304347826,15.93,291.99,3,1,2025,49,1494.8799999999999,71.58,3169.63,1446.0,1578.6966666666667,9308.276666666667
2025-04,CATEGORIA,FERRETERIA,697.93,94.0,14.0,12.0,1.0,49.85214285714285,23.54,315.0,4,2,2025,50,940.2199999999998,1494.8799999999999,71.58,5510.200000000001,835.5599999999998,8169.025000000001
2025-05,CATEGORIA,FERRETERIA,6218.64,988.0,69.0,44.0,2.0,90.12521739130435,16.0,3625.94,5,2,2025,51,697.93,940.2199999999998,1494.8799999999999,4502.0,1044.3433333333332,1131.3316666666667
2025-06,CATEGORIA,FERRETERIA,17768.870000000003,1346.0,106.0,90.0,15.0,167.6308490566038,26.564999999999998,6669.06,6,2,2025,52,6218.64,697.93,940.2199999999998,1049.6399999999999,2618.93,2098.8133333333335
2025-07,CATEGORIA,FERRETERIA,34281.61,3196.0,161.0,110.0,15.0,212.9292546583851,48.51,8802.76,7,3,2025,53,17768.870000000003,6218.64,697.93,9392.789999999999,8228.480000000001,4532.02
2025-08,CATEGORIA,FERRETERIA,31520.62,4663.0,138.0,119.0,13.0,228.41028985507245,58.95,3624.88,8,3,2025,54,34281.61,17768.870000000003,6218.64,68966.39000000001,19423.04,10233.691666666668
2025-09,CATEGORIA,FERRETERIA,6664.579999999999,2107.0,68.0,42.0,10.0,98.0085294117647,21.92,840.0,9,3,2025,55,31520.62,34281.61,17768.870000000003,7775.729999999999,27857.033333333336,15237.981666666668
2025-10,CATEGORIA,FERRETERIA,1007.4600000000002,262.0,76.0,29.0,1.0,13.25605263157895,8.6,53.4,10,4,2025,56,6664.579999999999,31520.62,34281.61,42924.090000000004,24155.603333333336,16192.04166666667
2025-11,CATEGORIA,FERRETERIA,4324.04,197.0,26.0,19.0,1.0,166.30923076923077,7.225,1809.15,11,4,2025,57,1007.4600000000002,6664.579999999999,31520.62,413.74999999999994,13064.22,16243.63
2025-12,CATEGORIA,FERRETERIA,3531.91,690.0,60.0,55.0,3.0,58.86516666666667,18.025,905.62,12,4,2025,58,4324.04,1007.4600000000002,6664.579999999999,3169.63,3998.6933333333327,15927.863333333335
2021-01,CATEGORIA,FILTROS,1608.4799999999998,60.0,7.0,6.0,3.0,229.78285714285713,135.1,581.52,1,1,2021,0,,,,,,
2021-02,CATEGORIA,FILTROS,2937.65,261.0,19.0,17.0,3.0,154.61315789473684,112.0,490.8,2,1,2021,1,1608.4799999999998,,,,,
2021-03,CATEGORIA,FILTROS,3842.72,58.0,7.0,7.0,2.0,548.9599999999999,269.2,1695.8,3,1,2021,2,2937.65,1608.4799999999998,,,,
2021-04,CATEGORIA,FILTROS,1053.14,26.0,6.0,4.0,1.0,175.52333333333334,119.57000000000001,561.6,4,2,2021,3,3842.72,2937.65,1608.4799999999998,,2796.283333333333,
2021-05,CATEGORIA,FILTROS,3685.44,100.0,7.0,7.0,2.0,526.4914285714286,364.68,1467.48,5,2,2021,4,1053.14,3842.72,2937.65,,2611.17,
2021-06,CATEGORIA,FILTROS,5096.46,115.0,11.0,8.0,2.0,463.31454545454545,389.4,1362.9,6,2,2021,5,3685.44,1053.14,3842.72,,2860.433333333333,
2021-07,CATEGORIA,FILTROS,4969.1900000000005,98.0,11.0,11.0,5.0,451.7445454545455,136.0,2543.7,7,3,2021,6,5096.46,3685.44,1053.14,,3278.346666666667,3037.315
2021-08,CATEGORIA,FILTROS,10215.3594,86.0,8.0,8.0,3.0,1276.919925,500.86,4274.5652,8,3,2021,7,4969.1900000000005,5096.46,3685.44,,4583.696666666667,3597.433333333333
2021-09,CATEGORIA,FILTROS,4041.432782,88.0,10.0,8.0,3.0,404.1432782,281.3468005,1232.88,9,3,2021,8,10215.3594,4969.1900000000005,5096.46,,6760.336466666667,4810.3849
2021-10,CATEGORIA,FILTROS,3003.780004,96.0,7.0,7.0,3.0,429.11142914285716,280.0,1482.18,10,4,2021,9,4041.432782,10215.3594,4969.1900000000005,,6408.660727333333,4843.503697
2021-11,CATEGORIA,FILTROS,6898.37,35.0,6.0,4.0,1.0,1149.7283333333332,821.92,2543.7,11,4,2021,10,3003.780004,4041.432782,10215.3594,,5753.5240619999995,5168.610364333333
2021-12,CATEGORIA,FILTROS,1438.48,54.0,4.0,4.0,3.0,359.62,278.71,731.46,12,4,2021,11,6898.37,3003.780004,4041.432782,,4647.860928666666,5704.098697666667
2022-01,CATEGORIA,FILTROS,78.7,2.0,1.0,1.0,1.0,78.7,78.7,78.7,1,1,2022,12,1438.48,6898.37,3003.780004,1608.4799999999998,3780.210001333333,5094.435364333333
2022-02,CATEGORIA,FILTROS,19121.924,552.0,45.0,26.0,5.0,424.93164444444443,283.8,1360.56,2,1,2022,13,78.7,1438.48,6898.37,2937.65,2805.1833333333325,4279.353697666666
2022-03,CATEGORIA,FILTROS,2010.9500000000003,67.0,6.0,6.0,4.0,335.15833333333336,236.725,765.0,3,1,2022,14,19121.924,78.7,1438.48,3842.72,6879.701333333332,5763.781131
2022-04,CATEGORIA,FILTROS,533.4,42.0,3.0,3.0,1.0,177.79999999999998,59.4,432.0,4,2,2022,15,2010.9500000000003,19121.924,78.7,1053.14,7070.524666666665,5425.367334
2022-05,CATEGORIA,FILTROS,705.6071999999999,64.0,7.0,7.0,2.0,100.80102857142856,105.4,159.2112,5,2,2022,16,533.4,2010.9500000000003,19121.924,3685.44,7222.091333333331,5013.637333333333
2022-06,CATEGORIA,FILTROS,931.27,30.0,4.0,4.0,2.0,232.8175,209.88,450.0,6,2,2022,17,705.6071999999999,533.4,2010.9500000000003,5096.46,1083.3190666666655,3981.5102
2022-07,CATEGORIA,FILTROS,4400.34,21.0,8.0,5.0,2.0,550.0425,190.4,1959.6,7,3,2022,18,931.27,705.6071999999999,533.4,4969.1900000000005,723.4257333333321,3896.9752000000003
2022-08,CATEGORIA,FILTROS,6042.43,82.0,15.0,8.0,4.0,402.82866666666666,189.24,1633.0,8,3,2022,19,4400.34,931.27,705.6071999999999,10215.3594,2012.4057333333321,4617.248533333333
2022-09,CATEGORIA,FILTROS,1163.14,49.0,5.0,5.0,3.0,232.62800000000001,151.2,523.92,9,3,2022,20,6042.43,4400.34,931.27,4041.432782,3791.346666666666,2437.332866666667
2022-10,CATEGORIA,FILTROS,2572.8100000000004,102.0,7.0,7.0,5.0,367.54428571428576,361.5,551.94,10,4,2022,21,1163.14,6042.43,4400.34,3003.780004,3868.6366666666654,2296.0312
2022-11,CATEGORIA,FILTROS,1800.31,130.0,9.0,9.0,4.0,200.03444444444443,131.82,368.4,11,4,2022,22,2572.8100000000004,1163.14,6042.43,6898.37,3259.459999999999,2635.9328666666665
2023-01,CATEGORIA,FILTROS,611.16,14.0,2.0,2.0,1.0,305.58,305.58,528.36,1,1,2023,23,1800.31,2572.8100000000004,1163.14,1438.48,1845.419999999999,2818.383333333333
2023-02,CATEGORIA,FILTROS,4350.09,128.0,10.0,9.0,5.0,435.009,308.8,1908.0,2,1,2023,24,611.16,1800.31,2572.8100000000004,78.7,1661.4266666666656,2765.031666666667
2023-03,CATEGORIA,FILTROS,2870.56,50.0,9.0,5.0,3.0,318.9511111111111,380.8,969.84,3,1,2023,25,4350.09,611.16,1800.31,19121.924,2253.853333333332,2756.656666666667
2023-04,CATEGORIA,FILTROS,5107.62,62.0,8.0,4.0,3.0,638.4525,399.90999999999997,2670.9,4,2,2023,26,2870.56,4350.09,611.16,2010.9500000000003,2610.603333333332,2228.0116666666668
2023-05,CATEGORIA,FILTROS,587.84,24.0,3.0,3.0,2.0,195.9466666666667,160.9,361.7,5,2,2023,27,5107.62,2870.56,4350.09,533.4,4109.423333333332,2885.4250000000006
2023-06,CATEGORIA,FILTROS,7652.06,190.0,17.0,14.0,4.0,450.12117647058824,196.68,2596.7,6,2,2023,28,587.84,5107.62,2870.56,705.6071999999999,2855.339999999999,2554.596666666667
2023-07,CATEGORIA,FILTROS,2237.0499999999997,102.0,7.0,7.0,2.0,319.57857142857137,277.8,765.0,7,3,2023,29,7652.06,587.84,5107.62,931.27,4449.173333333332,3529.888333333334
2023-08,CATEGORIA,FILTROS,761.04,10.0,1.0,1.0,1.0,761.04,761.04,761.04,8,3,2023,30,2237.0499999999997,7652.06,587.84,4400.34,3492.3166666666657,3800.8700000000003
2023-09,CATEGORIA,FILTROS,20149.24,429.0,27.0,17.0,5.0,746.2681481481482,508.4,4665.6,9,3,2023,31,761.04,2237.0499999999997,7652.06,6042.43,3550.049999999999,3202.695
2023-10,CATEGORIA,FILTROS,1064.8899999999999,55.0,6.0,5.0,2.0,177.48166666666665,179.1,314.28,10,4,2023,32,20149.24,761.04,2237.0499999999997,1163.14,7715.776666666666,6082.475000000001
2023-11,CATEGORIA,FILTROS,4756.29,100.0,9.0,7.0,3.0,528.4766666666667,314.28,1000.84,11,4,2023,33,1064.8899999999999,20149.24,761.04,2572.8100000000004,7325.056666666666,5408.6866666666665
2023-12,CATEGORIA,FILTROS,31.44,3.0,1.0,1.0,1.0,31.44,31.44,31.44,12,4,2023,34,4756.29,1064.8899999999999,20149.24,1800.31,8656.806666666665,6103.428333333334
2024-04,CATEGORIA,FILTROS,723.74,360.0,4.0,4.0,2.0,180.935,178.26999999999998,272.0,4,2,2024,35,31.44,4756.29,1064.8899999999999,611.16,1950.873333333332,4833.325
2024-09,CATEGORIA,FILTROS,9613.1,22.0,4.0,2.0,1.0,2403.275,1751.85,6104.0,9,3,2024,36,723.74,31.44,4756.29,4350.09,1837.1566666666656,4581.1066666666675
2025-03,CATEGORIA,FILTROS,270.0,9.0,2.0,2.0,1.0,135.0,135.0,168.0,3,1,2025,37,9613.1,723.74,31.44,2870.56,3456.093333333333,6056.450000000001
2025-04,CATEGORIA,FILTROS,1021.4200000000001,14.0,5.0,5.0,1.0,204.28400000000002,126.96,604.44,4,2,2025,38,270.0,9613.1,723.74,5107.62,3535.6133333333323,2743.2433333333333
2025-05,CATEGORIA,FILTROS,6791.38,152.0,21.0,16.0,1.0,323.3990476190476,309.41,832.61,5,2,2025,39,1021.4200000000001,270.0,9613.1,587.84,3634.839999999999,2735.9983333333334
2025-06,CATEGORIA,FILTROS,8569.400000000001,190.0,26.0,18.0,1.0,329.59230769230777,200.07999999999998,1560.96,6,2,2025,40,6791.38,1021.4200000000001,270.0,7652.06,2694.2666666666655,3075.1800000000003
2025-07,CATEGORIA,FILTROS,5619.049999999999,156.0,20.0,18.0,1.0,280.9525,191.05,916.01,7,3,2025,41,8569.400000000001,6791.38,1021.4200000000001,2237.0499999999997,5460.733333333333,4498.173333333334
2025-08,CATEGORIA,FILTROS,6631.6900000000005,144.0,16.0,14.0,1.0,414.48062500000003,252.325,1182.24,8,3,2025,42,5619.049999999999,8569.400000000001,6791.38,761.04,6993.276666666665,5314.058333333333
2025-09,CATEGORIA,FILTROS,5498.9,346.0,23.0,15.0,1.0,239.08260869565217,159.91,1182.24,9,3,2025,43,6631.6900000000005,5619.049999999999,8569.400000000001,20149.24,6940.046666666665,4817.156666666667
2025-10,CATEGORIA,FILTROS,1504.6699999999998,75.0,6.0,5.0,1.0,250.7783333333333,189.555,622.72,10,4,2025,44,5498.9,6631.6900000000005,5619.049999999999,1064.8899999999999,5916.546666666664,5688.639999999999
2025-11,CATEGORIA,FILTROS,4012.5299999999997,68.0,13.0,13.0,1.0,308.6561538461538,170.04,1182.24,11,4,2025,45,1504.6699999999998,5498.9,6631.6900000000005,4756.29,4545.086666666665,5769.181666666667
2025-12,CATEGORIA,FILTROS,8779.599999999999,169.0,19.0,16.0,1.0,462.0842105263157,182.89,4161.15,12,4,2025,46,4012.5299999999997,1504.6699999999998,5498.9,31.44,3672.0333333333315,5306.04
2021-01,CATEGORIA,QUIMICOS,859.64,55.0,11.0,7.0,3.0,78.1490909090909,75.0,141.95,1,1,2021,0,,,,,,
2021-02,CATEGORIA,QUIMICOS,2564.93,218.0,24.0,12.0,9.0,106.87208333333332,52.17,874.4,2,1,2021,1,859.64,,,,,
2021-03,CATEGORIA,QUIMICOS,9733.039999999999,133.0,15.0,11.0,5.0,648.8693333333333,236.39,2982.0,3,1,2021,2,2564.93,859.64,,,,
2021-04,CATEGORIA,QUIMICOS,3332.9500000000003,95.0,13.0,8.0,6.0,256.38076923076926,45.0,2385.6,4,2,2021,3,9733.039999999999,2564.93,859.64,,4385.87,
2021-05,CATEGORIA,QUIMICOS,3947.4800020000002,141.0,18.0,8.0,6.0,219.30444455555556,40.71,2385.6,5,2,2021,4,3332.9500000000003,9733.039999999999,2564.93,,5210.306666666666,
2021-06,CATEGORIA,QUIMICOS,1347.6999999999998,199.0,15.0,10.0,6.0,89.84666666666665,72.0,280.0,6,2,2021,5,3947.4800020000002,3332.9500000000003,9733.039999999999,,5671.156667333333,
2021-07,CATEGORIA,QUIMICOS,980.4100000000001,79.0,9.0,6.0,6.0,108.93444444444445,45.0,551.82,7,3,2021,6,1347.6999999999998,3947.4800020000002,3332.9500000000003,,2876.043334,3630.956667
2021-08,CATEGORIA,QUIMICOS,6012.32,109.0,16.0,11.0,4.0,375.77,72.7,2385.6,8,3,2021,7,980.4100000000001,1347.6999999999998,3947.4800020000002,,2091.863334,3651.085000333333
2021-09,CATEGORIA,QUIMICOS,5614.636,124.0,12.0,9.0,4.0,467.88633333333337,68.926,4771.2,9,3,2021,8,6012.32,980.4100000000001,1347.6999999999998,,2780.1433333333334,4225.650000333333
2021-10,CATEGORIA,QUIMICOS,1200.6200000000001,90.0,8.0,5.0,6.0,150.07750000000001,28.86,919.5,10,4,2021,9,5614.636,6012.32,980.4100000000001,,4202.455333333334,3539.2493336666666
2021-11,CATEGORIA,QUIMICOS,1722.0700000000002,136.0,11.0,8.0,5.0,156.5518181818182,112.5,467.2,11,4,2021,10,1200.6200000000001,5614.636,6012.32,,4275.858666666667,3183.861000333334
2021-12,CATEGORIA,QUIMICOS,127.5,13.0,3.0,1.0,2.0,42.5,39.0,58.5,12,4,2021,11,1722.0700000000002,1200.6200000000001,5614.636,,2845.7753333333335,2812.9593333333337
2022-01,CATEGORIA,QUIMICOS,2835.4100000000003,252.0,44.0,12.0,4.0,64.44113636363637,42.0,394.8,1,1,2022,12,127.5,1722.0700000000002,1200.6200000000001,859.64,1016.7300000000005,2609.592666666667
2022-02,CATEGORIA,QUIMICOS,8590.27,143.0,49.0,18.0,4.0,175.31163265306122,71.04,2385.6,2,1,2022,13,2835.4100000000003,127.5,1722.0700000000002,2564.93,1561.6600000000005,2918.7593333333334
2022-03,CATEGORIA,QUIMICOS,1308.06,103.0,10.0,6.0,5.0,130.80599999999998,44.86,867.82,3,1,2022,14,8590.27,2835.4100000000003,127.5,9733.039999999999,3851.060000000001,3348.4176666666667
2022-04,CATEGORIA,QUIMICOS,7357.12,109.0,11.0,8.0,4.0,668.829090909091,140.22,2797.5,4,2,2022,15,1308.06,8590.27,2835.4100000000003,3332.9500000000003,4244.580000000001,2630.6549999999997
2022-05,CATEGORIA,QUIMICOS,508.79,33.0,8.0,4.0,3.0,63.59875,30.77,295.0,5,2,2022,16,7357.12,1308.06,8590.27,3947.4800020000002,5751.816666666668,3656.7383333333332
2022-06,CATEGORIA,QUIMICOS,4773.28,99.0,4.0,4.0,4.0,1193.32,384.0,3960.0,6,2,2022,17,508.79,7357.12,1308.06,1347.6999999999998,3057.990000000001,3454.525
2022-07,CATEGORIA,QUIMICOS,3820.2019999999998,236.0,16.0,8.0,6.0,238.76262499999999,30.475,1658.0,7,3,2022,18,4773.28,508.79,7357.12,980.4100000000001,4213.063333333334,4228.821666666667
2022-08,CATEGORIA,QUIMICOS,649.2349999999999,38.0,7.0,5.0,4.0,92.74785714285713,62.4,223.8,8,3,2022,19,3820.2019999999998,4773.28,508.79,6012.32,3034.090666666667,4392.953666666667
2022-09,CATEGORIA,QUIMICOS,166.26,67.0,3.0,3.0,2.0,55.419999999999995,36.5,114.0,9,3,2022,20,649.2349999999999,3820.2019999999998,4773.28,5614.636,3080.905666666667,3069.447833333333
2022-10,CATEGORIA,QUIMICOS,2566.9809999999998,77.0,10.0,8.0,4.0,256.69809999999995,63.32,1119.0,10,4,2022,21,166.26,649.2349999999999,3820.2019999999998,1200.6200000000001,1545.232333333334,2879.147833333333
2022-11,CATEGORIA,QUIMICOS,17651.560000000005,176.0,23.0,9.0,7.0,767.4591304347829,94.68,5595.0,11,4,2022,22,2566.9809999999998,166.26,649.2349999999999,1722.0700000000002,1127.4920000000004,2080.791333333333
2022-12,CATEGORIA,QUIMICOS,3670.0,18.0,3.0,2.0,2.0,1223.3333333333333,1820.0,1820.0,12,4,2022,23,17651.560000000005,2566.9809999999998,166.26,127.5,6794.933666666669,4937.919666666668
2023-01,CATEGORIA,QUIMICOS,6143.1,37.0,5.0,3.0,3.0,1228.6200000000001,92.16,3150.0,1,1,2023,24,3670.0,17651.560000000005,2566.9809999999998,2835.4100000000003,7962.847000000002,4754.0396666666675
2023-02,CATEGORIA,QUIMICOS,5930.749,378.0,25.0,15.0,6.0,237.22996,90.0,1820.0,2,1,2023,25,6143.1,3670.0,17651.560000000005,8590.27,9154.886666666667,5141.189333333335
2023-03,CATEGORIA,QUIMICOS,1233.152002,138.0,16.0,8.0,6.0,77.072000125,50.13,375.05,3,1,2023,26,5930.749,6143.1,3670.0,1308.06,5247.949666666666,6021.441666666668
2023-04,CATEGORIA,QUIMICOS,4926.572,57.0,9.0,5.0,4.0,547.396888888889,61.022,4476.0,4,2,2023,27,1233.152002,5930.749,6143.1,7357.12,4435.667000666667,6199.257000333334
2023-05,CATEGORIA,QUIMICOS,2102.352,60.0,9.0,6.0,6.0,233.59466666666665,67.452,1365.0,5,2,2023,28,4926.572,1233.152002,5930.749,508.79,4030.157667333333,6592.522167
2023-06,CATEGORIA,QUIMICOS,3620.19,317.0,9.0,7.0,4.0,402.24333333333334,80.8,2275.0,6,2,2023,29,2102.352,4926.572,1233.152002,4773.28,2754.025334,4000.987500333333
2023-07,CATEGORIA,QUIMICOS,3131.98,271.0,7.0,7.0,4.0,447.42571428571426,250.0,940.0,7,3,2023,30,3620.19,2102.352,4926.572,3820.2019999999998,3549.7046666666665,3992.6858336666664
2023-08,CATEGORIA,QUIMICOS,5722.870008000001,128.0,14.0,9.0,9.0,408.7764291428572,116.96000000000001,2999.75,8,3,2023,31,3131.98,3620.19,2102.352,649.2349999999999,2951.5073333333335,3490.832500333334
2023-09,CATEGORIA,QUIMICOS,11622.574985,2301.0,23.0,16.0,6.0,505.329347173913,169.66,5667.12,9,3,2023,32,5722.870008000001,3131.98,3620.19,166.26,4158.346669333333,3456.186001666667
2023-10,CATEGORIA,QUIMICOS,7379.75,1740.0,9.0,4.0,5.0,819.9722222222222,102.0,4000.32,10,4,2023,33,11622.574985,5722.870008000001,3131.98,2566.9809999999998,6825.808331,5187.756498833333
2023-11,CATEGORIA,QUIMICOS,4331.9,181.0,10.0,7.0,6.0,433.18999999999994,62.0,2797.5,11,4,2023,34,7379.75,11622.574985,5722.870008000001,17651.560000000005,8241.731664333332,5596.619498833334
2023-12,CATEGORIA,QUIMICOS,378.65,24.0,4.0,4.0,3.0,94.6625,90.345,140.0,12,4,2023,35,4331.9,7379.75,11622.574985,3670.0,7778.074994999999,5968.210832166667
2024-03,CATEGORIA,QUIMICOS,24.0,30.0,1.0,1.0,1.0,24.0,24.0,24.0,3,1,2024,36,378.65,4331.9,7379.75,6143.1,4030.099999999999,5427.9541655
2024-04,CATEGORIA,QUIMICOS,4518.74,2610.0,10.0,7.0,4.0,451.87399999999997,100.08,2384.91,4,2,2024,37,24.0,378.65,4331.9,5930.749,1578.1833333333325,4909.957498833333
2024-05,CATEGORIA,QUIMICOS,166.65,550.0,1.0,1.0,1.0,166.65,166.65,166.65,5,2,2024,38,4518.74,24.0,378.65,1233.152002,1640.4633333333325,4709.269164166667
2024-07,CATEGORIA,QUIMICOS,56.48,80.0,1.0,1.0,1.0,56.48,56.48,56.48,7,3,2024,39,166.65,4518.74,24.0,4926.572,1569.796666666666,2799.9483333333333
2024-08,CATEGORIA,QUIMICOS,6226.88,2640.0,2.0,1.0,2.0,3113.44,3113.44,3179.44,8,3,2024,40,56.48,166.65,4518.74,2102.352,1580.6233333333328,1579.403333333333
2025-04,CATEGORIA,QUIMICOS,37.5,5.0,1.0,1.0,1.0,37.5,37.5,37.5,4,2,2025,41,6226.88,56.48,166.65,3620.19,2150.0033333333326,1895.2333333333333
2025-05,CATEGORIA,QUIMICOS,7139.24,268.0,4.0,4.0,1.0,1784.81,1044.06,5008.39,5,2,2025,42,37.5,6226.88,56.48,3131.98,2106.953333333333,1838.375
2025-06,CATEGORIA,QUIMICOS,826.06,151.0,8.0,7.0,2.0,103.2575,47.0,460.0,6,2,2025,43,7139.24,37.5,6226.88,5722.870008000001,4467.873333333333,3024.248333333333
2025-07,CATEGORIA,QUIMICOS,7517.1,27.0,3.0,2.0,1.0,2505.7000000000003,94.0,7376.1,7,3,2025,44,826.06,7139.24,37.5,11622.574985,2667.599999999999,2408.8016666666667
2025-08,CATEGORIA,QUIMICOS,178.71,16.0,4.0,3.0,1.0,44.6775,47.0,47.21,8,3,2025,45,7517.1,826.06,7139.24,7379.75,5160.799999999999,3633.876666666667
2025-09,CATEGORIA,QUIMICOS,198.47,14.0,1.0,1.0,1.0,198.47,198.47,198.47,9,3,2025,46,178.71,7517.1,826.06,4331.9,2840.6233333333325,3654.2483333333334
2025-10,CATEGORIA,QUIMICOS,519.35,42.0,12.0,4.0,1.0,43.27916666666667,42.724999999999994,75.0,10,4,2025,47,198.47,178.71,7517.1,378.65,2631.4266666666663,2649.5133333333333
2025-11,CATEGORIA,QUIMICOS,117.72999999999999,6.0,2.0,2.0,1.0,58.864999999999995,58.864999999999995,75.0,11,4,2025,48,519.35,198.47,178.71,24.0,298.84333333333274,2729.8216666666667
2025-12,CATEGORIA,QUIMICOS,608.73,25.0,4.0,4.0,1.0,152.1825,161.08,214.4,12,4,2025,49,117.72999999999999,519.35,198.47,4518.74,278.516666666666,1559.57
2021-01,CATEGORIA,REPUESTOS MECANICOS,74942.47159999999,701.0,58.0,56.0,12.0,1292.1115793103447,121.80000000000001,20905.8,1,1,2021,0,,,,,,
2021-02,CATEGORIA,REPUESTOS MECANICOS,43662.83500000001,556.0,95.0,92.0,15.0,459.6087894736843,53.84,12324.315,2,1,2021,1,74942.47159999999,,,,,
2021-03,CATEGORIA,REPUESTOS MECANICOS,41364.627499999995,842.0,141.0,136.0,11.0,293.36615248226946,44.8,10635.0,3,1,2021,2,43662.83500000001,74942.47159999999,,,,
2021-04,CATEGORIA,REPUESTOS MECANICOS,98482.05500000002,795.2,74.0,70.0,15.0,1330.8385810810814,146.01,21861.88,4,2,2021,3,41364.627499999995,43662.83500000001,74942.47159999999,,53323.31136666666,
2021-05,CATEGORIA,REPUESTOS MECANICOS,22438.1073,121.0,24.0,24.0,9.0,934.9211375,408.695,7541.42,5,2,2021,4,98482.05500000002,41364.627499999995,43662.83500000001,,61169.83916666667,
2021-06,CATEGORIA,REPUESTOS MECANICOS,95472.46,294.0,66.0,60.0,12.0,1446.5524242424244,648.44,16640.0,6,2,2021,5,22438.1073,98482.05500000002,41364.627499999995,,54094.92993333333,
2021-07,CATEGORIA,REPUESTOS MECANICOS,70325.17910000001,221.0,32.0,30.0,11.0,2197.6618468750003,599.005,13500.0,7,3,2021,6,95472.46,22438.1073,98482.05500000002,,72130.87410000002,62727.09273333333
2021-08,CATEGORIA,REPUESTOS MECANICOS,224470.48752000002,245.0,43.0,38.0,16.0,5220.243895813954,150.0,62594.0,8,3,2021,7,70325.17910000001,95472.46,22438.1073,,62745.2488,61957.54398333334
2021-09,CATEGORIA,REPUESTOS MECANICOS,110039.16037400001,137.0,29.0,29.0,15.0,3794.4538060000004,1102.28,34700.0,9,3,2021,8,224470.48752000002,70325.17910000001,95472.46,,130089.37554,92092.15273666667
2021-10,CATEGORIA,REPUESTOS MECANICOS,20251.810000000005,251.0,19.0,19.0,7.0,1065.8847368421054,858.4,3179.55,10,4,2021,9,110039.16037400001,224470.48752000002,70325.17910000001,,134944.94233133332,103537.90821566667
2021-11,CATEGORIA,REPUESTOS MECANICOS,56938.577,479.0,76.0,58.0,13.0,749.1918026315789,401.495,3518.05,11,4,2021,10,20251.810000000005,110039.16037400001,224470.48752000002,,118253.819298,90499.53404900001
2021-12,CATEGORIA,REPUESTOS MECANICOS,13385.079999999998,49.0,13.0,13.0,10.0,1029.6215384615384,863.2,2547.91,12,4,2021,11,56938.577,20251.810000000005,110039.16037400001,,62409.84912466666,96249.61233233334
2022-01,CATEGORIA,REPUESTOS MECANICOS,61278.55141800001,172.0,43.0,42.0,8.0,1425.0825911162792,384.0,9700.0,1,1,2022,12,13385.079999999998,56938.577,20251.810000000005,74942.47159999999,30191.822333333326,82568.38233233335
2022-02,CATEGORIA,REPUESTOS MECANICOS,41196.8876,486.0,101.0,86.0,14.0,407.8899762376238,64.29,5300.0,2,1,2022,13,61278.55141800001,13385.079999999998,56938.577,43662.83500000001,43867.40280599999,81060.61105200001
2022-03,CATEGORIA,REPUESTOS MECANICOS,59201.43,109.0,24.0,22.0,10.0,2466.72625,926.62,11770.37,3,1,2022,14,41196.8876,61278.55141800001,13385.079999999998,41364.627499999995,38620.17300599999,50515.01106533333
2022-04,CATEGORIA,REPUESTOS MECANICOS,37392.109997,259.0,51.0,44.0,14.0,733.1786273921568,144.41,4778.019996,4,2,2022,15,59201.43,41196.8876,61278.55141800001,98482.05500000002,53892.28967266666,42042.056003
2022-05,CATEGORIA,REPUESTOS MECANICOS,35598.3173,573.0,50.0,46.0,13.0,711.966346,295.0,3800.0,5,2,2022,16,37392.109997,59201.43,41196.8876,22438.1073,45930.142532333324,44898.77266916667
2022-06,CATEGORIA,REPUESTOS MECANICOS,79627.31000000001,454.0,66.0,59.0,17.0,1206.474393939394,230.385,13800.0,6,2,2022,17,35598.3173,37392.109997,59201.43,95472.46,44063.952432333324,41342.062719166664
2022-07,CATEGORIA,REPUESTOS MECANICOS,51788.480001,145.9,46.0,46.0,10.0,1125.8365217608696,536.12,11114.84,7,3,2022,18,79627.31000000001,35598.3173,37392.109997,70325.17910000001,50872.579098999995,52382.43438583334
2022-08,CATEGORIA,REPUESTOS MECANICOS,12770.484999999999,403.0,26.0,22.0,12.0,491.17249999999996,146.525,3058.668,8,3,2022,19,51788.480001,79627.31000000001,35598.3173,224470.48752000002,55671.36910033333,50800.75581633334
2022-09,CATEGORIA,REPUESTOS MECANICOS,68301.30150000002,223.0,55.0,55.0,8.0,1241.8418454545458,699.745,16982.94,9,3,2022,20,12770.484999999999,51788.480001,79627.31000000001,110039.16037400001,48062.09166699999,46063.022049666666
2022-10,CATEGORIA,REPUESTOS MECANICOS,96693.795002,758.0,73.0,73.0,10.0,1324.5725342739727,137.68,38750.0,10,4,2022,21,68301.30150000002,12770.484999999999,51788.480001,20251.810000000005,44286.755500333325,47579.667299666675
2022-11,CATEGORIA,REPUESTOS MECANICOS,186400.743424,1629.0,163.0,160.0,19.0,1143.5628430920244,203.28,17047.03,11,4,2022,22,96693.795002,68301.30150000002,12770.484999999999,56938.577,59255.193834,57463.28146716667
2022-12,CATEGORIA,REPUESTOS MECANICOS,127112.39,26.0,13.0,11.0,8.0,9777.876153846153,380.0,80000.0,12,4,2022,23,186400.743424,96693.795002,68301.30150000002,13385.079999999998,117131.946642,82597.0191545
2023-01,CATEGORIA,REPUESTOS MECANICOS,88033.22992999999,258.0,75.0,75.0,7.0,1173.7763990666665,420.0,14926.5,1,1,2023,24,127112.39,186400.743424,96693.795002,61278.55141800001,136735.64280866666,90511.19915449999
2023-02,CATEGORIA,REPUESTOS MECANICOS,337936.55,83.0,26.0,24.0,11.0,12997.559615384615,403.78499999999997,205742.5,2,1,2023,25,88033.22992999999,127112.39,186400.743424,41196.8876,133848.78778466667,96551.99080933332
2023-03,CATEGORIA,REPUESTOS MECANICOS,54718.868,247.0,47.0,41.0,10.0,1164.2312340425533,122.64,9900.0,3,1,2023,26,337936.55,88033.22992999999,127112.39,59201.43,184360.72331,150746.33497599998
2023-04,CATEGORIA,REPUESTOS MECANICOS,138034.54,478.0,80.0,73.0,15.0,1725.4317500000002,352.04,17370.41,4,2,2023,27,54718.868,337936.55,88033.22992999999,37392.109997,160229.54930999997,148482.59605933333
2023-05,CATEGORIA,REPUESTOS MECANICOS,61991.230008,611.0,64.0,49.0,16.0,968.612968875,172.36,19460.82,5,2,2023,28,138034.54,54718.868,337936.55,35598.3173,176896.65266666663,155372.72022566665
2023-06,CATEGORIA,REPUESTOS MECANICOS,109385.96250300002,839.0,91.0,76.0,18.0,1202.0435439890111,445.91,18080.85,6,2,2023,29,61991.230008,138034.54,54718.868,79627.31000000001,84914.87933599997,134637.801323
2023-07,CATEGORIA,REPUESTOS MECANICOS,135531.80600000004,741.0,99.0,97.0,12.0,1369.0081414141418,207.152,88800.0,7,3,2023,30,109385.96250300002,61991.230008,138034.54,51788.480001,103137.24417033332,131683.39674016667
2023-08,CATEGORIA,REPUESTOS MECANICOS,135102.06999999998,839.0,29.0,26.0,14.0,4658.692068965516,189.0,110827.0,8,3,2023,31,135531.80600000004,109385.96250300002,61991.230008,12770.484999999999,102302.99950366667,139599.8260851667
2023-09,CATEGORIA,REPUESTOS MECANICOS,186228.12029999998,1278.0,113.0,97.0,20.0,1648.0364628318582,312.71,48580.71,9,3,2023,32,135102.06999999998,135531.80600000004,109385.96250300002,68301.30150000002,126673.279501,105794.07941850001
2023-10,CATEGORIA,REPUESTOS MECANICOS,77672.93,1752.0,173.0,173.0,16.0,448.97647398843924,147.84,4329.42,10,4,2023,33,186228.12029999998,135102.06999999998,135531.80600000004,96693.795002,152287.33209999997,127712.28813516667
2023-11,CATEGORIA,REPUESTOS MECANICOS,788680.3600539999,2035.0,238.0,203.0,13.0,3313.7830254369746,212.445,85530.99,11,4,2023,34,77672.93,186228.12029999998,135102.06999999998,186400.743424,133001.04009999995,117652.01980183332
2023-12,CATEGORIA,REPUESTOS MECANICOS,248564.60000000003,457.0,108.0,106.0,10.0,2301.524074074074,41.975,214063.5,12,4,2023,35,788680.3600539999,77672.93,186228.12029999998,127112.39,350860.47011799994,238766.87480949998
2024-02,CATEGORIA,REPUESTOS MECANICOS,16263.959999999997,430.0,35.0,35.0,2.0,464.68457142857136,182.36,6300.0,2,1,2024,36,248564.60000000003,788680.3600539999,77672.93,88033.22992999999,371639.2966846666,261963.31439233336
2024-03,CATEGORIA,REPUESTOS MECANICOS,7899.579999999999,423.0,14.0,13.0,4.0,564.2557142857142,205.26,3265.8,3,1,2024,37,16263.959999999997,248564.60000000003,788680.3600539999,337936.55,351169.640018,242085.34005899998
2024-04,CATEGORIA,REPUESTOS MECANICOS,18681.28,5899.0,72.0,70.0,6.0,259.4622222222222,128.625,2371.11,4,2,2024,38,7899.579999999999,16263.959999999997,248564.60000000003,54718.868,90909.37999999996,220884.925059
2024-05,CATEGORIA,REPUESTOS MECANICOS,155341.84000000003,397.0,45.0,45.0,3.0,3452.0408888888896,251.89,106292.58,5,2,2024,39,18681.28,7899.579999999999,16263.959999999997,138034.54,14281.606666666625,192960.4516756667
2024-06,CATEGORIA,REPUESTOS MECANICOS,21450.84,131.0,8.0,8.0,3.0,2681.355,680.39,11211.74,6,2,2024,40,155341.84000000003,18681.28,7899.579999999999,61991.230008,60640.899999999965,205905.270009
2024-07,CATEGORIA,REPUESTOS MECANICOS,8814.85,393.0,23.0,23.0,5.0,383.254347826087,17.06,5217.94,7,3,2024,41,21450.84,155341.84000000003,18681.28,109385.96250300002,65157.986666666635,78033.68333333336
2024-08,CATEGORIA,REPUESTOS MECANICOS,324.74,50.0,3.0,3.0,1.0,108.24666666666667,96.3,221.27,8,3,2024,42,8814.85,21450.84,155341.84000000003,135531.80600000004,61869.17666666664,38075.39166666669
2024-09,CATEGORIA,REPUESTOS MECANICOS,10583.560000000001,100.0,17.0,17.0,4.0,622.5623529411765,215.1,6160.8,9,3,2024,43,324.74,8814.85,21450.84,135102.06999999998,10196.809999999961,35418.855000000025
2024-10,CATEGORIA,REPUESTOS MECANICOS,46964.920000000006,1197.0,41.0,41.0,1.0,1145.4858536585368,257.58,22058.54,10,4,2024,44,10583.560000000001,324.74,8814.85,186228.12029999998,6574.383333333295,35866.18500000002
2025-01,CATEGORIA,REPUESTOS MECANICOS,3050.05,1.0,1.0,1.0,1.0,3050.05,3050.05,3050.05,1,1,2025,45,46964.920000000006,10583.560000000001,324.74,77672.93,19291.073333333297,40580.12500000002
2025-02,CATEGORIA,REPUESTOS MECANICOS,8696.130000000001,35.0,10.0,10.0,2.0,869.613,332.97,3432.77,2,1,2025,46,3050.05,46964.920000000006,10583.560000000001,788680.3600539999,20199.509999999966,15198.16000000002
2025-03,CATEGORIA,REPUESTOS MECANICOS,4721.469999999999,48.0,12.0,12.0,1.0,393.45583333333326,173.33,1047.28,3,1,2025,47,8696.130000000001,3050.05,46964.920000000006,248564.60000000003,19570.36666666663,13072.37500000002
2025-04,CATEGORIA,REPUESTOS MECANICOS,29496.309999999998,155.0,57.0,53.0,1.0,517.4791228070175,141.0,5851.21,4,2,2025,48,4721.469999999999,8696.130000000001,3050.05,16263.959999999997,5489.216666666628,12390.145000000019
2025-05,CATEGORIA,REPUESTOS MECANICOS,55290.58,172.0,49.0,42.0,1.0,1128.3791836734695,211.12,15180.0,5,2,2025,49,29496.309999999998,4721.469999999999,8696.130000000001,7899.579999999999,14304.636666666629,17252.073333333352
2025-06,CATEGORIA,REPUESTOS MECANICOS,54035.73,990.0,197.0,195.0,2.0,274.2930456852792,42.75,5388.09,6,2,2025,50,55290.58,29496.309999999998,4721.469999999999,18681.28,29836.119999999963,24703.24333333335
2025-07,CATEGORIA,REPUESTOS MECANICOS,22382.559999999998,11.0,9.0,9.0,2.0,2486.951111111111,841.24,10000.0,7,3,2025,51,54035.73,55290.58,29496.309999999998,155341.84000000003,46274.20666666663,25881.711666666688
2025-08,CATEGORIA,REPUESTOS MECANICOS,184460.06000000003,1251.0,234.0,164.0,1.0,788.2908547008548,108.035,19587.15,8,3,2025,52,22382.559999999998,54035.73,55290.58,21450.84,43902.95666666663,29103.79666666669
2025-09,CATEGORIA,REPUESTOS MECANICOS,17524.54,494.0,32.0,32.0,1.0,547.641875,148.57999999999998,5390.0,9,3,2025,53,184460.06000000003,22382.559999999998,54035.73,8814.85,86959.44999999997,58397.785000000025
2025-10,CATEGORIA,REPUESTOS MECANICOS,895.95,12.0,3.0,3.0,1.0,298.65000000000003,310.57,567.88,10,4,2025,54,17524.54,184460.06000000003,22382.559999999998,324.74,74789.0533333333,60531.63000000001
2025-11,CATEGORIA,REPUESTOS MECANICOS,8523.359999999999,108.0,4.0,4.0,1.0,2130.8399999999997,244.35500000000002,7963.83,11,4,2025,55,895.95,17524.54,184460.06000000003,10583.560000000001,67626.84999999996,55764.90333333335
2025-12,CATEGORIA,REPUESTOS MECANICOS,6035.530000000001,19.0,11.0,11.0,1.0,548.6845454545455,219.37,3974.49,12,4,2025,56,8523.359999999999,895.95,17524.54,46964.920000000006,8981.283333333295,47970.36666666669
2021-01,CATEGORIA,SERVICIOS DE MANTENIMIENTO,57156.840000000004,42.0,42.0,3.0,18.0,1360.8771428571429,400.0,32349.0,1,1,2021,0,,,,,,
2021-02,CATEGORIA,SERVICIOS DE MANTENIMIENTO,58234.54,75.0,75.0,5.0,29.0,776.4605333333334,280.0,5900.0,2,1,2021,1,57156.840000000004,,,,,
2021-03,CATEGORIA,SERVICIOS DE MANTENIMIENTO,127277.48,85.0,85.0,5.0,35.0,1497.3821176470587,720.0,24995.0,3,1,2021,2,58234.54,57156.840000000004,,,,
2021-04,CATEGORIA,SERVICIOS DE MANTENIMIENTO,175327.77,129.0,129.0,7.0,47.0,1359.1299999999999,600.0,10201.5,4,2,2021,3,127277.48,58234.54,57156.840000000004,,80889.62,
2021-05,CATEGORIA,SERVICIOS DE MANTENIMIENTO,96071.12,70.0,70.0,7.0,30.0,1372.4445714285714,687.95,8950.0,5,2,2021,4,175327.77,127277.48,58234.54,,120279.93000000001,
2021-06,CATEGORIA,SERVICIOS DE MANTENIMIENTO,129151.02,83.0,83.0,6.0,36.0,1556.0363855421688,711.0,9100.0,6,2,2021,5,96071.12,175327.77,127277.48,,132892.12333333332,
2021-07,CATEGORIA,SERVICIOS DE MANTENIMIENTO,117990.56000000003,109.0,109.0,6.0,44.0,1082.4822018348627,494.87,18722.0,7,3,2021,6,129151.02,96071.12,175327.77,,133516.63666666666,107203.12833333334
2021-08,CATEGORIA,SERVICIOS DE MANTENIMIENTO,92020.42000000001,94.0,94.0,5.0,26.0,978.9406382978725,368.235,8320.0,8,3,2021,7,117990.56000000003,129151.02,96071.12,,114404.23333333335,117342.08166666668
2021-09,CATEGORIA,SERVICIOS DE MANTENIMIENTO,81696.05,79.0,79.0,7.0,27.0,1034.1272151898734,495.0,12116.71,9,3,2021,8,92020.42000000001,117990.56000000003,129151.02,,113054.00000000001,122973.06166666666
2021-10,CATEGORIA,SERVICIOS DE MANTENIMIENTO,122872.55,61.0,61.0,6.0,30.0,2014.3040983606559,588.0,38507.13,10,4,2021,9,81696.05,92020.42000000001,117990.56000000003,,97235.67666666668,115376.15666666668
2021-11,CATEGORIA,SERVICIOS DE MANTENIMIENTO,154672.04,87.0,87.0,6.0,37.0,1777.8395402298852,940.5,15900.0,11,4,2021,10,122872.55,81696.05,92020.42000000001,,98863.0066666667,106633.62000000001
2021-12,CATEGORIA,SERVICIOS DE MANTENIMIENTO,94071.51000000002,70.0,69.0,7.0,37.0,1363.3552173913047,850.0,12316.5,12,4,2021,11,154672.04,122872.55,81696.05,,119746.88,116400.44000000002
2022-01,CATEGORIA,SERVICIOS DE MANTENIMIENTO,196263.17,83.0,76.0,5.0,28.0,2582.4101315789476,365.0,61233.1,1,1,2022,12,94071.51000000002,154672.04,122872.55,57156.840000000004,123872.03333333334,110553.85500000003
2022-02,CATEGORIA,SERVICIOS DE MANTENIMIENTO,89892.03000000001,78.0,78.0,6.0,31.0,1152.4619230769233,440.0,13819.78,2,1,2022,13,196263.17,94071.51000000002,154672.04,58234.54,148335.57333333336,123599.29
2022-03,CATEGORIA,SERVICIOS DE MANTENIMIENTO,90554.25599999998,87.0,87.0,5.0,36.0,1040.853517241379,633.33,7200.0,3,1,2022,14,89892.03000000001,196263.17,94071.51000000002,127277.48,126742.2366666667,123244.55833333335
2022-04,CATEGORIA,SERVICIOS DE MANTENIMIENTO,146305.41,87.0,87.0,5.0,33.0,1681.671379310345,468.0,28664.0,4,2,2022,15,90554.25599999998,89892.03000000001,196263.17,175327.77,125569.81866666667,124720.92600000002
2022-05,CATEGORIA,SERVICIOS DE MANTENIMIENTO,187615.44,81.0,79.0,7.0,34.0,2374.8789873417722,1050.0,12200.0,5,2,2022,16,146305.41,90554.25599999998,89892.03000000001,96071.12,108917.232,128626.40266666666
2022-06,CATEGORIA,SERVICIOS DE MANTENIMIENTO,113212.95500000002,71.0,71.0,4.0,27.0,1594.5486619718313,691.69,39105.0,6,2,2022,17,187615.44,146305.41,90554.25599999998,129151.02,141491.702,134116.96933333334
2022-07,CATEGORIA,SERVICIOS DE MANTENIMIENTO,381264.240007,105.0,104.0,7.0,32.0,3666.002307759615,570.5,57320.64,7,3,2022,18,113212.95500000002,187615.44,146305.41,117990.56000000003,149044.60166666665,137307.21016666666
2022-08,CATEGORIA,SERVICIOS DE MANTENIMIENTO,110183.25480000001,59.0,59.0,4.0,26.0,1867.512793220339,830.5,15500.0,8,3,2022,19,381264.240007,113212.95500000002,187615.44,92020.42000000001,227364.211669,168140.7218345
2022-09,CATEGORIA,SERVICIOS DE MANTENIMIENTO,66869.769994,48.0,48.0,5.0,23.0,1393.1202082083335,755.0,8065.5,9,3,2022,20,110183.25480000001,381264.240007,113212.95500000002,81696.05,201553.483269,171522.5926345
2022-10,CATEGORIA,SERVICIOS DE MANTENIMIENTO,85840.86998500001,59.0,59.0,4.0,18.0,1454.9299997457629,600.0,13200.0,10,4,2022,21,66869.769994,110183.25480000001,381264.240007,122872.55,186105.75493366667,167575.17830016665
2022-11,CATEGORIA,SERVICIOS DE MANTENIMIENTO,187942.22999999998,111.0,111.0,5.0,28.0,1693.1732432432432,415.0,12420.0,11,4,2022,22,85840.86998500001,66869.769994,110183.25480000001,154672.04,87631.29825966667,157497.75496433335
2022-12,CATEGORIA,SERVICIOS DE MANTENIMIENTO,44071.549999999996,61.0,55.0,5.0,20.0,801.300909090909,300.0,9545.0,12,4,2022,23,187942.22999999998,85840.86998500001,66869.769994,94071.51000000002,113550.95665966667,157552.21996433334
2023-01,CATEGORIA,SERVICIOS DE MANTENIMIENTO,57268.130000000005,60.0,60.0,5.0,37.0,954.4688333333335,525.0,3500.0,1,1,2023,24,44071.549999999996,187942.22999999998,85840.86998500001,196263.17,105951.549995,146028.6524643333
2023-02,CATEGORIA,SERVICIOS DE MANTENIMIENTO,165154.19999999998,85.0,85.0,4.0,32.0,1942.990588235294,650.0,29000.0,2,1,2023,25,57268.130000000005,44071.549999999996,187942.22999999998,89892.03000000001,96427.30333333333,92029.3007965
2023-03,CATEGORIA,SERVICIOS DE MANTENIMIENTO,125874.379998,69.0,69.0,5.0,27.0,1824.2663767826089,530.0,16700.0,3,1,2023,26,165154.19999999998,57268.130000000005,44071.549999999996,90554.25599999998,88831.29333333333,101191.12499649999
2023-04,CATEGORIA,SERVICIOS DE MANTENIMIENTO,292124.08,67.0,67.0,5.0,28.0,4360.060895522388,750.0,186312.92,4,2,2023,27,125874.379998,165154.19999999998,57268.130000000005,146305.41,116098.90333266667,111025.22666383332
2023-05,CATEGORIA,SERVICIOS DE MANTENIMIENTO,171743.75,95.0,95.0,5.0,37.0,1807.828947368421,640.0,15000.0,5,2,2023,28,292124.08,125874.379998,165154.19999999998,187615.44,194384.21999933335,145405.76166633333
2023-06,CATEGORIA,SERVICIOS DE MANTENIMIENTO,246840.538,121.0,121.0,6.0,47.0,2040.0044462809917,1073.5,29000.0,6,2,2023,29,171743.75,292124.08,125874.379998,113212.95500000002,196580.736666,142706.0149996667
2023-07,CATEGORIA,SERVICIOS DE MANTENIMIENTO,180764.67332899995,95.0,95.0,7.0,40.0,1902.7860350421047,630.4,19000.0,7,3,2023,30,246840.538,171743.75,292124.08,381264.240007,236902.78933333335,176500.846333
2023-08,CATEGORIA,SERVICIOS DE MANTENIMIENTO,244377.22,131.0,130.0,7.0,50.0,1879.8247692307693,595.0,29000.0,8,3,2023,31,180764.67332899995,246840.538,171743.75,110183.25480000001,199782.98710966666,197083.6035545
2023-09,CATEGORIA,SERVICIOS DE MANTENIMIENTO,307510.78999699996,148.0,148.0,6.0,45.0,2077.7756080878376,540.5,30052.87,9,3,2023,32,244377.22,180764.67332899995,246840.538,66869.769994,223994.1437763333,210287.44022116667
2023-10,CATEGORIA,SERVICIOS DE MANTENIMIENTO,294684.980011,177.0,120.0,4.0,34.0,2455.7081667583334,500.0,147500.0,10,4,2023,33,307510.78999699996,244377.22,180764.67332899995,85840.86998500001,244217.56110866662,240560.17522099998
2023-11,CATEGORIA,SERVICIOS DE MANTENIMIENTO,457427.78750000003,122.0,122.0,6.0,38.0,3749.4080942622954,1108.0,81815.84,11,4,2023,34,294684.980011,307510.78999699996,244377.22,187942.22999999998,282190.99666933337,240986.99188950003
2023-12,CATEGORIA,SERVICIOS DE MANTENIMIENTO,785945.979988,103.0,103.0,5.0,33.0,7630.5434950291265,240.0,274364.2,12,4,2023,35,457427.78750000003,294684.980011,307510.78999699996,44071.549999999996,353207.85250266665,288600.9981395
2024-01,CATEGORIA,SERVICIOS DE MANTENIMIENTO,61212.92,67.0,36.0,1.0,23.0,1700.358888888889,520.63,9800.0,1,1,2024,36,785945.979988,457427.78750000003,294684.980011,57268.130000000005,512686.2491663334,378451.90513749997
2024-02,CATEGORIA,SERVICIOS DE MANTENIMIENTO,254612.76,69.0,64.0,1.0,30.0,3978.324375,900.0,108414.99,2,1,2024,37,61212.92,785945.979988,457427.78750000003,165154.19999999998,434862.2291626667,358526.612916
2024-03,CATEGORIA,SERVICIOS DE MANTENIMIENTO,136198.41999999998,70.0,70.0,1.0,29.0,1945.691714285714,890.86,23981.53,3,1,2024,38,254612.76,61212.92,785945.979988,125874.379998,367257.219996,360232.53624933335
2024-04,CATEGORIA,SERVICIOS DE MANTENIMIENTO,139221.93,84.0,84.0,1.0,39.0,1657.4039285714284,1067.5,8721.78,4,2,2024,39,136198.41999999998,254612.76,61212.92,292124.08,150674.70000000004,331680.47458316665
2024-05,CATEGORIA,SERVICIOS DE MANTENIMIENTO,604845.55,63.0,63.0,1.0,36.0,9600.723015873016,1580.0,137352.29,5,2,2024,40,139221.93,136198.41999999998,254612.76,171743.75,176677.70333333337,305769.966248
2024-06,CATEGORIA,SERVICIOS DE MANTENIMIENTO,183896.96,91.0,91.0,1.0,39.0,2020.8457142857142,900.0,19500.0,6,2,2024,41,604845.55,139221.93,136198.41999999998,246840.538,293421.96666666673,330339.59333133337
2024-07,CATEGORIA,SERVICIOS DE MANTENIMIENTO,476340.49000000005,110.0,110.0,1.0,56.0,4330.368090909092,1040.51,160040.22,7,3,2024,42,183896.96,604845.55,139221.93,180764.67332899995,309321.48000000004,229998.09
2024-08,CATEGORIA,SERVICIOS DE MANTENIMIENTO,899268.9500000001,128.0,128.0,1.0,55.0,7025.538671875001,1308.0,579869.14,8,3,2024,43,476340.49000000005,183896.96,604845.55,244377.22,421694.33333333343,299186.01833333337
2024-09,CATEGORIA,SERVICIOS DE MANTENIMIENTO,496643.42000000004,85.0,85.0,1.0,49.0,5842.863764705883,1450.0,109500.0,9,3,2024,44,899268.9500000001,476340.49000000005,183896.96,307510.78999699996,519835.4666666668,406628.71666666673
2024-10,CATEGORIA,SERVICIOS DE MANTENIMIENTO,433771.32,90.0,90.0,1.0,44.0,4819.681333333333,1192.5,96250.0,10,4,2024,45,496643.42000000004,899268.9500000001,476340.49000000005,294684.980011,624084.2866666667,466702.88333333336
2024-11,CATEGORIA,SERVICIOS DE MANTENIMIENTO,100004.63,62.0,62.0,1.0,29.0,1612.9779032258066,881.5,9000.0,11,4,2024,46,433771.32,496643.42000000004,899268.9500000001,457427.78750000003,609894.5633333334,515794.4483333334
2024-12,CATEGORIA,SERVICIOS DE MANTENIMIENTO,89820.87000000001,55.0,55.0,1.0,24.0,1633.1067272727275,780.0,27158.86,12,4,2024,47,100004.63,433771.32,496643.42000000004,785945.979988,343473.12333333335,431654.2950000001
2025-01,CATEGORIA,SERVICIOS DE MANTENIMIENTO,80211.52,52.0,52.0,1.0,31.0,1542.529230769231,767.5,17988.48,1,1,2025,48,89820.87000000001,100004.63,433771.32,61212.92,207865.60666666672,415974.9466666667
2025-02,CATEGORIA,SERVICIOS DE MANTENIMIENTO,145541.03,104.0,104.0,1.0,38.0,1399.4329807692307,600.0,26586.4,2,1,2025,49,80211.52,89820.87000000001,100004.63,254612.76,90012.34000000004,349953.4516666667
2025-03,CATEGORIA,SERVICIOS DE MANTENIMIENTO,76026.03,44.0,44.0,1.0,25.0,1727.8643181818181,696.7,31250.0,3,1,2025,50,145541.03,80211.52,89820.87000000001,136198.41999999998,105191.14000000006,224332.13166666668
2025-04,CATEGORIA,SERVICIOS DE MANTENIMIENTO,162312.21999999997,71.0,71.0,1.0,33.0,2286.0876056338025,1191.0,10857.0,4,2,2025,51,76026.03,145541.03,80211.52,139221.93,100592.86000000004,154229.23333333334
2025-05,CATEGORIA,SERVICIOS DE MANTENIMIENTO,169524.53,86.0,86.0,1.0,42.0,1971.2154651162791,1240.6,12660.0,5,2,2025,52,162312.21999999997,76026.03,145541.03,604845.55,127959.76000000002,108986.05
2025-06,CATEGORIA,SERVICIOS DE MANTENIMIENTO,565237.35,400.0,226.0,16.0,74.0,2501.050221238938,795.0,81863.95,6,2,2025,53,169524.53,162312.21999999997,76026.03,183896.96,135954.26000000004,120572.7
2025-07,CATEGORIA,SERVICIOS DE MANTENIMIENTO,1248514.1399999997,308.0,148.0,11.0,61.0,8435.906351351348,803.0,745508.82,7,3,2025,54,565237.35,169524.53,162312.21999999997,476340.49000000005,299024.7,199808.78
2025-08,CATEGORIA,SERVICIOS DE MANTENIMIENTO,273826.76,210.0,188.0,6.0,55.0,1456.5253191489362,500.12,18287.5,8,3,2025,55,1248514.1399999997,565237.35,169524.53,899268.9500000001,661092.0066666666,394525.8833333333
2025-09,CATEGORIA,SERVICIOS DE MANTENIMIENTO,90111.56,93.0,87.0,5.0,37.0,1035.7650574712643,470.0,11589.0,9,3,2025,56,273826.76,1248514.1399999997,565237.35,496643.42000000004,695859.4166666666,415906.8383333333
2025-10,CATEGORIA,SERVICIOS DE MANTENIMIENTO,12972.6,25.0,19.0,6.0,10.0,682.7684210526317,544.5,2741.28,10,4,2025,57,90111.56,273826.76,1248514.1399999997,433771.32,537484.1533333333,418254.4266666666
2025-11,CATEGORIA,SERVICIOS DE MANTENIMIENTO,13782.150000000001,85.0,26.0,6.0,9.0,530.0826923076924,265.0,5377.13,11,4,2025,58,12972.6,90111.56,273826.76,100004.63,125636.9733333334,393364.49
2025-12,CATEGORIA,SERVICIOS DE MANTENIMIENTO,24554.699999999997,97.0,45.0,11.0,15.0,545.66,314.87,3117.42,12,4,2025,59,13782.150000000001,12972.6,90111.56,89820.87000000001,38955.43666666674,367407.4266666666
2021-01,FLOTA,FLOTA_TOTAL,158717.817494,1856.0,256.0,168.0,47.0,619.9914745859375,85.1525,32349.0,1,1,2021,0,,,,,,
2021-02,FLOTA,FLOTA_TOTAL,135877.90757799998,6620.0,521.0,358.0,61.0,260.80212586948176,51.19,12324.315,2,1,2021,1,158717.817494,,,,,
2021-03,FLOTA,FLOTA_TOTAL,226426.94117100004,4274.0,541.0,386.0,74.0,418.53408719223665,55.2,24995.0,3,1,2021,2,135877.90757799998,158717.817494,,,,
2021-04,FLOTA,FLOTA_TOTAL,342056.614119,9922.2,590.0,385.0,83.0,579.7569730830508,94.95,21861.88,4,2,2021,3,226426.94117100004,135877.90757799998,158717.817494,,173674.222081,
2021-05,FLOTA,FLOTA_TOTAL,182485.21418200003,5767.42,388.0,263.0,63.0,470.32271696391757,99.25,8950.0,5,2,2021,4,342056.614119,226426.94117100004,135877.90757799998,,234787.1542893333,
2021-06,FLOTA,FLOTA_TOTAL,273346.670391,5080.0,354.0,224.0,70.0,772.1657355677966,123.42,16640.0,6,2,2021,5,182485.21418200003,342056.614119,226426.94117100004,,250322.9231573333,
2021-07,FLOTA,FLOTA_TOTAL,229435.28979999997,4419.0,295.0,168.0,75.0,777.7467450847456,180.0,18722.0,7,3,2021,6,273346.670391,182485.21418200003,342056.614119,,265962.83289733337,219818.52748916668
2021-08,FLOTA,FLOTA_TOTAL,353088.435772,2971.1,391.0,229.0,57.0,903.0394776777493,73.23,62594.0,8,3,2021,7,229435.28979999997,273346.670391,182485.21418200003,,228422.39145766664,231604.77287349998
2021-09,FLOTA,FLOTA_TOTAL,296662.317079,7891.0,376.0,239.0,65.0,788.9955241462766,102.69,34700.0,9,3,2021,8,353088.435772,229435.28979999997,273346.670391,,285290.13198766665,267806.5275725
2021-10,FLOTA,FLOTA_TOTAL,194507.797796,1916.0,233.0,148.0,60.0,834.7974154334764,79.92,38507.13,10,4,2021,9,296662.317079,353088.435772,229435.28979999997,,293062.014217,279512.42355716665
2021-11,FLOTA,FLOTA_TOTAL,246046.78671499997,4350.0,304.0,177.0,65.0,809.3644299835526,200.48000000000002,15900.0,11,4,2021,10,194507.797796,296662.317079,353088.435772,,281419.5168823334,254920.95417
2021-12,FLOTA,FLOTA_TOTAL,157189.989058,3360.0,236.0,142.0,63.0,666.0592756694915,101.4,24471.0,12,4,2021,11,246046.78671499997,194507.797796,296662.317079,,245738.96719666664,265514.5495921667
2022-01,FLOTA,FLOTA_TOTAL,296232.643258,1113.0,230.0,118.0,52.0,1287.9680141652175,148.63,61233.1,1,1,2022,12,157189.989058,246046.78671499997,194507.797796,158717.817494,199248.19118966666,246155.10270333334
2022-02,FLOTA,FLOTA_TOTAL,222060.90282800002,4427.0,439.0,262.0,64.0,505.8334916355354,120.0,13819.78,2,1,2022,13,296232.643258,157189.989058,246046.78671499997,135877.90757799998,233156.47301033334,257287.99494633335
2022-03,FLOTA,FLOTA_TOTAL,191062.017807,3870.0,540.0,216.0,57.0,353.8185514944444,28.682,11770.37,3,1,2022,14,222060.90282800002,296232.643258,157189.989058,226426.94117100004,225161.17838133336,235450.072789
2022-04,FLOTA,FLOTA_TOTAL,246929.422279,12523.0,413.0,265.0,67.0,597.89206362954,85.0,28664.0,4,2,2022,15,191062.017807,222060.90282800002,296232.643258,342056.614119,236451.854631,217850.02291033335
2022-05,FLOTA,FLOTA_TOTAL,268686.69101999997,7191.43,336.0,224.0,70.0,799.662770892857,120.72,12200.0,5,2,2022,16,246929.422279,191062.017807,222060.90282800002,182485.21418200003,220017.447638,226586.96032416666
2022-06,FLOTA,FLOTA_TOTAL,231516.09500300002,12555.0,336.0,235.0,67.0,689.0359970327381,114.295,39105.0,6,2,2022,17,268686.69101999997,246929.422279,191062.017807,273346.670391,235559.3770353333,230360.27770833333
2022-07,FLOTA,FLOTA_TOTAL,469022.50400600006,2490.9,332.0,206.0,58.0,1412.7183855602411,116.458,57320.64,7,3,2022,18,231516.09500300002,268686.69101999997,246929.422279,229435.28979999997,249044.06943399998,242747.96203249999
2022-08,FLOTA,FLOTA_TOTAL,163766.944012,3063.0,241.0,151.0,51.0,679.5308880165975,123.0,15500.0,8,3,2022,19,469022.50400600006,231516.09500300002,268686.69101999997,353088.435772,323075.09667633334,271546.2721571667
2022-09,FLOTA,FLOTA_TOTAL,216509.675935,6899.0,237.0,186.0,47.0,913.5429364345991,186.1475,16982.94,9,3,2022,20,163766.944012,469022.50400600006,231516.09500300002,296662.317079,288101.8476736667,261830.6123545
2022-10,FLOTA,FLOTA_TOTAL,217815.864889,2685.0,262.0,175.0,42.0,831.3582629351145,147.6,38750.0,10,4,2022,21,216509.675935,163766.944012,469022.50400600006,194507.797796,283099.7079843334,266071.88870916667
2022-11,FLOTA,FLOTA_TOTAL,433169.395777,5186.0,539.0,355.0,65.0,803.6537955046382,111.0,17047.03,11,4,2022,22,217815.864889,216509.675935,163766.944012,246046.78671499997,199364.161612,261219.62914416668
2022-12,FLOTA,FLOTA_TOTAL,189058.899391,12854.0,129.0,74.0,38.0,1465.5728634961242,201.453,80000.0,12,4,2022,23,433169.395777,217815.864889,216509.675935,157189.989058,289164.978867,288633.4132703334
2023-01,FLOTA,FLOTA_TOTAL,168105.268959,3442.0,213.0,150.0,60.0,789.2266148309859,240.0,14926.5,1,1,2023,24,189058.899391,433169.395777,217815.864889,296232.643258,280014.720019,281557.2140016667
2023-02,FLOTA,FLOTA_TOTAL,564953.664061,4256.5,472.0,294.0,64.0,1196.9357289427967,69.375,205742.5,2,1,2023,25,168105.268959,189058.899391,433169.395777,222060.90282800002,263444.52137566666,231404.34149383332
2023-03,FLOTA,FLOTA_TOTAL,283047.829655,3672.0,444.0,295.0,53.0,637.4951118355856,74.815,24502.92,3,1,2023,26,564953.664061,168105.268959,189058.899391,191062.017807,307372.6108036667,298268.7948353333
2023-04,FLOTA,FLOTA_TOTAL,479387.9251470001,4945.0,353.0,256.0,61.0,1358.039448008499,150.0,186312.92,4,2,2023,27,283047.829655,564953.664061,168105.268959,246929.422279,338702.254225,309358.487122
2023-05,FLOTA,FLOTA_TOTAL,423733.222909,12406.0,604.0,469.0,70.0,701.5450710413908,119.764504,24502.92,5,2,2023,28,479387.9251470001,283047.829655,564953.664061,268686.69101999997,442463.13962100004,352953.8304983334
2023-06,FLOTA,FLOTA_TOTAL,513495.389834,10038.75,524.0,348.0,91.0,979.953034034351,137.0,102500.0,6,2,2023,29,423733.222909,479387.9251470001,283047.829655,231516.09500300002,395389.659237,351381.13502033334
2023-07,FLOTA,FLOTA_TOTAL,517074.59211599996,4402.0,462.0,334.0,84.0,1119.2090738441557,140.54901,88800.0,7,3,2023,30,513495.389834,423733.222909,479387.9251470001,469022.50400600006,472205.51263,405453.8834275
2023-08,FLOTA,FLOTA_TOTAL,475031.560934,9280.0,551.0,366.0,88.0,862.1262448892923,90.0,110827.0,8,3,2023,31,517074.59211599996,513495.389834,423733.222909,163766.944012,484767.734953,463615.437287
2023-09,FLOTA,FLOTA_TOTAL,595277.543536,7491.0,529.0,315.0,79.0,1125.2883620718335,218.0,48580.71,9,3,2023,32,475031.560934,517074.59211599996,513495.389834,216509.675935,501867.1809613333,448628.4200991667
2023-10,FLOTA,FLOTA_TOTAL,472492.01358400006,8566.9,596.0,386.0,75.0,792.7718348724833,99.75,147500.0,10,4,2023,33,595277.543536,475031.560934,517074.59211599996,217815.864889,529127.898862,500666.705746
2023-11,FLOTA,FLOTA_TOTAL,1328416.137565,6821.0,611.0,398.0,76.0,2174.1671645908345,148.63,85530.99,11,4,2023,34,472492.01358400006,595277.543536,475031.560934,433169.395777,514267.03935133334,499517.38715216675
2023-12,FLOTA,FLOTA_TOTAL,1056943.205088,2957.0,343.0,238.0,58.0,3081.467070227405,72.9,274364.2,12,4,2023,35,1328416.137565,472492.01358400006,595277.543536,189058.899391,798728.564895,650297.8729281666
2024-01,FLOTA,FLOTA_TOTAL,74552.4,195.0,39.0,4.0,25.0,1911.6,541.26,12165.06,1,1,2024,36,1056943.205088,1328416.137565,472492.01358400006,168105.268959,952617.1187456666,740872.5088038333
2024-02,FLOTA,FLOTA_TOTAL,272594.68,1500.0,103.0,40.0,34.0,2646.550291262136,620.0,108414.99,2,1,2024,37,74552.4,1056943.205088,1328416.137565,564953.664061,819970.5808843334,667118.8101178333
2024-03,FLOTA,FLOTA_TOTAL,154127.22,17109.0,159.0,85.0,45.0,969.3535849056603,196.35,23981.53,3,1,2024,38,272594.68,74552.4,1056943.205088,283047.829655,468030.0950293333,633379.3299621667
2024-04,FLOTA,FLOTA_TOTAL,206085.82,45733.0,301.0,197.0,60.0,684.6704983388704,138.24,8721.78,4,2,2024,39,154127.22,272594.68,74552.4,479387.9251470001,167091.43333333332,559854.2760394999
2024-05,FLOTA,FLOTA_TOTAL,761770.7800000001,1082.0,117.0,53.0,42.0,6510.861367521369,513.04,137352.29,5,2,2024,40,206085.82,154127.22,272594.68,423733.222909,210935.90666666665,515453.2437755
2024-06,FLOTA,FLOTA_TOTAL,235153.58000000002,878.4,134.0,38.0,46.0,1754.8774626865672,521.25,19500.0,6,2,2024,41,761770.7800000001,206085.82,154127.22,513495.389834,373994.60666666675,421012.35084800003
2024-07,FLOTA,FLOTA_TOTAL,583715.65,4253.6,245.0,130.0,73.0,2382.5128571428572,280.0,160040.22,7,3,2024,42,235153.58000000002,761770.7800000001,206085.82,517074.59211599996,401003.39333333337,284047.4133333334
2024-08,FLOTA,FLOTA_TOTAL,925177.17,4065.0,156.0,24.0,62.0,5930.6228846153845,1200.0,579869.14,8,3,2024,43,583715.65,235153.58000000002,761770.7800000001,475031.560934,526880.0033333334,368907.9550000001
2024-09,FLOTA,FLOTA_TOTAL,567614.49,1340.0,184.0,85.0,60.0,3084.861358695652,596.24,109500.0,9,3,2024,44,925177.17,583715.65,235153.58000000002,595277.543536,581348.8,477671.70333333337
2024-10,FLOTA,FLOTA_TOTAL,492736.32999999996,1457.0,147.0,51.0,45.0,3351.9478231292514,760.0,96250.0,10,4,2024,45,567614.49,925177.17,583715.65,472492.01358400006,692169.1033333334,546586.2483333334
2024-11,FLOTA,FLOTA_TOTAL,103883.30999999998,143.0,68.0,7.0,30.0,1527.6957352941174,711.25,9000.0,11,4,2024,46,492736.32999999996,567614.49,925177.17,1328416.137565,661842.6633333334,594361.3333333334
2024-12,FLOTA,FLOTA_TOTAL,97703.95000000001,65.0,61.0,4.0,25.0,1601.704098360656,787.56,27158.86,12,4,2024,47,103883.30999999998,492736.32999999996,567614.49,1056943.205088,388078.0433333334,484713.42166666663
2025-01,FLOTA,FLOTA_TOTAL,105494.61,103.0,72.0,11.0,32.0,1465.2029166666666,767.5,17988.48,1,1,2025,48,97703.95000000001,103883.30999999998,492736.32999999996,74552.4,231441.19666666668,461805.14999999997
2025-02,FLOTA,FLOTA_TOTAL,180469.4,459.0,146.0,32.0,40.0,1236.0917808219178,489.925,26586.4,2,1,2025,49,105494.61,97703.95000000001,103883.30999999998,272594.68,102360.62333333337,382101.64333333337
2025-03,FLOTA,FLOTA_TOTAL,111799.37,291.0,96.0,42.0,26.0,1164.5767708333333,350.0,31250.0,3,1,2025,50,180469.4,105494.61,97703.95000000001,154127.22,127889.32000000002,257983.68166666664
2025-04,FLOTA,FLOTA_TOTAL,210720.89,393.0,163.0,85.0,34.0,1292.7661963190185,450.0,10857.0,4,2,2025,51,111799.37,180469.4,105494.61,206085.82,132587.79333333336,182014.495
2025-05,FLOTA,FLOTA_TOTAL,262179.88,1806.0,250.0,124.0,43.0,1048.71952,287.20500000000004,15180.0,5,2,2025,52,210720.89,111799.37,180469.4,761770.7800000001,167663.22000000006,135011.92166666666
2025-06,FLOTA,FLOTA_TOTAL,690462.6500000001,3373.0,594.0,338.0,80.0,1162.3950336700339,138.195,81863.95,6,2,2025,53,262179.88,210720.89,111799.37,235153.58000000002,194900.04666666672,161394.68333333335
2025-07,FLOTA,FLOTA_TOTAL,1333596.7799999998,3744.0,351.0,151.0,72.0,3799.421025641025,208.0,745508.82,7,3,2025,54,690462.6500000001,262179.88,210720.89,583715.65,387787.8066666668,260187.80000000005
2025-08,FLOTA,FLOTA_TOTAL,524909.6900000001,6457.0,606.0,323.0,59.0,866.1876072607262,166.67000000000002,19587.15,8,3,2025,55,1333596.7799999998,690462.6500000001,262179.88,925177.17,762079.77,464871.49500000005
2025-09,FLOTA,FLOTA_TOTAL,143639.71,3131.0,223.0,100.0,39.0,644.1242600896861,195.41,11589.0,9,3,2025,56,524909.6900000001,1333596.7799999998,690462.6500000001,567614.49,849656.3733333334,522278.21
2025-10,FLOTA,FLOTA_TOTAL,17249.45,431.0,118.0,47.0,10.0,146.18177966101695,19.1,2741.28,10,4,2025,57,143639.71,524909.6900000001,1333596.7799999998,492736.32999999996,667382.0599999999,527584.9333333333
2025-11,FLOTA,FLOTA_TOTAL,32072.9,517.0,77.0,47.0,9.0,416.5311688311688,80.0,7963.83,11,4,2025,58,17249.45,143639.71,524909.6900000001,103883.30999999998,228599.6166666667,495339.69333333336
2025-12,FLOTA,FLOTA_TOTAL,47204.939999999995,1030.0,148.0,101.0,16.0,318.95229729729726,84.04499999999999,4161.15,12,4,2025,59,32072.9,17249.45,143639.71,97703.95000000001,64320.68666666667,456988.53
2021-01,NAVE,NAVE_001,8732.515001999998,167.0,40.0,29.0,13.0,218.31287504999995,43.511499,1800.0,1,1,2021,0,,,,,,
2021-02,NAVE,NAVE_001,35942.845182,1606.0,114.0,95.0,26.0,315.28811563157893,27.439999999999998,8216.21,2,1,2021,1,8732.515001999998,,,,,
2021-03,NAVE,NAVE_001,8925.980969999999,348.0,42.0,33.0,18.0,212.5233564285714,46.535002,3700.0,3,1,2021,2,35942.845182,8732.515001999998,,,,
2021-04,NAVE,NAVE_001,25927.12,363.0,29.0,25.0,12.0,894.0386206896551,40.0,14580.0,4,2,2021,3,8925.980969999999,35942.845182,8732.515001999998,,17867.113717999997,
2021-05,NAVE,NAVE_001,11500.192214,559.0,38.0,33.0,14.0,302.6366372105263,28.529004,3201.0,5,2,2021,4,25927.12,8925.980969999999,35942.845182,,23598.64871733333,
2021-06,NAVE,NAVE_001,13739.859998,102.0,17.0,16.0,5.0,808.2270587058823,30.0,7210.0,6,2,2021,5,11500.192214,25927.12,8925.980969999999,,15451.097728,
2021-07,NAVE,NAVE_001,21972.9977,1286.0,48.0,39.0,22.0,457.7707854166667,33.25,3440.43,7,3,2021,6,13739.859998,11500.192214,25927.12,,17055.724070666667,17461.418894333332
2021-08,NAVE,NAVE_001,229763.279998,550.1,73.0,55.0,19.0,3147.442191753425,65.0,62594.0,8,3,2021,7,21972.9977,13739.859998,11500.192214,,15737.683304,19668.166010666668
2021-09,NAVE,NAVE_001,58201.27511,2757.0,78.0,62.0,22.0,746.1701937179488,310.2868005,5417.2,9,3,2021,8,229763.279998,21972.9977,13739.859998,,88492.04589866666,51971.571813333336
2021-10,NAVE,NAVE_001,6773.63,68.0,21.0,13.0,13.0,322.55380952380955,75.0,1600.0,10,4,2021,9,58201.27511,229763.279998,21972.9977,,103312.51760266667,60184.12083666667
2021-11,NAVE,NAVE_001,4459.8791,695.0,26.0,24.0,11.0,171.53381153846155,18.7,2584.43,11,4,2021,10,6773.63,58201.27511,229763.279998,,98246.06170266667,56991.87250333334
2021-12,NAVE,NAVE_001,51485.619999999995,1308.0,21.0,7.0,9.0,2451.69619047619,1260.0,24471.0,12,4,2021,11,4459.8791,6773.63,58201.27511,,23144.928069999998,55818.486984333336
2022-01,NAVE,NAVE_001,89550.67292,290.0,60.0,54.0,13.0,1492.5112153333332,159.25,23111.6,1,1,2022,12,51485.619999999995,4459.8791,6773.63,8732.515001999998,20906.376366666667,62109.44698466667
2022-02,NAVE,NAVE_001,31447.283228,1640.0,82.0,64.0,22.0,383.503454,122.46986,4500.0,2,1,2022,13,89550.67292,51485.619999999995,4459.8791,35942.845182,48498.72400666666,73372.39285466667
2022-03,NAVE,NAVE_001,55137.493612,480.0,69.0,53.0,19.0,799.0941103188405,192.72,9400.0,3,1,2022,14,31447.283228,89550.67292,51485.619999999995,8925.980969999999,57494.525382666674,40319.72672633333
2022-04,NAVE,NAVE_001,106055.79494400001,10120.0,159.0,124.0,31.0,667.017578264151,110.04,13000.0,4,2,2022,15,55137.493612,31447.283228,89550.67292,25927.12,58711.81658666666,39809.096476666666
2022-05,NAVE,NAVE_001,165960.50982,4114.0,97.0,61.0,33.0,1710.933090927835,577.8,12200.0,5,2,2022,16,106055.79494400001,55137.493612,31447.283228,11500.192214,64213.52392800001,56356.123967333326
2022-06,NAVE,NAVE_001,29529.945,9203.0,27.0,14.0,17.0,1093.7016666666666,400.0,7039.58,6,2,2022,17,165960.50982,106055.79494400001,55137.493612,13739.859998,109051.26612533334,83272.895754
2022-07,NAVE,NAVE_001,39887.220005999996,197.0,38.0,13.0,15.0,1049.663684368421,735.65,6400.0,7,3,2022,18,29529.945,165960.50982,106055.79494400001,21972.9977,100515.41658800001,79613.61658733334
2022-08,NAVE,NAVE_001,48120.239799999996,439.0,35.0,26.0,14.0,1374.8639942857142,26.0,15500.0,8,3,2022,19,39887.220005999996,29529.945,165960.50982,229763.279998,78459.224942,71336.374435
2022-09,NAVE,NAVE_001,15205.18,4010.0,9.0,4.0,6.0,1689.4644444444446,150.0,13000.0,9,3,2022,20,48120.239799999996,39887.220005999996,29529.945,58201.27511,39179.13493533333,74115.20053033334
2022-10,NAVE,NAVE_001,6105.932699999999,592.0,43.0,43.0,9.0,141.9984348837209,44.7752,1324.09,10,4,2022,21,15205.18,48120.239799999996,39887.220005999996,6773.63,34404.21326866667,67459.81492833333
2022-11,NAVE,NAVE_001,25306.4064,272.0,42.0,23.0,7.0,602.5334857142857,163.0,9570.0,11,4,2022,22,6105.932699999999,15205.18,48120.239799999996,4459.8791,23143.784166666665,50801.50455433334
2022-12,NAVE,NAVE_001,90236.36999099999,12160.0,15.0,13.0,7.0,6015.757999399999,400.0,80000.0,12,4,2022,23,25306.4064,6105.932699999999,15205.18,51485.619999999995,15539.173033333333,27359.15398433333
2023-01,NAVE,NAVE_001,8043.7300000000005,830.0,7.0,6.0,5.0,1149.1042857142859,500.0,2915.8,1,1,2023,24,90236.36999099999,25306.4064,6105.932699999999,89550.67292,40549.56969699999,37476.89148283333
2023-02,NAVE,NAVE_001,34418.259984,199.0,19.0,12.0,9.0,1811.4873675789472,875.9,7854.0,2,1,2023,25,8043.7300000000005,90236.36999099999,25306.4064,31447.283228,41195.50213033333,32169.643148499996
2023-03,NAVE,NAVE_001,66846.90795900002,589.0,67.0,61.0,12.0,997.7150441641794,25.41,15980.0,3,1,2023,26,34418.259984,8043.7300000000005,90236.36999099999,55137.493612,44232.78665833332,29885.979845833335
2023-04,NAVE,NAVE_001,187174.36000000004,158.0,7.0,7.0,4.0,26739.194285714293,93.76,186312.92,4,2,2023,27,66846.90795900002,34418.259984,8043.7300000000005,106055.79494400001,36436.29931433334,38492.934505666664
2023-05,NAVE,NAVE_001,7502.8225,378.0,37.0,33.0,11.0,202.7789864864865,32.571,2900.0,5,2,2023,28,187174.36000000004,66846.90795900002,34418.259984,165960.50982,96146.50931433337,68671.00572233334
2023-06,NAVE,NAVE_001,25436.726024,661.0,44.0,42.0,18.0,578.1074096363636,186.5450025,2937.0,6,2,2023,29,7502.8225,187174.36000000004,66846.90795900002,29529.945,87174.6968196667,65703.741739
2023-07,NAVE,NAVE_001,112015.66954599999,1144.0,133.0,114.0,28.0,842.223079293233,219.12,19000.0,7,3,2023,30,25436.726024,7502.8225,187174.36000000004,39887.220005999996,73371.30284133334,54903.80107783334
2023-08,NAVE,NAVE_001,172967.88999800003,112.0,42.0,24.0,13.0,4118.283095190477,473.51,110827.0,8,3,2023,31,112015.66954599999,25436.726024,7502.8225,48120.239799999996,48318.40602333334,72232.45766883335
2023-09,NAVE,NAVE_001,29174.653995000008,1359.0,85.0,70.0,19.0,343.2312234705883,66.24,4185.6,9,3,2023,32,172967.88999800003,112015.66954599999,25436.726024,15205.18,103473.42852266667,95324.06267116668
2023-10,NAVE,NAVE_001,42547.74,620.0,90.0,81.0,10.0,472.75266666666664,183.07,3869.4,10,4,2023,33,29174.653995000008,172967.88999800003,112015.66954599999,6105.932699999999,104719.404513,89045.35367716668
2023-11,NAVE,NAVE_001,39981.440052000005,579.0,80.0,77.0,9.0,499.7680006500001,196.18,4100.020002,11,4,2023,34,42547.74,29174.653995000008,172967.88999800003,25306.4064,81563.42799766666,64940.9170105
2023-12,NAVE,NAVE_001,296658.86,9.0,9.0,2.0,6.0,32962.095555555556,2250.0,274364.2,12,4,2023,35,39981.440052000005,42547.74,29174.653995000008,90236.36999099999,37234.611349000006,70354.01993583333
2024-01,NAVE,NAVE_001,3862.1199999999994,21.0,5.0,1.0,5.0,772.4239999999999,463.6,1754.99,1,1,2024,36,296658.86,39981.440052000005,42547.74,8043.7300000000005,126396.01335066666,115557.70893183333
2024-02,NAVE,NAVE_001,4875.0,1.0,1.0,1.0,1.0,4875.0,4875.0,4875.0,2,1,2024,37,3862.1199999999994,296658.86,39981.440052000005,34418.259984,113500.806684,97532.11734083334
2024-03,NAVE,NAVE_001,6743.26,6.0,6.0,1.0,4.0,1123.8766666666668,771.13,3500.0,3,1,2024,38,4875.0,3862.1199999999994,296658.86,66846.90795900002,101798.65999999999,69516.6356745
2024-04,NAVE,NAVE_001,1377.6,2.0,2.0,1.0,2.0,688.8,688.8,1095.0,4,2,2024,39,6743.26,4875.0,3862.1199999999994,187174.36000000004,5160.126666666666,65778.07000866666
2024-06,NAVE,NAVE_001,9672.119999999999,13.0,10.0,2.0,5.0,967.2119999999999,555.0,4167.12,6,2,2024,40,1377.6,6743.26,4875.0,7502.8225,4331.953333333334,58916.38000866666
2024-07,NAVE,NAVE_001,3119.15,13.0,4.0,2.0,3.0,779.7875,239.575,2600.0,7,3,2024,41,9672.119999999999,1377.6,6743.26,25436.726024,5930.993333333333,53864.82666666666
2024-08,NAVE,NAVE_001,305.08,1.0,1.0,1.0,1.0,305.08,305.08,305.08,8,3,2024,42,3119.15,9672.119999999999,1377.6,112015.66954599999,4722.956666666666,4941.541666666667
2024-09,NAVE,NAVE_001,15755.199999999999,26.0,8.0,3.0,5.0,1969.3999999999999,1431.55,6104.0,9,3,2024,43,305.08,3119.15,9672.119999999999,172967.88999800003,4365.45,4348.701666666667
2024-10,NAVE,NAVE_001,27773.660000000003,1141.0,42.0,36.0,8.0,661.2776190476192,282.32,4107.81,10,4,2024,44,15755.199999999999,305.08,3119.15,29174.653995000008,6393.143333333333,6162.068333333333
2024-11,NAVE,NAVE_001,19176.170000000002,77.0,14.0,5.0,7.0,1369.7264285714286,545.325,4813.6,11,4,2024,45,27773.660000000003,15755.199999999999,305.08,42547.74,14611.313333333334,9667.135
2024-12,NAVE,NAVE_001,11099.06,9.0,9.0,2.0,6.0,1233.2288888888888,1301.3,3045.0,12,4,2024,46,19176.170000000002,27773.660000000003,15755.199999999999,39981.440052000005,20901.676666666666,12633.563333333334
2025-01,NAVE,NAVE_001,17959.0,9.0,9.0,2.0,7.0,1995.4444444444443,1062.0,8217.0,1,1,2025,47,11099.06,19176.170000000002,27773.660000000003,296658.86,19349.63,12871.386666666667
2025-02,NAVE,NAVE_001,23237.350000000002,107.0,27.0,14.0,9.0,860.6425925925927,580.0,3432.77,2,1,2025,48,17959.0,11099.06,19176.170000000002,3862.1199999999994,16078.076666666668,15344.695
2025-03,NAVE,NAVE_001,38104.05,18.0,8.0,3.0,6.0,4763.00625,1044.73,31250.0,3,1,2025,49,23237.350000000002,17959.0,11099.06,4875.0,17431.803333333333,19166.74
2025-04,NAVE,NAVE_001,38266.56,9.0,9.0,1.0,6.0,4251.84,3366.0,10857.0,4,2,2025,50,38104.05,23237.350000000002,17959.0,6743.26,26433.46666666667,22891.548333333336
2025-05,NAVE,NAVE_001,70978.70000000001,205.0,45.0,22.0,14.0,1577.3044444444447,1314.0,10500.09,5,2,2025,51,38266.56,38104.05,23237.350000000002,1377.6,33202.653333333335,24640.365
2025-06,NAVE,NAVE_001,363008.41000000003,949.0,235.0,166.0,32.0,1544.7166382978726,111.29,30899.78,6,2,2025,52,70978.70000000001,38266.56,38104.05,9672.119999999999,49116.43666666667,33274.12
2025-07,NAVE,NAVE_001,1032043.4899999999,48.0,34.0,3.0,20.0,30354.220294117644,1600.35,745508.82,7,3,2025,53,363008.41000000003,70978.70000000001,38266.56,3119.15,157417.89,91925.67833333334
2025-08,NAVE,NAVE_001,151664.58000000002,1169.0,180.0,111.0,11.0,842.5810000000001,110.285,19587.15,8,3,2025,54,1032043.4899999999,363008.41000000003,70978.70000000001,305.08,488676.86666666664,260939.76
2025-09,NAVE,NAVE_001,15020.289999999997,15.0,8.0,5.0,4.0,1877.5362499999997,1186.5349999999999,5390.0,9,3,2025,55,151664.58000000002,1032043.4899999999,363008.41000000003,15755.199999999999,515572.16,282344.2983333333
2021-01,NAVE,NAVE_002,41238.332500000004,270.0,43.0,39.0,19.0,959.0309883720931,98.0,20905.8,1,1,2021,0,,,,,,
2021-02,NAVE,NAVE_002,28116.195,967.0,38.0,29.0,16.0,739.8998684210526,171.0,12324.315,2,1,2021,1,41238.332500000004,,,,,
2021-03,NAVE,NAVE_002,47947.932207,600.0,61.0,40.0,22.0,786.0316755245901,146.4,24995.0,3,1,2021,2,28116.195,41238.332500000004,,,,
2021-04,NAVE,NAVE_002,34049.06640400001,1967.0,124.0,96.0,28.0,274.5892451935485,62.69,5900.0,4,2,2021,3,47947.932207,28116.195,41238.332500000004,,39100.819902333336,
2021-05,NAVE,NAVE_002,105268.41036800001,4325.42,202.0,153.0,33.0,521.1307443960396,117.58,8950.0,5,2,2021,4,34049.06640400001,47947.932207,28116.195,,36704.397870333334,
2021-06,NAVE,NAVE_002,181493.3228,3546.0,126.0,79.0,40.0,1440.4231968253969,463.16,16640.0,6,2,2021,5,105268.41036800001,34049.06640400001,47947.932207,,62421.80299300001,
2021-07,NAVE,NAVE_002,62721.468199999996,1150.0,86.0,51.0,27.0,729.3193976744186,213.53,8486.918,7,3,2021,6,181493.3228,105268.41036800001,34049.06640400001,,106936.93319066668,73018.8765465
2021-08,NAVE,NAVE_002,37587.676779999994,559.0,95.0,50.0,20.0,395.6597555789473,90.0,7504.0,8,3,2021,7,62721.468199999996,181493.3228,105268.41036800001,,116494.40045599999,76599.39916316666
2021-09,NAVE,NAVE_002,18297.6,547.0,54.0,42.0,12.0,338.84444444444443,25.6,5800.0,9,3,2021,8,37587.676779999994,62721.468199999996,181493.3228,,93934.15592666667,78177.97945983334
2021-10,NAVE,NAVE_002,45933.856792,364.0,28.0,22.0,11.0,1640.4948854285715,101.5,38507.13,10,4,2021,9,18297.6,37587.676779999994,62721.468199999996,,39535.581659999996,73236.25742533333
2021-11,NAVE,NAVE_002,12554.123,500.0,45.0,41.0,9.0,278.9805111111111,48.0,5080.0,11,4,2021,10,45933.856792,18297.6,37587.676779999994,,33939.71119066666,75217.05582333333
2021-12,NAVE,NAVE_002,8871.01495,572.0,58.0,53.0,13.0,152.94853362068966,25.23,2877.0,12,4,2021,11,12554.123,45933.856792,18297.6,,25595.193264,59764.67459533332
2022-01,NAVE,NAVE_002,24551.522602,209.0,35.0,27.0,14.0,701.4720743428571,138.8,7690.0,1,1,2022,12,8871.01495,12554.123,45933.856792,41238.332500000004,22452.998247333333,30994.289953666666
2022-02,NAVE,NAVE_002,41801.304599999996,553.0,79.0,54.0,26.0,529.1304379746834,120.0,5300.0,2,1,2022,13,24551.522602,8871.01495,12554.123,28116.195,15325.553517333334,24632.632353999998
2022-03,NAVE,NAVE_002,26401.39,439.0,56.0,48.0,9.0,471.45339285714283,41.7,7105.9,3,1,2022,14,41801.304599999996,24551.522602,8871.01495,47947.932207,25074.614050666667,25334.903657333332
2022-04,NAVE,NAVE_002,11258.6228,943.0,72.0,61.0,16.0,156.3697611111111,19.325,1749.1,4,2,2022,15,26401.39,41801.304599999996,24551.522602,34049.06640400001,30918.072400666668,26685.535323999997
2022-05,NAVE,NAVE_002,5591.164000000001,107.0,16.0,11.0,11.0,349.44775000000004,111.2,2800.0,5,2,2022,16,11258.6228,26401.39,41801.304599999996,105268.41036800001,26487.105799999994,20906.329658666666
2022-06,NAVE,NAVE_002,22465.390001999996,1035.0,47.0,43.0,12.0,477.9870213191489,28.2,7644.0,6,2,2022,17,5591.164000000001,11258.6228,26401.39,181493.3228,14417.058933333334,19745.836492
2022-07,NAVE,NAVE_002,20373.565000000002,471.0,42.0,36.0,15.0,485.084880952381,88.783,6754.8,7,3,2022,18,22465.390001999996,5591.164000000001,11258.6228,62721.468199999996,13105.058933999999,22011.565667333332
2022-08,NAVE,NAVE_002,23249.624499999998,272.0,44.0,34.0,9.0,528.4005568181818,111.608,8900.0,8,3,2022,19,20373.565000000002,22465.390001999996,5591.164000000001,37587.676779999994,16143.373000666666,21315.239400333332
2022-09,NAVE,NAVE_002,16139.314508000001,1304.0,46.0,44.0,10.0,350.8546632173913,70.67,6210.0,9,3,2022,20,23249.624499999998,20373.565000000002,22465.390001999996,18297.6,22029.526500666663,18223.292717
2022-10,NAVE,NAVE_002,49941.930002,129.0,24.0,17.0,13.0,2080.9137500833335,245.82,38750.0,10,4,2022,21,16139.314508000001,23249.624499999998,20373.565000000002,45933.856792,19920.834669333333,16512.946801666665
2022-11,NAVE,NAVE_002,52142.093462,889.0,90.0,61.0,20.0,579.3565940222222,81.22,12420.0,11,4,2022,22,49941.930002,16139.314508000001,23249.624499999998,12554.123,29776.956336666666,22960.164668666665
2022-12,NAVE,NAVE_002,6013.7294,520.0,23.0,23.0,6.0,261.46649565217393,33.0,3403.34,12,4,2022,23,52142.093462,49941.930002,16139.314508000001,8871.01495,39407.779323999996,30718.652912333335
2023-01,NAVE,NAVE_002,41731.148959,629.0,66.0,62.0,13.0,632.2901357424242,156.469195,4704.71839,1,1,2023,24,6013.7294,52142.093462,49941.930002,24551.522602,36032.584288,27976.709478666668
2023-02,NAVE,NAVE_002,23885.068077000004,1113.0,73.0,67.0,13.0,327.1927133835617,46.99,5205.75,2,1,2023,25,41731.148959,6013.7294,52142.093462,41801.304599999996,33295.657273666664,31536.306805166667
2023-03,NAVE,NAVE_002,33070.746696,208.0,39.0,26.0,17.0,847.9678640000001,200.0,5500.0,3,1,2023,26,23885.068077000004,41731.148959,6013.7294,26401.39,23876.648812,31642.214068
2023-04,NAVE,NAVE_002,28037.881888,986.0,55.0,45.0,22.0,509.7796706909091,46.2,7880.0,4,2,2023,27,33070.746696,23885.068077000004,41731.148959,11258.6228,32895.654577333335,34464.11943266667
2023-05,NAVE,NAVE_002,15156.850403999999,2580.0,43.0,35.0,9.0,352.48489311627907,174.0,3649.2,5,2,2023,28,28037.881888,33070.746696,23885.068077000004,5591.164000000001,28331.232220333335,30813.444746999998
2023-06,NAVE,NAVE_002,157963.95729999998,339.0,53.0,39.0,15.0,2980.4520245283015,60.2496,102500.0,6,2,2023,29,15156.850403999999,28037.881888,33070.746696,22465.390001999996,25421.826329333333,24649.237570666664
2023-07,NAVE,NAVE_002,8997.568500000001,352.0,36.0,35.0,10.0,249.93245833333336,22.7775,2800.0,7,3,2023,30,157963.95729999998,15156.850403999999,28037.881888,20373.565000000002,67052.89653066667,49974.27555399999
2023-08,NAVE,NAVE_002,14345.519999999999,178.0,32.0,26.0,11.0,448.29749999999996,61.0,4996.16,8,3,2023,31,8997.568500000001,157963.95729999998,15156.850403999999,23249.624499999998,60706.125401333324,44518.678810833335
2023-09,NAVE,NAVE_002,99373.444981,699.0,58.0,46.0,23.0,1713.3352582931034,329.62,28500.0,9,3,2023,32,14345.519999999999,8997.568500000001,157963.95729999998,16139.314508000001,60435.68193333333,42928.75413133333
2023-10,NAVE,NAVE_002,74001.362504,2917.0,109.0,83.0,24.0,678.9115826055046,105.0,21400.0,10,4,2023,33,99373.444981,14345.519999999999,8997.568500000001,49941.930002,40905.51116033333,53979.20384549999
2023-11,NAVE,NAVE_002,190095.00999999998,875.0,67.0,40.0,23.0,2837.23895522388,243.75,49040.0,11,4,2023,34,74001.362504,99373.444981,14345.519999999999,52142.093462,62573.442495,61639.78394816667
2023-12,NAVE,NAVE_002,9863.525,47.0,7.0,6.0,4.0,1409.075,378.0,7600.0,12,4,2023,35,190095.00999999998,74001.362504,99373.444981,6013.7294,121156.60582833331,90796.14388083333
2024-01,NAVE,NAVE_002,60.58,5.0,2.0,1.0,1.0,30.29,30.29,39.32,1,1,2024,36,9863.525,190095.00999999998,74001.362504,41731.148959,91319.96583466667,66112.7384975
2024-02,NAVE,NAVE_002,14439.07,8.0,8.0,1.0,5.0,1804.88375,1125.0,6000.0,2,1,2024,37,60.58,9863.525,190095.00999999998,23885.068077000004,66673.03833333332,64623.240414166656
2024-04,NAVE,NAVE_002,3325.0,3.0,3.0,1.0,3.0,1108.3333333333333,200.0,3045.0,4,2,2024,38,14439.07,60.58,9863.525,33070.746696,8121.058333333333,64638.83208083332
2024-05,NAVE,NAVE_002,4150.0,2.0,2.0,1.0,2.0,2075.0,2075.0,2450.0,5,2,2024,39,3325.0,14439.07,60.58,28037.881888,5941.55,48630.75791733333
2024-06,NAVE,NAVE_002,43267.64,397.4,45.0,29.0,10.0,961.5031111111111,340.0,11116.87,6,2,2024,40,4150.0,3325.0,14439.07,15156.850403999999,7304.69,36988.86416666666
2024-07,NAVE,NAVE_002,466781.98,2661.6,143.0,97.0,41.0,3264.20965034965,240.0,160040.22,7,3,2024,41,43267.64,4150.0,3325.0,157963.95729999998,16914.213333333333,12517.635833333334
2024-08,NAVE,NAVE_002,804341.0,119.0,71.0,7.0,33.0,11328.74647887324,1350.0,579869.14,8,3,2024,42,466781.98,43267.64,4150.0,8997.568500000001,171399.87333333332,88670.71166666667
2024-09,NAVE,NAVE_002,482191.16000000003,1180.0,137.0,69.0,40.0,3519.6435036496355,600.0,109500.0,9,3,2024,43,804341.0,466781.98,43267.64,14345.519999999999,438130.2066666667,222717.44833333333
2024-10,NAVE,NAVE_002,282378.96,101.0,37.0,3.0,22.0,7631.863783783784,1550.0,96250.0,10,4,2024,44,482191.16000000003,804341.0,466781.98,99373.444981,584438.0466666667,300676.13
2024-11,NAVE,NAVE_002,10595.4,14.0,3.0,2.0,3.0,3531.7999999999997,1593.0,9000.0,11,4,2024,45,282378.96,482191.16000000003,804341.0,74001.362504,522970.37333333335,347185.12333333335
2024-12,NAVE,NAVE_002,38040.04,11.0,10.0,2.0,5.0,3804.004,1234.5900000000001,27158.86,12,4,2024,46,10595.4,282378.96,482191.16000000003,190095.00999999998,258388.50666666668,348259.3566666667
2025-01,NAVE,NAVE_002,24319.51,27.0,16.0,4.0,10.0,1519.969375,1251.52,5500.0,1,1,2025,47,38040.04,10595.4,282378.96,9863.525,110338.13333333335,347388.09
2025-02,NAVE,NAVE_002,64500.770000000004,57.0,24.0,8.0,11.0,2687.5320833333335,788.35,26586.4,2,1,2025,48,24319.51,38040.04,10595.4,60.58,24318.316666666666,273644.34500000003
2025-03,NAVE,NAVE_002,7897.860000000001,85.0,19.0,16.0,3.0,415.6768421052632,25.92,1814.36,3,1,2025,49,64500.770000000004,24319.51,38040.04,14439.07,42286.77333333334,150337.64000000004
2025-04,NAVE,NAVE_002,18537.230000000003,26.0,13.0,5.0,6.0,1425.9407692307695,847.0,6126.03,4,2,2025,50,7897.860000000001,64500.770000000004,24319.51,3325.0,32239.379999999994,71288.7566666667
2025-05,NAVE,NAVE_002,10385.16,5.0,5.0,1.0,4.0,2077.032,2000.0,3400.0,5,2,2025,51,18537.230000000003,7897.860000000001,64500.770000000004,4150.0,30311.953333333335,27315.13500000002
2025-06,NAVE,NAVE_002,18100.39,19.0,10.0,3.0,6.0,1810.039,874.5,6189.05,6,2,2025,52,10385.16,18537.230000000003,7897.860000000001,43267.64,12273.416666666666,27280.09500000002
2025-07,NAVE,NAVE_002,14966.55,436.0,22.0,6.0,5.0,680.2977272727272,234.54500000000002,3480.0,7,3,2025,53,18100.39,10385.16,18537.230000000003,466781.98,15674.26,23956.82000000002
2025-08,NAVE,NAVE_002,6058.949999999999,28.0,11.0,6.0,3.0,550.8136363636363,420.0,1900.0,8,3,2025,54,14966.55,18100.39,10385.16,804341.0,14484.033333333331,22397.993333333357
2025-09,NAVE,NAVE_002,6833.849999999999,128.0,20.0,19.0,2.0,341.6925,101.605,2810.0,9,3,2025,55,6058.949999999999,14966.55,18100.39,482191.16000000003,13041.963333333328,12657.690000000019
2021-01,NAVE,NAVE_004,39829.0,56.0,17.0,10.0,11.0,2342.8823529411766,388.3,32349.0,1,1,2021,0,,,,,,
2021-02,NAVE,NAVE_004,7296.87,228.0,43.0,37.0,13.0,169.6946511627907,19.5,2200.0,2,1,2021,1,39829.0,,,,,
2021-03,NAVE,NAVE_004,15895.43,167.0,24.0,22.0,11.0,662.3095833333333,98.945,12056.52,3,1,2021,2,7296.87,39829.0,,,,
2021-04,NAVE,NAVE_004,5453.34,89.0,21.0,14.0,10.0,259.68285714285713,50.0,2888.63,4,2,2021,3,15895.43,7296.87,39829.0,,21007.100000000002,
2021-05,NAVE,NAVE_004,7989.35,6.0,5.0,5.0,5.0,1597.8700000000001,522.0,6628.35,5,2,2021,4,5453.34,15895.43,7296.87,,9548.546666666667,
2021-06,NAVE,NAVE_004,7578.58,32.0,9.0,6.0,6.0,842.0644444444445,417.2,3030.09,6,2,2021,5,7989.35,5453.34,15895.43,,9779.373333333335,
2021-07,NAVE,NAVE_004,13343.830000000002,320.0,23.0,21.0,7.0,580.1665217391305,20.79,6060.18,7,3,2021,6,7578.58,7989.35,5453.34,,7007.09,14007.095000000001
2021-08,NAVE,NAVE_004,3183.12,10.0,5.0,3.0,4.0,636.624,746.14,1254.0,8,3,2021,7,13343.830000000002,7578.58,7989.35,,9637.253333333334,9592.9
2021-09,NAVE,NAVE_004,28461.631999999994,149.0,22.0,19.0,7.0,1293.7105454545451,26.14,12116.71,9,3,2021,8,3183.12,13343.830000000002,7578.58,,8035.176666666667,8907.275
2021-10,NAVE,NAVE_004,22234.216,182.0,21.0,16.0,7.0,1058.7721904761904,30.492,15327.91,10,4,2021,9,28461.631999999994,3183.12,13343.830000000002,,14996.193999999998,11001.641999999998
2021-11,NAVE,NAVE_004,9346.86,4.0,4.0,2.0,3.0,2336.715,876.6,7383.0,11,4,2021,10,22234.216,28461.631999999994,3183.12,,17959.656,13798.454666666667
2021-12,NAVE,NAVE_004,5476.5244,115.0,20.0,19.0,5.0,273.82622000000003,31.95,1836.28,12,4,2021,11,9346.86,22234.216,28461.631999999994,,20014.235999999997,14024.70633333333
2022-01,NAVE,NAVE_004,84444.06,26.0,9.0,4.0,6.0,9382.673333333332,1000.0,61233.1,1,1,2022,12,5476.5244,9346.86,22234.216,39829.0,12352.533466666668,13674.363733333334
2022-02,NAVE,NAVE_004,6658.35,106.0,15.0,14.0,8.0,443.89000000000004,368.4,2031.72,2,1,2022,13,84444.06,5476.5244,9346.86,7296.87,33089.148133333336,25524.402066666666
2022-03,NAVE,NAVE_004,11366.780000000002,383.0,63.0,61.0,12.0,180.4250793650794,23.22,3047.2,3,1,2022,14,6658.35,84444.06,5476.5244,15895.43,32192.978133333338,26103.607066666667
2022-04,NAVE,NAVE_004,14616.21,36.0,15.0,12.0,6.0,974.414,187.56,4525.0,4,2,2022,15,11366.780000000002,6658.35,84444.06,5453.34,34156.396666666675,23254.465066666668
2022-05,NAVE,NAVE_004,20109.190000000006,324.0,30.0,26.0,13.0,670.3063333333336,29.064999999999998,8228.25,5,2,2022,16,14616.21,11366.780000000002,6658.35,7989.35,10880.446666666672,21984.7974
2022-06,NAVE,NAVE_004,20223.370000000006,394.0,44.0,38.0,10.0,459.62204545454557,17.075,8441.55,6,2,2022,17,20109.190000000006,14616.21,11366.780000000002,7578.58,15364.060000000007,23778.519066666664
2022-07,NAVE,NAVE_004,4832.889999999999,72.0,31.0,26.0,10.0,155.89967741935482,21.87,1658.0,7,3,2022,18,20223.370000000006,20109.190000000006,14616.21,13343.830000000002,18316.25666666667,26236.32666666667
2022-08,NAVE,NAVE_004,5980.01,242.0,13.0,11.0,7.0,460.00076923076927,185.0,2893.96,8,3,2022,19,4832.889999999999,20223.370000000006,20109.190000000006,3183.12,15055.150000000009,12967.798333333334
2022-09,NAVE,NAVE_004,5776.68,168.0,17.0,13.0,8.0,339.80470588235295,40.0,1644.16,9,3,2022,20,5980.01,4832.889999999999,20223.370000000006,28461.631999999994,10345.42333333334,12854.741666666669
2022-10,NAVE,NAVE_004,6805.0,7.0,7.0,2.0,3.0,972.1428571428571,700.0,2265.0,10,4,2022,21,5776.68,5980.01,4832.889999999999,22234.216,5529.860000000005,11923.058333333334
2022-11,NAVE,NAVE_004,3428.46,215.5,33.0,33.0,8.0,103.89272727272727,22.55,892.08,11,4,2022,22,6805.0,5776.68,5980.01,9346.86,6187.230000000006,10621.19
2022-12,NAVE,NAVE_004,1295.99,38.0,14.0,13.0,6.0,92.57071428571429,23.75,412.2,12,4,2022,23,3428.46,6805.0,5776.68,5476.5244,5336.713333333338,7841.068333333334
2023-01,NAVE,NAVE_004,13774.4,86.0,24.0,21.0,8.0,573.9333333333333,304.9,3210.0,1,1,2023,24,1295.99,3428.46,6805.0,84444.06,3843.150000000005,4686.505
2023-02,NAVE,NAVE_004,216167.52,51.0,8.0,7.0,7.0,27020.94,1652.875,205742.5,2,1,2023,25,13774.4,1295.99,3428.46,6658.35,6166.283333333337,6176.756666666667
2023-03,NAVE,NAVE_004,36356.71000000001,462.0,53.0,46.0,15.0,685.9756603773586,52.5,7378.94,3,1,2023,26,216167.52,13774.4,1295.99,11366.780000000002,77079.30333333333,41208.00833333333
2023-04,NAVE,NAVE_004,15507.050000000001,92.0,32.0,29.0,12.0,484.59531250000003,56.504999999999995,6319.11,4,2,2023,27,36356.71000000001,216167.52,13774.4,14616.21,88766.21,46304.68
2023-05,NAVE,NAVE_004,31455.93,372.0,52.0,26.0,9.0,604.9217307692307,182.4,12031.0,5,2,2023,28,15507.050000000001,36356.71000000001,216167.52,20109.190000000006,89343.76,47755.02166666667
2023-06,NAVE,NAVE_004,20402.629999999997,46.0,12.0,8.0,8.0,1700.2191666666665,1311.9299999999998,6758.83,6,2,2023,29,31455.93,15507.050000000001,36356.71000000001,20223.370000000006,27773.23,52426.26666666666
2023-07,NAVE,NAVE_004,8173.83,13.0,7.0,6.0,6.0,1167.69,113.5,6211.7,7,3,2023,30,20402.629999999997,31455.93,15507.050000000001,4832.889999999999,22455.203333333335,55610.706666666665
2023-08,NAVE,NAVE_004,4410.58,208.0,35.0,29.0,12.0,126.01657142857142,27.26,850.0,8,3,2023,31,8173.83,20402.629999999997,31455.93,5980.01,20010.796666666665,54677.27833333333
2023-09,NAVE,NAVE_004,96464.83,810.0,74.0,65.0,17.0,1303.5787837837838,65.455,48580.71,9,3,2023,32,4410.58,8173.83,20402.629999999997,5776.68,10995.679999999998,19384.455
2023-10,NAVE,NAVE_004,17930.719999999998,1819.0,33.0,32.0,10.0,543.3551515151514,64.56,4000.32,10,4,2023,33,96464.83,4410.58,8173.83,6805.0,36349.746666666666,29402.475000000002
2023-11,NAVE,NAVE_004,59348.469999999994,2078.0,91.0,71.0,21.0,652.1809890109889,68.0,6800.0,11,4,2023,34,17930.719999999998,96464.83,4410.58,3428.46,39602.043333333335,29806.420000000002
2023-12,NAVE,NAVE_004,260047.08000000005,2231.0,234.0,190.0,31.0,1111.312307692308,39.625,130476.47,12,4,2023,35,59348.469999999994,17930.719999999998,96464.83,1295.99,57914.67333333333,34455.176666666666
2024-01,NAVE,NAVE_004,51030.98,134.0,15.0,2.0,10.0,3402.0653333333335,2850.0,9800.0,1,1,2024,36,260047.08000000005,59348.469999999994,17930.719999999998,13774.4,112442.09000000001,74395.91833333333
2024-02,NAVE,NAVE_004,180681.85000000003,331.0,38.0,18.0,11.0,4754.785526315791,577.6700000000001,108414.99,2,1,2024,37,51030.98,260047.08000000005,59348.469999999994,216167.52,123475.51000000002,81538.77666666667
2024-03,NAVE,NAVE_004,27785.170000000002,8.0,8.0,1.0,6.0,3473.1462500000002,613.62,23981.53,3,1,2024,38,180681.85000000003,51030.98,260047.08000000005,36356.71000000001,163919.97000000003,110917.32166666667
2024-04,NAVE,NAVE_004,1045.56,2.0,2.0,1.0,2.0,522.78,522.78,715.12,4,2,2024,39,27785.170000000002,180681.85000000003,51030.98,15507.050000000001,86499.33333333336,99470.71166666668
2024-05,NAVE,NAVE_004,3234.85,2.0,2.0,1.0,2.0,1617.425,1617.425,2444.85,5,2,2024,40,1045.56,27785.170000000002,180681.85000000003,31455.93,69837.52666666669,96656.51833333333
2024-06,NAVE,NAVE_004,2321.56,3.0,3.0,1.0,3.0,773.8533333333334,971.56,1150.0,6,2,2024,41,3234.85,1045.56,27785.170000000002,20402.629999999997,10688.526666666678,87304.24833333334
2024-07,NAVE,NAVE_004,8008.110000000001,6.0,6.0,1.0,6.0,1334.6850000000002,1008.0,3417.11,7,3,2024,42,2321.56,3234.85,1045.56,8173.83,2200.6566666666763,44349.995
2024-08,NAVE,NAVE_004,2536.96,3.0,3.0,1.0,2.0,845.6533333333333,1248.48,1248.48,8,3,2024,43,8008.110000000001,2321.56,3234.85,4410.58,4521.506666666676,37179.51666666667
2024-09,NAVE,NAVE_004,3224.0,2.0,2.0,1.0,2.0,1612.0,1612.0,2780.0,9,3,2024,44,2536.96,8008.110000000001,2321.56,96464.83,4288.876666666677,7488.701666666667
2024-10,NAVE,NAVE_004,1710.0,2.0,2.0,1.0,1.0,855.0,855.0,950.0,10,4,2024,45,3224.0,2536.96,8008.110000000001,17930.719999999998,4589.69000000001,3395.1733333333336
2024-11,NAVE,NAVE_004,10997.84,3.0,3.0,1.0,3.0,3665.9466666666667,3887.24,6610.6,11,4,2024,46,1710.0,3224.0,2536.96,59348.469999999994,2490.3200000000097,3505.9133333333334
2024-12,NAVE,NAVE_004,9676.64,9.0,9.0,1.0,9.0,1075.1822222222222,787.56,2618.0,12,4,2024,47,10997.84,1710.0,3224.0,260047.08000000005,5310.613333333343,4799.745
2025-01,NAVE,NAVE_004,7720.0,5.0,5.0,1.0,4.0,1544.0,1200.0,3285.0,1,1,2025,48,9676.64,10997.84,1710.0,51030.98,7461.493333333343,6025.591666666667
2025-02,NAVE,NAVE_004,2223.0,5.0,5.0,3.0,4.0,444.6,470.0,930.0,2,1,2025,49,7720.0,9676.64,10997.84,180681.85000000003,9464.826666666677,5977.573333333334
2025-03,NAVE,NAVE_004,2104.2,4.0,4.0,1.0,4.0,526.05,562.1,900.0,3,1,2025,50,2223.0,7720.0,9676.64,27785.170000000002,6539.880000000009,5925.246666666666
2025-04,NAVE,NAVE_004,9931.869999999999,39.0,10.0,9.0,3.0,993.1869999999999,93.24,5851.21,4,2,2025,51,2104.2,2223.0,7720.0,1045.56,4015.733333333343,5738.613333333334
2025-05,NAVE,NAVE_004,13063.939999999999,281.0,42.0,39.0,4.0,311.0461904761904,25.265,4875.46,5,2,2025,52,9931.869999999999,2104.2,2223.0,3234.85,4753.023333333343,7108.925
2025-06,NAVE,NAVE_004,14156.43,106.0,23.0,12.0,7.0,615.4969565217391,600.0,2850.0,6,2,2025,53,13063.939999999999,9931.869999999999,2104.2,2321.56,8366.67000000001,7453.274999999999
2025-07,NAVE,NAVE_004,8715.929999999998,125.0,14.0,11.0,5.0,622.5664285714284,368.32,2419.02,7,3,2025,54,14156.43,13063.939999999999,9931.869999999999,8008.110000000001,12384.080000000009,8199.906666666668
2025-08,NAVE,NAVE_004,6056.369999999999,73.0,21.0,19.0,2.0,288.39857142857136,37.5,1536.33,8,3,2025,55,8715.929999999998,14156.43,13063.939999999999,2536.96,11978.766666666676,8365.894999999999
2025-09,NAVE,NAVE_004,7430.08,229.0,15.0,13.0,4.0,495.33866666666665,297.6,1500.0,9,3,2025,56,6056.369999999999,8715.929999999998,14156.43,3224.0,9642.910000000009,9004.789999999999
2025-10,NAVE,NAVE_004,2642.82,47.0,14.0,12.0,4.0,188.77285714285716,95.225,700.0,10,4,2025,57,7430.08,6056.369999999999,8715.929999999998,1710.0,7400.793333333342,9892.436666666666
2025-11,NAVE,NAVE_004,3971.5200000000004,84.0,11.0,9.0,2.0,361.04727272727274,117.6,1809.15,11,4,2025,58,2642.82,7430.08,6056.369999999999,10997.84,5376.423333333342,8677.595
2025-12,NAVE,NAVE_004,3200.0600000000004,346.0,15.0,12.0,2.0,213.33733333333336,32.26,2303.04,12,4,2025,59,3971.5200000000004,2642.82,7430.08,9676.64,4681.473333333343,7162.191666666667
2021-01,NAVE,NAVE_005,1118.71,11.0,3.0,2.0,3.0,372.90333333333336,223.21,810.0,1,1,2021,0,,,,,,
2021-02,NAVE,NAVE_005,1890.0,23.0,7.0,7.0,6.0,270.0,250.0,610.0,2,1,2021,1,1118.71,,,,,
2021-03,NAVE,NAVE_005,4388.949999999999,134.0,23.0,23.0,6.0,190.8239130434782,45.0,1695.8,3,1,2021,2,1890.0,1118.71,,,,
2021-04,NAVE,NAVE_005,792.87,4.0,2.0,1.0,2.0,396.435,396.435,642.87,4,2,2021,3,4388.949999999999,1890.0,1118.71,,2465.8866666666663,
2021-05,NAVE,NAVE_005,8573.14,173.0,19.0,19.0,6.0,451.2178947368421,100.0,2780.08,5,2,2021,4,792.87,4388.949999999999,1890.0,,2357.273333333333,
2021-06,NAVE,NAVE_005,1874.0,17.0,2.0,2.0,2.0,937.0,937.0,1142.4,6,2,2021,5,8573.14,792.87,4388.949999999999,,4584.986666666667,
2021-07,NAVE,NAVE_005,2793.7,7.0,2.0,2.0,2.0,1396.85,1396.85,2543.7,7,3,2021,6,1874.0,8573.14,792.87,,3746.67,3106.278333333333
2021-08,NAVE,NAVE_005,8764.56,8.0,8.0,4.0,3.0,1095.57,588.0,3385.6,8,3,2021,7,2793.7,1874.0,8573.14,,4413.613333333334,3385.443333333333
2021-09,NAVE,NAVE_005,11244.730000000001,82.0,19.0,17.0,9.0,591.8278947368422,116.8,4350.57,9,3,2021,8,8764.56,2793.7,1874.0,,4477.419999999999,4531.203333333333
2021-10,NAVE,NAVE_005,17784.84,116.0,9.0,9.0,4.0,1976.0933333333332,1482.18,7797.0,10,4,2021,9,11244.730000000001,8764.56,2793.7,,7600.996666666666,5673.833333333333
2021-11,NAVE,NAVE_005,26052.04,165.0,23.0,19.0,7.0,1132.6973913043478,602.9,6017.45,11,4,2021,10,17784.84,11244.730000000001,8764.56,,12598.043333333335,8505.828333333333
2021-12,NAVE,NAVE_005,5648.6,285.0,40.0,36.0,10.0,141.215,39.5,1780.0,12,4,2021,11,26052.04,17784.84,11244.730000000001,,18360.536666666667,11418.978333333333
2022-01,NAVE,NAVE_005,47676.71000000001,10.0,8.0,4.0,3.0,5959.588750000001,4478.0,16532.63,1,1,2022,12,5648.6,26052.04,17784.84,1118.71,16495.16,12048.078333333333
2022-02,NAVE,NAVE_005,13510.92,186.0,17.0,17.0,5.0,794.76,154.0,3546.72,2,1,2022,13,47676.71000000001,5648.6,26052.04,1890.0,26459.11666666667,19528.58
2022-03,NAVE,NAVE_005,8507.970000000001,195.0,35.0,33.0,6.0,243.08485714285717,10.4,2397.14,3,1,2022,14,13510.92,47676.71000000001,5648.6,4388.949999999999,22278.743333333336,20319.640000000003
2022-04,NAVE,NAVE_005,6058.8,5.0,5.0,2.0,4.0,1211.76,850.0,2630.8,4,2,2022,15,8507.970000000001,13510.92,47676.71000000001,792.87,23231.866666666672,19863.513333333332
2022-05,NAVE,NAVE_005,5532.8,294.43,18.0,18.0,8.0,307.3777777777778,50.489999999999995,2543.4,5,2,2022,16,6058.8,8507.970000000001,13510.92,8573.14,9359.230000000003,17909.173333333336
2022-06,NAVE,NAVE_005,5092.9800000000005,68.0,24.0,22.0,9.0,212.2075,23.1,1873.22,6,2,2022,17,5532.8,6058.8,8507.970000000001,1874.0,6699.856666666669,14489.300000000001
2022-07,NAVE,NAVE_005,24651.38,87.9,27.0,25.0,8.0,913.0140740740741,190.4,14612.6,7,3,2022,18,5092.9800000000005,5532.8,6058.8,2793.7,5561.526666666669,14396.696666666669
2022-08,NAVE,NAVE_005,8187.53,54.0,16.0,15.0,8.0,511.720625,154.375,3622.45,8,3,2022,19,24651.38,5092.9800000000005,5532.8,8764.56,11759.053333333337,10559.141666666668
2022-09,NAVE,NAVE_005,2292.0,3.0,3.0,1.0,3.0,764.0,950.0,950.0,9,3,2022,20,8187.53,24651.38,5092.9800000000005,11244.730000000001,12643.963333333335,9671.910000000002
2022-10,NAVE,NAVE_005,436.36,8.0,2.0,2.0,2.0,218.18,218.18,364.36,10,4,2022,21,2292.0,8187.53,24651.38,17784.84,11710.303333333337,8635.915
2022-11,NAVE,NAVE_005,1137.01,91.0,16.0,13.0,4.0,71.063125,23.974999999999998,263.34,11,4,2022,22,436.36,2292.0,8187.53,26052.04,3638.6300000000024,7698.841666666667
2022-12,NAVE,NAVE_005,41612.99,5.0,5.0,5.0,3.0,8322.598,277.0,38686.8,12,4,2022,23,1137.01,436.36,2292.0,5648.6,1288.456666666669,6966.209999999999
2023-01,NAVE,NAVE_005,7947.48,28.0,18.0,17.0,4.0,441.52666666666664,74.03,2198.18,1,1,2023,24,41612.99,1137.01,436.36,47676.71000000001,14395.453333333337,13052.878333333332
2023-02,NAVE,NAVE_005,7350.040000000001,121.0,20.0,14.0,9.0,367.50200000000007,66.31,2273.61,2,1,2023,25,7947.48,41612.99,1137.01,13510.92,16899.160000000003,10268.894999999999
2023-03,NAVE,NAVE_005,8003.83,311.0,47.0,42.0,14.0,170.29425531914893,57.78,1050.0,3,1,2023,26,7350.040000000001,7947.48,41612.99,8507.970000000001,18970.170000000002,10129.313333333332
2023-04,NAVE,NAVE_005,38063.10999999999,62.0,22.0,17.0,8.0,1730.1413636363634,1169.475,14051.0,4,2,2023,27,8003.83,7350.040000000001,7947.48,6058.8,7767.116666666669,11081.284999999998
2023-05,NAVE,NAVE_005,3472.4700000000003,6.0,6.0,3.0,4.0,578.745,433.625,973.22,5,2,2023,28,38063.10999999999,8003.83,7350.040000000001,5532.8,17805.66,17352.41
2023-06,NAVE,NAVE_005,58253.98999999999,152.0,21.0,18.0,8.0,2773.9995238095235,608.83,18080.85,6,2,2023,29,3472.4700000000003,38063.10999999999,8003.83,5092.9800000000005,16513.13666666667,17741.653333333332
2023-07,NAVE,NAVE_005,47165.060000000005,186.0,23.0,22.0,6.0,2050.6547826086958,15.48,42250.0,7,3,2023,30,58253.98999999999,3472.4700000000003,38063.10999999999,24651.38,33263.189999999995,20515.153333333332
2023-08,NAVE,NAVE_005,6202.219999999999,8.0,3.0,2.0,3.0,2067.4066666666663,1881.6,4080.62,8,3,2023,31,47165.060000000005,58253.98999999999,3472.4700000000003,8187.53,36297.17333333333,27051.416666666668
2023-09,NAVE,NAVE_005,60513.67999999999,175.0,10.0,8.0,4.0,6051.3679999999995,1166.8600000000001,35500.0,9,3,2023,32,6202.219999999999,47165.060000000005,58253.98999999999,2292.0,37207.090000000004,26860.11333333333
2023-10,NAVE,NAVE_005,1266.74,105.0,18.0,16.0,3.0,70.37444444444445,15.035,700.0,10,4,2023,33,60513.67999999999,6202.219999999999,47165.060000000005,436.36,37960.32,35611.755
2023-11,NAVE,NAVE_005,506348.46,697.0,92.0,90.0,5.0,5503.787608695652,117.03999999999999,85530.99,11,4,2023,34,1266.74,60513.67999999999,6202.219999999999,1137.01,22660.88,29479.02666666666
2023-12,NAVE,NAVE_005,12620.449999999999,24.0,4.0,4.0,2.0,3155.1124999999997,898.465,10800.0,12,4,2023,35,506348.46,1266.74,60513.67999999999,41612.99,189376.29333333333,113291.69166666667
2024-01,NAVE,NAVE_005,1292.0,1.0,1.0,1.0,1.0,1292.0,1292.0,1292.0,1,1,2024,36,12620.449999999999,506348.46,1266.74,7947.48,173411.88333333333,105686.10166666667
2024-02,NAVE,NAVE_005,17765.0,2.0,2.0,1.0,2.0,8882.5,8882.5,16865.0,2,1,2024,37,1292.0,12620.449999999999,506348.46,7350.040000000001,173420.30333333334,98040.59166666666
2024-03,NAVE,NAVE_005,33158.869999999995,906.0,7.0,2.0,4.0,4736.981428571428,1976.93,19500.0,3,1,2024,38,17765.0,1292.0,12620.449999999999,8003.83,10559.15,99967.72166666666
2024-04,NAVE,NAVE_005,53246.24999999999,27808.0,135.0,120.0,24.0,394.41666666666663,49.5,8686.59,4,2,2024,39,33158.869999999995,17765.0,1292.0,38063.10999999999,17405.289999999997,95408.58666666667
2024-05,NAVE,NAVE_005,291097.48000000004,595.0,19.0,5.0,13.0,15320.920000000002,1250.0,137352.29,5,2,2024,40,53246.24999999999,33158.869999999995,17765.0,3472.4700000000003,34723.37333333333,104071.83833333332
2024-06,NAVE,NAVE_005,8007.5,5.0,5.0,1.0,5.0,1601.5,1100.0,3080.0,6,2,2024,41,291097.48000000004,53246.24999999999,33158.869999999995,58253.98999999999,125834.20000000001,68196.675
2024-07,NAVE,NAVE_005,10719.15,3.0,3.0,1.0,3.0,3573.0499999999997,2945.06,7324.09,7,3,2024,42,8007.5,291097.48000000004,53246.24999999999,47165.060000000005,117450.41000000002,67427.85
2024-08,NAVE,NAVE_005,2033.0,4.0,4.0,1.0,3.0,508.25,452.5,720.0,8,3,2024,43,10719.15,8007.5,291097.48000000004,6202.219999999999,103274.71000000002,68999.04166666667
2024-09,NAVE,NAVE_005,640.0,2.0,2.0,1.0,2.0,320.0,320.0,550.0,9,3,2024,44,2033.0,10719.15,8007.5,60513.67999999999,6919.883333333334,66377.04166666667
2024-10,NAVE,NAVE_005,569.0,1.0,1.0,1.0,1.0,569.0,569.0,569.0,10,4,2024,45,640.0,2033.0,10719.15,1266.74,4464.05,60957.23000000001
2024-11,NAVE,NAVE_005,1195.0,2.0,2.0,1.0,2.0,597.5,597.5,1045.0,11,4,2024,46,569.0,640.0,2033.0,506348.46,1080.6666666666667,52177.688333333346
2024-12,NAVE,NAVE_005,2664.05,3.0,3.0,1.0,3.0,888.0166666666668,520.0,1684.05,12,4,2024,47,1195.0,569.0,640.0,12620.449999999999,801.3333333333334,3860.6083333333336
2025-01,NAVE,NAVE_005,6040.0,4.0,4.0,1.0,3.0,1510.0,905.0,3915.0,1,1,2025,48,2664.05,1195.0,569.0,1292.0,1476.0166666666667,2970.0333333333333
2025-02,NAVE,NAVE_005,1410.0,3.0,3.0,1.0,3.0,470.0,270.0,950.0,2,1,2025,49,6040.0,2664.05,1195.0,17765.0,3299.683333333333,2190.1749999999997
2025-03,NAVE,NAVE_005,7300.16,3.0,3.0,1.0,2.0,2433.3866666666668,950.16,6000.0,3,1,2025,50,1410.0,6040.0,2664.05,33158.869999999995,3371.35,2086.3416666666667
2025-04,NAVE,NAVE_005,7540.0,4.0,4.0,1.0,3.0,1885.0,834.5,5421.0,4,2,2025,51,7300.16,1410.0,6040.0,53246.24999999999,4916.72,3196.3683333333333
2025-05,NAVE,NAVE_005,9120.24,114.0,33.0,30.0,4.0,276.3709090909091,149.63,1616.0,5,2,2025,52,7540.0,7300.16,1410.0,291097.48000000004,5416.72,4358.201666666667
2025-06,NAVE,NAVE_005,4500.86,42.0,13.0,12.0,2.0,346.21999999999997,133.18,1500.0,6,2,2025,53,9120.24,7540.0,7300.16,8007.5,7986.8,5679.075
2025-07,NAVE,NAVE_005,99.75,18.0,4.0,4.0,1.0,24.9375,18.439999999999998,56.22,7,3,2025,54,4500.86,9120.24,7540.0,10719.15,7053.7,5985.21
2025-08,NAVE,NAVE_005,3772.48,50.0,16.0,15.0,3.0,235.78,10.55,2475.0,8,3,2025,55,99.75,4500.86,9120.24,2033.0,4573.616666666666,4995.168333333334
2025-09,NAVE,NAVE_005,2266.4900000000002,334.0,13.0,12.0,3.0,174.34538461538463,79.95,660.0,9,3,2025,56,3772.48,99.75,4500.86,640.0,2791.03,5388.915
2025-10,NAVE,NAVE_005,1524.1,49.0,16.0,16.0,2.0,95.25625,12.9,1300.0,10,4,2025,57,2266.4900000000002,3772.48,99.75,569.0,2046.24,4549.97
2025-11,NAVE,NAVE_005,10098.05,161.0,15.0,14.0,2.0,673.2033333333333,278.01,5377.13,11,4,2025,58,1524.1,2266.4900000000002,3772.48,1195.0,2521.023333333333,3547.32
2025-12,NAVE,NAVE_005,3982.2299999999996,24.0,3.0,3.0,1.0,1327.4099999999999,5.04,3974.49,12,4,2025,59,10098.05,1524.1,2266.4900000000002,2664.05,4629.546666666666,3710.2883333333334
2021-01,NAVE,NAVE_006,4040.4300000000003,51.0,15.0,12.0,7.0,269.362,199.08,1021.2,1,1,2021,0,,,,,,
2021-02,NAVE,NAVE_006,3977.08,129.0,26.0,22.0,9.0,152.96461538461537,32.495,842.5,2,1,2021,1,4040.4300000000003,,,,,
2021-03,NAVE,NAVE_006,9678.52,219.0,43.0,41.0,7.0,225.08186046511628,30.0,4114.33,3,1,2021,2,3977.08,4040.4300000000003,,,,
2021-04,NAVE,NAVE_006,4328.84,38.0,10.0,8.0,3.0,432.884,94.68,2327.2,4,2,2021,3,9678.52,3977.08,4040.4300000000003,,5898.676666666666,
2021-05,NAVE,NAVE_006,5279.36,67.0,15.0,14.0,6.0,351.95733333333334,94.78,1305.0,5,2,2021,4,4328.84,9678.52,3977.08,,5994.813333333334,
2021-06,NAVE,NAVE_006,8976.830000000002,222.0,31.0,30.0,4.0,289.5751612903226,20.0,3260.88,6,2,2021,5,5279.36,4328.84,9678.52,,6428.906666666667,
2021-07,NAVE,NAVE_006,2459.66,14.0,6.0,6.0,3.0,409.9433333333333,387.56,1109.08,7,3,2021,6,8976.830000000002,5279.36,4328.84,,6195.010000000001,6046.843333333333
2021-09,NAVE,NAVE_006,2335.1800000000003,13.0,2.0,2.0,2.0,1167.5900000000001,1167.5900000000001,1195.18,9,3,2021,7,2459.66,8976.830000000002,5279.36,,5571.950000000001,5783.381666666667
2021-10,NAVE,NAVE_006,967.0799999999999,7.0,7.0,7.0,2.0,138.1542857142857,8.5,848.93,10,4,2021,8,2335.1800000000003,2459.66,8976.830000000002,,4590.556666666667,5509.731666666667
2021-11,NAVE,NAVE_006,11885.11,74.0,7.0,7.0,3.0,1697.8728571428571,1084.8,2956.08,11,4,2021,9,967.0799999999999,2335.1800000000003,2459.66,,1920.64,4057.8250000000007
2021-12,NAVE,NAVE_006,4087.5299999999997,22.0,3.0,3.0,2.0,1362.51,142.02,3877.68,12,4,2021,10,11885.11,967.0799999999999,2335.1800000000003,,5062.456666666667,5317.203333333334
2022-01,NAVE,NAVE_006,4074.38,203.0,13.0,12.0,6.0,313.4138461538462,157.5,1316.5,1,1,2022,11,4087.5299999999997,11885.11,967.0799999999999,,5646.573333333334,5118.5650000000005
2022-02,NAVE,NAVE_006,46235.04,176.0,19.0,16.0,10.0,2433.423157894737,751.2,13819.78,2,1,2022,12,4074.38,4087.5299999999997,11885.11,4040.4300000000003,6682.34,4301.490000000001
2022-03,NAVE,NAVE_006,4520.300000000001,193.0,33.0,32.0,5.0,136.9787878787879,10.4,1850.0,3,1,2022,13,46235.04,4074.38,4087.5299999999997,3977.08,18132.316666666666,11597.386666666667
2022-04,NAVE,NAVE_006,5532.42,9.0,8.0,5.0,4.0,691.5525,397.27000000000004,1750.0,4,2,2022,14,4520.300000000001,46235.04,4074.38,9678.52,18276.573333333337,11961.573333333334
2022-05,NAVE,NAVE_006,7493.48,76.0,8.0,7.0,7.0,936.685,501.0,2543.4,5,2,2022,15,5532.42,4520.300000000001,46235.04,4328.84,18762.58666666667,12722.463333333333
2022-06,NAVE,NAVE_006,5484.11,143.0,22.0,22.0,5.0,249.27772727272725,14.78,3740.1,6,2,2022,16,7493.48,5532.42,4520.300000000001,5279.36,5848.733333333334,11990.525
2022-07,NAVE,NAVE_006,3740.13,8.0,6.0,6.0,6.0,623.355,445.0,1500.0,7,3,2022,17,5484.11,7493.48,5532.42,8976.830000000002,6170.003333333333,12223.288333333332
2022-08,NAVE,NAVE_006,7552.2300000000005,356.0,44.0,44.0,10.0,171.64159090909092,45.34,3622.45,8,3,2022,18,3740.13,5484.11,7493.48,2459.66,5572.573333333334,12167.58
2022-09,NAVE,NAVE_006,12839.3,7.0,7.0,2.0,6.0,1834.185714285714,600.0,7945.07,9,3,2022,19,7552.2300000000005,3740.13,5484.11,2335.1800000000003,5592.156666666667,5720.445
2022-10,NAVE,NAVE_006,4250.83,112.0,3.0,3.0,3.0,1416.9433333333334,858.0,2704.4,10,4,2022,20,12839.3,7552.2300000000005,3740.13,967.0799999999999,8043.886666666666,7106.945
2022-11,NAVE,NAVE_006,978.59,55.0,6.0,6.0,4.0,163.09833333333333,130.8,368.0,11,4,2022,21,4250.83,12839.3,7552.2300000000005,11885.11,8214.12,6893.346666666667
2022-12,NAVE,NAVE_006,487.0,2.0,2.0,2.0,2.0,243.5,243.5,250.0,12,4,2022,22,978.59,4250.83,12839.3,4087.5299999999997,6022.906666666666,5807.531666666667
2023-01,NAVE,NAVE_006,2520.0,4.0,4.0,3.0,3.0,630.0,625.0,850.0,1,1,2023,23,487.0,978.59,4250.83,4074.38,1905.4733333333334,4974.679999999999
2023-02,NAVE,NAVE_006,17410.870000000003,227.0,31.0,27.0,8.0,561.6409677419356,15.48,12500.0,2,1,2023,24,2520.0,487.0,978.59,46235.04,1328.53,4771.325
2023-03,NAVE,NAVE_006,6430.3099999999995,243.0,27.0,27.0,6.0,238.15962962962962,75.0,1987.14,3,1,2023,25,17410.870000000003,2520.0,487.0,4520.300000000001,6805.956666666668,6414.431666666666
2023-04,NAVE,NAVE_006,4354.2,119.0,15.0,14.0,6.0,290.28,140.0,2341.34,4,2,2023,26,6430.3099999999995,17410.870000000003,2520.0,5532.42,8787.06,5346.266666666666
2023-05,NAVE,NAVE_006,3967.4700000000003,57.0,6.0,3.0,4.0,661.245,656.0,1145.47,5,2,2023,27,4354.2,6430.3099999999995,17410.870000000003,7493.48,9398.460000000001,5363.495
2023-06,NAVE,NAVE_006,26053.859999999997,180.0,21.0,21.0,6.0,1240.6599999999999,259.04,17315.25,6,2,2023,28,3967.4700000000003,4354.2,6430.3099999999995,5484.11,4917.326666666667,5861.641666666667
2023-07,NAVE,NAVE_006,23920.12,128.0,7.0,7.0,5.0,3417.16,713.52,12800.16,7,3,2023,29,26053.859999999997,3967.4700000000003,4354.2,3740.13,11458.51,10122.785
2023-08,NAVE,NAVE_006,690.0,2.0,2.0,1.0,2.0,345.0,345.0,450.0,8,3,2023,30,23920.12,26053.859999999997,3967.4700000000003,7552.2300000000005,17980.483333333334,13689.471666666666
2023-09,NAVE,NAVE_006,20563.739999999994,81.0,7.0,6.0,2.0,2937.677142857142,829.89,15461.5,9,3,2023,31,690.0,23920.12,26053.859999999997,12839.3,16887.993333333332,10902.659999999998
2023-10,NAVE,NAVE_006,7444.83,95.5,16.0,14.0,7.0,465.301875,195.245,2353.34,10,4,2023,32,20563.739999999994,690.0,23920.12,4250.83,15057.953333333331,13258.231666666665
2023-11,NAVE,NAVE_006,367426.89,635.0,100.0,89.0,6.0,3674.2689,105.535,80436.55,11,4,2023,33,7444.83,20563.739999999994,690.0,978.59,9566.189999999997,13773.336666666664
2023-12,NAVE,NAVE_006,2403.37,10.0,4.0,4.0,2.0,600.8425,152.645,2068.59,12,4,2023,34,367426.89,7444.83,20563.739999999994,487.0,131811.82,74349.90666666666
2024-02,NAVE,NAVE_006,2680.0,3.0,3.0,1.0,3.0,893.3333333333334,500.0,1700.0,2,1,2024,35,2403.37,367426.89,7444.83,2520.0,125758.36333333334,70408.15833333334
2024-03,NAVE,NAVE_006,1512.92,2.0,2.0,1.0,1.0,756.46,756.46,827.92,3,1,2024,36,2680.0,2403.37,367426.89,17410.870000000003,124170.08666666667,66868.13833333334
2024-04,NAVE,NAVE_006,2088.0,2.0,2.0,1.0,2.0,1044.0,1044.0,1138.0,4,2,2024,37,1512.92,2680.0,2403.37,6430.3099999999995,2198.7633333333333,67005.29166666667
2024-05,NAVE,NAVE_006,120753.12999999999,45.0,6.0,2.0,6.0,20125.521666666664,1399.78,112384.04,5,2,2024,38,2088.0,1512.92,2680.0,4354.2,2093.64,63926.00166666667
2024-06,NAVE,NAVE_006,22955.93,372.0,10.0,9.0,4.0,2295.593,143.5,18800.0,6,2,2024,39,120753.12999999999,2088.0,1512.92,3967.4700000000003,41451.35,82810.71833333334
2024-07,NAVE,NAVE_006,8790.14,1187.0,21.0,19.0,7.0,418.5780952380952,30.72,7324.09,7,3,2024,40,22955.93,120753.12999999999,2088.0,26053.859999999997,48599.02,25398.891666666663
2024-08,NAVE,NAVE_006,78465.84999999999,3906.0,45.0,17.0,24.0,1743.6855555555553,1453.12,11000.0,8,3,2024,41,8790.14,22955.93,120753.12999999999,23920.12,50833.06666666666,26463.353333333333
2024-09,NAVE,NAVE_006,2226.33,72.0,4.0,3.0,3.0,556.5825,386.325,1369.8,9,3,2024,42,78465.84999999999,8790.14,22955.93,690.0,36737.306666666664,39094.32833333333
2024-10,NAVE,NAVE_006,79872.4,5.0,5.0,1.0,5.0,15974.48,2770.0,69916.4,10,4,2024,43,2226.33,78465.84999999999,8790.14,20563.739999999994,29827.44,39213.22999999999
2024-11,NAVE,NAVE_006,3187.5,3.0,3.0,1.0,3.0,1062.5,710.0,2327.5,11,4,2024,44,79872.4,2226.33,78465.84999999999,7444.83,53521.526666666665,52177.29666666666
2024-12,NAVE,NAVE_006,1761.86,2.0,2.0,1.0,2.0,880.93,880.93,1380.36,12,4,2024,45,3187.5,79872.4,2226.33,367426.89,28428.743333333336,32583.024999999994
2025-01,NAVE,NAVE_006,1200.0,2.0,2.0,1.0,2.0,600.0,600.0,700.0,1,1,2025,46,1761.86,3187.5,79872.4,2403.37,28273.920000000002,29050.679999999997
2025-02,NAVE,NAVE_006,1799.0,2.0,2.0,1.0,2.0,899.5,899.5,1230.0,2,1,2025,47,1200.0,1761.86,3187.5,2680.0,2049.7866666666714,27785.656666666662
2025-03,NAVE,NAVE_006,1915.0,3.0,3.0,1.0,3.0,638.3333333333334,800.0,845.0,3,1,2025,48,1799.0,1200.0,1761.86,1512.92,1586.9533333333382,15007.848333333333
2025-04,NAVE,NAVE_006,6298.32,46.0,15.0,15.0,1.0,419.888,69.19,5152.87,4,2,2025,49,1915.0,1799.0,1200.0,2088.0,1638.0000000000048,14955.96
2025-05,NAVE,NAVE_006,8602.949999999999,18.0,7.0,7.0,2.0,1228.992857142857,1051.78,2115.0,5,2,2025,50,6298.32,1915.0,1799.0,120753.12999999999,3337.4400000000046,2693.6133333333332
2025-06,NAVE,NAVE_006,2826.1299999999997,74.0,15.0,14.0,2.0,188.40866666666665,120.0,698.22,6,2,2025,51,8602.949999999999,6298.32,1915.0,22955.93,5605.423333333337,3596.188333333333
2025-07,NAVE,NAVE_006,2963.16,21.0,4.0,3.0,3.0,740.79,260.655,2439.45,7,3,2025,52,2826.1299999999997,8602.949999999999,6298.32,8790.14,5909.133333333338,3773.566666666666
2025-08,NAVE,NAVE_006,13102.43,46.0,7.0,7.0,2.0,1871.7757142857142,912.46,5377.14,8,3,2025,53,2963.16,2826.1299999999997,8602.949999999999,78465.84999999999,4797.4133333333375,4067.4266666666663
2025-09,NAVE,NAVE_006,740.62,334.0,11.0,10.0,1.0,67.32909090909091,19.04,232.74,9,3,2025,54,13102.43,2963.16,2826.1299999999997,2226.33,6297.240000000005,5951.331666666666
2025-10,NAVE,NAVE_006,245.06000000000003,58.0,17.0,17.0,1.0,14.415294117647061,11.56,42.73,10,4,2025,55,740.62,13102.43,2963.16,79872.4,5602.070000000004,5755.601666666666
2025-11,NAVE,NAVE_006,6.880000000000001,33.0,2.0,2.0,1.0,3.4400000000000004,3.4400000000000004,4.48,11,4,2025,56,245.06000000000003,740.62,13102.43,3187.5,4696.036666666671,4746.724999999999
2025-12,NAVE,NAVE_006,970.89,28.0,7.0,7.0,2.0,138.69857142857143,24.0,450.0,12,4,2025,57,6.880000000000001,245.06000000000003,740.62,1761.86,330.8533333333382,3314.0466666666666
2021-08,NAVE,NAVE_007,931.0,105.0,3.0,3.0,3.0,310.3333333333333,76.0,780.0,8,3,2021,0,,,,,,
2021-09,NAVE,NAVE_007,63663.68,248.5,20.0,19.0,12.0,3183.184,257.5,34700.0,9,3,2021,1,931.0,,,,,
2021-10,NAVE,NAVE_007,65705.80099999998,749.0,85.0,69.0,24.0,773.0094235294115,71.616,18345.0,10,4,2021,2,63663.68,931.0,,,,
2021-11,NAVE,NAVE_007,10492.220099999999,287.0,20.0,16.0,10.0,524.611005,166.9,2660.0,11,4,2021,3,65705.80099999998,63663.68,931.0,,43433.493666666654,
2021-12,NAVE,NAVE_007,21321.44,259.0,22.0,18.0,11.0,969.1563636363636,476.1,6037.84,12,4,2021,4,10492.220099999999,65705.80099999998,63663.68,,46620.567033333326,
2022-01,NAVE,NAVE_007,11522.715,154.0,25.0,15.0,12.0,460.9086,90.0,6102.5,1,1,2022,5,21321.44,10492.220099999999,65705.80099999998,,32506.487033333324,
2022-02,NAVE,NAVE_007,22924.96,696.0,61.0,54.0,19.0,375.8190163934426,32.3,5138.6,2,1,2022,6,11522.715,21321.44,10492.220099999999,,14445.458366666666,28939.476016666664
2022-03,NAVE,NAVE_007,35815.16419499999,596.0,77.0,55.0,19.0,465.1320025324674,77.28,7200.0,3,1,2022,7,22924.96,11522.715,21321.44,,18589.704999999998,32605.13601666666
2022-04,NAVE,NAVE_007,57351.49314,732.0,57.0,44.0,19.0,1006.1665463157894,85.5,28664.0,4,2,2022,8,35815.16419499999,22924.96,11522.715,,23420.94639833333,27963.71671583333
2022-05,NAVE,NAVE_007,15846.77,323.0,22.0,18.0,13.0,720.3077272727273,253.5,6800.0,5,2,2022,9,57351.49314,35815.16419499999,22924.96,,38697.20577833333,26571.332072499998
2022-06,NAVE,NAVE_007,15481.730001000002,357.0,22.0,18.0,16.0,703.7150000454546,250.27000049999998,6400.0,6,2,2022,10,15846.77,57351.49314,35815.16419499999,,36337.80911166667,27463.75705583333
2022-07,NAVE,NAVE_007,34904.57,40.0,16.0,14.0,6.0,2181.535625,1385.805,11114.84,7,3,2022,11,15481.730001000002,15846.77,57351.49314,,29559.997713666668,26490.472056
2022-08,NAVE,NAVE_007,31450.189712,1384.0,38.0,29.0,13.0,827.6365713684211,160.365,6460.0,8,3,2022,12,34904.57,15481.730001000002,15846.77,931.0,22077.690000333332,30387.44788933333
2022-09,NAVE,NAVE_007,80970.270586,150.0,52.0,45.0,13.0,1557.1205881923077,599.8275,11006.735,9,3,2022,13,31450.189712,34904.57,15481.730001000002,63663.68,27278.829904333328,31808.319507999997
2022-10,NAVE,NAVE_007,131021.88218700001,1348.0,122.0,104.0,19.0,1073.9498539918034,137.68,13200.0,10,4,2022,14,80970.270586,31450.189712,34904.57,65705.80099999998,49108.343432666654,39334.170573166666
2022-11,NAVE,NAVE_007,158361.84091199999,2249.0,148.0,111.0,33.0,1070.0124385945944,243.57999999999998,8881.25,11,4,2022,15,131021.88218700001,80970.270586,31450.189712,10492.220099999999,81147.447495,51612.568747666664
2022-12,NAVE,NAVE_007,32182.56,52.0,38.0,16.0,10.0,846.9094736842105,180.0,9545.0,12,4,2022,16,158361.84091199999,131021.88218700001,80970.270586,21321.44,123451.33122833334,75365.08056633333
2023-01,NAVE,NAVE_007,44809.25,77.0,19.0,11.0,7.0,2358.3815789473683,1430.56,14926.5,1,1,2023,17,32182.56,158361.84091199999,131021.88218700001,11522.715,107188.761033,78148.55223283333
2023-02,NAVE,NAVE_007,183158.83,389.0,72.0,52.0,8.0,2543.8726388888886,108.68,110827.0,2,1,2023,18,44809.25,32182.56,158361.84091199999,22924.96,78451.21697066666,79799.33223283333
2023-03,NAVE,NAVE_007,5580.420000000001,289.0,28.0,17.0,5.0,199.30071428571432,83.12,1735.0,3,1,2023,19,183158.83,44809.25,32182.56,35815.16419499999,86716.87999999999,105084.10561416666
2023-04,NAVE,NAVE_007,19276.5,9.0,9.0,4.0,5.0,2141.8333333333335,510.24,11400.0,4,2,2023,20,5580.420000000001,183158.83,44809.25,57351.49314,77849.5,92519.13051649998
2023-05,NAVE,NAVE_007,111614.06151,5599.0,186.0,173.0,12.0,600.075599516129,116.776804,19460.82,5,2,2023,21,19276.5,5580.420000000001,183158.83,15846.77,69338.58333333333,73894.900152
2023-06,NAVE,NAVE_007,43843.041000000005,1019.0,54.0,44.0,17.0,811.9081666666667,157.0,11091.26,6,2,2023,22,111614.06151,19276.5,5580.420000000001,15481.730001000002,45490.327170000004,66103.60358499999
2023-07,NAVE,NAVE_007,54209.32207,695.0,69.0,49.0,20.0,785.6423488405798,260.0,7830.0,7,3,2023,23,43843.041000000005,111614.06151,19276.5,34904.57,58244.53417,68047.017085
2023-08,NAVE,NAVE_007,208105.794558,6970.0,272.0,197.0,51.0,765.0948329338235,104.63,25833.2,8,3,2023,24,54209.32207,43843.041000000005,111614.06151,31450.189712,69888.80819333333,69613.69576333334
2023-09,NAVE,NAVE_007,146793.29998399998,759.0,92.0,40.0,31.0,1595.5793476521737,446.375,30052.87,9,3,2023,25,208105.794558,54209.32207,43843.041000000005,80970.270586,102052.71920933334,73771.52318966667
2023-10,NAVE,NAVE_007,105772.280025,1080.0,105.0,58.0,18.0,1007.3550478571428,134.0,24000.0,10,4,2023,26,146793.29998399998,208105.794558,54209.32207,131021.88218700001,136369.472204,97307.003187
2023-11,NAVE,NAVE_007,59508.42751200001,392.0,47.0,28.0,20.0,1266.1367555744682,411.190005,17000.0,11,4,2023,27,105772.280025,146793.29998399998,208105.794558,158361.84091199999,153557.12485566665,111722.96652449999
2023-12,NAVE,NAVE_007,37649.80998799999,155.0,36.0,27.0,13.0,1045.828055222222,578.1725,6535.0,12,4,2023,28,59508.42751200001,105772.280025,146793.29998399998,32182.56,104024.66917366667,103038.6941915
2024-01,NAVE,NAVE_007,1780.24,4.0,4.0,1.0,3.0,445.06,475.0,750.0,1,1,2024,29,37649.80998799999,59508.42751200001,105772.280025,44809.25,67643.50584166666,102006.48902283334
2024-02,NAVE,NAVE_007,11782.76,14.0,9.0,1.0,6.0,1309.1955555555555,750.0,3700.0,2,1,2024,30,1780.24,37649.80998799999,59508.42751200001,183158.83,32979.49249999999,93268.30867783334
2024-03,NAVE,NAVE_007,6087.09,14.0,7.0,3.0,5.0,869.5842857142858,600.0,3265.8,3,1,2024,31,11782.76,1780.24,37649.80998799999,5580.420000000001,17070.936662666656,60547.80291816666
2024-04,NAVE,NAVE_007,4512.0,6.0,6.0,1.0,6.0,752.0,495.0,2150.0,4,2,2024,32,6087.09,11782.76,1780.24,19276.5,6550.029999999991,37096.767920833336
2024-05,NAVE,NAVE_007,5312.4,5.0,5.0,1.0,5.0,1062.48,320.0,2500.0,5,2,2024,33,4512.0,6087.09,11782.76,111614.06151,7460.616666666657,20220.054583333334
2024-06,NAVE,NAVE_007,16610.059999999998,10.0,10.0,1.0,7.0,1661.0059999999999,1450.0,3510.25,6,2,2024,34,5312.4,4512.0,6087.09,43843.041000000005,5303.82999999999,11187.383331333333
2024-07,NAVE,NAVE_007,18410.6,14.0,14.0,1.0,9.0,1315.042857142857,1081.4,3800.0,7,3,2024,35,16610.059999999998,5312.4,4512.0,54209.32207,8811.486666666657,7680.758333333332
2024-08,NAVE,NAVE_007,12452.98,8.0,8.0,2.0,7.0,1556.6225,1041.0,5600.0,8,3,2024,36,18410.6,16610.059999999998,5312.4,208105.794558,13444.353333333323,10452.484999999999
2024-09,NAVE,NAVE_007,2720.0,3.0,3.0,1.0,2.0,906.6666666666666,830.0,1140.0,9,3,2024,37,12452.98,18410.6,16610.059999999998,146793.29998399998,15824.546666666656,10564.188333333332
2024-10,NAVE,NAVE_007,52197.3,107.0,21.0,10.0,9.0,2485.5857142857144,490.0,22058.54,10,4,2024,38,2720.0,12452.98,18410.6,105772.280025,11194.526666666658,10003.006666666666
2024-11,NAVE,NAVE_007,20332.5,7.0,7.0,1.0,4.0,2904.6428571428573,2525.0,8500.0,11,4,2024,39,52197.3,2720.0,12452.98,59508.42751200001,22456.75999999999,17950.556666666667
2024-12,NAVE,NAVE_007,16069.06,10.0,9.0,2.0,7.0,1785.451111111111,1867.0,4035.0,12,4,2024,40,20332.5,52197.3,2720.0,37649.80998799999,25083.266666666663,20453.906666666666
2025-01,NAVE,NAVE_007,7488.61,13.0,6.0,4.0,4.0,1248.1016666666667,875.0,3050.05,1,1,2025,41,16069.06,20332.5,52197.3,1780.24,29532.953333333327,20363.74
2025-02,NAVE,NAVE_007,19052.920000000002,33.0,10.0,4.0,8.0,1905.2920000000001,902.175,7000.0,2,1,2025,42,7488.61,16069.06,20332.5,11782.76,14630.056666666658,18543.408333333333
2025-03,NAVE,NAVE_007,16188.259999999998,65.0,20.0,17.0,5.0,809.4129999999999,305.0,3446.88,3,1,2025,43,19052.920000000002,7488.61,16069.06,6087.09,14203.529999999993,19643.398333333334
2025-04,NAVE,NAVE_007,19863.51,14.0,9.0,4.0,6.0,2207.0566666666664,1225.21,8540.15,4,2,2025,44,16188.259999999998,19052.920000000002,7488.61,4512.0,14243.263333333327,21888.108333333334
2025-05,NAVE,NAVE_007,10271.35,22.0,7.0,3.0,5.0,1467.3357142857144,460.0,7173.24,5,2,2025,45,19863.51,16188.259999999998,19052.920000000002,5312.4,18368.229999999992,16499.143333333333
2025-06,NAVE,NAVE_007,18077.11,11.0,9.0,3.0,7.0,2008.5677777777778,1235.46,4500.0,6,2,2025,46,10271.35,19863.51,16188.259999999998,16610.059999999998,15441.039999999994,14822.284999999998
2025-07,NAVE,NAVE_007,15038.880000000001,9.0,7.0,4.0,4.0,2148.4114285714286,1305.55,4234.72,7,3,2025,47,18077.11,10271.35,19863.51,18410.6,16070.65666666666,15156.960000000001
2025-08,NAVE,NAVE_007,41645.280000000006,157.0,58.0,35.0,6.0,718.0220689655173,278.495,3788.84,8,3,2025,48,15038.880000000001,18077.11,10271.35,12452.98,14462.446666666661,16415.338333333333
2025-09,NAVE,NAVE_007,24107.27,20.0,18.0,4.0,8.0,1339.2927777777777,1197.62,4000.0,9,3,2025,49,41645.280000000006,15038.880000000001,18077.11,2720.0,24920.42333333333,20180.73166666667
2021-01,NAVE,NAVE_008,3707.4399920000005,115.0,14.0,11.0,7.0,264.81714228571434,182.88,774.78,1,1,2021,0,,,,,,
2021-02,NAVE,NAVE_008,6545.267395999999,1048.0,36.0,34.0,9.0,181.81298322222221,19.4,2600.0,2,1,2021,1,3707.4399920000005,,,,,
2021-03,NAVE,NAVE_008,11515.697993999998,484.0,54.0,51.0,11.0,213.25366655555553,37.977000000000004,2920.0,3,1,2021,2,6545.267395999999,3707.4399920000005,,,,
2021-04,NAVE,NAVE_008,73265.47771500002,400.0,50.0,44.0,20.0,1465.3095543000004,252.81,21861.88,4,2,2021,3,11515.697993999998,6545.267395999999,3707.4399920000005,,7256.135127333332,
2021-05,NAVE,NAVE_008,8187.171600000001,336.0,15.0,12.0,9.0,545.8114400000001,207.3257,3180.0,5,2,2021,4,73265.47771500002,11515.697993999998,6545.267395999999,,30442.147701666672,
2021-06,NAVE,NAVE_008,6556.027593000001,83.0,27.0,26.0,7.0,242.8158367777778,31.17,3420.0,6,2,2021,5,8187.171600000001,73265.47771500002,11515.697993999998,,30989.449103000006,
2021-07,NAVE,NAVE_008,64773.2439,708.0,43.0,32.0,13.0,1506.3545093023256,304.5,13500.0,7,3,2021,6,6556.027593000001,8187.171600000001,73265.47771500002,,29336.225636000006,18296.18038166667
2021-08,NAVE,NAVE_008,8579.728994,959.0,83.0,76.0,13.0,103.37022884337348,69.6,1789.2,8,3,2021,7,64773.2439,6556.027593000001,8187.171600000001,,26505.481031000003,28473.814366333336
2021-09,NAVE,NAVE_008,64304.039969,3433.5,74.0,69.0,19.0,868.9735130945945,175.68,21811.7499,9,3,2021,8,8579.728994,64773.2439,6556.027593000001,,26636.333495666666,28812.891299333336
2021-10,NAVE,NAVE_008,16371.094000000001,126.0,11.0,8.0,8.0,1488.2812727272728,202.5,7950.0,10,4,2021,9,64304.039969,8579.728994,64773.2439,,45885.67095433333,37610.948295166665
2021-11,NAVE,NAVE_008,138415.644515,2380.0,117.0,60.0,36.0,1183.0396967094016,473.0,15900.0,11,4,2021,10,16371.094000000001,64304.039969,8579.728994,,29751.620987666665,28128.551009333332
2021-12,NAVE,NAVE_008,39995.058708,97.0,36.0,12.0,19.0,1110.973853,475.0,12316.5,12,4,2021,11,138415.644515,16371.094000000001,64304.039969,,73030.25949466666,49833.296495166665
2022-01,NAVE,NAVE_008,26849.432736000002,131.0,48.0,29.0,13.0,559.363182,180.0,3800.0,1,1,2022,12,39995.058708,138415.644515,16371.094000000001,3707.4399920000005,64927.265741,55406.46834766667
2022-02,NAVE,NAVE_008,10076.644999999999,253.0,26.0,24.0,10.0,387.56326923076915,119.8045,2652.15,2,1,2022,13,26849.432736000002,39995.058708,138415.644515,6545.267395999999,68420.04531966668,49085.83315366667
2022-03,NAVE,NAVE_008,2150.6599999999994,235.0,15.0,12.0,6.0,143.3773333333333,91.0,680.0,3,1,2022,14,10076.644999999999,26849.432736000002,39995.058708,11515.697993999998,25640.378814666677,49335.31915466667
2022-04,NAVE,NAVE_008,25648.791395,423.0,42.0,40.0,8.0,610.6855094047619,43.07,15746.4,4,2,2022,15,2150.6599999999994,10076.644999999999,26849.432736000002,73265.47771500002,13025.579245333343,38976.42249316667
2022-05,NAVE,NAVE_008,6805.2072,62.0,14.0,10.0,7.0,486.08622857142853,154.60559999999998,2770.0,5,2,2022,16,25648.791395,2150.6599999999994,10076.644999999999,8187.171600000001,12625.36546500001,40522.70539233333
2022-06,NAVE,NAVE_008,4391.45,165.0,10.0,8.0,7.0,439.145,250.32,1600.0,6,2,2022,17,6805.2072,25648.791395,2150.6599999999994,6556.027593000001,11534.886198333343,18587.6325065
2022-07,NAVE,NAVE_008,10394.439,184.0,30.0,20.0,9.0,346.48130000000003,159.58249999999998,3316.95,7,3,2022,18,4391.45,6805.2072,25648.791395,64773.2439,12281.816198333343,12653.697721833334
2022-08,NAVE,NAVE_008,3250.0,8.0,8.0,1.0,6.0,406.25,370.0,800.0,8,3,2022,19,10394.439,4391.45,6805.2072,8579.728994,7197.032066666677,9911.198765833333
2022-09,NAVE,NAVE_008,54314.450841,390.0,52.0,52.0,8.0,1044.5086700192307,302.24,16982.94,9,3,2022,20,3250.0,10394.439,4391.45,64304.039969,6011.96300000001,8773.424599166667
2022-10,NAVE,NAVE_008,3279.35,63.0,9.0,3.0,3.0,364.3722222222222,350.0,800.0,10,4,2022,21,54314.450841,3250.0,10394.439,16371.094000000001,22652.96328033334,17467.38973933333
2022-11,NAVE,NAVE_008,13260.435003,366.0,51.0,41.0,10.0,260.00852947058826,24.05,3300.0,11,4,2022,22,3279.35,54314.450841,3250.0,138415.644515,20281.266947000007,13739.149506833333
2022-12,NAVE,NAVE_008,2282.0,7.0,7.0,3.0,3.0,326.0,260.0,605.0,12,4,2022,23,13260.435003,3279.35,54314.450841,39995.058708,23618.078614666676,14815.020807333332
2023-01,NAVE,NAVE_008,20300.77,786.0,29.0,24.0,11.0,700.0265517241379,200.0,3430.0,1,1,2023,24,2282.0,13260.435003,3279.35,26849.432736000002,6273.928334333344,14463.445807333332
2023-02,NAVE,NAVE_008,12359.296000000002,316.0,41.0,40.0,7.0,301.44624390243905,22.0,4240.0,2,1,2023,25,20300.77,2282.0,13260.435003,10076.644999999999,11947.73500100001,16114.500974
2023-03,NAVE,NAVE_008,15112.765000000001,226.0,25.0,21.0,7.0,604.5106000000001,43.505,4272.8,3,1,2023,26,12359.296000000002,20300.77,2282.0,2150.6599999999994,11647.355333333346,17632.716974
2023-04,NAVE,NAVE_008,69801.39325899999,2955.0,128.0,102.0,22.0,545.3233848359374,114.90999,5100.0,4,2,2023,27,15112.765000000001,12359.296000000002,20300.77,25648.791395,15924.277000000011,11099.102667166668
2023-05,NAVE,NAVE_008,160070.388495,2220.0,135.0,106.0,32.0,1185.7065814444443,144.0,18550.0,5,2,2023,28,69801.39325899999,15112.765000000001,12359.296000000002,6805.2072,32424.484753000008,22186.109877
2023-06,NAVE,NAVE_008,97740.26551,6129.0,150.0,124.0,42.0,651.6017700666666,117.45000049999999,12150.0,6,2,2023,29,160070.388495,69801.39325899999,15112.765000000001,4391.45,81661.51558466667,46654.43545899999
2023-07,NAVE,NAVE_008,58830.111999999994,472.0,57.0,36.0,25.0,1032.1072280701753,232.309,16640.0,7,3,2023,30,97740.26551,160070.388495,69801.39325899999,10394.439,109204.01575466666,62564.14637733332
2023-08,NAVE,NAVE_008,33155.606378,1478.0,92.0,85.0,21.0,360.38702584782607,60.4,6610.0,8,3,2023,31,58830.111999999994,97740.26551,160070.388495,3250.0,105546.92200166667,68985.70337733331
2023-09,NAVE,NAVE_008,57402.904592,920.0,113.0,96.0,23.0,507.9903061238938,102.0,6969.846,9,3,2023,32,33155.606378,58830.111999999994,97740.26551,54314.450841,63241.99462933334,72451.75510699999
2023-10,NAVE,NAVE_008,33370.971056,607.4,65.0,57.0,20.0,513.3995547076923,60.0,7980.0,10,4,2023,33,57402.904592,33155.606378,58830.111999999994,3279.35,49796.20765666667,79500.11170566666
2023-11,NAVE,NAVE_008,42478.79,245.0,30.0,13.0,14.0,1415.9596666666666,419.63,10567.5,11,4,2023,34,33370.971056,57402.904592,33155.606378,13260.435003,41309.82734200001,73428.37467183333
2023-12,NAVE,NAVE_008,3294.6201000000005,428.0,11.0,10.0,5.0,299.5109181818182,42.0,2000.0,12,4,2023,35,42478.79,33370.971056,57402.904592,2282.0,44417.55521600001,53829.77492266666
2024-01,NAVE,NAVE_008,2374.0,16.0,5.0,1.0,4.0,474.8,541.26,920.0,1,1,2024,36,3294.6201000000005,42478.79,33370.971056,20300.77,26381.460385333343,38088.83402099999
2024-02,NAVE,NAVE_008,5508.0,2.0,2.0,1.0,2.0,2754.0,2754.0,4308.0,2,1,2024,37,2374.0,3294.6201000000005,42478.79,12359.296000000002,16049.13670000001,28679.48202099999
2024-03,NAVE,NAVE_008,5054.02,37.0,6.0,4.0,4.0,842.3366666666667,575.0,2222.44,3,1,2024,38,5508.0,2374.0,3294.6201000000005,15112.765000000001,3725.540033333343,24071.547624666655
2024-04,NAVE,NAVE_008,10499.0,7.0,7.0,1.0,6.0,1499.857142857143,1614.0,3010.0,4,2,2024,39,5054.02,5508.0,2374.0,69801.39325899999,4312.006666666676,15346.733525999989
2024-05,NAVE,NAVE_008,193090.96000000002,329.0,54.0,44.0,6.0,3575.758518518519,351.64,106292.58,5,2,2024,40,10499.0,5054.02,5508.0,160070.388495,7020.34000000001,11534.73834999999
2024-06,NAVE,NAVE_008,30672.34,19.0,19.0,1.0,11.0,1614.3336842105264,560.0,6000.0,6,2,2024,41,193090.96000000002,10499.0,5054.02,97740.26551,69547.99333333335,36636.76668333333
2024-07,NAVE,NAVE_008,8499.13,15.0,15.0,1.0,13.0,566.6086666666666,328.61,1760.85,7,3,2024,42,30672.34,193090.96000000002,10499.0,58830.111999999994,78087.43333333335,41199.719999999994
2024-08,NAVE,NAVE_008,20850.25,16.0,16.0,1.0,9.0,1303.140625,568.65,4061.25,8,3,2024,43,8499.13,30672.34,193090.96000000002,33155.606378,77420.81000000001,42220.57499999999
2024-09,NAVE,NAVE_008,51416.4,28.0,15.0,10.0,10.0,3427.76,580.0,28000.0,9,3,2024,44,20850.25,8499.13,30672.34,57402.904592,20007.24000000001,44777.61666666666
2024-10,NAVE,NAVE_008,28008.57,53.0,13.0,4.0,9.0,2154.5053846153846,1200.0,8469.78,10,4,2024,45,51416.4,20850.25,8499.13,33370.971056,26921.926666666677,52504.67999999999
2024-11,NAVE,NAVE_008,16066.04,11.0,10.0,2.0,9.0,1606.604,825.0,7500.0,11,4,2024,46,28008.57,51416.4,20850.25,42478.79,33425.07333333334,55422.94166666665
2024-12,NAVE,NAVE_008,6414.540000000001,7.0,5.0,3.0,3.0,1282.9080000000001,1196.27,2989.27,12,4,2024,47,16066.04,28008.57,51416.4,3294.6201000000005,31830.33666666668,25918.788333333327
2025-01,NAVE,NAVE_008,24716.59,18.0,10.0,7.0,3.0,2471.659,782.595,17988.48,1,1,2025,48,6414.540000000001,16066.04,28008.57,2374.0,16829.716666666678,21875.821666666656
2025-02,NAVE,NAVE_008,50384.95999999999,220.0,48.0,14.0,11.0,1049.6866666666665,284.85,9410.0,2,1,2025,49,24716.59,6414.540000000001,16066.04,5508.0,15732.390000000014,24578.73166666666
2025-03,NAVE,NAVE_008,11080.149999999998,70.0,14.0,10.0,6.0,791.4392857142856,303.645,3745.0,3,1,2025,50,50384.95999999999,24716.59,6414.540000000001,5054.02,27172.03000000001,29501.18333333332
2025-04,NAVE,NAVE_008,16053.5,73.0,22.0,18.0,5.0,729.7045454545455,370.5,5411.2,4,2,2025,51,11080.149999999998,50384.95999999999,24716.59,10499.0,28727.23333333334,22778.47499999999
2025-05,NAVE,NAVE_008,18879.690000000002,11.0,11.0,4.0,6.0,1716.3354545454547,1028.0,4680.0,5,2,2025,52,16053.5,11080.149999999998,50384.95999999999,193090.96000000002,25839.536666666678,20785.963333333322
2025-06,NAVE,NAVE_008,13242.929999999998,15.0,10.0,5.0,5.0,1324.293,634.4549999999999,5355.0,6,2,2025,53,18879.690000000002,16053.5,11080.149999999998,30672.34,15337.780000000013,21254.904999999988
2025-07,NAVE,NAVE_008,163832.9,2280.0,151.0,79.0,32.0,1084.9860927152317,146.54,28908.0,7,3,2025,54,13242.929999999998,18879.690000000002,16053.5,8499.13,16058.70666666668,22392.969999999987
2025-08,NAVE,NAVE_008,84087.61,73.0,55.0,10.0,14.0,1528.8656363636364,483.6,12991.84,8,3,2025,55,163832.9,13242.929999999998,18879.690000000002,20850.25,65318.506666666675,45579.021666666646
2025-09,NAVE,NAVE_008,18943.789999999997,381.0,27.0,17.0,8.0,701.6218518518517,292.32,3800.0,9,3,2025,56,84087.61,163832.9,13242.929999999998,51416.4,87054.48,51196.12999999998
2021-01,NAVE,NAVE_009,41455.770000000004,303.0,40.0,36.0,9.0,1036.39425,42.5,13800.0,1,1,2021,0,,,,,,
2021-02,NAVE,NAVE_009,2613.8300000000004,584.0,23.0,22.0,6.0,113.64478260869566,73.5,262.4,2,1,2021,1,41455.770000000004,,,,,
2021-03,NAVE,NAVE_009,64303.70000000001,348.0,77.0,50.0,29.0,835.1129870129872,285.48,6500.0,3,1,2021,2,2613.8300000000004,41455.770000000004,,,,
2021-04,NAVE,NAVE_009,59799.69000000001,634.2,71.0,48.0,23.0,842.2491549295776,206.0,9222.5,4,2,2021,3,64303.70000000001,2613.8300000000004,41455.770000000004,,36124.43333333334,
2021-05,NAVE,NAVE_009,3350.82,51.0,20.0,19.0,8.0,167.541,29.5,1750.0,5,2,2021,4,59799.69000000001,64303.70000000001,2613.8300000000004,,42239.07333333334,
2021-06,NAVE,NAVE_009,10504.189999999999,72.0,18.0,16.0,5.0,583.566111111111,253.31,2587.52,6,2,2021,5,3350.82,59799.69000000001,64303.70000000001,,42484.73666666667,
2021-07,NAVE,NAVE_009,2976.1600000000003,41.0,9.0,7.0,7.0,330.68444444444447,245.0,1013.32,7,3,2021,6,10504.189999999999,3350.82,59799.69000000001,,24551.56666666667,30338.000000000004
2021-08,NAVE,NAVE_009,33326.68,21.0,18.0,6.0,8.0,1851.4822222222222,967.5,8320.0,8,3,2021,7,2976.1600000000003,10504.189999999999,3350.82,,5610.389999999999,23924.731666666674
2021-09,NAVE,NAVE_009,3357.49,253.0,17.0,16.0,5.0,197.49941176470588,15.32,1232.88,9,3,2021,8,33326.68,2976.1600000000003,10504.189999999999,,15602.343333333332,29043.540000000005
2021-10,NAVE,NAVE_009,5962.030000000001,42.0,9.0,9.0,5.0,662.4477777777779,426.88,3179.55,10,4,2021,9,3357.49,33326.68,2976.1600000000003,,13220.109999999999,18885.838333333337
2021-11,NAVE,NAVE_009,1104.9599999999998,36.0,11.0,10.0,6.0,100.45090909090908,70.4,480.0,11,4,2021,10,5962.030000000001,3357.49,33326.68,,14215.4,9912.894999999999
2021-12,NAVE,NAVE_009,1981.0,7.0,3.0,3.0,3.0,660.3333333333334,560.0,1111.0,12,4,2021,11,1104.9599999999998,5962.030000000001,3357.49,,3474.8266666666664,9538.585000000001
2022-01,NAVE,NAVE_009,300.0,1.0,1.0,1.0,1.0,300.0,300.0,300.0,1,1,2022,12,1981.0,1104.9599999999998,5962.030000000001,41455.770000000004,3015.9966666666664,8118.053333333334
2022-02,NAVE,NAVE_009,13404.619999999999,210.0,22.0,21.0,9.0,609.300909090909,195.55,3377.82,2,1,2022,13,300.0,1981.0,1104.9599999999998,2613.8300000000004,1128.6533333333334,7672.026666666668
2022-03,NAVE,NAVE_009,4314.060000000001,289.0,37.0,35.0,4.0,116.59621621621625,10.4,1156.97,3,1,2022,14,13404.619999999999,300.0,1981.0,64303.70000000001,5228.54,4351.683333333333
2022-04,NAVE,NAVE_009,2981.25,10.0,5.0,5.0,5.0,596.25,265.0,1436.25,4,2,2022,15,4314.060000000001,13404.619999999999,300.0,59799.69000000001,6006.2266666666665,4511.111666666667
2022-05,NAVE,NAVE_009,2581.3399999999997,525.0,15.0,11.0,5.0,172.08933333333331,120.0,400.0,5,2,2022,16,2981.25,4314.060000000001,13404.619999999999,3350.82,6899.9766666666665,4014.315
2022-06,NAVE,NAVE_009,82413.96999999997,140.0,43.0,38.0,7.0,1916.6039534883714,204.15,39105.0,6,2,2022,17,2581.3399999999997,2981.25,4314.060000000001,10504.189999999999,3292.216666666667,4260.378333333333
2022-07,NAVE,NAVE_009,318624.1,823.0,65.0,45.0,19.0,4901.909230769231,190.4,57320.64,7,3,2022,18,82413.96999999997,2581.3399999999997,2981.25,2976.1600000000003,29325.51999999999,17665.87333333333
2022-08,NAVE,NAVE_009,21118.72,74.0,18.0,13.0,8.0,1173.2622222222224,930.8,3622.45,8,3,2022,19,318624.1,82413.96999999997,2581.3399999999997,33326.68,134539.80333333332,70719.89
2022-09,NAVE,NAVE_009,3950.3400000000006,45.0,11.0,9.0,6.0,359.12181818181824,77.44,1200.0,9,3,2022,20,21118.72,318624.1,82413.96999999997,3357.49,140718.92999999996,72005.57333333332
2022-10,NAVE,NAVE_009,2093.84,15.0,6.0,4.0,5.0,348.97333333333336,292.0,680.0,10,4,2022,21,3950.3400000000006,21118.72,318624.1,5962.030000000001,114564.38666666664,71944.95333333332
2022-11,NAVE,NAVE_009,1466.57,25.0,2.0,2.0,2.0,733.285,733.285,1363.08,11,4,2022,22,2093.84,3950.3400000000006,21118.72,1104.9599999999998,9054.299999999981,71797.05166666667
2022-12,NAVE,NAVE_009,4037.0,5.0,5.0,2.0,4.0,807.4,875.0,1800.0,12,4,2022,23,1466.57,2093.84,3950.3400000000006,1981.0,2503.5833333333144,71611.25666666667
2023-01,NAVE,NAVE_009,1432.21,4.0,3.0,3.0,3.0,477.40333333333336,640.0,670.96,1,1,2023,24,4037.0,1466.57,2093.84,300.0,2532.4699999999807,58548.42833333334
2023-02,NAVE,NAVE_009,2414.7999999999997,149.0,34.0,34.0,9.0,71.0235294117647,14.25,900.0,2,1,2023,25,1432.21,4037.0,1466.57,13404.619999999999,2311.9266666666476,5683.113333333334
2023-03,NAVE,NAVE_009,7880.1900000000005,32.0,13.0,11.0,7.0,606.1684615384615,476.1,2242.14,3,1,2023,26,2414.7999999999997,1432.21,4037.0,4314.060000000001,2628.003333333314,2565.7933333333335
2023-04,NAVE,NAVE_009,11312.31,67.0,23.0,21.0,8.0,491.8395652173913,75.0,3300.0,4,2,2023,27,7880.1900000000005,2414.7999999999997,1432.21,2981.25,3909.0666666666475,3220.7683333333334
2023-05,NAVE,NAVE_009,1306.0,2.0,2.0,1.0,2.0,653.0,653.0,750.0,5,2,2023,28,11312.31,7880.1900000000005,2414.7999999999997,2581.3399999999997,7202.433333333315,4757.18
2023-06,NAVE,NAVE_009,6146.35,48.0,13.0,11.0,8.0,472.79615384615386,140.8,1513.65,6,2,2023,29,1306.0,11312.31,7880.1900000000005,82413.96999999997,6832.833333333314,4730.418333333334
2023-07,NAVE,NAVE_009,3561.09,205.0,14.0,13.0,9.0,254.36357142857145,89.69,1167.5,7,3,2023,30,6146.35,1306.0,11312.31,318624.1,6254.886666666647,5081.9766666666665
2023-08,NAVE,NAVE_009,11898.269999999999,46.0,15.0,11.0,9.0,793.218,85.05,5207.48,8,3,2023,31,3561.09,6146.35,1306.0,21118.72,3671.1466666666474,5436.79
2023-09,NAVE,NAVE_009,37423.14,2203.0,25.0,23.0,8.0,1496.9256,493.31,15004.0,9,3,2023,32,11898.269999999999,3561.09,6146.35,3950.3400000000006,7201.903333333314,7017.368333333333
2023-10,NAVE,NAVE_009,10331.61,185.0,12.0,10.0,6.0,860.9675000000001,85.875,2970.0,10,4,2023,33,37423.14,11898.269999999999,3561.09,2093.84,17627.49999999998,11941.193333333335
2023-11,NAVE,NAVE_009,6316.6,131.0,4.0,2.0,4.0,1579.15,1647.5,2000.0,11,4,2023,34,10331.61,37423.14,11898.269999999999,1466.57,19884.339999999982,11777.743333333332
2023-12,NAVE,NAVE_009,2535.0,4.0,4.0,1.0,2.0,633.75,110.0,2275.0,12,4,2023,35,6316.6,10331.61,37423.14,4037.0,18023.783333333315,12612.843333333332
2024-02,NAVE,NAVE_009,1730.0,3.0,3.0,1.0,3.0,576.6666666666666,680.0,900.0,2,1,2024,36,2535.0,6316.6,10331.61,1432.21,6394.403333333314,12010.951666666666
2024-03,NAVE,NAVE_009,9991.880000000001,5.0,5.0,1.0,4.0,1998.3760000000002,1500.0,3506.44,3,1,2024,37,1730.0,2535.0,6316.6,2414.7999999999997,3527.1999999999807,11705.769999999999
2024-04,NAVE,NAVE_009,8104.04,1856.0,15.0,9.0,8.0,540.2693333333333,376.0,1705.07,4,2,2024,38,9991.880000000001,1730.0,2535.0,7880.1900000000005,4752.293333333314,11388.038333333332
2024-05,NAVE,NAVE_009,2907.45,3.0,3.0,1.0,3.0,969.15,1157.45,1600.0,5,2,2024,39,8104.04,9991.880000000001,1730.0,11312.31,6608.639999999981,6501.521666666667
2024-06,NAVE,NAVE_009,1790.0,2.0,2.0,1.0,2.0,895.0,895.0,950.0,6,2,2024,40,2907.45,8104.04,9991.880000000001,1306.0,7001.123333333315,5264.161666666667
2024-07,NAVE,NAVE_009,6556.4,3.0,3.0,1.0,2.0,2185.4666666666667,2150.0,4340.4,7,3,2024,41,1790.0,2907.45,8104.04,6146.35,4267.163333333314,4509.7283333333335
2024-08,NAVE,NAVE_009,220.0,1.0,1.0,1.0,1.0,220.0,220.0,220.0,8,3,2024,42,6556.4,1790.0,2907.45,3561.09,3751.2833333333133,5179.961666666667
2024-10,NAVE,NAVE_009,1779.0,2.0,2.0,1.0,2.0,889.5,889.5,1210.0,10,4,2024,43,220.0,6556.4,1790.0,11898.269999999999,2855.4666666666467,4928.295000000001
2024-11,NAVE,NAVE_009,4642.5,6.0,6.0,1.0,5.0,773.75,810.0,1350.0,11,4,2024,44,1779.0,220.0,6556.4,37423.14,2851.7999999999806,3559.4816666666666
2024-12,NAVE,NAVE_009,1086.25,2.0,2.0,1.0,2.0,543.125,543.125,950.0,12,4,2024,45,4642.5,1779.0,220.0,10331.61,2213.833333333314,2982.558333333333
2025-01,NAVE,NAVE_009,300.0,1.0,1.0,1.0,1.0,300.0,300.0,300.0,1,1,2025,46,1086.25,4642.5,1779.0,6316.6,2502.583333333314,2679.025
2025-02,NAVE,NAVE_009,7390.0,7.0,7.0,1.0,6.0,1055.7142857142858,650.0,3900.0,2,1,2025,47,300.0,1086.25,4642.5,2535.0,2009.583333333314,2430.6916666666666
2025-03,NAVE,NAVE_009,842.0,2.0,2.0,1.0,2.0,421.0,421.0,550.0,3,1,2025,48,7390.0,300.0,1086.25,1730.0,2925.4166666666474,2569.625
2025-04,NAVE,NAVE_009,2472.21,17.0,4.0,4.0,1.0,618.0525,610.435,1125.45,4,2,2025,49,842.0,7390.0,300.0,9991.880000000001,2843.9999999999804,2673.2916666666665
2025-05,NAVE,NAVE_009,45237.2,633.0,23.0,19.0,6.0,1966.8347826086956,486.0,15180.0,5,2,2025,50,2472.21,842.0,7390.0,8104.04,3568.06999999998,2788.8266666666664
2025-06,NAVE,NAVE_009,221869.6,1712.0,176.0,97.0,47.0,1260.6227272727274,195.18,81863.95,6,2,2025,51,45237.2,2472.21,842.0,2907.45,16183.803333333313,9554.609999999999
2025-07,NAVE,NAVE_009,31424.46,78.0,21.0,10.0,12.0,1496.402857142857,268.0,13250.0,7,3,2025,52,221869.6,45237.2,2472.21,1790.0,89859.66999999998,46351.835
2025-08,NAVE,NAVE_009,15591.550000000003,17.0,12.0,8.0,3.0,1299.2958333333336,349.1,6750.0,8,3,2025,53,31424.46,221869.6,45237.2,6556.4,99510.41999999998,51539.245
2025-09,NAVE,NAVE_009,2394.55,324.0,11.0,7.0,4.0,217.68636363636367,19.05,1053.0,9,3,2025,54,15591.550000000003,31424.46,221869.6,220.0,89628.53666666664,52906.170000000006
2025-10,NAVE,NAVE_009,3135.2999999999997,60.0,19.0,18.0,2.0,165.0157894736842,14.24,2741.28,10,4,2025,55,2394.55,15591.550000000003,31424.46,1779.0,16470.18666666665,53164.92833333334
2025-11,NAVE,NAVE_009,505.0,52.0,8.0,8.0,1.0,63.125,35.92,229.88,11,4,2025,56,3135.2999999999997,2394.55,15591.550000000003,4642.5,7040.466666666648,53275.44333333333
2025-12,NAVE,NAVE_009,11576.390000000001,50.0,12.0,8.0,4.0,964.6991666666668,615.0,4161.15,12,4,2025,57,505.0,3135.2999999999997,2394.55,1086.25,2011.6166666666475,45820.07666666667
2021-01,NAVE,NAVE_010,3974.65,78.0,16.0,16.0,5.0,248.415625,20.5,3058.54,1,1,2021,0,,,,,,
2021-02,NAVE,NAVE_010,15525.949999999999,47.0,19.0,11.0,12.0,817.1552631578946,258.24,3269.0,2,1,2021,1,3974.65,,,,,
2021-03,NAVE,NAVE_010,1165.0,3.0,2.0,2.0,2.0,582.5,582.5,925.0,3,1,2021,2,15525.949999999999,3974.65,,,,
2021-04,NAVE,NAVE_010,2728.84,8.0,8.0,5.0,4.0,341.105,364.03499999999997,610.1,4,2,2021,3,1165.0,15525.949999999999,3974.65,,6888.533333333333,
2021-05,NAVE,NAVE_010,498.0,5.0,5.0,4.0,2.0,99.6,99.5,100.0,5,2,2021,4,2728.84,1165.0,15525.949999999999,,6473.263333333332,
2021-06,NAVE,NAVE_010,17218.399999999998,140.0,46.0,46.0,6.0,374.3130434782608,28.21,4739.38,6,2,2021,5,498.0,2728.84,1165.0,,1463.9466666666667,
2021-07,NAVE,NAVE_010,19650.13,307.0,48.0,32.0,22.0,409.3777083333334,154.6,2251.3,7,3,2021,6,17218.399999999998,498.0,2728.84,,6815.079999999999,6851.806666666666
2021-08,NAVE,NAVE_010,5277.919999999999,33.0,12.0,6.0,4.0,439.8266666666666,265.0,1401.6,8,3,2021,7,19650.13,17218.399999999998,498.0,,12455.51,9464.386666666665
2021-09,NAVE,NAVE_010,9476.669999999998,17.0,13.0,4.0,8.0,728.9746153846153,172.0,5800.0,9,3,2021,8,5277.919999999999,19650.13,17218.399999999998,,14048.816666666666,7756.381666666667
2021-10,NAVE,NAVE_010,638.420004,33.0,4.0,4.0,3.0,159.605001,161.2,280.0,10,4,2021,9,9476.669999999998,5277.919999999999,19650.13,,11468.24,9141.659999999998
2021-11,NAVE,NAVE_010,8844.98,89.0,24.0,23.0,4.0,368.5408333333333,41.504999999999995,2513.12,11,4,2021,10,638.420004,9476.669999999998,5277.919999999999,,5131.003334666665,8793.256667333333
2021-12,NAVE,NAVE_010,9695.061,52.0,10.0,8.0,5.0,969.5061,163.2,6300.0,12,4,2021,11,8844.98,638.420004,9476.669999999998,,6320.0233346666655,10184.420000666665
2022-01,NAVE,NAVE_010,1391.2,20.0,8.0,6.0,4.0,173.9,56.0,512.0,1,1,2022,12,9695.061,8844.98,638.420004,3974.65,6392.820334666666,8930.530167333332
2022-02,NAVE,NAVE_010,1935.8000000000002,71.0,9.0,9.0,5.0,215.0888888888889,176.0,576.68,2,1,2022,13,1391.2,9695.061,8844.98,15525.949999999999,6643.746999999999,5887.375167333332
2022-03,NAVE,NAVE_010,12375.95,197.0,42.0,34.0,8.0,294.6654761904762,15.25,5484.0,3,1,2022,14,1935.8000000000002,1391.2,9695.061,1165.0,4340.687,5330.355167333333
2022-04,NAVE,NAVE_010,1132.56,3.0,2.0,2.0,2.0,566.28,566.28,1031.0,4,2,2022,15,12375.95,1935.8000000000002,1391.2,2728.84,5234.316666666667,5813.568500666667
2022-05,NAVE,NAVE_010,5924.0,65.0,10.0,10.0,4.0,592.4,396.43,1642.02,5,2,2022,16,1132.56,12375.95,1935.8000000000002,498.0,5148.1033333333335,5895.925166666667
2022-06,NAVE,NAVE_010,12894.259999999998,94.0,23.0,15.0,13.0,560.6199999999999,178.94,3960.0,6,2,2022,17,5924.0,1132.56,12375.95,17218.399999999998,6477.503333333334,5409.095166666667
2022-07,NAVE,NAVE_010,3653.75,199.0,11.0,11.0,5.0,332.15909090909093,36.8,1850.0,7,3,2022,18,12894.259999999998,5924.0,1132.56,19650.13,6650.2733333333335,5942.295000000001
2022-08,NAVE,NAVE_010,1534.26,123.0,5.0,5.0,4.0,306.852,196.0,858.26,8,3,2022,19,3653.75,12894.259999999998,5924.0,5277.919999999999,7490.669999999998,6319.386666666665
2022-09,NAVE,NAVE_010,7691.16,64.0,8.0,8.0,4.0,961.395,140.16,5371.33,9,3,2022,20,1534.26,3653.75,12894.259999999998,9476.669999999998,6027.423333333332,6252.463333333333
2022-10,NAVE,NAVE_010,3080.5,11.0,8.0,3.0,7.0,385.0625,263.0,1009.0,10,4,2022,21,7691.16,1534.26,3653.75,638.420004,4293.056666666666,5471.665
2022-11,NAVE,NAVE_010,10616.09,45.0,7.0,7.0,3.0,1516.5842857142857,131.82,6600.0,11,4,2022,22,3080.5,7691.16,1534.26,8844.98,4101.973333333333,5796.321666666667
2022-12,NAVE,NAVE_010,2747.8599999999997,25.0,6.0,5.0,4.0,457.97666666666663,187.465,1820.0,12,4,2022,23,10616.09,3080.5,7691.16,9695.061,7129.25,6578.336666666666
2023-01,NAVE,NAVE_010,4471.389999999999,6.0,6.0,2.0,5.0,745.2316666666666,671.1949999999999,1350.0,1,1,2023,24,2747.8599999999997,10616.09,3080.5,1391.2,5481.483333333334,4887.2699999999995
2023-02,NAVE,NAVE_010,7075.47,56.0,10.0,6.0,7.0,707.547,408.58500000000004,3800.0,2,1,2023,25,4471.389999999999,2747.8599999999997,10616.09,1935.8000000000002,5945.113333333334,5023.543333333333
2023-03,NAVE,NAVE_010,71685.74,818.0,91.0,91.0,6.0,787.7553846153846,85.47,24502.92,3,1,2023,26,7075.47,4471.389999999999,2747.8599999999997,12375.95,4764.906666666667,5947.078333333334
2023-04,NAVE,NAVE_010,1808.08,2.0,2.0,2.0,2.0,904.04,904.04,1640.08,4,2,2023,27,71685.74,7075.47,4471.389999999999,1132.56,27744.2,16612.841666666667
2023-05,NAVE,NAVE_010,70946.98000000001,789.0,79.0,77.0,4.0,898.0630379746837,113.0,24502.92,5,2,2023,28,1808.08,71685.74,7075.47,5924.0,26856.430000000004,16400.771666666667
2023-06,NAVE,NAVE_010,5952.150000000001,9.0,6.0,4.0,4.0,992.0250000000001,602.845,3371.88,6,2,2023,29,70946.98000000001,1808.08,71685.74,12894.259999999998,48146.93333333334,26455.920000000002
2023-07,NAVE,NAVE_010,86040.64,54.0,19.0,11.0,6.0,4528.454736842105,500.0,42993.3,7,3,2023,30,5952.150000000001,70946.98000000001,1808.08,3653.75,26235.736666666668,26989.968333333334
2023-08,NAVE,NAVE_010,8923.32,14.0,12.0,5.0,7.0,743.61,795.0,1972.0,8,3,2023,31,86040.64,5952.150000000001,70946.98000000001,1534.26,54313.256666666675,40584.84333333333
2023-10,NAVE,NAVE_010,3905.27,130.0,18.0,17.0,5.0,216.95944444444444,51.2,1140.36,10,4,2023,32,8923.32,86040.64,5952.150000000001,7691.16,33638.70333333333,40892.818333333336
2023-11,NAVE,NAVE_010,23606.01,118.0,22.0,19.0,8.0,1073.0004545454544,122.03,11389.23,11,4,2023,33,3905.27,8923.32,86040.64,3080.5,32956.409999999996,29596.073333333334
2023-12,NAVE,NAVE_010,3073.7400000000002,17.0,15.0,4.0,6.0,204.91600000000003,120.0,850.0,12,4,2023,34,23606.01,3905.27,8923.32,10616.09,12144.866666666667,33229.06166666667
2024-01,NAVE,NAVE_010,420.0,1.0,1.0,1.0,1.0,420.0,420.0,420.0,1,1,2024,35,3073.7400000000002,23606.01,3905.27,2747.8599999999997,10195.006666666666,21916.855
2024-02,NAVE,NAVE_010,1000.0,2.0,2.0,1.0,2.0,500.0,500.0,500.0,2,1,2024,36,420.0,3073.7400000000002,23606.01,4471.389999999999,9033.25,20994.829999999998
2024-03,NAVE,NAVE_010,18134.569999999996,13108.0,69.0,59.0,19.0,262.8198550724637,57.0,3006.0,3,1,2024,37,1000.0,420.0,3073.7400000000002,7075.47,1497.9133333333332,6821.389999999999
2024-04,NAVE,NAVE_010,56755.12,15220.0,89.0,69.0,22.0,637.69797752809,129.45,8721.78,4,2,2024,38,18134.569999999996,1000.0,420.0,71685.74,6518.189999999999,8356.598333333333
2024-05,NAVE,NAVE_010,93410.55,67.0,11.0,4.0,7.0,8491.868181818181,513.04,68693.88,5,2,2024,39,56755.12,18134.569999999996,1000.0,1808.08,25296.563333333335,17164.906666666666
2024-06,NAVE,NAVE_010,27811.550000000003,34.0,7.0,4.0,4.0,3973.0785714285716,4285.18,11211.74,6,2,2024,40,93410.55,56755.12,18134.569999999996,70946.98000000001,56100.079999999994,28798.996666666662
2024-07,NAVE,NAVE_010,32922.130000000005,341.0,26.0,16.0,9.0,1266.2357692307694,222.93,11589.0,7,3,2024,41,27811.550000000003,93410.55,56755.12,5952.150000000001,59325.73999999999,32921.965000000004
2024-08,NAVE,NAVE_010,2760.0,3.0,3.0,1.0,2.0,920.0,1030.0,1250.0,8,3,2024,42,32922.130000000005,27811.550000000003,93410.55,86040.64,51381.409999999996,38338.98666666667
2024-09,NAVE,NAVE_010,1250.0,1.0,1.0,1.0,1.0,1250.0,1250.0,1250.0,9,3,2024,43,2760.0,32922.130000000005,27811.550000000003,8923.32,21164.559999999998,38632.32
2024-11,NAVE,NAVE_010,2834.5,4.0,4.0,1.0,3.0,708.625,431.25,1822.0,11,4,2024,44,1250.0,2760.0,32922.130000000005,3905.27,12310.709999999997,35818.225
2024-12,NAVE,NAVE_010,392.4,1.0,1.0,1.0,1.0,392.4,392.4,392.4,12,4,2024,45,2834.5,1250.0,2760.0,23606.01,2281.499999999995,26831.455
2025-01,NAVE,NAVE_010,585.0,1.0,1.0,1.0,1.0,585.0,585.0,585.0,1,1,2025,46,392.4,2834.5,1250.0,3073.7400000000002,1492.299999999995,11328.43
2025-02,NAVE,NAVE_010,630.4,2.0,2.0,1.0,2.0,315.2,315.2,450.0,2,1,2025,47,585.0,392.4,2834.5,420.0,1270.6333333333284,6790.671666666668
2025-03,NAVE,NAVE_010,434.78,1.0,1.0,1.0,1.0,434.78,434.78,434.78,3,1,2025,48,630.4,585.0,392.4,1000.0,535.9333333333285,1408.7166666666665
2025-04,NAVE,NAVE_010,9661.23,12.0,8.0,4.0,4.0,1207.65375,764.25,4800.0,4,2,2025,49,434.78,630.4,585.0,18134.569999999996,550.0599999999952,1021.18
2025-05,NAVE,NAVE_010,2644.73,5.0,5.0,2.0,4.0,528.946,270.0,1576.0,5,2,2025,50,9661.23,434.78,630.4,56755.12,3575.4699999999953,2423.0516666666667
2025-06,NAVE,NAVE_010,1553.88,43.0,14.0,13.0,3.0,110.99142857142859,20.34,950.0,6,2,2025,51,2644.73,9661.23,434.78,93410.55,4246.913333333328,2391.423333333333
2025-07,NAVE,NAVE_010,2433.36,41.0,10.0,10.0,3.0,243.336,138.965,750.0,7,3,2025,52,1553.88,2644.73,9661.23,27811.550000000003,4619.946666666662,2585.0033333333336
2025-08,NAVE,NAVE_010,7001.050000000001,90.0,19.0,19.0,3.0,368.47631578947374,92.49,1881.47,8,3,2025,53,2433.36,1553.88,2644.73,32922.130000000005,2210.6566666666617,2893.0633333333335
2025-09,NAVE,NAVE_010,13222.0,223.0,8.0,8.0,2.0,1652.75,15.935,7147.57,9,3,2025,54,7001.050000000001,2433.36,1553.88,2760.0,3662.763333333329,3954.838333333333
2025-10,NAVE,NAVE_010,3857.21,65.0,22.0,17.0,5.0,175.3277272727273,40.165,600.0,10,4,2025,55,13222.0,7001.050000000001,2433.36,1250.0,7552.136666666662,6086.041666666667
2025-11,NAVE,NAVE_010,4269.0,107.0,16.0,8.0,5.0,266.8125,140.365,1250.0,11,4,2025,56,3857.21,13222.0,7001.050000000001,2834.5,8026.753333333328,5118.705
2025-12,NAVE,NAVE_010,2984.34,66.0,10.0,9.0,1.0,298.434,130.39,1476.65,12,4,2025,57,4269.0,3857.21,13222.0,392.4,7116.069999999995,5389.416666666667
2021-01,NAVE,NAVE_011,9734.550000000001,689.0,50.0,50.0,4.0,194.69100000000003,71.0,1614.0,1,1,2021,0,,,,,,
2021-02,NAVE,NAVE_011,21758.700000000004,1648.0,126.0,107.0,24.0,172.6880952380953,60.0,3322.3,2,1,2021,1,9734.550000000001,,,,,
2021-03,NAVE,NAVE_011,53887.88,1792.0,191.0,175.0,16.0,282.13549738219893,36.19,10635.0,3,1,2021,2,21758.700000000004,9734.550000000001,,,,
2021-04,NAVE,NAVE_011,132511.82,6268.0,256.0,186.0,43.0,517.624296875,94.95,10201.5,4,2,2021,3,53887.88,21758.700000000004,9734.550000000001,,28460.376666666667,
2021-05,NAVE,NAVE_011,21803.1,77.0,23.0,11.0,10.0,947.9608695652173,360.0,7191.64,5,2,2021,4,132511.82,53887.88,21758.700000000004,,69386.13333333335,
2021-06,NAVE,NAVE_011,18767.78,794.0,64.0,47.0,19.0,293.2465625,72.97999999999999,3330.0,6,2,2021,5,21803.1,132511.82,53887.88,,69400.93333333333,
2021-07,NAVE,NAVE_011,32506.31,575.0,19.0,10.0,12.0,1710.8584210526317,494.87,18722.0,7,3,2021,6,18767.78,21803.1,132511.82,,57694.233333333344,43077.305
2021-08,NAVE,NAVE_011,21228.51,722.0,90.0,77.0,16.0,235.8723333333333,34.035,5600.0,8,3,2021,7,32506.31,18767.78,21803.1,,24359.063333333343,46872.598333333335
2021-09,NAVE,NAVE_011,23273.399999999998,286.0,37.0,35.0,10.0,629.0108108108108,20.1,14370.0,9,3,2021,8,21228.51,32506.31,18767.78,,24167.533333333344,46784.23333333334
2021-10,NAVE,NAVE_011,6732.92,134.0,24.0,19.0,8.0,280.53833333333336,112.0,1278.24,10,4,2021,9,23273.399999999998,21228.51,32506.31,,25669.406666666677,41681.82
2021-11,NAVE,NAVE_011,4520.55,65.0,5.0,5.0,4.0,904.11,240.0,3518.05,11,4,2021,10,6732.92,23273.399999999998,21228.51,,17078.276666666676,20718.67
2021-12,NAVE,NAVE_011,4083.5,603.0,15.0,15.0,7.0,272.23333333333335,29.84,2547.91,12,4,2021,11,4520.55,6732.92,23273.399999999998,,11508.956666666674,17838.245
2022-01,NAVE,NAVE_011,3983.25,63.0,18.0,15.0,6.0,221.29166666666666,45.09,1398.77,1,1,2022,12,4083.5,4520.55,6732.92,9734.550000000001,5112.323333333344,15390.865
2022-02,NAVE,NAVE_011,8366.529999999999,36.0,16.0,16.0,6.0,522.9081249999999,173.155,1591.29,2,1,2022,13,3983.25,4083.5,4520.55,21758.700000000004,4195.766666666676,10637.021666666666
2022-03,NAVE,NAVE_011,7294.34,462.0,39.0,38.0,7.0,187.03435897435898,42.52,3954.6,3,1,2022,14,8366.529999999999,3983.25,4083.5,53887.88,5477.760000000009,8493.358333333332
2022-04,NAVE,NAVE_011,9576.38,204.0,25.0,22.0,9.0,383.05519999999996,46.8,3250.0,4,2,2022,15,7294.34,8366.529999999999,3983.25,132511.82,6548.040000000009,5830.181666666666
2022-05,NAVE,NAVE_011,29890.739999999998,1068.0,83.0,67.0,17.0,360.1293975903614,45.9,9523.8,5,2,2022,16,9576.38,7294.34,8366.529999999999,21803.1,8412.416666666677,6304.091666666667
2022-06,NAVE,NAVE_011,31708.37,847.0,64.0,48.0,20.0,495.44328125,142.325,3610.0,6,2,2022,17,29890.739999999998,9576.38,7294.34,18767.78,15587.153333333343,10532.456666666667
2022-07,NAVE,NAVE_011,7112.720000000001,341.0,50.0,43.0,9.0,142.25440000000003,28.759999999999998,2132.0,7,3,2022,18,31708.37,29890.739999999998,9576.38,32506.31,23725.16333333334,15136.601666666667
2022-08,NAVE,NAVE_011,8950.0,4.0,4.0,2.0,3.0,2237.5,2000.0,4630.0,8,3,2022,19,7112.720000000001,31708.37,29890.739999999998,21228.51,22903.943333333344,15658.18
2022-09,NAVE,NAVE_011,12340.34,68.0,9.0,6.0,7.0,1371.148888888889,429.86,8065.5,9,3,2022,20,8950.0,7112.720000000001,31708.37,23273.399999999998,15923.696666666676,15755.425000000001
2022-10,NAVE,NAVE_011,9271.980000000001,376.0,31.0,24.0,7.0,299.0961290322581,36.96,2441.6,10,4,2022,21,12340.34,8950.0,7112.720000000001,6732.92,9467.686666666677,16596.425
2022-11,NAVE,NAVE_011,153111.48,868.0,119.0,106.0,13.0,1286.651092436975,204.6,17047.03,11,4,2022,22,9271.980000000001,12340.34,8950.0,4520.55,10187.44000000001,16545.691666666666
2022-12,NAVE,NAVE_011,3927.2,16.0,8.0,6.0,8.0,490.9,469.0,1350.0,12,4,2022,23,153111.48,9271.980000000001,12340.34,4083.5,58241.266666666685,37082.48166666667
2023-01,NAVE,NAVE_011,19859.46,985.0,30.0,22.0,11.0,661.982,134.60000000000002,3500.0,1,1,2023,24,3927.2,153111.48,9271.980000000001,3983.25,55436.88666666669,32452.28666666667
2023-02,NAVE,NAVE_011,17233.77,975.0,69.0,68.0,12.0,249.76478260869567,47.28,3562.18,2,1,2023,25,19859.46,3927.2,153111.48,8366.529999999999,58966.04666666668,34576.74333333334
2023-03,NAVE,NAVE_011,26117.829999999998,457.0,45.0,41.0,15.0,580.3962222222221,37.65,16700.0,3,1,2023,26,17233.77,19859.46,3927.2,7294.34,13673.476666666676,35957.371666666666
2023-04,NAVE,NAVE_011,95227.92,411.0,48.0,40.0,11.0,1983.915,368.52,17370.41,4,2,2023,27,26117.829999999998,17233.77,19859.46,9576.38,21070.353333333343,38253.62
2023-05,NAVE,NAVE_011,14813.840000000002,255.0,34.0,27.0,12.0,435.7011764705883,74.535,6090.0,5,2,2023,28,95227.92,26117.829999999998,17233.77,29890.739999999998,46193.17333333334,52579.61000000001
2023-06,NAVE,NAVE_011,21412.039999999997,587.0,46.0,42.0,18.0,465.4791304347826,104.55,8419.8,6,2,2023,29,14813.840000000002,95227.92,26117.829999999998,31708.37,45386.530000000006,29530.00333333333
2023-07,NAVE,NAVE_011,17211.5,1104.0,88.0,72.0,19.0,195.58522727272728,24.02,2740.0,7,3,2023,30,21412.039999999997,14813.840000000002,95227.92,7112.720000000001,43817.93333333334,32444.14333333333
2023-08,NAVE,NAVE_011,5239.92,26.0,11.0,9.0,7.0,476.35636363636365,404.0,1216.4,8,3,2023,31,17211.5,21412.039999999997,14813.840000000002,8950.0,17812.46000000001,32002.816666666666
2023-09,NAVE,NAVE_011,13218.129984,281.0,32.0,23.0,15.0,413.066562,140.21,2200.0,9,3,2023,32,5239.92,17211.5,21412.039999999997,12340.34,14621.153333333341,30003.841666666664
2023-10,NAVE,NAVE_011,25372.219998999997,765.0,79.0,73.0,11.0,321.16734175949364,101.18,4329.42,10,4,2023,33,13218.129984,5239.92,17211.5,9271.980000000001,11889.849994666676,27853.891663999995
2023-11,NAVE,NAVE_011,25098.480001000004,990.0,48.0,42.0,13.0,522.8850000208334,36.3,5680.0,11,4,2023,34,25372.219998999997,13218.129984,5239.92,153111.48,14610.089994333342,16211.274997166665
2023-12,NAVE,NAVE_011,4388.25,20.0,7.0,4.0,5.0,626.8928571428571,300.0,1876.25,12,4,2023,35,25098.480001000004,25372.219998999997,13218.129984,3927.2,21229.609994666676,17925.381664
2024-01,NAVE,NAVE_011,12622.48,10.0,3.0,3.0,2.0,4207.493333333333,358.42,12165.06,1,1,2024,36,4388.25,25098.480001000004,25372.219998999997,19859.46,18286.316666666677,15088.083330666666
2024-02,NAVE,NAVE_011,26186.12,127.0,25.0,20.0,7.0,1047.4448,325.45,7000.0,2,1,2024,37,12622.48,4388.25,25098.480001000004,17233.77,14036.403333666676,14323.246663999998
2024-03,NAVE,NAVE_011,37967.200000000004,36.0,25.0,6.0,12.0,1518.688,892.72,5600.0,3,1,2024,38,26186.12,12622.48,4388.25,26117.829999999998,14398.95000000001,17814.27999733333
2024-04,NAVE,NAVE_011,62113.25,822.0,35.0,13.0,14.0,1774.6642857142858,1065.0,7400.0,4,2,2024,39,37967.200000000004,26186.12,12622.48,95227.92,25591.933333333345,21939.125
2024-05,NAVE,NAVE_011,47018.520000000004,12.0,12.0,1.0,10.0,3918.2100000000005,2433.85,20672.0,5,2,2024,40,62113.25,37967.200000000004,26186.12,14813.840000000002,42088.85666666668,28062.630000166668
2024-06,NAVE,NAVE_011,56107.689999999995,15.0,15.0,2.0,6.0,3740.5126666666665,1880.0,19500.0,6,2,2024,41,47018.520000000004,62113.25,37967.200000000004,21412.039999999997,49032.99000000001,31715.97
2024-07,NAVE,NAVE_011,16840.0,4.0,4.0,1.0,4.0,4210.0,2820.0,9800.0,7,3,2024,42,56107.689999999995,47018.520000000004,62113.25,17211.5,55079.82000000001,40335.87666666666
2024-08,NAVE,NAVE_011,120.0,1.0,1.0,1.0,1.0,120.0,120.0,120.0,8,3,2024,43,16840.0,56107.689999999995,47018.520000000004,5239.92,39988.73666666667,41038.79666666667
2024-09,NAVE,NAVE_011,6541.25,22.0,8.0,6.0,5.0,817.65625,234.08499999999998,4075.0,9,3,2024,44,120.0,16840.0,56107.689999999995,13218.129984,24355.89666666668,36694.443333333336
2024-10,NAVE,NAVE_011,11069.71,33.0,12.0,7.0,5.0,922.4758333333333,328.465,5947.36,10,4,2024,45,6541.25,120.0,16840.0,25372.219998999997,7833.75000000001,31456.785
2024-11,NAVE,NAVE_011,10368.69,6.0,6.0,1.0,5.0,1728.115,1695.0,3048.67,11,4,2024,46,11069.71,6541.25,120.0,25098.480001000004,5910.32000000001,22949.528333333332
2024-12,NAVE,NAVE_011,8233.19,4.0,4.0,1.0,4.0,2058.2975,1941.98,4000.0,12,4,2024,47,10368.69,11069.71,6541.25,4388.25,9326.55000000001,16841.22333333333
2025-01,NAVE,NAVE_011,11487.2,16.0,11.0,5.0,8.0,1044.290909090909,750.0,3546.35,1,1,2025,48,8233.19,10368.69,11069.71,12622.48,9890.53000000001,8862.14
2025-02,NAVE,NAVE_011,8194.78,19.0,14.0,4.0,6.0,585.3414285714287,377.25,2010.0,2,1,2025,49,11487.2,8233.19,10368.69,26186.12,10029.693333333344,7970.006666666667
2025-03,NAVE,NAVE_011,4265.64,29.0,12.0,9.0,4.0,355.47,233.66500000000002,1066.21,3,1,2025,50,8194.78,11487.2,8233.19,37967.200000000004,9305.056666666676,9315.803333333333
2025-04,NAVE,NAVE_011,7007.0,5.0,5.0,1.0,5.0,1401.4,847.0,4440.0,4,2,2025,51,4265.64,8194.78,11487.2,62113.25,7982.540000000011,8936.535
2025-05,NAVE,NAVE_011,15717.6,29.0,9.0,6.0,4.0,1746.4,823.0,8407.5,5,2,2025,52,7007.0,4265.64,8194.78,47018.520000000004,6489.14000000001,8259.416666666666
2025-06,NAVE,NAVE_011,2513.68,12.0,4.0,3.0,3.0,628.42,373.5,1725.0,6,2,2025,53,15717.6,7007.0,4265.64,56107.689999999995,8996.746666666675,9150.901666666667
2025-07,NAVE,NAVE_011,4485.15,149.0,17.0,10.0,6.0,263.83235294117645,71.98,1110.0,7,3,2025,54,2513.68,15717.6,7007.0,16840.0,8412.76000000001,8197.65
2025-08,NAVE,NAVE_011,10501.729999999998,32.0,11.0,7.0,4.0,954.7027272727271,652.78,2380.0,8,3,2025,55,4485.15,2513.68,15717.6,120.0,7572.143333333343,7030.641666666666
2025-09,NAVE,NAVE_011,19409.11,12.0,11.0,2.0,9.0,1764.4645454545455,632.54,7000.0,9,3,2025,56,10501.729999999998,4485.15,2513.68,6541.25,5833.520000000009,7415.133333333334
2021-01,NAVE,NAVE_013,261.5,14.0,3.0,3.0,2.0,87.16666666666667,76.0,172.9,1,1,2021,0,,,,,,
2021-02,NAVE,NAVE_013,4301.480000000001,138.0,19.0,18.0,6.0,226.3936842105264,108.0,947.04,2,1,2021,1,261.5,,,,,
2021-03,NAVE,NAVE_013,2800.49,27.0,6.0,6.0,6.0,466.7483333333333,379.35,925.0,3,1,2021,2,4301.480000000001,261.5,,,,
2021-04,NAVE,NAVE_013,675.39,143.0,11.0,9.0,3.0,61.39909090909091,39.52,173.36,4,2,2021,3,2800.49,4301.480000000001,261.5,,2454.4900000000002,
2021-05,NAVE,NAVE_013,2855.96,50.0,23.0,23.0,7.0,124.17217391304348,17.5,1600.0,5,2,2021,4,675.39,2800.49,4301.480000000001,,2592.453333333334,
2021-06,NAVE,NAVE_013,83.0,20.0,5.0,5.0,1.0,16.6,11.6,36.32,6,2,2021,5,2855.96,675.39,2800.49,,2110.6133333333332,
2021-07,NAVE,NAVE_013,3738.55,5.0,5.0,4.0,5.0,747.71,250.0,2000.0,7,3,2021,6,83.0,2855.96,675.39,,1204.7833333333333,1829.636666666667
2021-08,NAVE,NAVE_013,2264.6000000000004,2.0,2.0,1.0,1.0,1132.3000000000002,1132.3000000000002,1888.13,8,3,2021,7,3738.55,83.0,2855.96,,2225.8366666666666,2409.145
2021-09,NAVE,NAVE_013,314.01000000000005,15.0,5.0,5.0,2.0,62.80200000000001,8.43,285.0,9,3,2021,8,2264.6000000000004,3738.55,83.0,,2028.716666666667,2069.665
2021-10,NAVE,NAVE_013,3881.5,88.0,12.0,12.0,5.0,323.4583333333333,100.95,1348.92,10,4,2021,9,314.01000000000005,2264.6000000000004,3738.55,,2105.7200000000003,1655.2516666666668
2021-11,NAVE,NAVE_013,5267.1,14.0,8.0,8.0,3.0,658.3875,585.095,1513.07,11,4,2021,10,3881.5,314.01000000000005,2264.6000000000004,,2153.3700000000003,2189.6033333333335
2021-12,NAVE,NAVE_013,1595.58,3.0,2.0,2.0,2.0,797.79,797.79,1111.0,12,4,2021,11,5267.1,3881.5,314.01000000000005,,3154.2033333333334,2591.46
2022-01,NAVE,NAVE_013,1550.0,3.0,3.0,3.0,2.0,516.6666666666666,491.07,758.93,1,1,2022,12,1595.58,5267.1,3881.5,261.5,3581.3933333333334,2843.556666666667
2022-02,NAVE,NAVE_013,11822.75,273.0,72.0,68.0,4.0,164.20486111111111,44.12,1409.64,2,1,2022,13,1550.0,1595.58,5267.1,4301.480000000001,2804.226666666667,2478.7983333333336
2022-03,NAVE,NAVE_013,16134.740000000002,195.0,35.0,34.0,6.0,460.99257142857147,10.4,11770.37,3,1,2022,14,11822.75,1550.0,1595.58,2800.49,4989.443333333334,4071.8233333333337
2022-04,NAVE,NAVE_013,2336.78,8.0,8.0,7.0,3.0,292.0975,140.04,1000.0,4,2,2022,15,16134.740000000002,11822.75,1550.0,675.39,9835.83,6708.611666666667
2022-05,NAVE,NAVE_013,11.2,40.0,1.0,1.0,1.0,11.2,11.2,11.2,5,2,2022,16,2336.78,16134.740000000002,11822.75,2855.96,10098.09,6451.158333333333
2022-06,NAVE,NAVE_013,1667.7,107.0,8.0,8.0,6.0,208.4625,144.465,890.0,6,2,2022,17,11.2,2336.78,16134.740000000002,83.0,6160.906666666667,5575.175
2022-07,NAVE,NAVE_013,776.7400000000001,30.0,12.0,12.0,4.0,64.72833333333334,10.254999999999999,360.69,7,3,2022,18,1667.7,11.2,2336.78,3738.55,1338.5600000000002,5587.195
2022-08,NAVE,NAVE_013,419.79,5.0,2.0,2.0,2.0,209.895,209.895,360.69,8,3,2022,19,776.7400000000001,1667.7,11.2,2264.6000000000004,818.5466666666667,5458.318333333334
2022-09,NAVE,NAVE_013,2057.04,34.0,10.0,9.0,5.0,205.704,99.03999999999999,600.0,9,3,2022,20,419.79,776.7400000000001,1667.7,314.01000000000005,954.7433333333335,3557.8250000000007
2022-10,NAVE,NAVE_013,1028.26,23.0,6.0,6.0,2.0,171.37666666666667,163.735,361.5,10,4,2022,21,2057.04,419.79,776.7400000000001,3881.5,1084.5233333333333,1211.5416666666667
2022-11,NAVE,NAVE_013,996.7399999999999,27.0,4.0,3.0,3.0,249.18499999999997,151.655,650.0,11,4,2022,22,1028.26,2057.04,419.79,5267.1,1168.3633333333335,993.4549999999999
2022-12,NAVE,NAVE_013,1317.0,4.0,4.0,2.0,3.0,329.25,310.0,460.0,12,4,2022,23,996.7399999999999,1028.26,2057.04,1595.58,1360.68,1157.7116666666666
2023-01,NAVE,NAVE_013,1535.4299999999998,4.0,4.0,3.0,4.0,383.85749999999996,345.0,728.83,1,1,2023,24,1317.0,996.7399999999999,1028.26,1550.0,1114.0,1099.2616666666665
2023-02,NAVE,NAVE_013,40606.85,628.5,90.0,60.0,25.0,451.1872222222222,88.64,6568.13,2,1,2023,25,1535.4299999999998,1317.0,996.7399999999999,11822.75,1283.0566666666666,1225.71
2023-03,NAVE,NAVE_013,5962.38,37.0,9.0,7.0,6.0,662.4866666666667,364.0,3472.5,3,1,2023,26,40606.85,1535.4299999999998,1317.0,16134.740000000002,14486.426666666666,7923.553333333333
2023-04,NAVE,NAVE_013,6309.4,54.0,7.0,5.0,7.0,901.342857142857,575.0,2063.0,4,2,2023,27,5962.38,40606.85,1535.4299999999998,2336.78,16034.886666666665,8574.443333333333
2023-05,NAVE,NAVE_013,1598.27,88.0,15.0,14.0,5.0,106.55133333333333,25.5,364.0,5,2,2023,28,6309.4,5962.38,40606.85,11.2,17626.21,9454.633333333333
2023-06,NAVE,NAVE_013,2479.5099999999998,13.0,5.0,5.0,5.0,495.90199999999993,216.43,1498.35,6,2,2023,29,1598.27,6309.4,5962.38,1667.7,4623.349999999999,9554.888333333334
2023-07,NAVE,NAVE_013,1724.78,32.0,3.0,2.0,2.0,574.9266666666666,800.4,800.4,7,3,2023,30,2479.5099999999998,1598.27,6309.4,776.7400000000001,3462.3933333333334,9748.64
2023-08,NAVE,NAVE_013,2668.62,225.0,29.0,29.0,5.0,92.02137931034483,15.48,745.42,8,3,2023,31,1724.78,2479.5099999999998,1598.27,419.79,1934.1866666666665,9780.198333333332
2023-09,NAVE,NAVE_013,5227.27,75.0,16.0,11.0,6.0,326.704375,252.53,981.23,9,3,2023,32,2668.62,1724.78,2479.5099999999998,2057.04,2290.97,3457.16
2023-10,NAVE,NAVE_013,2761.0,172.0,29.0,27.0,7.0,95.20689655172414,10.0,662.6,10,4,2023,33,5227.27,2668.62,1724.78,1028.26,3206.89,3334.6416666666664
2023-11,NAVE,NAVE_013,1334.22,2.0,2.0,1.0,1.0,667.11,667.11,884.15,11,4,2023,34,2761.0,5227.27,2668.62,996.7399999999999,3552.2966666666666,2743.241666666667
2023-12,NAVE,NAVE_013,463.0,4.0,4.0,1.0,1.0,115.75,109.0,200.0,12,4,2023,35,1334.22,2761.0,5227.27,1317.0,3107.4966666666664,2699.233333333333
2024-01,NAVE,NAVE_013,750.0,2.0,2.0,1.0,2.0,375.0,375.0,500.0,1,1,2024,36,463.0,1334.22,2761.0,1535.4299999999998,1519.4066666666668,2363.148333333333
2024-02,NAVE,NAVE_013,2287.13,2.0,2.0,1.0,2.0,1143.565,1143.565,1637.13,2,1,2024,37,750.0,463.0,1334.22,40606.85,849.0733333333334,2200.685
2024-03,NAVE,NAVE_013,591.0,1.0,1.0,1.0,1.0,591.0,591.0,591.0,3,1,2024,38,2287.13,750.0,463.0,5962.38,1166.71,2137.1033333333335
2024-04,NAVE,NAVE_013,200.0,1.0,1.0,1.0,1.0,200.0,200.0,200.0,4,2,2024,39,591.0,2287.13,750.0,6309.4,1209.3766666666668,1364.3916666666667
2024-05,NAVE,NAVE_013,587.84,1.0,1.0,1.0,1.0,587.84,587.84,587.84,5,2,2024,40,200.0,591.0,2287.13,1598.27,1026.0433333333333,937.5583333333334
2024-06,NAVE,NAVE_013,13407.6,6.0,6.0,1.0,5.0,2234.6,330.0,11589.0,6,2,2024,41,587.84,200.0,591.0,2479.5099999999998,459.6133333333334,813.1616666666667
2024-07,NAVE,NAVE_013,1182.0,4.0,4.0,1.0,4.0,295.5,316.0,350.0,7,3,2024,42,13407.6,587.84,200.0,1724.78,4731.8133333333335,2970.595
2024-08,NAVE,NAVE_013,250.0,1.0,1.0,1.0,1.0,250.0,250.0,250.0,8,3,2024,43,1182.0,13407.6,587.84,2668.62,5059.1466666666665,3042.595
2024-09,NAVE,NAVE_013,1650.1499999999999,4.0,4.0,1.0,3.0,412.53749999999997,206.065,1120.66,9,3,2024,44,250.0,1182.0,13407.6,5227.27,4946.533333333334,2703.0733333333333
2024-10,NAVE,NAVE_013,1220.0,3.0,3.0,1.0,3.0,406.6666666666667,500.0,600.0,10,4,2024,45,1650.1499999999999,250.0,1182.0,2761.0,1027.3833333333332,2879.598333333334
2024-11,NAVE,NAVE_013,1485.0,2.0,2.0,1.0,2.0,742.5,742.5,900.0,11,4,2024,46,1220.0,1650.1499999999999,250.0,1334.22,1040.05,3049.598333333334
2024-12,NAVE,NAVE_013,1804.16,5.0,5.0,1.0,5.0,360.832,250.0,685.0,12,4,2024,47,1485.0,1220.0,1650.1499999999999,463.0,1451.7166666666665,3199.1250000000005
2025-01,NAVE,NAVE_013,108.7,1.0,1.0,1.0,1.0,108.7,108.7,108.7,1,1,2025,48,1804.16,1485.0,1220.0,750.0,1503.0533333333333,1265.2183333333335
2025-03,NAVE,NAVE_013,5025.0,4.0,4.0,1.0,3.0,1256.25,1175.0,2375.0,3,1,2025,49,108.7,1804.16,1485.0,2287.13,1132.6200000000001,1086.3350000000003
2025-04,NAVE,NAVE_013,4761.83,43.0,25.0,23.0,3.0,190.4732,17.28,1626.0,4,2,2025,50,5025.0,108.7,1804.16,591.0,2312.62,1882.1683333333337
2025-05,NAVE,NAVE_013,1303.4499999999998,44.0,11.0,11.0,2.0,118.49545454545454,68.3,550.0,5,2,2025,51,4761.83,5025.0,108.7,200.0,3298.5099999999998,2400.781666666667
2025-06,NAVE,NAVE_013,978.22,37.0,5.0,5.0,2.0,195.644,200.28,306.61,6,2,2025,52,1303.4499999999998,4761.83,5025.0,587.84,3696.7599999999998,2414.6900000000005
2025-07,NAVE,NAVE_013,3616.2499999999995,166.0,20.0,17.0,3.0,180.81249999999997,30.0,900.0,7,3,2025,53,978.22,1303.4499999999998,4761.83,13407.6,2347.8333333333335,2330.226666666667
2025-08,NAVE,NAVE_013,5389.75,524.0,10.0,10.0,3.0,538.975,169.465,2380.0,8,3,2025,54,3616.2499999999995,978.22,1303.4499999999998,1182.0,1965.9733333333331,2632.241666666667
2025-09,NAVE,NAVE_013,1368.29,54.0,8.0,6.0,3.0,171.03625,141.445,504.6,9,3,2025,55,5389.75,3616.2499999999995,978.22,250.0,3328.0733333333333,3512.4166666666665
2025-10,NAVE,NAVE_013,3200.0,2.0,2.0,2.0,1.0,1600.0,1600.0,1800.0,10,4,2025,56,1368.29,5389.75,3616.2499999999995,1650.1499999999999,3458.096666666667,2902.965
2025-11,NAVE,NAVE_013,10225.79,35.0,13.0,11.0,1.0,786.5992307692309,7.66,7963.83,11,4,2025,57,3200.0,1368.29,5389.75,1220.0,3319.346666666667,2642.6600000000003
2025-12,NAVE,NAVE_013,18520.069999999996,409.0,84.0,60.0,14.0,220.47702380952376,45.18,3117.42,12,4,2025,58,10225.79,3200.0,1368.29,1485.0,4931.360000000001,4129.716666666667
2021-01,NAVE,NAVE_014,4624.920000000001,102.0,15.0,14.0,8.0,308.3280000000001,250.0,1037.4,1,1,2021,0,,,,,,
2021-02,NAVE,NAVE_014,7909.69,202.0,70.0,67.0,7.0,112.99557142857142,30.785,1750.0,2,1,2021,1,4624.920000000001,,,,,
2021-03,NAVE,NAVE_014,5917.36,152.0,18.0,16.0,7.0,328.7422222222222,38.925,2367.6,3,1,2021,2,7909.69,4624.920000000001,,,,
2021-04,NAVE,NAVE_014,2524.16,8.0,8.0,6.0,4.0,315.52,57.425,1235.0,4,2,2021,3,5917.36,7909.69,4624.920000000001,,6150.656666666667,
2021-05,NAVE,NAVE_014,7179.71,118.0,23.0,22.0,6.0,312.1613043478261,16.86,2747.1,5,2,2021,4,2524.16,5917.36,7909.69,,5450.403333333333,
2021-06,NAVE,NAVE_014,6554.679999999999,52.0,9.0,8.0,5.0,728.2977777777777,370.0,2330.8,6,2,2021,5,7179.71,2524.16,5917.36,,5207.076666666667,
2021-07,NAVE,NAVE_014,2499.2400000000002,6.0,6.0,4.0,6.0,416.54,185.0,1400.0,7,3,2021,6,6554.679999999999,7179.71,2524.16,,5419.516666666666,5785.086666666666
2021-08,NAVE,NAVE_014,2181.3599999999997,2.0,2.0,1.0,2.0,1090.6799999999998,1090.6799999999998,1411.36,8,3,2021,7,2499.2400000000002,6554.679999999999,7179.71,,5411.21,5430.806666666666
2021-09,NAVE,NAVE_014,13732.61,90.0,35.0,25.0,9.0,392.36028571428574,75.0,2785.91,9,3,2021,8,2181.3599999999997,2499.2400000000002,6554.679999999999,,3745.093333333333,4476.085
2021-10,NAVE,NAVE_014,1522.41,7.0,2.0,2.0,2.0,761.205,761.205,1520.0,10,4,2021,9,13732.61,2181.3599999999997,2499.2400000000002,,6137.736666666667,5778.626666666666
2021-11,NAVE,NAVE_014,13103.319999999998,41.0,14.0,14.0,5.0,935.9514285714284,385.095,5264.67,11,4,2021,10,1522.41,13732.61,2181.3599999999997,,5812.126666666667,5611.668333333334
2021-12,NAVE,NAVE_014,2949.0600000000004,37.0,6.0,4.0,4.0,491.51000000000005,361.75,1409.64,12,4,2021,11,13103.319999999998,1522.41,13732.61,,9452.779999999999,6598.936666666666
2022-01,NAVE,NAVE_014,338.7,3.0,2.0,2.0,2.0,169.35,169.35,260.0,1,1,2022,12,2949.0600000000004,13103.319999999998,1522.41,4624.920000000001,5858.263333333332,5998.0
2022-02,NAVE,NAVE_014,13876.699999999999,227.0,21.0,18.0,8.0,660.795238095238,283.8,6500.0,2,1,2022,13,338.7,2949.0600000000004,13103.319999999998,7909.69,5463.693333333333,5637.91
2022-03,NAVE,NAVE_014,7043.17,206.0,39.0,38.0,7.0,180.59410256410257,12.0,3489.5,3,1,2022,14,13876.699999999999,338.7,2949.0600000000004,5917.36,5721.486666666667,7587.133333333332
2022-04,NAVE,NAVE_014,4380.320000000001,30.0,15.0,11.0,6.0,292.02133333333336,280.0,969.15,4,2,2022,15,7043.17,13876.699999999999,338.7,2524.16,7086.189999999999,6472.2266666666665
2022-05,NAVE,NAVE_014,2940.2899999999995,193.0,22.0,22.0,5.0,133.64954545454543,10.59,2302.14,5,2,2022,16,4380.320000000001,7043.17,13876.699999999999,7179.71,8433.396666666666,6948.544999999999
2022-06,NAVE,NAVE_014,162.82,2.0,2.0,2.0,2.0,81.41,81.41,156.0,6,2,2022,17,2940.2899999999995,4380.320000000001,7043.17,6554.679999999999,4787.926666666666,5254.706666666667
2022-07,NAVE,NAVE_014,71.0,38.0,4.0,4.0,1.0,17.75,17.5,30.0,7,3,2022,18,162.82,2940.2899999999995,4380.320000000001,2499.2400000000002,2494.476666666666,4790.333333333333
2022-08,NAVE,NAVE_014,3954.349999999999,102.0,14.0,14.0,6.0,282.45357142857137,148.285,1628.04,8,3,2022,19,71.0,162.82,2940.2899999999995,2181.3599999999997,1058.036666666666,4745.716666666666
2022-09,NAVE,NAVE_014,2933.6,656.0,13.0,10.0,2.0,225.66153846153844,29.4,922.93,9,3,2022,20,3954.349999999999,71.0,162.82,13732.61,1396.0566666666657,3091.991666666667
2022-10,NAVE,NAVE_014,500.0,1.0,1.0,1.0,1.0,500.0,500.0,500.0,10,4,2022,21,2933.6,3954.349999999999,71.0,1522.41,2319.649999999999,2407.063333333333
2022-11,NAVE,NAVE_014,12363.680000000002,83.5,21.0,20.0,4.0,588.7466666666668,24.83,3658.39,11,4,2022,22,500.0,2933.6,3954.349999999999,13103.319999999998,2462.649999999999,1760.343333333333
2022-12,NAVE,NAVE_014,2919.2,20.0,2.0,2.0,1.0,1459.6,1459.6,1820.0,12,4,2022,23,12363.680000000002,500.0,2933.6,2949.0600000000004,5265.76,3330.9083333333333
2023-01,NAVE,NAVE_014,1680.0,3.0,3.0,3.0,3.0,560.0,280.0,1200.0,1,1,2023,24,2919.2,12363.680000000002,500.0,338.7,5260.96,3790.3050000000003
2023-02,NAVE,NAVE_014,2872.8900000000003,32.0,5.0,5.0,3.0,574.5780000000001,463.8,1383.9,2,1,2023,25,1680.0,2919.2,12363.680000000002,13876.699999999999,5654.293333333334,4058.471666666667
2023-04,NAVE,NAVE_014,2515.72,30.0,5.0,5.0,3.0,503.14399999999995,500.0,1013.76,4,2,2023,26,2872.8900000000003,1680.0,2919.2,7043.17,2490.6966666666663,3878.228333333334
2023-05,NAVE,NAVE_014,1828.14,60.0,9.0,9.0,4.0,203.12666666666667,23.1,1383.9,5,2,2023,27,2515.72,2872.8900000000003,1680.0,4380.320000000001,2356.203333333333,3808.5816666666674
2023-06,NAVE,NAVE_014,47810.869999999995,855.75,99.0,66.0,28.0,482.93808080808077,108.22,4121.75,6,2,2023,28,1828.14,2515.72,2872.8900000000003,2940.2899999999995,2405.5833333333326,4029.938333333334
2023-07,NAVE,NAVE_014,6424.9,16.0,5.0,2.0,5.0,1284.98,1157.5,2500.0,7,3,2023,29,47810.869999999995,1828.14,2515.72,162.82,17384.91,9937.803333333331
2023-08,NAVE,NAVE_014,3423.82,12.0,5.0,4.0,5.0,684.764,600.0,1254.4,8,3,2023,30,6424.9,47810.869999999995,1828.14,71.0,18687.969999999998,10522.086666666666
2023-09,NAVE,NAVE_014,13163.899999999998,126.0,14.0,10.0,7.0,940.2785714285712,497.225,5794.48,9,3,2023,31,3423.82,6424.9,47810.869999999995,3954.349999999999,19219.86333333333,10812.723333333333
2023-10,NAVE,NAVE_014,287.2699999999999,70.0,21.0,21.0,3.0,13.679523809523806,6.38,82.82,10,4,2023,32,13163.899999999998,3423.82,6424.9,2933.6,7670.873333333332,12527.891666666665
2023-11,NAVE,NAVE_014,3039.4200000000005,78.0,27.0,26.0,7.0,112.57111111111114,12.26,1664.8,11,4,2023,33,287.2699999999999,13163.899999999998,3423.82,500.0,5624.996666666665,12156.483333333332
2023-12,NAVE,NAVE_014,1604.0,6.0,6.0,1.0,4.0,267.3333333333333,257.0,450.0,12,4,2023,34,3039.4200000000005,287.2699999999999,13163.899999999998,12363.680000000002,5496.863333333332,12358.363333333333
2024-01,NAVE,NAVE_014,360.0,1.0,1.0,1.0,1.0,360.0,360.0,360.0,1,1,2024,35,1604.0,3039.4200000000005,287.2699999999999,2919.2,1643.5633333333335,4657.218333333333
2024-02,NAVE,NAVE_014,750.0,1.0,1.0,1.0,1.0,750.0,750.0,750.0,2,1,2024,36,360.0,1604.0,3039.4200000000005,1680.0,1667.806666666667,3646.401666666666
2024-03,NAVE,NAVE_014,45.0,1.0,1.0,1.0,1.0,45.0,45.0,45.0,3,1,2024,37,750.0,360.0,1604.0,2872.8900000000003,904.6666666666666,3200.7649999999994
2024-04,NAVE,NAVE_014,2820.0,4.0,4.0,1.0,4.0,705.0,700.0,950.0,4,2,2024,38,45.0,750.0,360.0,2515.72,385.0,1014.2816666666668
2024-05,NAVE,NAVE_014,207.6,21.0,2.0,2.0,2.0,103.8,103.8,150.0,5,2,2024,39,2820.0,45.0,750.0,1828.14,1205.0,1436.4033333333336
2024-08,NAVE,NAVE_014,842.05,2.0,2.0,1.0,2.0,421.025,421.025,638.05,8,3,2024,40,207.6,2820.0,45.0,47810.869999999995,1024.2,964.4333333333334
2024-10,NAVE,NAVE_014,5672.73,8.0,8.0,1.0,4.0,709.09125,800.0,1261.73,10,4,2024,41,842.05,207.6,2820.0,6424.9,1289.8833333333334,837.4416666666666
2024-11,NAVE,NAVE_014,2187.17,6.0,6.0,1.0,5.0,364.52833333333336,332.5,650.0,11,4,2024,42,5672.73,842.05,207.6,3423.82,2240.793333333333,1722.8966666666665
2024-12,NAVE,NAVE_014,462.7,2.0,2.0,1.0,2.0,231.35,231.35,430.0,12,4,2024,43,2187.17,5672.73,842.05,13163.899999999998,2900.6499999999996,1962.425
2025-01,NAVE,NAVE_014,2635.0,4.0,4.0,1.0,4.0,658.75,642.5,1000.0,1,1,2025,44,462.7,2187.17,5672.73,287.2699999999999,2774.2000000000003,2032.0416666666667
2025-02,NAVE,NAVE_014,1646.22,4.0,4.0,1.0,4.0,411.555,315.5,850.0,2,1,2025,45,2635.0,462.7,2187.17,3039.4200000000005,1761.6233333333332,2001.2083333333333
2025-03,NAVE,NAVE_014,1468.0,1.0,1.0,1.0,1.0,1468.0,1468.0,1468.0,3,1,2025,46,1646.22,2635.0,462.7,1604.0,1581.3066666666666,2240.978333333333
2025-04,NAVE,NAVE_014,862.77,4.0,3.0,3.0,1.0,287.59,305.3,358.47,4,2,2025,47,1468.0,1646.22,2635.0,360.0,1916.4066666666668,2345.3033333333333
2025-05,NAVE,NAVE_014,2644.9399999999996,134.0,15.0,12.0,2.0,176.3293333333333,103.8,935.81,5,2,2025,48,862.77,1468.0,1646.22,750.0,1325.6633333333332,1543.6433333333334
2025-06,NAVE,NAVE_014,10022.6,314.0,59.0,51.0,4.0,169.87457627118644,17.58,2850.0,6,2,2025,49,2644.9399999999996,862.77,1468.0,45.0,1658.5699999999997,1619.9383333333333
2025-07,NAVE,NAVE_014,2397.7000000000003,21.0,4.0,4.0,3.0,599.4250000000001,438.025,1520.0,7,3,2025,50,10022.6,2644.9399999999996,862.77,2820.0,4510.1033333333335,3213.2549999999997
2025-08,NAVE,NAVE_014,937.77,2.0,2.0,2.0,2.0,468.885,468.885,750.0,8,3,2025,51,2397.7000000000003,10022.6,2644.9399999999996,207.6,5021.746666666667,3173.705
2025-09,NAVE,NAVE_014,14601.72,254.0,13.0,11.0,3.0,1123.2092307692308,51.1,11589.0,9,3,2025,52,937.77,2397.7000000000003,10022.6,842.05,4452.69,3055.6300000000006
2025-10,NAVE,NAVE_014,1471.0400000000002,113.0,20.0,20.0,2.0,73.552,16.765,625.9,10,4,2025,53,14601.72,937.77,2397.7000000000003,5672.73,5979.063333333334,5244.583333333333
2025-11,NAVE,NAVE_014,1800.8200000000002,34.0,6.0,4.0,3.0,300.1366666666667,236.5,723.09,11,4,2025,54,1471.0400000000002,14601.72,937.77,2187.17,5670.176666666666,5345.961666666667
2025-12,NAVE,NAVE_014,1896.6299999999999,19.0,5.0,4.0,2.0,379.32599999999996,360.0,781.19,12,4,2025,55,1800.8200000000002,1471.0400000000002,14601.72,462.7,5957.86,5205.275000000001
2021-01,NAVE_CATEGORIA,NAVE_001 | ACEITE,437.01,1.0,1.0,1.0,1.0,437.01,437.01,437.01,1,1,2021,0,,,,,,
2021-02,NAVE_CATEGORIA,NAVE_001 | ACEITE,3398.9,15.0,2.0,2.0,1.0,1699.45,1699.45,2925.0,2,1,2021,1,437.01,,,,,
2021-03,NAVE_CATEGORIA,NAVE_001 | ACEITE,90.0,1.0,1.0,1.0,1.0,90.0,90.0,90.0,3,1,2021,2,3398.9,437.01,,,,
2021-04,NAVE_CATEGORIA,NAVE_001 | ACEITE,4680.0,8.0,1.0,1.0,1.0,4680.0,4680.0,4680.0,4,2,2021,3,90.0,3398.9,437.01,,1308.6366666666668,
2021-07,NAVE_CATEGORIA,NAVE_001 | ACEITE,2348.8,4.0,1.0,1.0,1.0,2348.8,2348.8,2348.8,7,3,2021,4,4680.0,90.0,3398.9,,2722.9666666666667,
2021-08,NAVE_CATEGORIA,NAVE_001 | ACEITE,801.71,2.0,2.0,2.0,2.0,400.855,400.855,437.01,8,3,2021,5,2348.8,4680.0,90.0,,2372.9333333333334,
2021-09,NAVE_CATEGORIA,NAVE_001 | ACEITE,5417.2,8.0,1.0,1.0,1.0,5417.2,5417.2,5417.2,9,3,2021,6,801.71,2348.8,4680.0,,2610.17,1959.4033333333334
2022-01,NAVE_CATEGORIA,NAVE_001 | ACEITE,3486.79,7.0,2.0,2.0,1.0,1743.395,1743.395,3369.45,1,1,2022,7,5417.2,801.71,2348.8,,2855.903333333333,2789.435
2022-02,NAVE_CATEGORIA,NAVE_001 | ACEITE,1432.96,8.0,3.0,2.0,1.0,477.65333333333336,170.28,1177.54,2,1,2022,8,3486.79,5417.2,801.71,,3235.2333333333336,2804.0833333333335
2022-04,NAVE_CATEGORIA,NAVE_001 | ACEITE,2895.8199999999997,7.0,2.0,2.0,1.0,1447.9099999999999,1447.9099999999999,2832.6,4,2,2022,9,1432.96,3486.79,5417.2,,3445.65,3027.91
2022-05,NAVE_CATEGORIA,NAVE_001 | ACEITE,3008.5,55.0,3.0,3.0,1.0,1002.8333333333334,601.7,1805.1,5,2,2022,10,2895.8199999999997,1432.96,3486.79,,2605.19,2730.5466666666666
2022-07,NAVE_CATEGORIA,NAVE_001 | ACEITE,5894.600001999999,8.0,2.0,2.0,1.0,2947.3000009999996,2947.3000009999996,4610.410002,7,3,2022,11,3008.5,2895.8199999999997,1432.96,,2445.7599999999998,2840.4966666666664
2022-10,NAVE_CATEGORIA,NAVE_001 | ACEITE,589.443,10.0,3.0,3.0,2.0,196.481,225.225,300.0,10,4,2022,12,5894.600001999999,3008.5,2895.8199999999997,437.01,3932.973334,3689.311667
2022-12,NAVE_CATEGORIA,NAVE_001 | ACEITE,6267.900000000001,13.0,4.0,4.0,2.0,1566.9750000000001,771.53,4614.84,12,4,2022,13,589.443,5894.600001999999,3008.5,3398.9,3164.181000666666,2884.685500333333
2023-02,NAVE_CATEGORIA,NAVE_001 | ACEITE,9066.979983999998,34.0,6.0,6.0,1.0,1511.1633306666663,543.3900005,6135.519985,2,1,2023,14,6267.900000000001,589.443,5894.600001999999,90.0,4250.647667333334,3348.2038336666665
2023-03,NAVE_CATEGORIA,NAVE_001 | ACEITE,95.0,1.0,1.0,1.0,1.0,95.0,95.0,95.0,3,1,2023,15,9066.979983999998,6267.900000000001,589.443,4680.0,5308.1076613333325,4620.540497666666
2023-04,NAVE_CATEGORIA,NAVE_001 | ACEITE,358.98,6.0,1.0,1.0,1.0,358.98,358.98,358.98,4,2,2023,16,95.0,9066.979983999998,6267.900000000001,2348.8,5143.293328,4153.737164333333
2023-06,NAVE_CATEGORIA,NAVE_001 | ACEITE,658.13,11.0,1.0,1.0,1.0,658.13,658.13,658.13,6,2,2023,17,358.98,95.0,9066.979983999998,801.71,3173.653327999999,3712.150497666666
2023-07,NAVE_CATEGORIA,NAVE_001 | ACEITE,133.51,8.0,1.0,1.0,1.0,133.51,133.51,133.51,7,3,2023,18,658.13,358.98,95.0,5417.2,370.7033333333334,2839.405497333333
2023-08,NAVE_CATEGORIA,NAVE_001 | ACEITE,5641.77,37.0,6.0,6.0,1.0,940.2950000000001,596.3,3076.46,8,3,2023,19,133.51,658.13,358.98,3486.79,383.53999999999996,2763.416664
2024-11,NAVE_CATEGORIA,NAVE_001 | ACEITE,650.65,1.0,1.0,1.0,1.0,650.65,650.65,650.65,11,4,2024,20,5641.77,133.51,658.13,1432.96,2144.47,2659.0616639999994
2024-12,NAVE_CATEGORIA,NAVE_001 | ACEITE,1301.3,1.0,1.0,1.0,1.0,1301.3,1301.3,1301.3,12,4,2024,21,650.65,5641.77,133.51,2895.8199999999997,2141.9766666666665,1256.34
2025-02,NAVE_CATEGORIA,NAVE_001 | ACEITE,576.34,1.0,1.0,1.0,1.0,576.34,576.34,576.34,2,1,2025,22,1301.3,650.65,5641.77,3008.5,2531.24,1457.39
2025-03,NAVE_CATEGORIA,NAVE_001 | ACEITE,1446.06,2.0,1.0,1.0,1.0,1446.06,1446.06,1446.06,3,1,2025,23,576.34,1301.3,650.65,5894.600001999999,842.763333333333,1493.6166666666668
2025-05,NAVE_CATEGORIA,NAVE_001 | ACEITE,8460.550000000001,71.0,6.0,6.0,1.0,1410.091666666667,1495.4050000000002,2892.13,5,2,2025,24,1446.06,576.34,1301.3,589.443,1107.8999999999996,1624.9383333333333
2025-09,NAVE_CATEGORIA,NAVE_001 | ACEITE,4992.84,10.0,3.0,3.0,1.0,1664.28,1316.87,3496.55,9,3,2025,25,8460.550000000001,1446.06,576.34,6267.900000000001,3494.316666666667,3012.778333333333
2021-01,NAVE_CATEGORIA,NAVE_001 | FERRETERIA,1275.895002,150.0,27.0,25.0,6.0,47.255370444444445,18.3,294.056004,1,1,2021,0,,,,,,
2021-02,NAVE_CATEGORIA,NAVE_001 | FERRETERIA,5413.455182,1352.0,88.0,80.0,12.0,61.516536159090904,17.4,915.675,2,1,2021,1,1275.895002,,,,,
2021-03,NAVE_CATEGORIA,NAVE_001 | FERRETERIA,2986.6939700000003,330.0,29.0,27.0,10.0,102.98944724137932,24.0,885.388,3,1,2021,2,5413.455182,1275.895002,,,,
2021-04,NAVE_CATEGORIA,NAVE_001 | FERRETERIA,485.19,146.0,17.0,17.0,3.0,28.540588235294116,19.2,117.42,4,2,2021,3,2986.6939700000003,5413.455182,1275.895002,,3225.348051333333,
2021-05,NAVE_CATEGORIA,NAVE_001 | FERRETERIA,1499.692212,535.0,27.0,26.0,6.0,55.544155999999994,19.400004,408.0,5,2,2021,4,485.19,2986.6939700000003,5413.455182,,2961.7797173333333,
2021-06,NAVE_CATEGORIA,NAVE_001 | FERRETERIA,511.459998,87.0,11.0,11.0,2.0,46.49636345454545,18.0,264.0,6,2,2021,5,1499.692212,485.19,2986.6939700000003,,1657.192060666667,
2021-07,NAVE_CATEGORIA,NAVE_001 | FERRETERIA,2507.9611999999997,1218.0,32.0,31.0,10.0,78.37378749999999,20.9,519.0,7,3,2021,6,511.459998,1499.692212,485.19,,832.11407,2028.7310606666667
2021-08,NAVE_CATEGORIA,NAVE_001 | FERRETERIA,3954.9592979999998,486.1,48.0,38.0,9.0,82.39498537499999,22.529998,576.939999,8,3,2021,7,2507.9611999999997,511.459998,1499.692212,,1506.3711366666666,2234.075427
2021-09,NAVE_CATEGORIA,NAVE_001 | FERRETERIA,23631.817854,2673.0,45.0,44.0,14.0,525.1515078666666,111.06,2952.0,9,3,2021,8,3954.9592979999998,2507.9611999999997,511.459998,,2324.7934986666664,1990.9927796666664
2021-10,NAVE_CATEGORIA,NAVE_001 | FERRETERIA,155.44,52.0,8.0,8.0,2.0,19.43,10.395,75.0,10,4,2021,9,23631.817854,3954.9592979999998,2507.9611999999997,,10031.579450666666,5431.846760333333
2021-11,NAVE_CATEGORIA,NAVE_001 | FERRETERIA,599.0420999999999,682.0,16.0,16.0,7.0,37.44013124999999,14.875,180.0,11,4,2021,10,155.44,23631.817854,3954.9592979999998,,9247.405717333333,5376.888427
2021-12,NAVE_CATEGORIA,NAVE_001 | FERRETERIA,25563.0,1290.0,4.0,4.0,1.0,6390.75,455.0,24471.0,12,4,2021,11,599.0420999999999,155.44,23631.817854,,8128.766651333334,5226.780075
2022-01,NAVE_CATEGORIA,NAVE_001 | FERRETERIA,12463.584,111.0,13.0,13.0,3.0,958.7372307692308,212.208,9008.0,1,1,2022,12,25563.0,599.0420999999999,155.44,1275.895002,8772.494033333334,9402.036742
2022-02,NAVE_CATEGORIA,NAVE_001 | FERRETERIA,14065.613228000002,1592.0,54.0,51.0,12.0,260.47431903703705,111.8625,1490.4,2,1,2022,13,12463.584,25563.0,599.0420999999999,5413.455182,12875.208700000001,11061.307208666667
2022-03,NAVE_CATEGORIA,NAVE_001 | FERRETERIA,15737.487612,451.0,45.0,44.0,5.0,349.72194693333336,65.4,5481.304,3,1,2022,14,14065.613228000002,12463.584,25563.0,2986.6939700000003,17364.06574266667,12746.416197
2022-04,NAVE_CATEGORIA,NAVE_001 | FERRETERIA,28805.324948000005,9845.0,102.0,93.0,14.0,282.40514654901966,46.2,13000.0,4,2,2022,15,15737.487612,14065.613228000002,12463.584,485.19,14088.894946666667,11430.694490000002
2022-05,NAVE_CATEGORIA,NAVE_001 | FERRETERIA,10177.462520000001,3833.0,31.0,29.0,11.0,328.3052425806452,190.35,3000.0,5,2,2022,16,28805.324948000005,15737.487612,14065.613228000002,1499.692212,19536.141929333335,16205.675314666669
2022-06,NAVE_CATEGORIA,NAVE_001 | FERRETERIA,1199.5,9183.0,8.0,8.0,5.0,149.9375,150.0,352.2,6,2,2022,17,10177.462520000001,28805.324948000005,15737.487612,511.459998,18240.091693333336,17802.078718000004
2022-07,NAVE_CATEGORIA,NAVE_001 | FERRETERIA,3128.7399960000002,145.0,6.0,6.0,5.0,521.456666,182.76,2158.8,7,3,2022,18,1199.5,10177.462520000001,28805.324948000005,2507.9611999999997,13394.09582266667,13741.49538466667
2022-08,NAVE_CATEGORIA,NAVE_001 | FERRETERIA,661.54,422.0,22.0,22.0,5.0,30.069999999999997,10.471585,144.0,8,3,2022,19,3128.7399960000002,1199.5,10177.462520000001,3954.9592979999998,4835.234172,12185.68805066667
2022-09,NAVE_CATEGORIA,NAVE_001 | FERRETERIA,13007.5,4003.0,2.0,2.0,2.0,6503.75,6503.75,13000.0,9,3,2022,20,661.54,3128.7399960000002,1199.5,23631.817854,1663.2599986666667,9951.675846
2022-10,NAVE_CATEGORIA,NAVE_001 | FERRETERIA,4944.1937,547.0,34.0,34.0,6.0,145.41746176470588,31.185000000000002,1324.09,10,4,2022,21,13007.5,661.54,3128.7399960000002,155.44,5599.259998666667,9496.677910666667
2022-11,NAVE_CATEGORIA,NAVE_001 | FERRETERIA,1257.616,233.0,21.0,20.0,3.0,59.88647619047619,31.416,309.54,11,4,2022,22,4944.1937,13007.5,661.54,599.0420999999999,6204.411233333333,5519.822702666667
2022-12,NAVE_CATEGORIA,NAVE_001 | FERRETERIA,2459.8399910000003,12138.0,6.0,6.0,4.0,409.97333183333336,297.639995,1200.000001,12,4,2022,23,1257.616,4944.1937,13007.5,25563.0,6403.103233333332,4033.1816160000003
2023-01,NAVE_CATEGORIA,NAVE_001 | FERRETERIA,2497.7,828.0,5.0,5.0,3.0,499.53999999999996,300.0,1475.0,1,1,2023,24,2459.8399910000003,1257.616,4944.1937,12463.584,2887.216563666667,4243.238281166667
2023-02,NAVE_CATEGORIA,NAVE_001 | FERRETERIA,1233.28,109.0,3.0,3.0,3.0,411.0933333333333,429.0,719.28,2,1,2023,25,2497.7,2459.8399910000003,1257.616,14065.613228000002,2071.7186636666665,4138.0649485
2023-03,NAVE_CATEGORIA,NAVE_001 | FERRETERIA,4561.157956999999,557.0,53.0,52.0,7.0,86.05958409433961,18.0,746.13,3,1,2023,26,1233.28,2497.7,2459.8399910000003,15737.487612,2063.606663666667,4233.354948499999
2023-04,NAVE_CATEGORIA,NAVE_001 | FERRETERIA,408.7,150.0,4.0,4.0,1.0,102.175,26.6,350.0,4,2,2023,27,4561.157956999999,1233.28,2497.7,28805.324948000005,2764.045985666666,2825.6312746666663
2023-05,NAVE_CATEGORIA,NAVE_001 | FERRETERIA,3458.8605000000002,366.0,32.0,30.0,7.0,108.08939062500001,25.034,630.0,5,2,2023,28,408.7,4561.157956999999,1233.28,10177.462520000001,2067.712652333333,2069.715658
2023-06,NAVE_CATEGORIA,NAVE_001 | FERRETERIA,5228.130024,369.0,25.0,25.0,11.0,209.12520096,40.0,1446.489999,6,2,2023,29,3458.8605000000002,408.7,4561.157956999999,1199.5,2809.5728189999995,2436.589741333333
2023-07,NAVE_CATEGORIA,NAVE_001 | FERRETERIA,6345.940217,462.0,27.0,26.0,13.0,235.03482285185186,74.16,1269.530004,7,3,2023,30,5228.130024,3458.8605000000002,408.7,3128.7399960000002,3031.896841333333,2897.9714134999995
2023-08,NAVE_CATEGORIA,NAVE_001 | FERRETERIA,2075.829998,40.0,10.0,10.0,3.0,207.5829998,126.47999999999999,468.72,8,3,2023,31,6345.940217,5228.130024,3458.8605000000002,661.54,5010.976913666666,3539.344783
2023-09,NAVE_CATEGORIA,NAVE_001 | FERRETERIA,6455.973993999999,1279.0,57.0,55.0,6.0,113.26270164912279,31.2,2402.4,9,3,2023,32,2075.829998,6345.940217,5228.130024,13007.5,4549.9667463333335,3679.7697826666667
2023-11,NAVE_CATEGORIA,NAVE_001 | FERRETERIA,1082.59,44.0,6.0,6.0,3.0,180.43166666666664,186.0,334.775,11,4,2023,33,6455.973993999999,2075.829998,6345.940217,4944.1937,4959.248069666667,3995.5724555
2024-10,NAVE_CATEGORIA,NAVE_001 | FERRETERIA,189.67,42.0,2.0,2.0,1.0,94.835,94.835,170.17,10,4,2024,34,1082.59,6455.973993999999,2075.829998,1257.616,3204.797997333333,4107.8874555
2024-11,NAVE_CATEGORIA,NAVE_001 | FERRETERIA,3169.63,66.0,3.0,3.0,1.0,1056.5433333333333,124.73,2999.0,11,4,2024,35,189.67,1082.59,6455.973993999999,2459.8399910000003,2576.0779979999998,3563.022372166666
2025-02,NAVE_CATEGORIA,NAVE_001 | FERRETERIA,361.17,70.0,5.0,5.0,1.0,72.23400000000001,55.76,148.1,2,1,2025,36,3169.63,189.67,1082.59,2497.7,1480.6299999999999,3219.939034833333
2025-03,NAVE_CATEGORIA,NAVE_001 | FERRETERIA,17.25,10.0,1.0,1.0,1.0,17.25,17.25,17.25,3,1,2025,37,361.17,3169.63,189.67,1233.28,1240.1566666666665,2222.477332
2025-05,NAVE_CATEGORIA,NAVE_001 | FERRETERIA,3872.2099999999996,96.0,10.0,10.0,1.0,387.22099999999995,26.255,3625.94,5,2,2025,38,17.25,361.17,3169.63,4561.157956999999,1182.6833333333334,1879.3806656666666
2025-07,NAVE_CATEGORIA,NAVE_001 | FERRETERIA,44.64,16.0,2.0,2.0,1.0,22.32,22.32,23.63,7,3,2025,39,3872.2099999999996,17.25,361.17,408.7,1416.8766666666663,1448.7533333333333
2025-08,NAVE_CATEGORIA,NAVE_001 | FERRETERIA,568.76,90.0,4.0,4.0,1.0,142.19,82.06,372.85,8,3,2025,40,44.64,3872.2099999999996,17.25,3458.8605000000002,1311.3666666666666,1275.7616666666665
2021-02,NAVE_CATEGORIA,NAVE_001 | REPUESTOS MECANICOS,11247.47,211.0,6.0,6.0,4.0,1874.5783333333331,139.51,8216.21,2,1,2021,0,,,,,,
2021-03,NAVE_CATEGORIA,NAVE_001 | REPUESTOS MECANICOS,17.367,1.0,1.0,1.0,1.0,17.367,17.367,17.367,3,1,2021,1,11247.47,,,,,
2021-04,NAVE_CATEGORIA,NAVE_001 | REPUESTOS MECANICOS,15218.859999999999,202.0,4.0,4.0,3.0,3804.7149999999997,301.78,14580.0,4,2,2021,2,17.367,11247.47,,,,
2021-05,NAVE_CATEGORIA,NAVE_001 | REPUESTOS MECANICOS,887.39,3.0,2.0,2.0,2.0,443.695,443.695,490.0,5,2,2021,3,15218.859999999999,17.367,11247.47,,8827.899,
2021-06,NAVE_CATEGORIA,NAVE_001 | REPUESTOS MECANICOS,5698.4,12.0,3.0,3.0,1.0,1899.4666666666665,1824.0,2078.4,6,2,2021,4,887.39,15218.859999999999,17.367,,5374.539,
2021-07,NAVE_CATEGORIA,NAVE_001 | REPUESTOS MECANICOS,8192.8765,49.0,5.0,4.0,5.0,1638.5753,2200.0,3440.43,7,3,2021,5,5698.4,887.39,15218.859999999999,,7268.216666666666,
2021-08,NAVE_CATEGORIA,NAVE_001 | REPUESTOS MECANICOS,216275.0013,47.0,14.0,10.0,6.0,15448.214378571429,8798.0,62594.0,8,3,2021,6,8192.8765,5698.4,887.39,,4926.222166666667,6877.060583333333
2021-09,NAVE_CATEGORIA,NAVE_001 | REPUESTOS MECANICOS,14027.638474,36.0,10.0,10.0,2.0,1402.7638474,1101.74,3147.739113,9,3,2021,7,216275.0013,8192.8765,5698.4,,76722.0926,41048.315800000004
2021-11,NAVE_CATEGORIA,NAVE_001 | REPUESTOS MECANICOS,633.0669999999999,8.0,5.0,5.0,3.0,126.61339999999998,17.0,459.069,11,4,2021,8,14027.638474,216275.0013,8192.8765,,79498.50542466667,43383.36104566667
2021-12,NAVE_CATEGORIA,NAVE_001 | REPUESTOS MECANICOS,1316.7,2.0,1.0,1.0,1.0,1316.7,1316.7,1316.7,12,4,2021,9,633.0669999999999,14027.638474,216275.0013,,76978.56892466666,40952.395545666666
2022-01,NAVE_CATEGORIA,NAVE_001 | REPUESTOS MECANICOS,48049.53892000001,107.0,27.0,27.0,3.0,1779.6125525925931,308.0,9700.0,1,1,2022,10,1316.7,633.0669999999999,14027.638474,,5325.801824666666,41023.94721233333
2022-03,NAVE_CATEGORIA,NAVE_001 | REPUESTOS MECANICOS,13070.230000000001,5.0,4.0,4.0,2.0,3267.5575000000003,1791.555,9400.0,3,1,2022,11,48049.53892000001,1316.7,633.0669999999999,,16666.43530666667,48082.47036566667
2022-04,NAVE_CATEGORIA,NAVE_001 | REPUESTOS MECANICOS,25747.589996000002,191.0,20.0,20.0,4.0,1287.3794998,575.9,4778.019996,4,2,2022,12,13070.230000000001,48049.53892000001,1316.7,11247.47,20812.15630666667,48895.36261566667
2022-05,NAVE_CATEGORIA,NAVE_001 | REPUESTOS MECANICOS,17532.5573,188.0,25.0,25.0,3.0,701.302292,157.5468,3800.0,5,2,2022,13,25747.589996000002,13070.230000000001,48049.53892000001,17.367,28955.786305333342,17140.794065000006
2022-06,NAVE_CATEGORIA,NAVE_001 | REPUESTOS MECANICOS,7481.54,3.0,2.0,2.0,2.0,3740.77,3740.77,7039.58,6,2,2022,14,17532.5573,25747.589996000002,13070.230000000001,15218.859999999999,18783.45909866667,17724.947202666666
2022-07,NAVE_CATEGORIA,NAVE_001 | REPUESTOS MECANICOS,182.380001,14.0,1.0,1.0,1.0,182.380001,182.380001,182.380001,7,3,2022,15,7481.54,17532.5573,25747.589996000002,887.39,16920.562432000002,18866.359369333335
2022-08,NAVE_CATEGORIA,NAVE_001 | REPUESTOS MECANICOS,365.625,2.0,1.0,1.0,1.0,365.625,365.625,365.625,8,3,2022,16,182.380001,7481.54,17532.5573,5698.4,8398.825767,18677.30603616667
2022-10,NAVE_CATEGORIA,NAVE_001 | REPUESTOS MECANICOS,3.465,1.0,1.0,1.0,1.0,3.465,3.465,3.465,10,4,2022,17,365.625,182.380001,7481.54,8192.8765,2676.5150003333333,10729.987049500001
2022-11,NAVE_CATEGORIA,NAVE_001 | REPUESTOS MECANICOS,3614.7804,14.0,1.0,1.0,1.0,3614.7804,3614.7804,3614.7804,11,4,2022,18,3.465,365.625,182.380001,216275.0013,183.82333366666668,8552.192882833335
2022-12,NAVE_CATEGORIA,NAVE_001 | REPUESTOS MECANICOS,81508.63000000002,9.0,5.0,3.0,2.0,16301.726000000004,459.57,80000.0,12,4,2022,19,3614.7804,3.465,365.625,14027.638474,1327.9568000000002,4863.3912835
2023-03,NAVE_CATEGORIA,NAVE_001 | REPUESTOS MECANICOS,18005.708,5.0,4.0,4.0,2.0,4501.427,4045.0,9900.0,3,1,2023,20,81508.63000000002,3614.7804,3.465,633.0669999999999,28375.62513333334,15526.070066833336
2023-06,NAVE_CATEGORIA,NAVE_001 | REPUESTOS MECANICOS,13115.015999999996,213.0,11.0,11.0,5.0,1192.2741818181814,1358.9,2937.0,6,2,2023,21,18005.708,81508.63000000002,3614.7804,1316.7,34376.372800000005,17280.09806683334
2023-07,NAVE_CATEGORIA,NAVE_001 | REPUESTOS MECANICOS,40768.48599999999,653.0,84.0,83.0,3.0,485.3391190476189,188.106,3696.636,7,3,2023,22,13115.015999999996,18005.708,81508.63000000002,48049.53892000001,37543.11800000001,19435.5374
2023-08,NAVE_CATEGORIA,NAVE_001 | REPUESTOS MECANICOS,111285.4,9.0,4.0,4.0,3.0,27821.35,213.0,110827.0,8,3,2023,23,40768.48599999999,13115.015999999996,18005.708,13070.230000000001,23963.069999999996,26169.347566666667
2023-09,NAVE_CATEGORIA,NAVE_001 | REPUESTOS MECANICOS,4161.080001,21.0,6.0,6.0,4.0,693.5133335,247.89499999999998,3153.740001,9,3,2023,24,111285.4,40768.48599999999,13115.015999999996,25747.589996000002,55056.30066666667,44716.33673333334
2023-10,NAVE_CATEGORIA,NAVE_001 | REPUESTOS MECANICOS,36664.99999999999,609.0,79.0,79.0,1.0,464.1139240506328,177.36,3869.4,10,4,2023,25,4161.080001,111285.4,40768.48599999999,17532.5573,52071.65533366666,44807.386666833336
2023-11,NAVE_CATEGORIA,NAVE_001 | REPUESTOS MECANICOS,34844.330052000005,530.0,69.0,69.0,1.0,504.9902906086957,196.18,4100.020002,11,4,2023,26,36664.99999999999,4161.080001,111285.4,7481.54,50703.826666999994,37333.4483335
2024-10,NAVE_CATEGORIA,NAVE_001 | REPUESTOS MECANICOS,17198.99,1092.0,33.0,33.0,1.0,521.1815151515152,257.58,4107.81,10,4,2024,27,34844.330052000005,36664.99999999999,4161.080001,182.380001,25223.47001766667,40139.885342166664
2025-02,NAVE_CATEGORIA,NAVE_001 | REPUESTOS MECANICOS,7704.6900000000005,15.0,5.0,5.0,1.0,1540.938,1281.21,3432.77,2,1,2025,28,17198.99,34844.330052000005,36664.99999999999,365.625,29569.44001733334,40820.5476755
2025-05,NAVE_CATEGORIA,NAVE_001 | REPUESTOS MECANICOS,13349.500000000002,14.0,5.0,5.0,1.0,2669.9000000000005,2753.42,3497.97,5,2,2025,29,7704.6900000000005,17198.99,34844.330052000005,3.465,19916.003350666673,35309.91500883333
2025-06,NAVE_CATEGORIA,NAVE_001 | REPUESTOS MECANICOS,42308.59,874.0,163.0,161.0,1.0,259.56190184049075,50.05,5046.14,6,2,2025,30,13349.500000000002,7704.6900000000005,17198.99,3614.7804,12751.060000000007,18987.265008833336
2025-08,NAVE_CATEGORIA,NAVE_001 | REPUESTOS MECANICOS,118049.23000000001,1001.0,155.0,104.0,1.0,761.6079354838711,89.34,19587.15,8,3,2025,31,42308.59,13349.500000000002,7704.6900000000005,81508.63000000002,21120.92666666667,25345.183342000004
2025-09,NAVE_CATEGORIA,NAVE_001 | REPUESTOS MECANICOS,5390.0,1.0,1.0,1.0,1.0,5390.0,5390.0,5390.0,9,3,2025,32,118049.23000000001,42308.59,13349.500000000002,18005.708,57902.44,38909.221675333334
2021-01,NAVE_CATEGORIA,NAVE_001 | SERVICIOS DE MANTENIMIENTO,6927.65,11.0,11.0,2.0,5.0,629.7863636363636,483.75,1800.0,1,1,2021,0,,,,,,
2021-02,NAVE_CATEGORIA,NAVE_001 | SERVICIOS DE MANTENIMIENTO,15656.0,14.0,14.0,3.0,10.0,1118.2857142857142,437.5,5900.0,2,1,2021,1,6927.65,,,,,
2021-03,NAVE_CATEGORIA,NAVE_001 | SERVICIOS DE MANTENIMIENTO,5819.68,10.0,10.0,3.0,8.0,581.9680000000001,174.15,3700.0,3,1,2021,2,15656.0,6927.65,,,,
2021-04,NAVE_CATEGORIA,NAVE_001 | SERVICIOS DE MANTENIMIENTO,5543.07,7.0,7.0,3.0,6.0,791.8671428571428,600.0,2540.0,4,2,2021,3,5819.68,15656.0,6927.65,,9467.776666666667,
2021-05,NAVE_CATEGORIA,NAVE_001 | SERVICIOS DE MANTENIMIENTO,8765.0,5.0,5.0,1.0,5.0,1753.0,980.0,3201.0,5,2,2021,4,5543.07,5819.68,15656.0,,9006.25,
2021-06,NAVE_CATEGORIA,NAVE_001 | SERVICIOS DE MANTENIMIENTO,7530.0,3.0,3.0,2.0,2.0,2510.0,200.0,7210.0,6,2,2021,5,8765.0,5543.07,5819.68,,6709.25,
2021-07,NAVE_CATEGORIA,NAVE_001 | SERVICIOS DE MANTENIMIENTO,8877.759999999998,9.0,9.0,2.0,9.0,986.4177777777776,800.0,2140.0,7,3,2021,6,7530.0,8765.0,5543.07,,7279.356666666667,8373.566666666668
2021-08,NAVE_CATEGORIA,NAVE_001 | SERVICIOS DE MANTENIMIENTO,1259.86,6.0,6.0,2.0,5.0,209.97666666666666,145.8,600.0,8,3,2021,7,8877.759999999998,7530.0,8765.0,,8390.92,8698.585
2021-09,NAVE_CATEGORIA,NAVE_001 | SERVICIOS DE MANTENIMIENTO,14268.98,18.0,18.0,3.0,7.0,792.7211111111111,789.8399999999999,2225.2,9,3,2021,8,1259.86,8877.759999999998,7530.0,,5889.206666666666,6299.228333333333
2021-10,NAVE_CATEGORIA,NAVE_001 | SERVICIOS DE MANTENIMIENTO,6590.47,12.0,12.0,4.0,11.0,549.2058333333333,425.0,1600.0,10,4,2021,9,14268.98,1259.86,8877.759999999998,,8135.533333333333,7707.445
2021-11,NAVE_CATEGORIA,NAVE_001 | SERVICIOS DE MANTENIMIENTO,3227.7699999999995,5.0,5.0,3.0,3.0,645.5539999999999,167.5,2584.43,11,4,2021,10,6590.47,14268.98,1259.86,,7373.1033333333335,7882.011666666666
2021-12,NAVE_CATEGORIA,NAVE_001 | SERVICIOS DE MANTENIMIENTO,24605.92,16.0,16.0,2.0,7.0,1537.87,1367.5,3900.0,12,4,2021,11,3227.7699999999995,6590.47,14268.98,,8029.073333333334,6959.139999999999
2022-01,NAVE_CATEGORIA,NAVE_001 | SERVICIOS DE MANTENIMIENTO,24978.66,8.0,8.0,2.0,6.0,3122.3325,205.5,23111.6,1,1,2022,12,24605.92,3227.7699999999995,6590.47,6927.65,11474.720000000001,9805.126666666665
2022-02,NAVE_CATEGORIA,NAVE_001 | SERVICIOS DE MANTENIMIENTO,12486.66,15.0,15.0,2.0,8.0,832.444,250.0,4500.0,2,1,2022,13,24978.66,24605.92,3227.7699999999995,15656.0,17604.116666666665,12488.61
2022-03,NAVE_CATEGORIA,NAVE_001 | SERVICIOS DE MANTENIMIENTO,25424.036,18.0,18.0,3.0,12.0,1412.4464444444445,791.6665,4950.0,3,1,2022,14,12486.66,24978.66,24605.92,5819.68,20690.413333333334,14359.743333333332
2022-04,NAVE_CATEGORIA,NAVE_001 | SERVICIOS DE MANTENIMIENTO,45831.740000000005,29.0,29.0,4.0,15.0,1580.4048275862071,450.0,6955.2,4,2,2022,15,25424.036,12486.66,24978.66,5543.07,20963.118666666665,16218.919333333333
2022-05,NAVE_CATEGORIA,NAVE_001 | SERVICIOS DE MANTENIMIENTO,135241.99000000002,38.0,38.0,4.0,19.0,3558.999736842106,2555.065,12200.0,5,2,2022,16,45831.740000000005,25424.036,12486.66,8765.0,27914.145333333334,22759.131000000005
2022-06,NAVE_CATEGORIA,NAVE_001 | SERVICIOS DE MANTENIMIENTO,20848.905,17.0,17.0,4.0,10.0,1226.4061764705882,850.0,5608.0,6,2,2022,17,135241.99000000002,45831.740000000005,25424.036,7530.0,68832.58866666668,44761.501
2022-07,NAVE_CATEGORIA,NAVE_001 | SERVICIOS DE MANTENIMIENTO,30681.500007,30.0,29.0,4.0,10.0,1057.982758862069,900.0,6400.0,7,3,2022,18,20848.905,135241.99000000002,45831.740000000005,8877.759999999998,67307.54500000001,44135.33183333334
2022-08,NAVE_CATEGORIA,NAVE_001 | SERVICIOS DE MANTENIMIENTO,46869.2748,11.0,11.0,2.0,8.0,4260.843163636364,1700.0,15500.0,8,3,2022,19,30681.500007,20848.905,135241.99000000002,1259.86,62257.46500233334,45085.805167833336
2022-09,NAVE_CATEGORIA,NAVE_001 | SERVICIOS DE MANTENIMIENTO,2197.68,7.0,7.0,2.0,4.0,313.9542857142857,150.0,900.0,9,3,2022,20,46869.2748,30681.500007,20848.905,14268.98,32799.893269,50816.24096783333
2022-10,NAVE_CATEGORIA,NAVE_001 | SERVICIOS DE MANTENIMIENTO,145.5,1.0,1.0,1.0,1.0,145.5,145.5,145.5,10,4,2022,21,2197.68,46869.2748,30681.500007,6590.47,26582.818268999996,46945.18163449999
2022-11,NAVE_CATEGORIA,NAVE_001 | SERVICIOS DE MANTENIMIENTO,20386.01,19.0,19.0,1.0,3.0,1072.947894736842,350.0,9570.0,11,4,2022,22,145.5,2197.68,46869.2748,3227.7699999999995,16404.1516,39330.80830116667
2023-01,NAVE_CATEGORIA,NAVE_001 | SERVICIOS DE MANTENIMIENTO,5546.030000000001,2.0,2.0,1.0,2.0,2773.0150000000003,2773.0150000000003,2915.8,1,1,2023,23,20386.01,145.5,2197.68,24605.92,7576.3966666666665,20188.144967833334
2023-02,NAVE_CATEGORIA,NAVE_001 | SERVICIOS DE MANTENIMIENTO,21845.6,8.0,8.0,1.0,4.0,2730.7,1885.0,7854.0,2,1,2023,24,5546.030000000001,20386.01,145.5,24978.66,8692.513333333334,17637.665801166666
2023-03,NAVE_CATEGORIA,NAVE_001 | SERVICIOS DE MANTENIMIENTO,44017.5,6.0,6.0,2.0,3.0,7336.25,6258.75,15980.0,3,1,2023,25,21845.6,5546.030000000001,20386.01,12486.66,15925.88,16165.0158
2023-04,NAVE_CATEGORIA,NAVE_001 | SERVICIOS DE MANTENIMIENTO,186312.92,1.0,1.0,1.0,1.0,186312.92,186312.92,186312.92,4,2,2023,26,44017.5,21845.6,5546.030000000001,25424.036,23803.043333333335,15689.720000000001
2023-05,NAVE_CATEGORIA,NAVE_001 | SERVICIOS DE MANTENIMIENTO,3976.51,4.0,4.0,2.0,4.0,994.1275,488.255,2900.0,5,2,2023,27,186312.92,44017.5,21845.6,45831.740000000005,84058.67333333334,46375.593333333345
2023-06,NAVE_CATEGORIA,NAVE_001 | SERVICIOS DE MANTENIMIENTO,5471.45,4.0,4.0,2.0,3.0,1367.8625,1344.25,2700.0,6,2,2023,28,3976.51,186312.92,44017.5,135241.99000000002,78102.31000000001,47014.095
2023-07,NAVE_CATEGORIA,NAVE_001 | SERVICIOS DE MANTENIMIENTO,64767.733329,21.0,21.0,4.0,14.0,3084.1777775714286,1200.0,19000.0,7,3,2023,29,5471.45,3976.51,186312.92,20848.905,65253.62666666667,44528.335
2023-08,NAVE_CATEGORIA,NAVE_001 | SERVICIOS DE MANTENIMIENTO,50965.14,21.0,21.0,3.0,8.0,2426.9114285714286,927.0,29000.0,8,3,2023,30,64767.733329,5471.45,3976.51,30681.500007,24738.564443,54398.618888166675
2023-09,NAVE_CATEGORIA,NAVE_001 | SERVICIOS DE MANTENIMIENTO,17890.85,17.0,17.0,4.0,10.0,1052.4029411764704,520.0,4185.6,9,3,2023,31,50965.14,64767.733329,5471.45,46869.2748,40401.441109666666,59251.875554833336
2023-10,NAVE_CATEGORIA,NAVE_001 | SERVICIOS DE MANTENIMIENTO,5882.74,11.0,11.0,2.0,9.0,534.7945454545454,260.0,1366.0,10,4,2023,32,17890.85,50965.14,64767.733329,2197.68,44541.24110966667,54897.43388816668
2023-11,NAVE_CATEGORIA,NAVE_001 | SERVICIOS DE MANTENIMIENTO,4054.52,5.0,5.0,2.0,5.0,810.904,712.0,1600.0,11,4,2023,33,5882.74,17890.85,50965.14,145.5,24912.91,24825.737221500003
2023-12,NAVE_CATEGORIA,NAVE_001 | SERVICIOS DE MANTENIMIENTO,296658.86,9.0,9.0,2.0,6.0,32962.095555555556,2250.0,274364.2,12,4,2023,34,4054.52,5882.74,17890.85,20386.01,9276.036666666665,24838.738888166667
2024-01,NAVE_CATEGORIA,NAVE_001 | SERVICIOS DE MANTENIMIENTO,3862.1199999999994,21.0,5.0,1.0,5.0,772.4239999999999,463.6,1754.99,1,1,2024,35,296658.86,4054.52,5882.74,5546.030000000001,102198.70666666667,73369.97388816667
2024-02,NAVE_CATEGORIA,NAVE_001 | SERVICIOS DE MANTENIMIENTO,4875.0,1.0,1.0,1.0,1.0,4875.0,4875.0,4875.0,2,1,2024,36,3862.1199999999994,296658.86,4054.52,21845.6,101525.16666666667,63219.03833333333
2024-03,NAVE_CATEGORIA,NAVE_001 | SERVICIOS DE MANTENIMIENTO,6743.26,6.0,6.0,1.0,4.0,1123.8766666666668,771.13,3500.0,3,1,2024,37,4875.0,3862.1199999999994,296658.86,44017.5,101798.65999999999,55537.34833333333
2024-04,NAVE_CATEGORIA,NAVE_001 | SERVICIOS DE MANTENIMIENTO,1377.6,2.0,2.0,1.0,2.0,688.8,688.8,1095.0,4,2,2024,38,6743.26,4875.0,3862.1199999999994,186312.92,5160.126666666666,53679.416666666664
2024-06,NAVE_CATEGORIA,NAVE_001 | SERVICIOS DE MANTENIMIENTO,9587.119999999999,9.0,9.0,1.0,4.0,1065.2355555555555,600.0,4167.12,6,2,2024,39,1377.6,6743.26,4875.0,3976.51,4331.953333333334,52928.56
2024-07,NAVE_CATEGORIA,NAVE_001 | SERVICIOS DE MANTENIMIENTO,3057.15,3.0,3.0,1.0,2.0,1019.0500000000001,417.15,2600.0,7,3,2024,40,9587.119999999999,1377.6,6743.26,5471.45,5902.66,53850.659999999996
2024-08,NAVE_CATEGORIA,NAVE_001 | SERVICIOS DE MANTENIMIENTO,305.08,1.0,1.0,1.0,1.0,305.08,305.08,305.08,8,3,2024,41,3057.15,9587.119999999999,1377.6,64767.733329,4673.956666666666,4917.041666666667
2024-09,NAVE_CATEGORIA,NAVE_001 | SERVICIOS DE MANTENIMIENTO,6142.1,4.0,4.0,1.0,4.0,1535.525,1222.05,3500.0,9,3,2024,42,305.08,3057.15,9587.119999999999,50965.14,4316.45,4324.201666666667
2024-10,NAVE_CATEGORIA,NAVE_001 | SERVICIOS DE MANTENIMIENTO,10385.0,7.0,7.0,1.0,7.0,1483.5714285714287,1233.0,3000.0,10,4,2024,43,6142.1,305.08,3057.15,17890.85,3168.1100000000006,4535.385
2024-11,NAVE_CATEGORIA,NAVE_001 | SERVICIOS DE MANTENIMIENTO,15355.89,10.0,10.0,1.0,6.0,1535.589,567.5,4813.6,11,4,2024,44,10385.0,6142.1,305.08,5882.74,5610.7266666666665,5142.341666666667
2024-12,NAVE_CATEGORIA,NAVE_001 | SERVICIOS DE MANTENIMIENTO,9797.76,8.0,8.0,1.0,5.0,1224.72,931.38,3045.0,12,4,2024,45,15355.89,10385.0,6142.1,4054.52,10627.663333333332,7472.056666666666
2025-01,NAVE_CATEGORIA,NAVE_001 | SERVICIOS DE MANTENIMIENTO,9742.0,8.0,8.0,1.0,7.0,1217.75,923.5,3700.0,1,1,2025,46,9797.76,15355.89,10385.0,296658.86,11846.216666666667,7507.163333333334
2025-02,NAVE_CATEGORIA,NAVE_001 | SERVICIOS DE MANTENIMIENTO,12883.0,14.0,14.0,1.0,8.0,920.2142857142857,660.0,2140.0,2,1,2025,47,9742.0,9797.76,15355.89,3862.1199999999994,11631.883333333333,8621.305
2025-03,NAVE_CATEGORIA,NAVE_001 | SERVICIOS DE MANTENIMIENTO,36640.74,6.0,6.0,1.0,5.0,6106.79,1126.82,31250.0,3,1,2025,48,12883.0,9742.0,9797.76,4875.0,10807.586666666668,10717.625
2025-04,NAVE_CATEGORIA,NAVE_001 | SERVICIOS DE MANTENIMIENTO,38266.56,9.0,9.0,1.0,6.0,4251.84,3366.0,10857.0,4,2,2025,49,36640.74,12883.0,9742.0,6743.26,19755.246666666666,15800.731666666667
2025-05,NAVE_CATEGORIA,NAVE_001 | SERVICIOS DE MANTENIMIENTO,45296.44,24.0,24.0,1.0,13.0,1887.3516666666667,1405.5549999999998,10500.09,5,2,2025,50,38266.56,36640.74,12883.0,1377.6,29263.43333333333,20447.658333333333
2025-06,NAVE_CATEGORIA,NAVE_001 | SERVICIOS DE MANTENIMIENTO,293273.34,68.0,68.0,1.0,31.0,4312.843235294118,2520.2349999999997,30899.78,6,2,2025,51,45296.44,38266.56,36640.74,9587.119999999999,40067.91333333333,25437.75
2025-07,NAVE_CATEGORIA,NAVE_001 | SERVICIOS DE MANTENIMIENTO,1031998.8499999999,32.0,32.0,1.0,19.0,32249.964062499996,1757.5,745508.82,7,3,2025,52,293273.34,45296.44,38266.56,3057.15,125612.11333333334,72683.68000000001
2025-08,NAVE_CATEGORIA,NAVE_001 | SERVICIOS DE MANTENIMIENTO,30236.75,17.0,17.0,1.0,10.0,1778.6323529411766,1120.0,6314.0,8,3,2025,53,1031998.8499999999,293273.34,45296.44,305.08,456856.20999999996,243059.82166666666
2025-09,NAVE_CATEGORIA,NAVE_001 | SERVICIOS DE MANTENIMIENTO,4637.45,4.0,4.0,1.0,3.0,1159.3625,625.6,3280.0,9,3,2025,54,30236.75,1031998.8499999999,293273.34,6142.1,451836.3133333333,245952.1133333333
2021-01,NAVE_CATEGORIA,NAVE_002 | FERRETERIA,2199.6809000000007,192.0,26.0,26.0,6.0,84.60311153846156,15.0,669.6429,1,1,2021,0,,,,,,
2021-02,NAVE_CATEGORIA,NAVE_002 | FERRETERIA,2337.9199999999996,944.0,21.0,21.0,6.0,111.32952380952379,90.0,297.4,2,1,2021,1,2199.6809000000007,,,,,
2021-03,NAVE_CATEGORIA,NAVE_002 | FERRETERIA,5164.072207,550.0,33.0,33.0,8.0,156.48703657575757,21.0,1065.48,3,1,2021,2,2337.9199999999996,2199.6809000000007,,,,
2021-04,NAVE_CATEGORIA,NAVE_002 | FERRETERIA,5843.526404,1909.0,88.0,85.0,12.0,66.40370913636364,38.59,424.8,4,2,2021,3,5164.072207,2337.9199999999996,2199.6809000000007,,3233.891035666667,
2021-05,NAVE_CATEGORIA,NAVE_002 | FERRETERIA,47606.934368,4157.42,160.0,137.0,14.0,297.5433398,88.41,6111.0,5,2,2021,4,5843.526404,5164.072207,2337.9199999999996,,4448.506203666667,
2021-06,NAVE_CATEGORIA,NAVE_002 | FERRETERIA,31598.3128,3342.0,59.0,55.0,11.0,535.5646237288136,64.0,7440.0,6,2,2021,5,47606.934368,5843.526404,5164.072207,,19538.177659666668,
2021-07,NAVE_CATEGORIA,NAVE_002 | FERRETERIA,6519.917,1018.0,40.0,40.0,9.0,162.997925,35.478,2133.0,7,3,2021,6,31598.3128,47606.934368,5843.526404,,28349.59119066667,15791.741113166667
2021-08,NAVE_CATEGORIA,NAVE_002 | FERRETERIA,2272.2468,362.0,45.0,36.0,8.0,50.49437333333333,24.0,361.6,8,3,2021,7,6519.917,31598.3128,47606.934368,,28575.054722666668,16511.780463166666
2021-09,NAVE_CATEGORIA,NAVE_002 | FERRETERIA,4638.46,527.0,39.0,37.0,6.0,118.9348717948718,11.5,2388.0,9,3,2021,8,2272.2468,6519.917,31598.3128,,13463.4922,16500.83492983333
2021-10,NAVE_CATEGORIA,NAVE_002 | FERRETERIA,3365.5667920000005,343.0,18.0,18.0,5.0,186.9759328888889,41.657,1935.0,10,4,2021,9,4638.46,2272.2468,6519.917,,4476.8746,16413.232895333334
2021-11,NAVE_CATEGORIA,NAVE_002 | FERRETERIA,691.16,300.0,18.0,18.0,2.0,38.397777777777776,20.1,236.62,11,4,2021,10,3365.5667920000005,4638.46,2272.2468,,3425.424530666667,16000.239626666667
2021-12,NAVE_CATEGORIA,NAVE_002 | FERRETERIA,2214.6149499999997,556.0,50.0,49.0,6.0,44.29229899999999,21.125,178.5,12,4,2021,11,691.16,3365.5667920000005,4638.46,,2898.3955973333336,8180.943898666667
2022-01,NAVE_CATEGORIA,NAVE_002 | FERRETERIA,13434.4826,112.0,16.0,16.0,6.0,839.6551625,132.6105,5398.75,1,1,2022,12,2214.6149499999997,691.16,3365.5667920000005,2199.6809000000007,2090.4472473333335,3283.660923666667
2022-02,NAVE_CATEGORIA,NAVE_002 | FERRETERIA,3268.05,361.0,21.0,21.0,5.0,155.62142857142857,75.0,922.5,2,1,2022,13,13434.4826,2214.6149499999997,691.16,2337.9199999999996,5446.752516666666,4436.088523666666
2022-03,NAVE_CATEGORIA,NAVE_002 | FERRETERIA,3428.25,418.0,42.0,40.0,3.0,81.625,26.25,1440.0,3,1,2022,14,3268.05,13434.4826,2214.6149499999997,5164.072207,6305.71585,4602.055723666666
2022-04,NAVE_CATEGORIA,NAVE_002 | FERRETERIA,3848.2428,919.0,57.0,55.0,11.0,67.51303157894736,16.401,1040.0,4,2,2022,15,3428.25,3268.05,13434.4826,5843.526404,6710.2608666666665,4400.354057
2022-05,NAVE_CATEGORIA,NAVE_002 | FERRETERIA,854.6740000000001,88.0,6.0,6.0,4.0,142.44566666666668,72.07499999999999,510.0,5,2,2022,16,3848.2428,3428.25,3268.05,47606.934368,3514.8475999999996,4480.800058333333
2022-06,NAVE_CATEGORIA,NAVE_002 | FERRETERIA,3355.400002,1002.0,38.0,36.0,6.0,88.30000005263157,24.0,1641.4,6,2,2022,17,854.6740000000001,3848.2428,3428.25,31598.3128,2710.388933333333,4508.052391666666
2022-07,NAVE_CATEGORIA,NAVE_002 | FERRETERIA,1521.1649999999997,415.0,21.0,21.0,4.0,72.43642857142856,14.0,858.26,7,3,2022,18,3355.400002,854.6740000000001,3848.2428,6519.917,2686.1056006666663,4698.183233666666
2022-08,NAVE_CATEGORIA,NAVE_002 | FERRETERIA,1482.6395,206.0,19.0,19.0,2.0,78.03365789473685,35.574,522.0,8,3,2022,19,1521.1649999999997,3355.400002,854.6740000000001,2272.2468,1910.4130006666664,2712.6303003333333
2022-09,NAVE_CATEGORIA,NAVE_002 | FERRETERIA,3404.704508,1269.0,33.0,33.0,6.0,103.17286387878788,57.0,367.9,9,3,2022,20,1482.6395,1521.1649999999997,3355.400002,4638.46,2119.734834,2415.0618836666667
2022-10,NAVE_CATEGORIA,NAVE_002 | FERRETERIA,2040.68,54.0,6.0,6.0,4.0,340.11333333333334,153.82,957.84,10,4,2022,21,3404.704508,1482.6395,1521.1649999999997,3365.5667920000005,2136.169669333333,2411.1376349999996
2022-11,NAVE_CATEGORIA,NAVE_002 | FERRETERIA,5956.2304619999995,736.0,49.0,49.0,8.0,121.5557237142857,27.258,1252.56,11,4,2022,22,2040.68,3404.704508,1482.6395,691.16,2309.341336,2109.877168333333
2022-12,NAVE_CATEGORIA,NAVE_002 | FERRETERIA,1320.5894,507.0,19.0,19.0,4.0,69.5047052631579,25.5024,455.84,12,4,2022,23,5956.2304619999995,2040.68,3404.704508,2214.6149499999997,3800.5383233333328,2960.1365786666665
2023-01,NAVE_CATEGORIA,NAVE_002 | FERRETERIA,4043.389029,504.0,26.0,26.0,8.0,155.51496265384614,73.405,1178.442423,1,1,2023,24,1320.5894,5956.2304619999995,2040.68,13434.4826,3105.8332873333334,2621.001478333333
2023-02,NAVE_CATEGORIA,NAVE_002 | FERRETERIA,7253.279077,1081.0,59.0,58.0,8.0,122.93693350847458,28.0,890.0,2,1,2023,25,4043.389029,1320.5894,5956.2304619999995,3268.05,3773.402963666666,3041.372149833333
2023-03,NAVE_CATEGORIA,NAVE_002 | FERRETERIA,2624.566698,163.0,18.0,18.0,5.0,145.809261,126.47999999999999,413.92,3,1,2023,26,7253.279077,4043.389029,1320.5894,3428.25,4205.752502,4003.1454126666663
2023-04,NAVE_CATEGORIA,NAVE_002 | FERRETERIA,9401.501887999999,918.0,35.0,34.0,8.0,268.6143396571428,18.0,7880.0,4,2,2023,27,2624.566698,7253.279077,4043.389029,3848.2428,4640.411601333333,3873.1224443333335
2023-05,NAVE_CATEGORIA,NAVE_002 | FERRETERIA,6856.690404,2563.0,31.0,31.0,5.0,221.18356141935485,115.114,1085.7,5,2,2023,28,9401.501887999999,2624.566698,7253.279077,854.6740000000001,6426.449221,5099.926092333333
2023-06,NAVE_CATEGORIA,NAVE_002 | FERRETERIA,104421.47529999999,314.0,33.0,33.0,8.0,3164.28713030303,31.219998,102500.0,6,2,2023,29,6856.690404,9401.501887999999,2624.566698,3355.400002,6294.252996666666,5250.002749333334
2023-07,NAVE_CATEGORIA,NAVE_002 | FERRETERIA,3164.2684999999997,323.0,30.0,30.0,6.0,105.47561666666665,17.2575,1448.37,7,3,2023,30,104421.47529999999,6856.690404,9401.501887999999,1521.1649999999997,40226.555863999994,22433.483732666664
2023-08,NAVE_CATEGORIA,NAVE_002 | FERRETERIA,6433.5999999999985,162.0,22.0,21.0,5.0,292.4363636363636,42.75,4996.16,8,3,2023,31,3164.2684999999997,104421.47529999999,6856.690404,1482.6395,38147.478068,22286.963644499996
2023-09,NAVE_CATEGORIA,NAVE_002 | FERRETERIA,7732.989976,450.0,13.0,12.0,4.0,594.8453827692308,308.24,3869.649984,9,3,2023,32,6433.5999999999985,3164.2684999999997,104421.47529999999,3404.704508,38006.44793333333,22150.350465
2023-10,NAVE_CATEGORIA,NAVE_002 | FERRETERIA,7310.9955039999995,2465.0,70.0,68.0,8.0,104.4427929142857,47.4,832.5,10,4,2023,33,7732.989976,6433.5999999999985,3164.2684999999997,2040.68,5776.952825333333,23001.754344666668
2023-11,NAVE_CATEGORIA,NAVE_002 | FERRETERIA,3033.5499999999997,815.0,27.0,27.0,9.0,112.35370370370369,100.38,489.7,11,4,2023,34,7310.9955039999995,7732.989976,6433.5999999999985,5956.2304619999995,7159.195159999999,22653.336614
2023-12,NAVE_CATEGORIA,NAVE_002 | FERRETERIA,1473.525,44.0,4.0,4.0,2.0,368.38125,315.0,756.525,12,4,2023,35,3033.5499999999997,7310.9955039999995,7732.989976,1320.5894,6025.84516,22016.146546666667
2024-06,NAVE_CATEGORIA,NAVE_002 | FERRETERIA,9264.640000000001,287.0,21.0,19.0,3.0,441.1733333333334,148.8,3176.25,6,2,2024,36,1473.525,3033.5499999999997,7310.9955039999995,4043.389029,3939.3568346666666,4858.1548299999995
2024-07,NAVE_CATEGORIA,NAVE_002 | FERRETERIA,67535.01,1398.0,66.0,62.0,10.0,1023.2577272727272,56.09,32770.15,7,3,2024,37,9264.640000000001,1473.525,3033.5499999999997,7253.279077,4590.571666666667,5874.883413333334
2024-08,NAVE_CATEGORIA,NAVE_002 | FERRETERIA,6997.97,55.0,7.0,5.0,2.0,999.71,587.6,4113.2,8,3,2024,38,67535.01,9264.640000000001,1473.525,2624.566698,26091.05833333333,16058.451746666668
2024-09,NAVE_CATEGORIA,NAVE_002 | FERRETERIA,42021.44,894.0,67.0,56.0,7.0,627.185671641791,117.2,5979.0,9,3,2024,39,6997.97,67535.01,9264.640000000001,9401.501887999999,27932.540000000005,15935.948417333333
2024-10,NAVE_CATEGORIA,NAVE_002 | FERRETERIA,123.28,66.0,2.0,2.0,1.0,61.64,61.64,70.0,10,4,2024,40,42021.44,6997.97,67535.01,6856.690404,38851.473333333335,21721.0225
2025-02,NAVE_CATEGORIA,NAVE_002 | FERRETERIA,88.13,18.0,3.0,3.0,1.0,29.376666666666665,15.93,59.24,2,1,2025,41,123.28,42021.44,6997.97,104421.47529999999,16380.896666666667,21235.977499999997
2025-03,NAVE_CATEGORIA,NAVE_002 | FERRETERIA,187.25,62.0,11.0,10.0,1.0,17.022727272727273,8.49,53.58,3,1,2025,42,88.13,123.28,42021.44,3164.2684999999997,14077.616666666669,21005.078333333335
2025-07,NAVE_CATEGORIA,NAVE_002 | FERRETERIA,627.1899999999999,419.0,5.0,5.0,1.0,125.43799999999999,143.96,270.91,7,3,2025,43,187.25,88.13,123.28,6433.5999999999985,132.88666666666666,19492.18
2025-08,NAVE_CATEGORIA,NAVE_002 | FERRETERIA,208.95000000000002,22.0,5.0,5.0,1.0,41.790000000000006,35.07,93.5,8,3,2025,44,627.1899999999999,187.25,88.13,7732.989976,300.8566666666666,8340.876666666667
2025-09,NAVE_CATEGORIA,NAVE_002 | FERRETERIA,55.0,1.0,1.0,1.0,1.0,55.0,55.0,55.0,9,3,2025,45,208.95000000000002,627.1899999999999,187.25,7310.9955039999995,341.13,7209.373333333334
2021-01,NAVE_CATEGORIA,NAVE_002 | QUIMICOS,98.16,13.0,2.0,2.0,2.0,49.08,49.08,83.16,1,1,2021,0,,,,,,
2021-03,NAVE_CATEGORIA,NAVE_002 | QUIMICOS,90.0,12.0,1.0,1.0,1.0,90.0,90.0,90.0,3,1,2021,1,98.16,,,,,
2021-04,NAVE_CATEGORIA,NAVE_002 | QUIMICOS,2482.8399999999997,16.0,3.0,2.0,3.0,827.6133333333332,68.0,2385.6,4,2,2021,2,90.0,98.16,,,,
2021-05,NAVE_CATEGORIA,NAVE_002 | QUIMICOS,3421.4599999999996,102.0,8.0,4.0,4.0,427.68249999999995,142.452,2385.6,5,2,2021,3,2482.8399999999997,90.0,98.16,,890.3333333333331,
2021-06,NAVE_CATEGORIA,NAVE_002 | QUIMICOS,432.04,41.0,4.0,3.0,3.0,108.01,93.57,217.1,6,2,2021,4,3421.4599999999996,2482.8399999999997,90.0,,1998.0999999999997,
2021-07,NAVE_CATEGORIA,NAVE_002 | QUIMICOS,45.0,6.0,1.0,1.0,1.0,45.0,45.0,45.0,7,3,2021,5,432.04,3421.4599999999996,2482.8399999999997,,2112.1133333333332,
2021-08,NAVE_CATEGORIA,NAVE_002 | QUIMICOS,90.0,9.0,2.0,2.0,2.0,45.0,45.0,45.0,8,3,2021,6,45.0,432.04,3421.4599999999996,,1299.4999999999998,1094.9166666666665
2021-10,NAVE_CATEGORIA,NAVE_002 | QUIMICOS,74.88,12.0,1.0,1.0,1.0,74.88,74.88,74.88,10,4,2021,7,90.0,45.0,432.04,,189.01333333333332,1093.5566666666666
2021-11,NAVE_CATEGORIA,NAVE_002 | QUIMICOS,45.42,6.0,1.0,1.0,1.0,45.42,45.42,45.42,11,4,2021,8,74.88,90.0,45.0,,69.96,1091.0366666666666
2021-12,NAVE_CATEGORIA,NAVE_002 | QUIMICOS,58.5,6.0,1.0,1.0,1.0,58.5,58.5,58.5,12,4,2021,9,45.42,74.88,90.0,,70.10000000000001,684.7999999999998
2022-01,NAVE_CATEGORIA,NAVE_002 | QUIMICOS,451.48,55.0,5.0,5.0,2.0,90.296,85.92,186.72,1,1,2022,10,58.5,45.42,74.88,,59.6,124.30666666666667
2022-02,NAVE_CATEGORIA,NAVE_002 | QUIMICOS,1813.9499999999998,58.0,15.0,15.0,4.0,120.92999999999999,71.04,596.4,2,1,2022,11,451.48,58.5,45.42,,185.13333333333335,127.54666666666667
2022-03,NAVE_CATEGORIA,NAVE_002 | QUIMICOS,105.8,8.0,2.0,2.0,1.0,52.9,52.9,54.0,3,1,2022,12,1813.9499999999998,451.48,58.5,98.16,774.6433333333333,422.3716666666666
2022-05,NAVE_CATEGORIA,NAVE_002 | QUIMICOS,295.0,1.0,1.0,1.0,1.0,295.0,295.0,295.0,5,2,2022,13,105.8,1813.9499999999998,451.48,90.0,790.41,425.00499999999994
2022-08,NAVE_CATEGORIA,NAVE_002 | QUIMICOS,99.715,5.0,1.0,1.0,1.0,99.715,99.715,99.715,8,3,2022,14,295.0,105.8,1813.9499999999998,2482.8399999999997,738.25,461.6916666666666
2022-10,NAVE_CATEGORIA,NAVE_002 | QUIMICOS,1225.58,58.0,5.0,5.0,2.0,245.11599999999999,90.0,560.0,10,4,2022,15,99.715,295.0,105.8,3421.4599999999996,166.83833333333334,470.7408333333333
2022-11,NAVE_CATEGORIA,NAVE_002 | QUIMICOS,178.2,24.0,2.0,2.0,2.0,89.1,89.1,94.68,11,4,2022,16,1225.58,99.715,295.0,432.04,540.0983333333332,665.2541666666666
2022-12,NAVE_CATEGORIA,NAVE_002 | QUIMICOS,30.0,10.0,1.0,1.0,1.0,30.0,30.0,30.0,12,4,2022,17,178.2,1225.58,99.715,45.0,501.16499999999996,619.7074999999999
2023-01,NAVE_CATEGORIA,NAVE_002 | QUIMICOS,174.72,24.0,2.0,2.0,1.0,87.36,87.36,92.16,1,1,2023,18,30.0,178.2,1225.58,90.0,477.9266666666667,322.3825
2023-02,NAVE_CATEGORIA,NAVE_002 | QUIMICOS,50.589,6.0,1.0,1.0,1.0,50.589,50.589,50.589,2,1,2023,19,174.72,30.0,178.2,74.88,127.63999999999999,333.8691666666667
2023-04,NAVE_CATEGORIA,NAVE_002 | QUIMICOS,198.0,24.0,2.0,2.0,1.0,99.0,99.0,102.0,4,2,2023,20,50.589,174.72,30.0,45.42,85.103,293.134
2023-08,NAVE_CATEGORIA,NAVE_002 | QUIMICOS,1170.0,8.0,2.0,2.0,2.0,585.0,585.0,1119.0,8,3,2023,21,198.0,50.589,174.72,58.5,141.10299999999998,309.51483333333334
2023-09,NAVE_CATEGORIA,NAVE_002 | QUIMICOS,2229.805,82.0,8.0,8.0,4.0,278.725625,164.25,1119.0,9,3,2023,22,1170.0,198.0,50.589,451.48,472.863,300.2515
2023-10,NAVE_CATEGORIA,NAVE_002 | QUIMICOS,102.0,12.0,1.0,1.0,1.0,102.0,102.0,102.0,10,4,2023,23,2229.805,1170.0,198.0,1813.9499999999998,1199.2683333333332,642.1856666666666
2021-01,NAVE_CATEGORIA,NAVE_002 | REPUESTOS MECANICOS,27396.011599999994,36.0,7.0,6.0,6.0,3913.715942857142,376.35,20905.8,1,1,2021,0,,,,,,
2021-02,NAVE_CATEGORIA,NAVE_002 | REPUESTOS MECANICOS,19127.085,12.0,6.0,6.0,3.0,3187.8475,1185.1200000000001,12324.315,2,1,2021,1,27396.011599999994,,,,,
2021-03,NAVE_CATEGORIA,NAVE_002 | REPUESTOS MECANICOS,1358.0,14.0,3.0,3.0,2.0,452.6666666666667,306.0,1024.0,3,1,2021,2,19127.085,27396.011599999994,,,,
2021-04,NAVE_CATEGORIA,NAVE_002 | REPUESTOS MECANICOS,505.50000000000006,13.0,4.0,4.0,2.0,126.37500000000001,63.76,339.29,4,2,2021,3,1358.0,19127.085,27396.011599999994,,15960.36553333333,
2021-05,NAVE_CATEGORIA,NAVE_002 | REPUESTOS MECANICOS,13034.516,41.0,9.0,9.0,4.0,1448.2795555555556,134.096,7541.42,5,2,2021,4,505.50000000000006,1358.0,19127.085,,6996.861666666667,
2021-06,NAVE_CATEGORIA,NAVE_002 | REPUESTOS MECANICOS,56122.280000000006,117.0,17.0,16.0,5.0,3301.3105882352943,1665.0,16640.0,6,2,2021,5,13034.516,505.50000000000006,1358.0,,4966.0053333333335,
2021-07,NAVE_CATEGORIA,NAVE_002 | REPUESTOS MECANICOS,7747.1826,38.0,3.0,3.0,2.0,2582.3942,3480.0,3988.287,7,3,2021,6,56122.280000000006,13034.516,505.50000000000006,,23220.765333333333,19590.565433333333
2021-08,NAVE_CATEGORIA,NAVE_002 | REPUESTOS MECANICOS,1512.14998,89.0,5.0,5.0,4.0,302.42999599999996,131.83998,850.0,8,3,2021,7,7747.1826,56122.280000000006,13034.516,,25634.659533333335,16315.7606
2021-09,NAVE_CATEGORIA,NAVE_002 | REPUESTOS MECANICOS,21.0,6.0,1.0,1.0,1.0,21.0,21.0,21.0,9,3,2021,8,1512.14998,7747.1826,56122.280000000006,,21793.870860000003,13379.938096666667
2021-11,NAVE_CATEGORIA,NAVE_002 | REPUESTOS MECANICOS,5822.13,187.0,19.0,19.0,3.0,306.4278947368421,180.88,1140.55,11,4,2021,9,21.0,1512.14998,7747.1826,,3093.444193333336,13157.104763333335
2021-12,NAVE_CATEGORIA,NAVE_002 | REPUESTOS MECANICOS,863.2,4.0,1.0,1.0,1.0,863.2,863.2,863.2,12,4,2021,10,5822.13,21.0,1512.14998,,2451.759993333336,14043.209763333334
2022-01,NAVE_CATEGORIA,NAVE_002 | REPUESTOS MECANICOS,278.340002,32.0,4.0,4.0,1.0,69.5850005,51.500001,138.8,1,1,2022,11,863.2,5822.13,21.0,,2235.443333333336,12014.657096666668
2022-02,NAVE_CATEGORIA,NAVE_002 | REPUESTOS MECANICOS,7869.315600000001,76.0,10.0,9.0,4.0,786.9315600000001,119.6,5300.0,2,1,2022,12,278.340002,863.2,5822.13,27396.011599999994,2321.2233340000025,2707.333763666667
2022-03,NAVE_CATEGORIA,NAVE_002 | REPUESTOS MECANICOS,17381.9,3.0,3.0,3.0,1.0,5793.966666666667,5983.1,7105.9,3,1,2022,13,7869.315600000001,278.340002,863.2,19127.085,3003.6185340000025,2727.6892636666666
2022-04,NAVE_CATEGORIA,NAVE_002 | REPUESTOS MECANICOS,1648.72,12.0,3.0,3.0,2.0,549.5733333333334,668.58,918.14,4,2,2022,14,17381.9,7869.315600000001,278.340002,1358.0,8509.851867333336,5372.647600333334
2022-06,NAVE_CATEGORIA,NAVE_002 | REPUESTOS MECANICOS,10241.640000000001,28.0,4.0,4.0,3.0,2560.4100000000003,1064.22,7644.0,6,2,2022,15,1648.72,17381.9,7869.315600000001,505.50000000000006,8966.645200000003,5643.934267000001
2022-07,NAVE_CATEGORIA,NAVE_002 | REPUESTOS MECANICOS,11389.910000000002,45.0,10.0,10.0,3.0,1138.9910000000002,498.84,6754.8,7,3,2022,16,10241.640000000001,1648.72,17381.9,13034.516,9757.420000000004,6380.519267000001
2022-08,NAVE_CATEGORIA,NAVE_002 | REPUESTOS MECANICOS,8408.31,49.0,12.0,12.0,3.0,700.6925,461.827,3058.668,8,3,2022,17,11389.910000000002,10241.640000000001,1648.72,56122.280000000006,7760.090000000004,8134.970933666667
2022-09,NAVE_CATEGORIA,NAVE_002 | REPUESTOS MECANICOS,4373.6900000000005,31.0,9.0,9.0,2.0,485.9655555555556,313.45,1319.46,9,3,2022,18,8408.31,11389.910000000002,10241.640000000001,7747.1826,10013.286666666669,9489.965933333333
2022-10,NAVE_CATEGORIA,NAVE_002 | REPUESTOS MECANICOS,39577.210002,7.0,3.0,3.0,3.0,13192.403334,552.210002,38750.0,10,4,2022,19,4373.6900000000005,8408.31,11389.910000000002,1512.14998,8057.303333333337,8907.361666666666
2022-11,NAVE_CATEGORIA,NAVE_002 | REPUESTOS MECANICOS,1376.8529999999998,62.0,6.0,6.0,3.0,229.47549999999998,69.06,909.6,11,4,2022,20,39577.210002,4373.6900000000005,8408.31,21.0,17453.07000066667,12606.580000333333
2023-01,NAVE_CATEGORIA,NAVE_002 | REPUESTOS MECANICOS,34399.19993000001,94.0,31.0,31.0,2.0,1109.6516106451616,484.56839,4704.71839,1,1,2023,21,1376.8529999999998,39577.210002,4373.6900000000005,5822.13,15109.25100066667,12561.268833666667
2023-02,NAVE_CATEGORIA,NAVE_002 | REPUESTOS MECANICOS,4012.0,17.0,4.0,4.0,1.0,1003.0,878.0,1908.0,2,1,2023,22,34399.19993000001,1376.8529999999998,39577.210002,863.2,25117.75431066667,16587.528822000004
2023-03,NAVE_CATEGORIA,NAVE_002 | REPUESTOS MECANICOS,158.0,26.0,3.0,3.0,1.0,52.666666666666664,36.0,90.0,3,1,2023,23,4012.0,34399.19993000001,1376.8529999999998,278.340002,13262.684310000006,15357.877155333335
2023-04,NAVE_CATEGORIA,NAVE_002 | REPUESTOS MECANICOS,7415.76,31.0,6.0,6.0,4.0,1235.96,654.405,4473.58,4,2,2023,24,158.0,4012.0,34399.19993000001,7869.315600000001,12856.399976666673,13982.82548866667
2023-06,NAVE_CATEGORIA,NAVE_002 | REPUESTOS MECANICOS,1374.024,7.0,2.0,2.0,2.0,687.012,687.012,1350.0,6,2,2023,25,7415.76,158.0,4012.0,17381.9,3861.9200000000023,14489.837155333335
2023-07,NAVE_CATEGORIA,NAVE_002 | REPUESTOS MECANICOS,369.29999999999995,26.0,3.0,3.0,1.0,123.09999999999998,111.24,249.78,7,3,2023,26,1374.024,7415.76,158.0,1648.72,2982.594666666669,8122.639488333335
2023-08,NAVE_CATEGORIA,NAVE_002 | REPUESTOS MECANICOS,189.0,1.0,1.0,1.0,1.0,189.0,189.0,189.0,8,3,2023,27,369.29999999999995,1374.024,7415.76,10241.640000000001,3053.0280000000025,7954.713988333336
2023-09,NAVE_CATEGORIA,NAVE_002 | REPUESTOS MECANICOS,5352.139999999999,70.0,13.0,13.0,3.0,411.7030769230769,263.14,1477.68,9,3,2023,28,189.0,369.29999999999995,1374.024,11389.910000000002,644.1080000000023,2253.014
2023-10,NAVE_CATEGORIA,NAVE_002 | REPUESTOS MECANICOS,10480.627,408.0,9.0,9.0,4.0,1164.514111111111,410.0,3100.0,10,4,2023,29,5352.139999999999,189.0,369.29999999999995,8408.31,1970.146666666669,2476.3706666666662
2023-11,NAVE_CATEGORIA,NAVE_002 | REPUESTOS MECANICOS,146119.0,30.0,10.0,10.0,4.0,14611.9,7860.0,49040.0,11,4,2023,30,10480.627,5352.139999999999,189.0,4373.6900000000005,5340.589000000003,4196.8085
2024-07,NAVE_CATEGORIA,NAVE_002 | REPUESTOS MECANICOS,5456.12,83.0,9.0,9.0,4.0,606.2355555555555,17.06,5217.94,7,3,2024,31,146119.0,10480.627,5352.139999999999,39577.210002,53983.92233333333,27314.015166666668
2024-09,NAVE_CATEGORIA,NAVE_002 | REPUESTOS MECANICOS,6992.76,73.0,6.0,6.0,1.0,1165.46,266.05,6160.8,9,3,2024,32,5456.12,146119.0,10480.627,1376.8529999999998,54018.582333333325,27994.3645
2025-02,NAVE_CATEGORIA,NAVE_002 | REPUESTOS MECANICOS,776.7,2.0,1.0,1.0,1.0,776.7,776.7,776.7,2,1,2025,33,6992.76,5456.12,146119.0,34399.19993000001,52855.96,29098.274500000003
2025-03,NAVE_CATEGORIA,NAVE_002 | REPUESTOS MECANICOS,1617.6699999999998,6.0,3.0,3.0,1.0,539.2233333333332,801.15,801.15,3,1,2025,34,776.7,6992.76,5456.12,4012.0,4408.526666666667,29196.2245
2025-04,NAVE_CATEGORIA,NAVE_002 | REPUESTOS MECANICOS,2434.2,10.0,6.0,3.0,1.0,405.7,400.58,801.16,4,2,2025,35,1617.6699999999998,776.7,6992.76,158.0,3129.0433333333335,28573.812833333333
2025-09,NAVE_CATEGORIA,NAVE_002 | REPUESTOS MECANICOS,6038.85,125.0,17.0,17.0,1.0,355.2264705882353,64.31,2810.0,9,3,2025,36,2434.2,1617.6699999999998,776.7,7415.76,1609.5233333333333,27232.74166666667
2021-01,NAVE_CATEGORIA,NAVE_002 | SERVICIOS DE MANTENIMIENTO,1885.08,4.0,4.0,3.0,4.0,471.27,455.0,800.0,1,1,2021,0,,,,,,
2021-02,NAVE_CATEGORIA,NAVE_002 | SERVICIOS DE MANTENIMIENTO,6651.19,11.0,11.0,2.0,7.0,604.6536363636363,192.0,2500.0,2,1,2021,1,1885.08,,,,,
2021-03,NAVE_CATEGORIA,NAVE_002 | SERVICIOS DE MANTENIMIENTO,41335.85999999999,24.0,24.0,3.0,13.0,1722.3274999999996,350.0,24995.0,3,1,2021,2,6651.19,1885.08,,,,
2021-04,NAVE_CATEGORIA,NAVE_002 | SERVICIOS DE MANTENIMIENTO,25217.199999999997,29.0,29.0,5.0,13.0,869.5586206896551,474.5,5900.0,4,2,2021,3,41335.85999999999,6651.19,1885.08,,16624.04333333333,
2021-05,NAVE_CATEGORIA,NAVE_002 | SERVICIOS DE MANTENIMIENTO,41205.5,25.0,25.0,3.0,16.0,1648.22,660.9,8950.0,5,2,2021,4,25217.199999999997,41335.85999999999,6651.19,,24401.416666666668,
2021-06,NAVE_CATEGORIA,NAVE_002 | SERVICIOS DE MANTENIMIENTO,93340.69,46.0,46.0,5.0,25.0,2029.1454347826088,997.5,9100.0,6,2,2021,5,41205.5,25217.199999999997,41335.85999999999,,35919.52,
2021-07,NAVE_CATEGORIA,NAVE_002 | SERVICIOS DE MANTENIMIENTO,31532.53,35.0,35.0,2.0,15.0,900.9294285714285,480.0,4600.0,7,3,2021,6,93340.69,41205.5,25217.199999999997,,53254.46333333334,34939.253333333334
2021-08,NAVE_CATEGORIA,NAVE_002 | SERVICIOS DE MANTENIMIENTO,33107.28,39.0,39.0,3.0,10.0,848.9046153846153,300.0,7504.0,8,3,2021,7,31532.53,93340.69,41205.5,,55359.573333333334,39880.495
2021-09,NAVE_CATEGORIA,NAVE_002 | SERVICIOS DE MANTENIMIENTO,13638.14,14.0,14.0,4.0,7.0,974.1528571428571,256.0,5800.0,9,3,2021,8,33107.28,31532.53,93340.69,,52660.166666666664,44289.84333333333
2021-10,NAVE_CATEGORIA,NAVE_002 | SERVICIOS DE MANTENIMIENTO,42493.409999999996,9.0,9.0,3.0,6.0,4721.49,300.0,38507.13,10,4,2021,9,13638.14,33107.28,31532.53,,26092.650000000005,39673.55666666667
2021-11,NAVE_CATEGORIA,NAVE_002 | SERVICIOS DE MANTENIMIENTO,5896.66,6.0,6.0,2.0,5.0,982.7766666666666,205.0,5080.0,11,4,2021,10,42493.409999999996,13638.14,33107.28,,29746.276666666672,42552.924999999996
2021-12,NAVE_CATEGORIA,NAVE_002 | SERVICIOS DE MANTENIMIENTO,5734.7,6.0,6.0,2.0,6.0,955.7833333333333,420.0,2877.0,12,4,2021,11,5896.66,42493.409999999996,13638.14,,20676.070000000003,36668.11833333333
2022-01,NAVE_CATEGORIA,NAVE_002 | SERVICIOS DE MANTENIMIENTO,10387.220000000001,10.0,10.0,2.0,6.0,1038.7220000000002,220.0,7690.0,1,1,2022,12,5734.7,5896.66,42493.409999999996,1885.08,18041.590000000004,22067.12
2022-02,NAVE_CATEGORIA,NAVE_002 | SERVICIOS DE MANTENIMIENTO,24076.089999999997,28.0,28.0,4.0,15.0,859.860357142857,345.0,4950.0,2,1,2022,13,10387.220000000001,5734.7,5896.66,6651.19,7339.526666666672,18542.90166666667
2022-03,NAVE_CATEGORIA,NAVE_002 | SERVICIOS DE MANTENIMIENTO,5370.54,8.0,8.0,2.0,5.0,671.3175,451.0,1750.0,3,1,2022,14,24076.089999999997,10387.220000000001,5734.7,41335.85999999999,13399.33666666667,17037.703333333335
2022-04,NAVE_CATEGORIA,NAVE_002 | SERVICIOS DE MANTENIMIENTO,5761.660000000001,12.0,12.0,3.0,5.0,480.1383333333334,459.0,1749.1,4,2,2022,15,5370.54,24076.089999999997,10387.220000000001,25217.199999999997,13277.950000000004,15659.769999999999
2022-05,NAVE_CATEGORIA,NAVE_002 | SERVICIOS DE MANTENIMIENTO,4336.09,8.0,8.0,3.0,5.0,542.01125,148.5,2800.0,5,2,2022,16,5761.660000000001,5370.54,24076.089999999997,41205.5,11736.09666666667,9537.811666666666
2022-06,NAVE_CATEGORIA,NAVE_002 | SERVICIOS DE MANTENIMIENTO,8868.35,5.0,5.0,3.0,4.0,1773.67,700.0,6440.0,6,2,2022,17,4336.09,5761.660000000001,5370.54,93340.69,5156.096666666672,9277.716666666665
2022-07,NAVE_CATEGORIA,NAVE_002 | SERVICIOS DE MANTENIMIENTO,7462.490000000001,11.0,11.0,5.0,8.0,678.4081818181819,399.43,2544.8,7,3,2022,18,8868.35,4336.09,5761.660000000001,31532.53,6322.033333333337,9799.991666666667
2022-08,NAVE_CATEGORIA,NAVE_002 | SERVICIOS DE MANTENIMIENTO,13258.960000000001,12.0,12.0,2.0,5.0,1104.9133333333334,260.0,8900.0,8,3,2022,19,7462.490000000001,8868.35,4336.09,33107.28,6888.976666666672,9312.536666666667
2022-09,NAVE_CATEGORIA,NAVE_002 | SERVICIOS DE MANTENIMIENTO,8360.919999999998,4.0,4.0,2.0,3.0,2090.2299999999996,1062.23,6210.0,9,3,2022,20,13258.960000000001,7462.490000000001,8868.35,13638.14,9863.266666666672,7509.681666666667
2022-10,NAVE_CATEGORIA,NAVE_002 | SERVICIOS DE MANTENIMIENTO,7098.46,10.0,10.0,3.0,4.0,709.846,235.0,2110.0,10,4,2022,21,8360.919999999998,13258.960000000001,7462.490000000001,42493.409999999996,9694.123333333338,8008.078333333334
2022-11,NAVE_CATEGORIA,NAVE_002 | SERVICIOS DE MANTENIMIENTO,44179.969999999994,31.0,31.0,2.0,9.0,1425.160322580645,250.0,12420.0,11,4,2022,22,7098.46,8360.919999999998,13258.960000000001,5896.66,9572.780000000004,8230.878333333332
2022-12,NAVE_CATEGORIA,NAVE_002 | SERVICIOS DE MANTENIMIENTO,4663.14,3.0,3.0,3.0,2.0,1554.38,1130.0,3403.34,12,4,2022,23,44179.969999999994,7098.46,8360.919999999998,5734.7,19879.783333333336,14871.525
2023-01,NAVE_CATEGORIA,NAVE_002 | SERVICIOS DE MANTENIMIENTO,3113.84,7.0,7.0,3.0,3.0,444.8342857142857,200.0,1900.0,1,1,2023,24,4663.14,44179.969999999994,7098.46,10387.220000000001,18647.190000000002,14170.656666666664
2023-02,NAVE_CATEGORIA,NAVE_002 | SERVICIOS DE MANTENIMIENTO,12474.2,8.0,8.0,3.0,4.0,1559.275,800.0,5205.75,2,1,2023,25,3113.84,4663.14,44179.969999999994,24076.089999999997,17318.983333333337,13445.881666666666
2023-03,NAVE_CATEGORIA,NAVE_002 | SERVICIOS DE MANTENIMIENTO,29091.119998,17.0,17.0,4.0,10.0,1711.2423528235292,740.0,5500.0,3,1,2023,26,12474.2,3113.84,4663.14,5370.54,6750.393333333338,13315.088333333333
2023-04,NAVE_CATEGORIA,NAVE_002 | SERVICIOS DE MANTENIMIENTO,10985.359999999999,11.0,11.0,2.0,10.0,998.6690909090908,506.0,4321.8,4,2,2023,27,29091.119998,12474.2,3113.84,5761.660000000001,14893.053332666672,16770.121666333333
2023-05,NAVE_CATEGORIA,NAVE_002 | SERVICIOS DE MANTENIMIENTO,3987.11,10.0,10.0,2.0,3.0,398.711,267.5,1039.0,5,2,2023,28,10985.359999999999,29091.119998,12474.2,4336.09,17516.89333266667,17417.938333
2023-06,NAVE_CATEGORIA,NAVE_002 | SERVICIOS DE MANTENIMIENTO,52168.458000000006,18.0,18.0,4.0,8.0,2898.247666666667,1600.0,29000.0,6,2,2023,29,3987.11,10985.359999999999,29091.119998,8868.35,14687.86333266667,10719.128332999999
2023-07,NAVE_CATEGORIA,NAVE_002 | SERVICIOS DE MANTENIMIENTO,5464.0,3.0,3.0,2.0,3.0,1821.3333333333333,2544.0,2800.0,7,3,2023,30,52168.458000000006,3987.11,10985.359999999999,7462.490000000001,22380.309333333338,18636.681333
2023-08,NAVE_CATEGORIA,NAVE_002 | SERVICIOS DE MANTENIMIENTO,6552.92,7.0,7.0,2.0,4.0,936.1314285714286,300.0,4900.0,8,3,2023,31,5464.0,52168.458000000006,3987.11,13258.960000000001,20539.856000000007,19028.374666333333
2023-09,NAVE_CATEGORIA,NAVE_002 | SERVICIOS DE MANTENIMIENTO,76053.14000000001,14.0,14.0,4.0,11.0,5432.367142857144,1053.0,28500.0,9,3,2023,32,6552.92,5464.0,52168.458000000006,8360.919999999998,21395.126000000007,18041.494666333332
2023-10,NAVE_CATEGORIA,NAVE_002 | SERVICIOS DE MANTENIMIENTO,53907.73999999999,28.0,28.0,4.0,13.0,1925.2764285714281,653.0,21400.0,10,4,2023,33,76053.14000000001,6552.92,5464.0,7098.46,29356.686666666676,25868.498000000003
2023-11,NAVE_CATEGORIA,NAVE_002 | SERVICIOS DE MANTENIMIENTO,40942.45999999999,30.0,30.0,3.0,13.0,1364.7486666666664,880.0,9620.0,11,4,2023,34,53907.73999999999,76053.14000000001,6552.92,44179.969999999994,45504.600000000006,33022.228
2023-12,NAVE_CATEGORIA,NAVE_002 | SERVICIOS DE MANTENIMIENTO,8390.0,3.0,3.0,2.0,2.0,2796.6666666666665,520.0,7600.0,12,4,2023,35,40942.45999999999,53907.73999999999,76053.14000000001,4663.14,56967.780000000006,39181.453
2024-01,NAVE_CATEGORIA,NAVE_002 | SERVICIOS DE MANTENIMIENTO,60.58,5.0,2.0,1.0,1.0,30.29,30.29,39.32,1,1,2024,36,8390.0,40942.45999999999,53907.73999999999,3113.84,34413.4,31885.043333333335
2024-02,NAVE_CATEGORIA,NAVE_002 | SERVICIOS DE MANTENIMIENTO,14439.07,8.0,8.0,1.0,5.0,1804.88375,1125.0,6000.0,2,1,2024,37,60.58,8390.0,40942.45999999999,12474.2,16464.346666666668,30984.47333333333
2024-04,NAVE_CATEGORIA,NAVE_002 | SERVICIOS DE MANTENIMIENTO,3325.0,3.0,3.0,1.0,3.0,1108.3333333333333,200.0,3045.0,4,2,2024,38,14439.07,60.58,8390.0,29091.119998,7629.883333333339,32298.831666666665
2024-05,NAVE_CATEGORIA,NAVE_002 | SERVICIOS DE MANTENIMIENTO,4150.0,2.0,2.0,1.0,2.0,2075.0,2075.0,2450.0,5,2,2024,39,3325.0,14439.07,60.58,10985.359999999999,5941.550000000006,20177.474999999995
2024-06,NAVE_CATEGORIA,NAVE_002 | SERVICIOS DE MANTENIMIENTO,13675.01,15.0,15.0,1.0,7.0,911.6673333333333,600.0,3000.0,6,2,2024,40,4150.0,3325.0,14439.07,3987.11,7304.690000000005,11884.518333333332
2024-07,NAVE_CATEGORIA,NAVE_002 | SERVICIOS DE MANTENIMIENTO,364417.45,43.0,43.0,1.0,25.0,8474.824418604652,2220.0,160040.22,7,3,2024,41,13675.01,4150.0,3325.0,52168.458000000006,7050.003333333339,7339.943333333334
2024-08,NAVE_CATEGORIA,NAVE_002 | SERVICIOS DE MANTENIMIENTO,797128.56,63.0,63.0,1.0,31.0,12652.834285714287,1700.0,579869.14,8,3,2024,42,364417.45,13675.01,4150.0,5464.0,127414.15333333334,66677.85166666667
2024-09,NAVE_CATEGORIA,NAVE_002 | SERVICIOS DE MANTENIMIENTO,426727.37,58.0,58.0,1.0,33.0,7357.368448275862,2416.0,109500.0,9,3,2024,43,797128.56,364417.45,13675.01,6552.92,391740.34,199522.515
2024-10,NAVE_CATEGORIA,NAVE_002 | SERVICIOS DE MANTENIMIENTO,282255.68,35.0,35.0,1.0,21.0,8064.447999999999,1813.0,96250.0,10,4,2024,44,426727.37,797128.56,364417.45,76053.14000000001,529424.46,268237.2316666667
2024-11,NAVE_CATEGORIA,NAVE_002 | SERVICIOS DE MANTENIMIENTO,10593.0,2.0,2.0,1.0,2.0,5296.5,5296.5,9000.0,11,4,2024,45,282255.68,426727.37,797128.56,53907.73999999999,502037.20333333337,314725.67833333334
2024-12,NAVE_CATEGORIA,NAVE_002 | SERVICIOS DE MANTENIMIENTO,36840.86,9.0,9.0,1.0,4.0,4093.428888888889,1270.0,27158.86,12,4,2024,46,10593.0,282255.68,426727.37,40942.45999999999,239858.68333333335,315799.51166666666
2025-01,NAVE_CATEGORIA,NAVE_002 | SERVICIOS DE MANTENIMIENTO,21785.989999999998,12.0,12.0,1.0,9.0,1815.4991666666665,1385.0,5500.0,1,1,2025,47,36840.86,10593.0,282255.68,8390.0,109896.51333333332,319660.48666666663
2025-02,NAVE_CATEGORIA,NAVE_002 | SERVICIOS DE MANTENIMIENTO,45492.86,17.0,17.0,1.0,10.0,2676.050588235294,850.0,26586.4,2,1,2025,48,21785.989999999998,36840.86,10593.0,60.58,23073.283333333336,262555.24333333335
2025-03,NAVE_CATEGORIA,NAVE_002 | SERVICIOS DE MANTENIMIENTO,3600.0,3.0,3.0,1.0,2.0,1200.0,1200.0,1650.0,3,1,2025,49,45492.86,21785.989999999998,36840.86,14439.07,34706.57,137282.62666666668
2025-04,NAVE_CATEGORIA,NAVE_002 | SERVICIOS DE MANTENIMIENTO,9977.0,6.0,6.0,1.0,5.0,1662.8333333333333,1350.0,3400.0,4,2,2025,50,3600.0,45492.86,21785.989999999998,3325.0,23626.283333333336,66761.39833333333
2025-05,NAVE_CATEGORIA,NAVE_002 | SERVICIOS DE MANTENIMIENTO,10385.16,5.0,5.0,1.0,4.0,2077.032,2000.0,3400.0,5,2,2025,51,9977.0,3600.0,45492.86,4150.0,19689.953333333335,21381.618333333332
2025-06,NAVE_CATEGORIA,NAVE_002 | SERVICIOS DE MANTENIMIENTO,11334.880000000001,8.0,8.0,1.0,5.0,1416.8600000000001,874.5,4636.8,6,2,2025,52,10385.16,9977.0,3600.0,13675.01,7987.386666666666,21346.978333333333
2025-07,NAVE_CATEGORIA,NAVE_002 | SERVICIOS DE MANTENIMIENTO,14339.36,17.0,17.0,1.0,4.0,843.4917647058824,480.0,3480.0,7,3,2025,53,11334.880000000001,10385.16,9977.0,364417.45,10565.68,17095.981666666667
2025-08,NAVE_CATEGORIA,NAVE_002 | SERVICIOS DE MANTENIMIENTO,5850.0,6.0,6.0,1.0,2.0,975.0,850.0,1900.0,8,3,2025,54,14339.36,11334.880000000001,10385.16,797128.56,12019.800000000001,15854.876666666665
2025-09,NAVE_CATEGORIA,NAVE_002 | SERVICIOS DE MANTENIMIENTO,740.0,2.0,2.0,1.0,1.0,370.0,370.0,470.0,9,3,2025,55,5850.0,14339.36,11334.880000000001,426727.37,10508.08,9247.733333333334
2021-01,NAVE_CATEGORIA,NAVE_004 | ACEITE,388.3,10.0,1.0,1.0,1.0,388.3,388.3,388.3,1,1,2021,0,,,,,,
2021-02,NAVE_CATEGORIA,NAVE_004 | ACEITE,811.6099999999999,17.0,2.0,2.0,1.0,405.80499999999995,405.80499999999995,552.53,2,1,2021,1,388.3,,,,,
2021-03,NAVE_CATEGORIA,NAVE_004 | ACEITE,92.89,1.0,1.0,1.0,1.0,92.89,92.89,92.89,3,1,2021,2,811.6099999999999,388.3,,,,
2021-06,NAVE_CATEGORIA,NAVE_004 | ACEITE,273.18,6.0,1.0,1.0,1.0,273.18,273.18,273.18,6,2,2021,3,92.89,811.6099999999999,388.3,,430.93333333333334,
2021-08,NAVE_CATEGORIA,NAVE_004 | ACEITE,232.98,6.0,1.0,1.0,1.0,232.98,232.98,232.98,8,3,2021,4,273.18,92.89,811.6099999999999,,392.55999999999995,
2021-10,NAVE_CATEGORIA,NAVE_004 | ACEITE,142.36,4.0,1.0,1.0,1.0,142.36,142.36,142.36,10,4,2021,5,232.98,273.18,92.89,,199.6833333333333,
2021-12,NAVE_CATEGORIA,NAVE_004 | ACEITE,1646.8444,34.0,4.0,4.0,1.0,411.7111,422.90999999999997,610.6644,12,4,2021,6,142.36,232.98,273.18,,216.17333333333332,323.55333333333334
2022-02,NAVE_CATEGORIA,NAVE_004 | ACEITE,2726.0099999999998,16.0,4.0,4.0,2.0,681.5024999999999,293.76,2031.72,2,1,2022,7,1646.8444,142.36,232.98,,674.0614666666667,533.3107333333334
2022-03,NAVE_CATEGORIA,NAVE_004 | ACEITE,297.6,5.0,1.0,1.0,1.0,297.6,297.6,297.6,3,1,2022,8,2726.0099999999998,1646.8444,142.36,,1505.0714666666665,852.3774
2022-04,NAVE_CATEGORIA,NAVE_004 | ACEITE,3774.9900000000002,17.0,4.0,4.0,2.0,943.7475000000001,784.9000000000001,2017.63,4,2,2022,9,297.6,2726.0099999999998,1646.8444,,1556.8181333333332,886.4957333333333
2022-05,NAVE_CATEGORIA,NAVE_004 | ACEITE,143.37,3.0,1.0,1.0,1.0,143.37,143.37,143.37,5,2,2022,10,3774.9900000000002,297.6,2726.0099999999998,,2266.2000000000003,1470.1307333333334
2022-06,NAVE_CATEGORIA,NAVE_004 | ACEITE,111.0,1.0,1.0,1.0,1.0,111.0,111.0,111.0,6,2,2022,11,143.37,3774.9900000000002,297.6,,1405.32,1455.1957333333332
2022-08,NAVE_CATEGORIA,NAVE_004 | ACEITE,4398.749999999999,17.0,4.0,4.0,2.0,1099.6874999999998,616.2149999999999,2893.96,8,3,2022,12,111.0,143.37,3774.9900000000002,388.3,1343.12,1449.9690666666665
2022-12,NAVE_CATEGORIA,NAVE_004 | ACEITE,684.2,10.0,2.0,2.0,1.0,342.1,342.1,412.2,12,4,2022,13,4398.749999999999,111.0,143.37,811.6099999999999,1551.0399999999997,1908.62
2023-02,NAVE_CATEGORIA,NAVE_004 | ACEITE,2816.82,45.0,2.0,2.0,1.0,1408.41,1408.41,2748.0,2,1,2023,14,684.2,4398.749999999999,111.0,92.89,1731.316666666666,1568.3183333333334
2023-03,NAVE_CATEGORIA,NAVE_004 | ACEITE,685.0,10.0,1.0,1.0,1.0,685.0,685.0,685.0,3,1,2023,15,2816.82,684.2,4398.749999999999,273.18,2633.256666666666,1988.1883333333333
2023-05,NAVE_CATEGORIA,NAVE_004 | ACEITE,2225.04,4.0,1.0,1.0,1.0,2225.04,2225.04,2225.04,5,2,2023,16,685.0,2816.82,684.2,232.98,1395.34,1473.1899999999998
2023-06,NAVE_CATEGORIA,NAVE_004 | ACEITE,2059.5,30.0,1.0,1.0,1.0,2059.5,2059.5,2059.5,6,2,2023,17,2225.04,685.0,2816.82,142.36,1908.9533333333331,1820.1350000000002
2023-09,NAVE_CATEGORIA,NAVE_004 | ACEITE,6599.530000000001,129.0,5.0,5.0,2.0,1319.9060000000002,1195.92,3176.76,9,3,2023,18,2059.5,2225.04,685.0,1646.8444,1656.513333333333,2144.885
2023-10,NAVE_CATEGORIA,NAVE_004 | ACEITE,1478.6,22.0,2.0,2.0,1.0,739.3,739.3,816.0,10,4,2023,19,6599.530000000001,2059.5,2225.04,2726.0099999999998,3628.023333333333,2511.681666666667
2023-11,NAVE_CATEGORIA,NAVE_004 | ACEITE,1615.0,26.0,2.0,2.0,1.0,807.5,807.5,1020.0,11,4,2023,20,1478.6,6599.530000000001,2059.5,297.6,3379.2099999999996,2644.0816666666665
2024-01,NAVE_CATEGORIA,NAVE_004 | ACEITE,816.0,120.0,1.0,1.0,1.0,816.0,816.0,816.0,1,1,2024,21,1615.0,1478.6,6599.530000000001,3774.9900000000002,3231.043333333333,2443.778333333333
2025-04,NAVE_CATEGORIA,NAVE_004 | ACEITE,3561.0699999999997,17.0,3.0,3.0,1.0,1187.0233333333333,382.45,3066.88,4,2,2025,22,816.0,1615.0,1478.6,143.37,1303.1999999999996,2465.6116666666667
2025-06,NAVE_CATEGORIA,NAVE_004 | ACEITE,622.72,10.0,1.0,1.0,1.0,622.72,622.72,622.72,6,2,2025,23,3561.0699999999997,816.0,1615.0,111.0,1997.3566666666663,2688.2833333333333
2025-08,NAVE_CATEGORIA,NAVE_004 | ACEITE,2737.1899999999996,7.0,2.0,2.0,1.0,1368.5949999999998,1368.5949999999998,1536.33,8,3,2025,24,622.72,3561.0699999999997,816.0,4398.749999999999,1666.5966666666664,2448.82
2025-09,NAVE_CATEGORIA,NAVE_004 | ACEITE,311.31,55.0,1.0,1.0,1.0,311.31,311.31,311.31,9,3,2025,25,2737.1899999999996,622.72,3561.0699999999997,684.2,2306.993333333333,1805.0966666666664
2025-10,NAVE_CATEGORIA,NAVE_004 | ACEITE,160.57,10.0,1.0,1.0,1.0,160.57,160.57,160.57,10,4,2025,26,311.31,2737.1899999999996,622.72,2816.82,1223.7399999999996,1610.5483333333332
2025-11,NAVE_CATEGORIA,NAVE_004 | ACEITE,224.0,16.0,1.0,1.0,1.0,224.0,224.0,224.0,11,4,2025,27,160.57,311.31,2737.1899999999996,685.0,1069.6899999999998,1368.1433333333332
2021-01,NAVE_CATEGORIA,NAVE_004 | FERRETERIA,1058.3,35.0,6.0,6.0,4.0,176.38333333333333,62.35,650.0,1,1,2021,0,,,,,,
2021-02,NAVE_CATEGORIA,NAVE_004 | FERRETERIA,1426.3100000000002,168.0,27.0,25.0,5.0,52.826296296296306,13.28,578.9,2,1,2021,1,1058.3,,,,,
2021-03,NAVE_CATEGORIA,NAVE_004 | FERRETERIA,528.95,68.0,8.0,8.0,3.0,66.11875,57.95,190.0,3,1,2021,2,1426.3100000000002,1058.3,,,,
2021-04,NAVE_CATEGORIA,NAVE_004 | FERRETERIA,469.75,29.0,10.0,10.0,3.0,46.975,11.245000000000001,235.89,4,2,2021,3,528.95,1426.3100000000002,1058.3,,1004.5200000000001,
2021-05,NAVE_CATEGORIA,NAVE_004 | FERRETERIA,541.0,3.0,2.0,2.0,2.0,270.5,270.5,522.0,5,2,2021,4,469.75,528.95,1426.3100000000002,,808.3366666666667,
2021-07,NAVE_CATEGORIA,NAVE_004 | FERRETERIA,389.16,309.0,17.0,17.0,3.0,22.891764705882355,15.0,110.5,7,3,2021,5,541.0,469.75,528.95,,513.2333333333333,
2021-09,NAVE_CATEGORIA,NAVE_004 | FERRETERIA,181.97,67.0,11.0,11.0,2.0,16.542727272727273,12.96,55.2,9,3,2021,6,389.16,541.0,469.75,,466.6366666666667,735.5783333333334
2021-10,NAVE_CATEGORIA,NAVE_004 | FERRETERIA,438.84600000000006,166.0,11.0,11.0,2.0,39.89509090909092,17.0,207.284,10,4,2021,7,181.97,389.16,541.0,,370.71000000000004,589.5233333333333
2021-12,NAVE_CATEGORIA,NAVE_004 | FERRETERIA,250.91,67.0,12.0,12.0,1.0,20.909166666666668,18.9,52.0,12,4,2021,8,438.84600000000006,181.97,389.16,,336.6586666666667,424.9460000000001
2022-01,NAVE_CATEGORIA,NAVE_004 | FERRETERIA,86.88,19.0,2.0,2.0,2.0,43.44,43.44,50.4,1,1,2022,9,250.91,438.84600000000006,181.97,,290.57533333333333,378.606
2022-02,NAVE_CATEGORIA,NAVE_004 | FERRETERIA,418.0,5.0,1.0,1.0,1.0,418.0,418.0,418.0,2,1,2022,10,86.88,250.91,438.84600000000006,,258.8786666666667,314.7943333333333
2022-03,NAVE_CATEGORIA,NAVE_004 | FERRETERIA,1225.83,251.0,45.0,45.0,3.0,27.240666666666666,12.5,159.0,3,1,2022,11,418.0,86.88,250.91,,251.92999999999998,294.2943333333333
2022-05,NAVE_CATEGORIA,NAVE_004 | FERRETERIA,650.32,312.0,22.0,22.0,6.0,29.560000000000002,16.0,133.2,5,2,2022,12,1225.83,418.0,86.88,1058.3,576.9033333333333,433.73933333333326
2022-06,NAVE_CATEGORIA,NAVE_004 | FERRETERIA,1090.4200000000003,226.0,30.0,29.0,5.0,36.347333333333346,7.45,489.59,6,2,2022,13,650.32,1225.83,418.0,1426.3100000000002,764.7166666666667,511.79766666666666
2022-07,NAVE_CATEGORIA,NAVE_004 | FERRETERIA,1309.19,52.0,19.0,18.0,3.0,68.90473684210527,10.26,948.9,7,3,2022,14,1090.4200000000003,650.32,1225.83,528.95,988.8566666666667,620.3933333333333
2022-08,NAVE_CATEGORIA,NAVE_004 | FERRETERIA,58.5,21.0,4.0,4.0,1.0,14.625,10.5,30.0,8,3,2022,15,1309.19,1090.4200000000003,650.32,469.75,1016.6433333333334,796.7733333333334
2022-09,NAVE_CATEGORIA,NAVE_004 | FERRETERIA,311.8399999999999,137.0,10.0,10.0,3.0,31.18399999999999,19.12,148.0,9,3,2022,16,58.5,1309.19,1090.4200000000003,541.0,819.37,792.0433333333334
2022-11,NAVE_CATEGORIA,NAVE_004 | FERRETERIA,560.98,152.5,25.0,25.0,4.0,22.4392,18.48,111.0,11,4,2022,17,311.8399999999999,58.5,1309.19,389.16,559.8433333333334,774.35
2022-12,NAVE_CATEGORIA,NAVE_004 | FERRETERIA,271.78999999999996,26.0,10.0,10.0,3.0,27.178999999999995,10.205,144.0,12,4,2022,18,560.98,311.8399999999999,58.5,181.97,310.44,663.5416666666666
2023-02,NAVE_CATEGORIA,NAVE_004 | FERRETERIA,1280.0,1.0,1.0,1.0,1.0,1280.0,1280.0,1280.0,2,1,2023,19,271.78999999999996,560.98,311.8399999999999,438.84600000000006,381.53666666666663,600.4533333333334
2023-03,NAVE_CATEGORIA,NAVE_004 | FERRETERIA,824.25,331.0,25.0,25.0,5.0,32.97,11.5,352.0,3,1,2023,20,1280.0,271.78999999999996,560.98,250.91,704.2566666666667,632.0500000000001
2023-04,NAVE_CATEGORIA,NAVE_004 | FERRETERIA,796.8299999999999,53.0,13.0,13.0,4.0,61.294615384615376,32.0,255.0,4,2,2023,21,824.25,1280.0,271.78999999999996,86.88,792.0133333333333,551.2266666666666
2023-05,NAVE_CATEGORIA,NAVE_004 | FERRETERIA,209.18,6.0,2.0,2.0,1.0,104.59,104.59,136.08,5,2,2023,22,796.8299999999999,824.25,1280.0,418.0,967.0266666666666,674.2816666666666
2023-06,NAVE_CATEGORIA,NAVE_004 | FERRETERIA,40.12,3.0,2.0,2.0,1.0,20.06,20.06,38.5,6,2,2023,23,209.18,796.8299999999999,824.25,1225.83,610.0866666666667,657.1716666666666
2023-07,NAVE_CATEGORIA,NAVE_004 | FERRETERIA,7529.87,10.0,4.0,4.0,3.0,1882.4675,657.075,6211.7,7,3,2023,24,40.12,209.18,796.8299999999999,650.32,348.71,570.3616666666667
2023-08,NAVE_CATEGORIA,NAVE_004 | FERRETERIA,1184.73,177.0,23.0,23.0,4.0,51.51,10.16,688.78,8,3,2023,25,7529.87,40.12,209.18,1090.4200000000003,2593.056666666667,1780.0416666666667
2023-09,NAVE_CATEGORIA,NAVE_004 | FERRETERIA,990.03,234.0,32.0,32.0,4.0,30.9384375,11.7,256.0,9,3,2023,26,1184.73,7529.87,40.12,1309.19,2918.24,1764.1633333333332
2023-10,NAVE_CATEGORIA,NAVE_004 | FERRETERIA,3280.64,179.0,17.0,17.0,3.0,192.97882352941176,48.0,1501.0,10,4,2023,27,990.03,1184.73,7529.87,58.5,3234.876666666667,1791.7933333333333
2023-11,NAVE_CATEGORIA,NAVE_004 | FERRETERIA,9565.07,2019.0,68.0,66.0,14.0,140.66279411764705,47.010000000000005,1827.11,11,4,2023,28,3280.64,990.03,1184.73,311.8399999999999,1818.4666666666665,2205.7616666666668
2023-12,NAVE_CATEGORIA,NAVE_004 | FERRETERIA,17004.469999999998,1780.0,98.0,94.0,16.0,173.515,28.15,5379.76,12,4,2023,29,9565.07,3280.64,990.03,560.98,4611.913333333333,3765.0766666666664
2025-04,NAVE_CATEGORIA,NAVE_004 | FERRETERIA,52.89,13.0,3.0,3.0,1.0,17.63,18.8,23.25,4,2,2025,30,17004.469999999998,9565.07,3280.64,271.78999999999996,9950.06,6592.468333333333
2025-05,NAVE_CATEGORIA,NAVE_004 | FERRETERIA,415.4100000000001,171.0,24.0,23.0,1.0,17.308750000000003,5.37,95.0,5,2,2025,31,52.89,17004.469999999998,9565.07,1280.0,8874.143333333332,5346.304999999999
2025-06,NAVE_CATEGORIA,NAVE_004 | FERRETERIA,42.690000000000005,34.0,5.0,5.0,1.0,8.538,7.39,20.16,6,2,2025,32,415.4100000000001,52.89,17004.469999999998,824.25,5824.256666666665,5218.084999999999
2025-08,NAVE_CATEGORIA,NAVE_004 | FERRETERIA,245.06,46.0,8.0,7.0,1.0,30.6325,9.280000000000001,184.0,8,3,2025,33,42.690000000000005,415.4100000000001,52.89,796.8299999999999,170.33,5060.195
2025-09,NAVE_CATEGORIA,NAVE_004 | FERRETERIA,297.6,4.0,1.0,1.0,1.0,297.6,297.6,297.6,9,3,2025,34,245.06,42.690000000000005,415.4100000000001,209.18,234.38666666666668,4554.264999999999
2025-10,NAVE_CATEGORIA,NAVE_004 | FERRETERIA,121.0,10.0,4.0,4.0,1.0,30.25,34.5,46.0,10,4,2025,35,297.6,245.06,42.690000000000005,40.12,195.11666666666667,3009.6866666666665
2025-11,NAVE_CATEGORIA,NAVE_004 | FERRETERIA,2008.35,37.0,4.0,4.0,1.0,502.0875,93.6,1809.15,11,4,2025,36,121.0,297.6,245.06,7529.87,221.22,195.775
2025-12,NAVE_CATEGORIA,NAVE_004 | FERRETERIA,274.31999999999994,333.0,10.0,8.0,1.0,27.431999999999995,15.265,115.0,12,4,2025,37,2008.35,121.0,297.6,1184.73,808.9833333333332,521.685
2021-01,NAVE_CATEGORIA,NAVE_004 | REPUESTOS MECANICOS,461.5,2.0,1.0,1.0,1.0,461.5,461.5,461.5,1,1,2021,0,,,,,,
2021-02,NAVE_CATEGORIA,NAVE_004 | REPUESTOS MECANICOS,147.53,1.0,1.0,1.0,1.0,147.53,147.53,147.53,2,1,2021,1,461.5,,,,,
2021-03,NAVE_CATEGORIA,NAVE_004 | REPUESTOS MECANICOS,768.6,39.0,3.0,3.0,2.0,256.2,252.0,360.0,3,1,2021,2,147.53,461.5,,,,
2021-04,NAVE_CATEGORIA,NAVE_004 | REPUESTOS MECANICOS,2938.63,51.0,2.0,2.0,2.0,1469.315,1469.315,2888.63,4,2,2021,3,768.6,147.53,461.5,,459.21000000000004,
2021-05,NAVE_CATEGORIA,NAVE_004 | REPUESTOS MECANICOS,720.0,1.0,1.0,1.0,1.0,720.0,720.0,720.0,5,2,2021,4,2938.63,768.6,147.53,,1284.92,
2021-06,NAVE_CATEGORIA,NAVE_004 | REPUESTOS MECANICOS,3030.09,1.0,1.0,1.0,1.0,3030.09,3030.09,3030.09,6,2,2021,5,720.0,2938.63,768.6,,1475.743333333333,
2021-07,NAVE_CATEGORIA,NAVE_004 | REPUESTOS MECANICOS,6060.18,2.0,1.0,1.0,1.0,6060.18,6060.18,6060.18,7,3,2021,6,3030.09,720.0,2938.63,,2229.5733333333333,1344.3916666666667
2021-09,NAVE_CATEGORIA,NAVE_004 | REPUESTOS MECANICOS,9983.272,42.0,3.0,3.0,1.0,3327.7573333333335,2813.12,5212.296,9,3,2021,7,6060.18,3030.09,720.0,,3270.09,2277.505
2021-12,NAVE_CATEGORIA,NAVE_004 | REPUESTOS MECANICOS,1836.28,8.0,1.0,1.0,1.0,1836.28,1836.28,1836.28,12,4,2021,8,9983.272,6060.18,3030.09,,6357.847333333334,3916.7953333333335
2022-02,NAVE_CATEGORIA,NAVE_004 | REPUESTOS MECANICOS,998.88,36.0,2.0,2.0,1.0,499.44,499.44,630.48,2,1,2022,9,1836.28,9983.272,6060.18,,5959.910666666667,4094.742
2022-03,NAVE_CATEGORIA,NAVE_004 | REPUESTOS MECANICOS,8287.83,84.0,7.0,7.0,3.0,1183.9757142857143,490.5,3047.2,3,1,2022,10,998.88,1836.28,9983.272,,4272.810666666667,3771.4503333333337
2022-04,NAVE_CATEGORIA,NAVE_004 | REPUESTOS MECANICOS,437.04,14.0,6.0,6.0,3.0,72.84,56.88,184.0,4,2,2022,11,8287.83,998.88,1836.28,,3707.6633333333334,5032.7553333333335
2022-06,NAVE_CATEGORIA,NAVE_004 | REPUESTOS MECANICOS,12051.949999999997,161.0,7.0,7.0,4.0,1721.7071428571423,278.32,8441.55,6,2,2022,12,437.04,8287.83,998.88,461.5,3241.25,4600.580333333333
2022-07,NAVE_CATEGORIA,NAVE_004 | REPUESTOS MECANICOS,1057.3200000000002,3.0,2.0,2.0,2.0,528.6600000000001,528.6600000000001,975.32,7,3,2022,13,12051.949999999997,437.04,8287.83,147.53,6925.606666666667,5599.208666666666
2022-08,NAVE_CATEGORIA,NAVE_004 | REPUESTOS MECANICOS,652.26,200.0,1.0,1.0,1.0,652.26,652.26,652.26,8,3,2022,14,1057.3200000000002,12051.949999999997,437.04,768.6,4515.436666666666,4111.55
2022-11,NAVE_CATEGORIA,NAVE_004 | REPUESTOS MECANICOS,1681.9199999999998,32.0,3.0,3.0,2.0,560.64,425.52,892.08,11,4,2022,15,652.26,1057.3200000000002,12051.949999999997,2938.63,4587.176666666665,3914.213333333333
2023-01,NAVE_CATEGORIA,NAVE_004 | REPUESTOS MECANICOS,10936.24,67.0,17.0,17.0,3.0,643.3082352941176,361.7,3210.0,1,1,2023,16,1681.9199999999998,652.26,1057.3200000000002,720.0,1130.5,4028.0533333333333
2023-02,NAVE_CATEGORIA,NAVE_004 | REPUESTOS MECANICOS,207768.25,2.0,2.0,2.0,2.0,103884.125,103884.125,205742.5,2,1,2023,17,10936.24,1681.9199999999998,652.26,3030.09,4423.473333333333,4469.454999999999
2023-03,NAVE_CATEGORIA,NAVE_004 | REPUESTOS MECANICOS,25080.01,93.0,14.0,14.0,3.0,1791.4292857142857,744.2249999999999,7378.94,3,1,2023,18,207768.25,10936.24,1681.9199999999998,6060.18,73462.13666666667,39024.65666666667
2023-04,NAVE_CATEGORIA,NAVE_004 | REPUESTOS MECANICOS,10619.170000000002,23.0,11.0,10.0,4.0,965.3790909090911,159.0,6319.11,4,2,2023,19,25080.01,207768.25,10936.24,9983.272,81261.5,41196.0
2023-05,NAVE_CATEGORIA,NAVE_004 | REPUESTOS MECANICOS,8006.629999999999,335.0,33.0,19.0,3.0,242.6251515151515,110.24,2873.56,5,2,2023,20,10619.170000000002,25080.01,207768.25,1836.28,81155.81,42789.64166666667
2023-08,NAVE_CATEGORIA,NAVE_004 | REPUESTOS MECANICOS,600.0,5.0,1.0,1.0,1.0,600.0,600.0,600.0,8,3,2023,21,8006.629999999999,10619.170000000002,25080.01,998.88,14568.603333333333,44015.37
2023-09,NAVE_CATEGORIA,NAVE_004 | REPUESTOS MECANICOS,72564.78000000001,353.0,21.0,21.0,5.0,3455.465714285715,343.51,48580.71,9,3,2023,22,600.0,8006.629999999999,10619.170000000002,8287.83,6408.600000000001,43835.05000000001
2023-10,NAVE_CATEGORIA,NAVE_004 | REPUESTOS MECANICOS,3292.959999999999,40.0,10.0,10.0,2.0,329.29599999999994,55.11,2304.0,10,4,2023,23,72564.78000000001,600.0,8006.629999999999,437.04,27057.136666666673,54106.473333333335
2023-11,NAVE_CATEGORIA,NAVE_004 | REPUESTOS MECANICOS,3672.0,2.0,1.0,1.0,1.0,3672.0,3672.0,3672.0,11,4,2023,24,3292.959999999999,72564.78000000001,600.0,12051.949999999997,25485.91333333334,20027.258333333335
2023-12,NAVE_CATEGORIA,NAVE_004 | REPUESTOS MECANICOS,15286.199999999999,402.0,94.0,92.0,7.0,162.6191489361702,24.655,2726.4,12,4,2023,25,3672.0,3292.959999999999,72564.78000000001,1057.3200000000002,26509.91333333334,16459.256666666668
2024-02,NAVE_CATEGORIA,NAVE_004 | REPUESTOS MECANICOS,3886.8,310.0,17.0,17.0,1.0,228.63529411764708,53.65,1314.54,2,1,2024,26,15286.199999999999,3672.0,3292.959999999999,652.26,7417.053333333332,17237.095
2025-02,NAVE_CATEGORIA,NAVE_004 | REPUESTOS MECANICOS,75.0,1.0,1.0,1.0,1.0,75.0,75.0,75.0,2,1,2025,27,3886.8,15286.199999999999,3672.0,1681.9199999999998,7615.0,16550.45666666667
2025-04,NAVE_CATEGORIA,NAVE_004 | REPUESTOS MECANICOS,5851.21,2.0,1.0,1.0,1.0,5851.21,5851.21,5851.21,4,2,2025,28,75.0,3886.8,15286.199999999999,10936.24,6416.0,16462.95666666667
2025-05,NAVE_CATEGORIA,NAVE_004 | REPUESTOS MECANICOS,5930.36,15.0,8.0,8.0,1.0,741.295,48.739999999999995,4875.46,5,2,2025,29,5851.21,75.0,3886.8,207768.25,3271.0033333333336,5344.028333333333
2025-06,NAVE_CATEGORIA,NAVE_004 | REPUESTOS MECANICOS,1232.86,3.0,1.0,1.0,1.0,1232.86,1232.86,1232.86,6,2,2025,30,5930.36,5851.21,75.0,25080.01,3952.19,5783.595
2025-08,NAVE_CATEGORIA,NAVE_004 | REPUESTOS MECANICOS,1944.0500000000002,5.0,4.0,4.0,1.0,486.01250000000005,204.105,1449.72,8,3,2025,31,1232.86,5930.36,5851.21,10619.170000000002,4338.143333333333,5377.071666666667
2025-10,NAVE_CATEGORIA,NAVE_004 | REPUESTOS MECANICOS,328.07,11.0,2.0,2.0,1.0,164.035,164.035,310.57,10,4,2025,32,1944.0500000000002,1232.86,5930.36,8006.629999999999,3035.7566666666667,3153.3800000000006
2025-11,NAVE_CATEGORIA,NAVE_004 | REPUESTOS MECANICOS,255.97,2.0,1.0,1.0,1.0,255.97,255.97,255.97,11,4,2025,33,328.07,1944.0500000000002,1232.86,600.0,1168.3266666666666,2560.258333333333
2021-01,NAVE_CATEGORIA,NAVE_004 | SERVICIOS DE MANTENIMIENTO,37920.9,9.0,9.0,2.0,6.0,4213.433333333333,580.0,32349.0,1,1,2021,0,,,,,,
2021-02,NAVE_CATEGORIA,NAVE_004 | SERVICIOS DE MANTENIMIENTO,4540.0,7.0,7.0,3.0,5.0,648.5714285714286,250.0,2200.0,2,1,2021,1,37920.9,,,,,
2021-03,NAVE_CATEGORIA,NAVE_004 | SERVICIOS DE MANTENIMIENTO,13363.02,5.0,5.0,3.0,4.0,2672.6040000000003,300.5,12056.52,3,1,2021,2,4540.0,37920.9,,,,
2021-04,NAVE_CATEGORIA,NAVE_004 | SERVICIOS DE MANTENIMIENTO,2044.96,9.0,9.0,2.0,6.0,227.21777777777777,190.0,633.0,4,2,2021,3,13363.02,4540.0,37920.9,,18607.97333333333,
2021-05,NAVE_CATEGORIA,NAVE_004 | SERVICIOS DE MANTENIMIENTO,6728.35,2.0,2.0,2.0,2.0,3364.175,3364.175,6628.35,5,2,2021,4,2044.96,13363.02,4540.0,,6649.326666666667,
2021-06,NAVE_CATEGORIA,NAVE_004 | SERVICIOS DE MANTENIMIENTO,3468.71,5.0,5.0,2.0,4.0,693.742,520.0,1634.0,6,2,2021,5,6728.35,2044.96,13363.02,,7378.776666666668,
2021-07,NAVE_CATEGORIA,NAVE_004 | SERVICIOS DE MANTENIMIENTO,6850.0,3.0,3.0,1.0,3.0,2283.3333333333335,950.0,5250.0,7,3,2021,6,3468.71,6728.35,2044.96,,4080.6733333333336,11344.323333333334
2021-08,NAVE_CATEGORIA,NAVE_004 | SERVICIOS DE MANTENIMIENTO,2950.14,4.0,4.0,2.0,3.0,737.535,748.0699999999999,1254.0,8,3,2021,7,6850.0,3468.71,6728.35,,5682.3533333333335,6165.84
2021-09,NAVE_CATEGORIA,NAVE_004 | SERVICIOS DE MANTENIMIENTO,17820.71,4.0,4.0,1.0,3.0,4455.1775,2225.0,12116.71,9,3,2021,8,2950.14,6850.0,3468.71,,4422.95,5900.863333333334
2021-10,NAVE_CATEGORIA,NAVE_004 | SERVICIOS DE MANTENIMIENTO,21625.29,8.0,8.0,3.0,4.0,2703.16125,732.615,15327.91,10,4,2021,9,17820.71,2950.14,6850.0,,9206.949999999999,6643.811666666666
2021-11,NAVE_CATEGORIA,NAVE_004 | SERVICIOS DE MANTENIMIENTO,9346.86,4.0,4.0,2.0,3.0,2336.715,876.6,7383.0,11,4,2021,10,21625.29,17820.71,2950.14,,14132.046666666667,9907.199999999999
2021-12,NAVE_CATEGORIA,NAVE_004 | SERVICIOS DE MANTENIMIENTO,1703.49,2.0,2.0,1.0,2.0,851.745,851.745,1403.49,12,4,2021,11,9346.86,21625.29,17820.71,,16264.286666666667,10343.618333333334
2022-01,NAVE_CATEGORIA,NAVE_004 | SERVICIOS DE MANTENIMIENTO,84357.18000000001,7.0,7.0,2.0,4.0,12051.025714285715,1060.0,61233.1,1,1,2022,12,1703.49,9346.86,21625.29,37920.9,10891.880000000001,10049.414999999999
2022-02,NAVE_CATEGORIA,NAVE_004 | SERVICIOS DE MANTENIMIENTO,1230.0,3.0,3.0,2.0,3.0,410.0,200.0,850.0,2,1,2022,13,84357.18000000001,1703.49,9346.86,4540.0,31802.510000000006,22967.278333333335
2022-03,NAVE_CATEGORIA,NAVE_004 | SERVICIOS DE MANTENIMIENTO,1240.46,5.0,5.0,3.0,5.0,248.092,160.0,770.0,3,1,2022,14,1230.0,84357.18000000001,1703.49,13363.02,29096.890000000003,22680.588333333333
2022-04,NAVE_CATEGORIA,NAVE_004 | SERVICIOS DE MANTENIMIENTO,10404.18,5.0,5.0,2.0,2.0,2080.8360000000002,1250.0,4525.0,4,2,2022,15,1240.46,1230.0,84357.18000000001,2044.96,28942.546666666673,19917.213333333337
2022-05,NAVE_CATEGORIA,NAVE_004 | SERVICIOS DE MANTENIMIENTO,19315.5,9.0,7.0,3.0,6.0,2759.3571428571427,750.0,8228.25,5,2,2022,16,10404.18,1240.46,1230.0,6728.35,4291.546666666666,18047.028333333335
2022-06,NAVE_CATEGORIA,NAVE_004 | SERVICIOS DE MANTENIMIENTO,6970.0,6.0,6.0,1.0,2.0,1161.6666666666667,1187.5,1945.0,6,2,2022,17,19315.5,10404.18,1240.46,3468.71,10320.046666666667,19708.468333333334
2022-07,NAVE_CATEGORIA,NAVE_004 | SERVICIOS DE MANTENIMIENTO,763.1400000000001,7.0,7.0,3.0,5.0,109.02000000000001,60.5,250.0,7,3,2022,18,6970.0,19315.5,10404.18,6850.0,12229.893333333333,20586.22
2022-08,NAVE_CATEGORIA,NAVE_004 | SERVICIOS DE MANTENIMIENTO,870.5,4.0,4.0,2.0,3.0,217.625,165.25,450.0,8,3,2022,19,763.1400000000001,6970.0,19315.5,2950.14,9016.213333333333,6653.88
2022-09,NAVE_CATEGORIA,NAVE_004 | SERVICIOS DE MANTENIMIENTO,4658.32,5.0,5.0,1.0,4.0,931.664,700.0,1644.16,9,3,2022,20,870.5,763.1400000000001,6970.0,17820.71,2867.8799999999997,6593.963333333333
2022-10,NAVE_CATEGORIA,NAVE_004 | SERVICIOS DE MANTENIMIENTO,6805.0,7.0,7.0,2.0,3.0,972.1428571428571,700.0,2265.0,10,4,2022,21,4658.32,870.5,763.1400000000001,21625.29,2097.32,7163.606666666667
2022-11,NAVE_CATEGORIA,NAVE_004 | SERVICIOS DE MANTENIMIENTO,750.0,1.0,1.0,1.0,1.0,750.0,750.0,750.0,11,4,2022,22,6805.0,4658.32,870.5,9346.86,4111.2733333333335,6563.743333333333
2022-12,NAVE_CATEGORIA,NAVE_004 | SERVICIOS DE MANTENIMIENTO,340.0,2.0,2.0,1.0,2.0,170.0,170.0,300.0,12,4,2022,23,750.0,6805.0,4658.32,1703.49,4071.1066666666666,3469.4933333333333
2023-01,NAVE_CATEGORIA,NAVE_004 | SERVICIOS DE MANTENIMIENTO,2227.0,5.0,5.0,2.0,5.0,445.4,287.0,1360.0,1,1,2023,24,340.0,750.0,6805.0,84357.18000000001,2631.6666666666665,2364.4933333333333
2023-02,NAVE_CATEGORIA,NAVE_004 | SERVICIOS DE MANTENIMIENTO,4302.45,3.0,3.0,2.0,3.0,1434.1499999999999,280.0,3995.99,2,1,2023,25,2227.0,340.0,750.0,1230.0,1105.6666666666667,2608.47
2023-03,NAVE_CATEGORIA,NAVE_004 | SERVICIOS DE MANTENIMIENTO,9516.23,9.0,9.0,2.0,6.0,1057.358888888889,384.66,3721.41,3,1,2023,26,4302.45,2227.0,340.0,1240.46,2289.8166666666666,3180.4616666666666
2023-04,NAVE_CATEGORIA,NAVE_004 | SERVICIOS DE MANTENIMIENTO,4018.5499999999997,5.0,5.0,3.0,4.0,803.7099999999999,850.0,1751.78,4,2,2023,27,9516.23,4302.45,2227.0,10404.18,5348.56,3990.1133333333332
2023-05,NAVE_CATEGORIA,NAVE_004 | SERVICIOS DE MANTENIMIENTO,19288.38,14.0,14.0,2.0,5.0,1377.7414285714287,327.5,12031.0,5,2,2023,28,4018.5499999999997,9516.23,4302.45,19315.5,5945.743333333333,3525.705
2023-06,NAVE_CATEGORIA,NAVE_004 | SERVICIOS DE MANTENIMIENTO,15401.890000000001,7.0,7.0,3.0,5.0,2200.27,1563.86,6758.83,6,2,2023,29,19288.38,4018.5499999999997,9516.23,6970.0,10941.053333333335,6615.435
2023-07,NAVE_CATEGORIA,NAVE_004 | SERVICIOS DE MANTENIMIENTO,643.96,3.0,3.0,2.0,3.0,214.65333333333334,113.5,504.0,7,3,2023,30,15401.890000000001,19288.38,4018.5499999999997,763.1400000000001,12902.94,9125.75
2023-08,NAVE_CATEGORIA,NAVE_004 | SERVICIOS DE MANTENIMIENTO,1814.55,8.0,8.0,2.0,6.0,226.81875,152.245,850.0,8,3,2023,31,643.96,15401.890000000001,19288.38,870.5,11778.076666666666,8861.91
2023-09,NAVE_CATEGORIA,NAVE_004 | SERVICIOS DE MANTENIMIENTO,9174.3,11.0,11.0,2.0,6.0,834.0272727272727,260.0,4660.0,9,3,2023,32,1814.55,643.96,15401.890000000001,4658.32,5953.466666666667,8447.26
2023-10,NAVE_CATEGORIA,NAVE_004 | SERVICIOS DE MANTENIMIENTO,3835.0,2.0,2.0,1.0,2.0,1917.5,1917.5,3135.0,10,4,2023,33,9174.3,1814.55,643.96,6805.0,3877.603333333333,8390.271666666667
2023-11,NAVE_CATEGORIA,NAVE_004 | SERVICIOS DE MANTENIMIENTO,44381.8,19.0,19.0,1.0,6.0,2335.884210526316,1820.0,6800.0,11,4,2023,34,3835.0,9174.3,1814.55,750.0,4941.283333333333,8359.68
2023-12,NAVE_CATEGORIA,NAVE_004 | SERVICIOS DE MANTENIMIENTO,227617.76,40.0,40.0,2.0,13.0,5690.444,186.0,130476.47,12,4,2023,35,44381.8,3835.0,9174.3,340.0,19130.36666666667,12541.916666666666
2024-01,NAVE_CATEGORIA,NAVE_004 | SERVICIOS DE MANTENIMIENTO,50214.98,14.0,14.0,1.0,9.0,3586.784285714286,3320.0,9800.0,1,1,2024,36,227617.76,44381.8,3835.0,2227.0,91944.85333333333,47911.22833333333
2024-02,NAVE_CATEGORIA,NAVE_004 | SERVICIOS DE MANTENIMIENTO,176795.05,21.0,21.0,1.0,10.0,8418.811904761904,1604.7,108414.99,2,1,2024,37,50214.98,227617.76,44381.8,4302.45,107404.84666666666,56173.064999999995
2024-03,NAVE_CATEGORIA,NAVE_004 | SERVICIOS DE MANTENIMIENTO,27785.170000000002,8.0,8.0,1.0,6.0,3473.1462500000002,613.62,23981.53,3,1,2024,38,176795.05,50214.98,227617.76,9516.23,151542.59666666668,85336.48166666667
2024-04,NAVE_CATEGORIA,NAVE_004 | SERVICIOS DE MANTENIMIENTO,1045.56,2.0,2.0,1.0,2.0,522.78,522.78,715.12,4,2,2024,39,27785.170000000002,176795.05,50214.98,4018.5499999999997,84931.73333333334,88438.29333333333
2024-05,NAVE_CATEGORIA,NAVE_004 | SERVICIOS DE MANTENIMIENTO,3234.85,2.0,2.0,1.0,2.0,1617.425,1617.425,2444.85,5,2,2024,40,1045.56,27785.170000000002,176795.05,19288.38,68541.92666666667,87973.38666666666
2024-06,NAVE_CATEGORIA,NAVE_004 | SERVICIOS DE MANTENIMIENTO,2321.56,3.0,3.0,1.0,3.0,773.8533333333334,971.56,1150.0,6,2,2024,41,3234.85,1045.56,27785.170000000002,15401.890000000001,10688.526666666667,81115.56166666666
2024-07,NAVE_CATEGORIA,NAVE_004 | SERVICIOS DE MANTENIMIENTO,8008.110000000001,6.0,6.0,1.0,6.0,1334.6850000000002,1008.0,3417.11,7,3,2024,42,2321.56,3234.85,1045.56,643.96,2200.6566666666663,43566.195
2024-08,NAVE_CATEGORIA,NAVE_004 | SERVICIOS DE MANTENIMIENTO,2536.96,3.0,3.0,1.0,2.0,845.6533333333333,1248.48,1248.48,8,3,2024,43,8008.110000000001,2321.56,3234.85,1814.55,4521.506666666667,36531.71666666667
2024-09,NAVE_CATEGORIA,NAVE_004 | SERVICIOS DE MANTENIMIENTO,3224.0,2.0,2.0,1.0,2.0,1612.0,1612.0,2780.0,9,3,2024,44,2536.96,8008.110000000001,2321.56,9174.3,4288.876666666667,7488.701666666667
2024-10,NAVE_CATEGORIA,NAVE_004 | SERVICIOS DE MANTENIMIENTO,1710.0,2.0,2.0,1.0,1.0,855.0,855.0,950.0,10,4,2024,45,3224.0,2536.96,8008.110000000001,3835.0,4589.69,3395.1733333333336
2024-11,NAVE_CATEGORIA,NAVE_004 | SERVICIOS DE MANTENIMIENTO,10997.84,3.0,3.0,1.0,3.0,3665.9466666666667,3887.24,6610.6,11,4,2024,46,1710.0,3224.0,2536.96,44381.8,2490.32,3505.9133333333334
2024-12,NAVE_CATEGORIA,NAVE_004 | SERVICIOS DE MANTENIMIENTO,9676.64,9.0,9.0,1.0,9.0,1075.1822222222222,787.56,2618.0,12,4,2024,47,10997.84,1710.0,3224.0,227617.76,5310.613333333334,4799.745
2025-01,NAVE_CATEGORIA,NAVE_004 | SERVICIOS DE MANTENIMIENTO,7720.0,5.0,5.0,1.0,4.0,1544.0,1200.0,3285.0,1,1,2025,48,9676.64,10997.84,1710.0,50214.98,7461.493333333333,6025.591666666667
2025-02,NAVE_CATEGORIA,NAVE_004 | SERVICIOS DE MANTENIMIENTO,1500.0,3.0,3.0,1.0,3.0,500.0,470.0,930.0,2,1,2025,49,7720.0,9676.64,10997.84,176795.05,9464.826666666666,5977.573333333334
2025-03,NAVE_CATEGORIA,NAVE_004 | SERVICIOS DE MANTENIMIENTO,2104.2,4.0,4.0,1.0,4.0,526.05,562.1,900.0,3,1,2025,50,1500.0,7720.0,9676.64,27785.170000000002,6298.88,5804.746666666666
2025-04,NAVE_CATEGORIA,NAVE_004 | SERVICIOS DE MANTENIMIENTO,429.2,2.0,2.0,1.0,2.0,214.6,214.6,354.46,4,2,2025,51,2104.2,1500.0,7720.0,1045.56,3774.7333333333336,5618.113333333334
2025-05,NAVE_CATEGORIA,NAVE_004 | SERVICIOS DE MANTENIMIENTO,3705.0,3.0,3.0,1.0,3.0,1235.0,1150.0,2205.0,5,2,2025,52,429.2,2104.2,1500.0,3234.85,1344.4666666666665,5404.6466666666665
2025-06,NAVE_CATEGORIA,NAVE_004 | SERVICIOS DE MANTENIMIENTO,10707.75,18.0,11.0,2.0,7.0,973.4318181818181,787.56,2850.0,6,2,2025,53,3705.0,429.2,2104.2,2321.56,2079.4666666666667,4189.173333333333
2025-07,NAVE_CATEGORIA,NAVE_004 | SERVICIOS DE MANTENIMIENTO,6411.570000000001,59.0,5.0,2.0,5.0,1282.314,870.0,2419.02,7,3,2025,54,10707.75,3705.0,429.2,8008.110000000001,4947.316666666667,4361.025000000001
2025-08,NAVE_CATEGORIA,NAVE_004 | SERVICIOS DE MANTENIMIENTO,795.0,2.0,2.0,1.0,2.0,397.5,397.5,700.0,8,3,2025,55,6411.570000000001,10707.75,3705.0,2536.96,6941.44,4142.953333333334
2025-09,NAVE_CATEGORIA,NAVE_004 | SERVICIOS DE MANTENIMIENTO,3662.0,3.0,3.0,3.0,3.0,1220.6666666666667,1500.0,1500.0,9,3,2025,56,795.0,6411.570000000001,10707.75,3224.0,5971.44,4025.4533333333334
2025-10,NAVE_CATEGORIA,NAVE_004 | SERVICIOS DE MANTENIMIENTO,1915.45,5.0,5.0,3.0,4.0,383.09000000000003,300.0,700.0,10,4,2025,57,3662.0,795.0,6411.570000000001,1710.0,3622.8566666666666,4285.086666666667
2025-11,NAVE_CATEGORIA,NAVE_004 | SERVICIOS DE MANTENIMIENTO,1422.2,3.0,3.0,1.0,2.0,474.06666666666666,559.36,802.84,11,4,2025,58,1915.45,3662.0,795.0,10997.84,2124.15,4532.795
2025-12,NAVE_CATEGORIA,NAVE_004 | SERVICIOS DE MANTENIMIENTO,2763.91,2.0,2.0,1.0,1.0,1381.955,1381.955,2303.04,12,4,2025,59,1422.2,1915.45,3662.0,9676.64,2333.2166666666667,4152.328333333334
2021-01,NAVE_CATEGORIA,NAVE_005 | FERRETERIA,85.5,9.0,1.0,1.0,1.0,85.5,85.5,85.5,1,1,2021,0,,,,,,
2021-02,NAVE_CATEGORIA,NAVE_005 | FERRETERIA,808.0,17.0,4.0,4.0,3.0,202.0,185.75,399.0,2,1,2021,1,85.5,,,,,
2021-03,NAVE_CATEGORIA,NAVE_005 | FERRETERIA,1234.2700000000002,103.0,18.0,18.0,3.0,68.57055555555557,26.1,464.0,3,1,2021,2,808.0,85.5,,,,
2021-04,NAVE_CATEGORIA,NAVE_005 | FERRETERIA,792.87,4.0,2.0,1.0,2.0,396.435,396.435,642.87,4,2,2021,3,1234.2700000000002,808.0,85.5,,709.2566666666668,
2021-05,NAVE_CATEGORIA,NAVE_005 | FERRETERIA,640.37,68.0,9.0,9.0,3.0,71.15222222222222,53.87,255.0,5,2,2021,4,792.87,1234.2700000000002,808.0,,945.0466666666667,
2021-08,NAVE_CATEGORIA,NAVE_005 | FERRETERIA,127.0,1.0,1.0,1.0,1.0,127.0,127.0,127.0,8,3,2021,5,640.37,792.87,1234.2700000000002,,889.1700000000001,
2021-09,NAVE_CATEGORIA,NAVE_005 | FERRETERIA,49.589999999999996,28.0,6.0,6.0,1.0,8.264999999999999,6.625,19.1,9,3,2021,6,127.0,640.37,792.87,,520.08,614.6683333333334
2021-10,NAVE_CATEGORIA,NAVE_005 | FERRETERIA,304.0,9.0,3.0,3.0,2.0,101.33333333333333,6.0,295.0,10,4,2021,7,49.589999999999996,127.0,640.37,,272.32,608.6833333333334
2021-11,NAVE_CATEGORIA,NAVE_005 | FERRETERIA,654.4,23.0,7.0,7.0,2.0,93.48571428571428,10.5,602.9,11,4,2021,8,304.0,49.589999999999996,127.0,,160.19666666666666,524.6833333333334
2021-12,NAVE_CATEGORIA,NAVE_005 | FERRETERIA,2138.04,278.0,36.0,32.0,8.0,59.39,31.25,294.0,12,4,2021,9,654.4,304.0,49.589999999999996,,335.99666666666667,428.03833333333336
2022-01,NAVE_CATEGORIA,NAVE_005 | FERRETERIA,20.25,3.0,1.0,1.0,1.0,20.25,20.25,20.25,1,1,2022,10,2138.04,654.4,304.0,,1032.1466666666668,652.2333333333333
2022-02,NAVE_CATEGORIA,NAVE_005 | FERRETERIA,294.14,27.0,2.0,2.0,1.0,147.07,147.07,154.0,2,1,2022,11,20.25,2138.04,654.4,,937.5633333333334,548.88
2022-03,NAVE_CATEGORIA,NAVE_005 | FERRETERIA,553.7399999999999,188.0,29.0,29.0,1.0,19.094482758620686,6.74,164.24,3,1,2022,12,294.14,20.25,2138.04,85.5,817.4766666666666,576.7366666666666
2022-05,NAVE_CATEGORIA,NAVE_005 | FERRETERIA,812.6199999999999,284.43,13.0,13.0,4.0,62.50923076923076,21.56,230.0,5,2,2022,13,553.7399999999999,294.14,20.25,808.0,289.3766666666666,660.7616666666667
2022-06,NAVE_CATEGORIA,NAVE_005 | FERRETERIA,2949.4600000000005,60.0,18.0,18.0,5.0,163.8588888888889,12.0,1873.22,6,2,2022,14,812.6199999999999,553.7399999999999,294.14,1234.2700000000002,553.4999999999999,745.5316666666666
2022-07,NAVE_CATEGORIA,NAVE_005 | FERRETERIA,737.3,42.0,8.0,8.0,3.0,92.1625,63.07,380.0,7,3,2022,15,2949.4600000000005,812.6199999999999,553.7399999999999,792.87,1438.6066666666666,1128.0416666666667
2022-08,NAVE_CATEGORIA,NAVE_005 | FERRETERIA,280.35,6.0,3.0,3.0,1.0,93.45,38.0,236.62,8,3,2022,16,737.3,2949.4600000000005,812.6199999999999,640.37,1499.7933333333333,894.585
2022-11,NAVE_CATEGORIA,NAVE_005 | FERRETERIA,801.9999999999999,88.0,13.0,12.0,3.0,61.692307692307686,11.4,263.34,11,4,2022,17,280.35,737.3,2949.4600000000005,127.0,1322.3700000000001,937.9350000000001
2023-01,NAVE_CATEGORIA,NAVE_005 | FERRETERIA,217.8,3.0,1.0,1.0,1.0,217.8,217.8,217.8,1,1,2023,18,801.9999999999999,280.35,737.3,49.589999999999996,606.55,1022.5783333333334
2023-02,NAVE_CATEGORIA,NAVE_005 | FERRETERIA,294.33,111.0,10.0,10.0,2.0,29.433,8.545,134.4,2,1,2023,19,217.8,801.9999999999999,280.35,304.0,433.38333333333327,966.5883333333335
2023-03,NAVE_CATEGORIA,NAVE_005 | FERRETERIA,2735.05,265.0,33.0,31.0,7.0,82.88030303030304,42.21,680.0,3,1,2023,20,294.33,217.8,801.9999999999999,654.4,438.0433333333333,880.2066666666668
2023-04,NAVE_CATEGORIA,NAVE_005 | FERRETERIA,140.0,1.0,1.0,1.0,1.0,140.0,140.0,140.0,4,2,2023,21,2735.05,294.33,217.8,2138.04,1082.3933333333334,844.4716666666667
2023-06,NAVE_CATEGORIA,NAVE_005 | FERRETERIA,2310.2400000000002,44.0,8.0,8.0,3.0,288.78000000000003,21.815,1628.46,6,2,2023,22,140.0,2735.05,294.33,20.25,1056.46,744.9216666666667
2023-07,NAVE_CATEGORIA,NAVE_005 | FERRETERIA,44141.46,173.0,19.0,19.0,4.0,2323.234736842105,12.32,42250.0,7,3,2023,23,2310.2400000000002,140.0,2735.05,294.14,1728.4300000000003,1083.236666666667
2023-09,NAVE_CATEGORIA,NAVE_005 | FERRETERIA,42.0,2.0,1.0,1.0,1.0,42.0,42.0,42.0,9,3,2023,24,44141.46,2310.2400000000002,140.0,553.7399999999999,15530.566666666666,8306.48
2023-10,NAVE_CATEGORIA,NAVE_005 | FERRETERIA,566.74,104.0,17.0,15.0,2.0,33.33764705882353,15.0,123.6,10,4,2023,25,42.0,44141.46,2310.2400000000002,812.6199999999999,15497.9,8277.179999999998
2023-11,NAVE_CATEGORIA,NAVE_005 | FERRETERIA,385.53000000000003,103.0,12.0,12.0,2.0,32.127500000000005,9.79,123.6,11,4,2023,26,566.74,42.0,44141.46,2949.4600000000005,14916.733333333332,8322.581666666667
2023-12,NAVE_CATEGORIA,NAVE_005 | FERRETERIA,50.4,18.0,2.0,2.0,1.0,25.2,25.2,26.88,12,4,2023,27,385.53000000000003,566.74,42.0,737.3,331.42333333333335,7930.994999999999
2024-04,NAVE_CATEGORIA,NAVE_005 | FERRETERIA,2808.77,13400.0,40.0,39.0,7.0,70.21925,28.82,384.0,4,2,2024,28,50.4,385.53000000000003,566.74,280.35,334.22333333333336,7916.061666666666
2024-05,NAVE_CATEGORIA,NAVE_005 | FERRETERIA,9.809999999999999,20.0,2.0,2.0,1.0,4.904999999999999,4.904999999999999,6.81,5,2,2024,29,2808.77,50.4,385.53000000000003,801.9999999999999,1081.5666666666666,7999.150000000001
2025-05,NAVE_CATEGORIA,NAVE_005 | FERRETERIA,50.58,25.0,2.0,2.0,1.0,25.29,25.29,26.4,5,2,2025,30,9.809999999999999,2808.77,50.4,217.8,956.3266666666667,643.875
2025-06,NAVE_CATEGORIA,NAVE_005 | FERRETERIA,503.21999999999997,12.0,5.0,5.0,1.0,100.64399999999999,41.4,269.5,6,2,2025,31,50.58,9.809999999999999,2808.77,294.33,956.3866666666668,645.305
2025-07,NAVE_CATEGORIA,NAVE_005 | FERRETERIA,99.75,18.0,4.0,4.0,1.0,24.9375,18.439999999999998,56.22,7,3,2025,32,503.21999999999997,50.58,9.809999999999999,2735.05,187.87000000000012,634.7183333333334
2025-08,NAVE_CATEGORIA,NAVE_005 | FERRETERIA,209.64000000000001,46.0,12.0,12.0,1.0,17.470000000000002,9.95,91.41,8,3,2025,33,99.75,503.21999999999997,50.58,140.0,217.85000000000014,587.0883333333334
2025-09,NAVE_CATEGORIA,NAVE_005 | FERRETERIA,21.75,310.0,5.0,5.0,1.0,4.35,2.5,12.8,9,3,2025,34,209.64000000000001,99.75,503.21999999999997,2310.2400000000002,270.8700000000002,613.6283333333333
2025-10,NAVE_CATEGORIA,NAVE_005 | FERRETERIA,143.77,42.0,13.0,13.0,1.0,11.05923076923077,7.84,25.0,10,4,2025,35,21.75,209.64000000000001,99.75,44141.46,110.38000000000015,149.125
2025-12,NAVE_CATEGORIA,NAVE_005 | FERRETERIA,7.74,23.0,2.0,2.0,1.0,3.87,3.87,5.04,12,4,2025,36,143.77,21.75,209.64000000000001,42.0,125.0533333333335,171.45166666666668
2021-03,NAVE_CATEGORIA,NAVE_005 | REPUESTOS MECANICOS,199.08,12.0,1.0,1.0,1.0,199.08,199.08,199.08,3,1,2021,0,,,,,,
2021-05,NAVE_CATEGORIA,NAVE_005 | REPUESTOS MECANICOS,5406.46,55.0,6.0,6.0,2.0,901.0766666666667,513.48,2780.08,5,2,2021,1,199.08,,,,,
2021-06,NAVE_CATEGORIA,NAVE_005 | REPUESTOS MECANICOS,731.6,5.0,1.0,1.0,1.0,731.6,731.6,731.6,6,2,2021,2,5406.46,199.08,,,,
2021-08,NAVE_CATEGORIA,NAVE_005 | REPUESTOS MECANICOS,1100.0,1.0,1.0,1.0,1.0,1100.0,1100.0,1100.0,8,3,2021,3,731.6,5406.46,199.08,,2112.38,
2021-09,NAVE_CATEGORIA,NAVE_005 | REPUESTOS MECANICOS,4184.139999999999,13.0,4.0,4.0,4.0,1046.0349999999999,770.0,2434.14,9,3,2021,4,1100.0,731.6,5406.46,,2412.6866666666665,
2021-10,NAVE_CATEGORIA,NAVE_005 | REPUESTOS MECANICOS,5433.66,63.0,3.0,3.0,1.0,1811.22,2216.7,2284.56,10,4,2021,5,4184.139999999999,1100.0,731.6,,2005.2466666666662,
2021-11,NAVE_CATEGORIA,NAVE_005 | REPUESTOS MECANICOS,11056.38,96.0,7.0,6.0,2.0,1579.482857142857,1084.8,3471.36,11,4,2021,6,5433.66,4184.139999999999,1100.0,,3572.6,2842.49
2021-12,NAVE_CATEGORIA,NAVE_005 | REPUESTOS MECANICOS,2130.0,4.0,2.0,2.0,2.0,1065.0,1065.0,1780.0,12,4,2021,7,11056.38,5433.66,4184.139999999999,,6891.3933333333325,4652.04
2022-02,NAVE_CATEGORIA,NAVE_005 | REPUESTOS MECANICOS,6089.28,58.0,7.0,7.0,3.0,869.8971428571429,122.52,3546.72,2,1,2022,8,2130.0,11056.38,5433.66,,6206.679999999999,4105.963333333333
2022-03,NAVE_CATEGORIA,NAVE_005 | REPUESTOS MECANICOS,1853.24,3.0,2.0,2.0,2.0,926.62,926.62,1115.79,3,1,2022,9,6089.28,2130.0,11056.38,,6425.219999999998,4998.91
2022-05,NAVE_CATEGORIA,NAVE_005 | REPUESTOS MECANICOS,3654.18,9.0,4.0,4.0,3.0,913.545,538.65,2543.4,5,2,2022,10,1853.24,6089.28,2130.0,,3357.506666666666,5124.45
2022-06,NAVE_CATEGORIA,NAVE_005 | REPUESTOS MECANICOS,1850.83,5.0,3.0,3.0,2.0,616.9433333333333,268.44,1352.0,6,2,2022,11,3654.18,1853.24,6089.28,,3865.5666666666657,5036.123333333333
2022-07,NAVE_CATEGORIA,NAVE_005 | REPUESTOS MECANICOS,4809.2300000000005,36.9,13.0,13.0,2.0,369.94076923076926,346.12,815.49,7,3,2022,12,1850.83,3654.18,1853.24,199.08,2452.7499999999995,4438.985
2022-08,NAVE_CATEGORIA,NAVE_005 | REPUESTOS MECANICOS,756.3599999999999,14.0,3.0,3.0,3.0,252.11999999999998,116.04,597.64,8,3,2022,13,4809.2300000000005,1850.83,3654.18,5406.46,3438.0799999999995,3397.7933333333335
2022-10,NAVE_CATEGORIA,NAVE_005 | REPUESTOS MECANICOS,436.36,8.0,2.0,2.0,2.0,218.18,218.18,364.36,10,4,2022,14,756.3599999999999,4809.2300000000005,1850.83,731.6,2472.1399999999994,3168.853333333333
2022-12,NAVE_CATEGORIA,NAVE_005 | REPUESTOS MECANICOS,41085.99,3.0,3.0,3.0,2.0,13695.33,2388.27,38686.8,12,4,2022,15,436.36,756.3599999999999,4809.2300000000005,1100.0,2000.6499999999996,2226.7000000000003
2023-01,NAVE_CATEGORIA,NAVE_005 | REPUESTOS MECANICOS,5790.17,22.0,14.0,14.0,1.0,413.5835714285714,62.019999999999996,2198.18,1,1,2023,16,41085.99,436.36,756.3599999999999,4184.139999999999,14092.903333333334,8765.491666666667
2023-02,NAVE_CATEGORIA,NAVE_005 | REPUESTOS MECANICOS,2280.1600000000003,2.0,2.0,2.0,1.0,1140.0800000000002,1140.0800000000002,2273.61,2,1,2023,17,5790.17,41085.99,436.36,5433.66,15770.839999999998,9121.49
2023-03,NAVE_CATEGORIA,NAVE_005 | REPUESTOS MECANICOS,973.85,14.0,3.0,3.0,2.0,324.6166666666667,122.64,751.2,3,1,2023,18,2280.1600000000003,5790.17,41085.99,11056.38,16385.44,9193.045
2023-04,NAVE_CATEGORIA,NAVE_005 | REPUESTOS MECANICOS,27712.420000000002,31.0,12.0,12.0,4.0,2309.3683333333333,1698.56,14051.0,4,2,2023,19,973.85,2280.1600000000003,5790.17,2130.0,3014.726666666667,8553.815
2023-05,NAVE_CATEGORIA,NAVE_005 | REPUESTOS MECANICOS,1328.47,2.0,2.0,2.0,2.0,664.235,664.235,973.22,5,2,2023,20,27712.420000000002,973.85,2280.1600000000003,6089.28,10322.143333333333,13046.491666666667
2023-06,NAVE_CATEGORIA,NAVE_005 | REPUESTOS MECANICOS,35138.909999999996,95.0,7.0,7.0,1.0,5019.844285714285,2254.08,18080.85,6,2,2023,21,1328.47,27712.420000000002,973.85,1853.24,10004.913333333336,13195.176666666666
2023-07,NAVE_CATEGORIA,NAVE_005 | REPUESTOS MECANICOS,2962.62,10.0,3.0,2.0,2.0,987.54,1254.4,1379.84,7,3,2023,22,35138.909999999996,1328.47,27712.420000000002,3654.18,21393.266666666666,12203.996666666666
2023-08,NAVE_CATEGORIA,NAVE_005 | REPUESTOS MECANICOS,1881.6,6.0,1.0,1.0,1.0,1881.6,1881.6,1881.6,8,3,2023,23,2962.62,35138.909999999996,1328.47,1850.83,13143.333333333334,11732.738333333333
2023-09,NAVE_CATEGORIA,NAVE_005 | REPUESTOS MECANICOS,39765.530000000006,100.0,3.0,3.0,2.0,13255.176666666668,3366.41,35500.0,9,3,2023,24,1881.6,2962.62,35138.909999999996,4809.2300000000005,13327.71,11666.311666666666
2023-11,NAVE_CATEGORIA,NAVE_005 | REPUESTOS MECANICOS,340255.26,534.0,73.0,72.0,1.0,4661.03095890411,206.93,85530.99,11,4,2023,25,39765.530000000006,1881.6,2962.62,756.3599999999999,14869.91666666667,18131.591666666664
2023-12,NAVE_CATEGORIA,NAVE_005 | REPUESTOS MECANICOS,1770.05,5.0,1.0,1.0,1.0,1770.05,1770.05,1770.05,12,4,2023,26,340255.26,39765.530000000006,1881.6,436.36,127300.79666666668,70222.065
2024-04,NAVE_CATEGORIA,NAVE_005 | REPUESTOS MECANICOS,4210.139999999999,3970.0,28.0,27.0,3.0,150.36214285714283,92.16,595.68,4,2,2024,27,1770.05,340255.26,39765.530000000006,41085.99,127263.61333333334,70295.66166666667
2025-05,NAVE_CATEGORIA,NAVE_005 | REPUESTOS MECANICOS,4278.89,47.0,20.0,20.0,1.0,213.9445,73.035,1454.01,5,2,2025,28,4210.139999999999,1770.05,340255.26,5790.17,115411.81666666667,65140.86666666667
2025-08,NAVE_CATEGORIA,NAVE_005 | REPUESTOS MECANICOS,616.42,1.0,1.0,1.0,1.0,616.42,616.42,616.42,8,3,2025,29,4278.89,4210.139999999999,1770.05,2280.1600000000003,3419.693333333333,65360.245
2025-11,NAVE_CATEGORIA,NAVE_005 | REPUESTOS MECANICOS,303.56,105.0,2.0,2.0,1.0,151.78,151.78,232.74,11,4,2025,30,616.42,4278.89,4210.139999999999,973.85,3035.15,65149.381666666675
2025-12,NAVE_CATEGORIA,NAVE_005 | REPUESTOS MECANICOS,3974.49,1.0,1.0,1.0,1.0,3974.49,3974.49,3974.49,12,4,2025,31,303.56,616.42,4278.89,27712.420000000002,1732.9566666666667,58572.386666666665
2021-01,NAVE_CATEGORIA,NAVE_005 | SERVICIOS DE MANTENIMIENTO,1033.21,2.0,2.0,1.0,2.0,516.605,516.605,810.0,1,1,2021,0,,,,,,
2021-02,NAVE_CATEGORIA,NAVE_005 | SERVICIOS DE MANTENIMIENTO,860.0,2.0,2.0,2.0,2.0,430.0,430.0,610.0,2,1,2021,1,1033.21,,,,,
2021-03,NAVE_CATEGORIA,NAVE_005 | SERVICIOS DE MANTENIMIENTO,920.0,1.0,1.0,1.0,1.0,920.0,920.0,920.0,3,1,2021,2,860.0,1033.21,,,,
2021-05,NAVE_CATEGORIA,NAVE_005 | SERVICIOS DE MANTENIMIENTO,100.0,1.0,1.0,1.0,1.0,100.0,100.0,100.0,5,2,2021,3,920.0,860.0,1033.21,,937.7366666666667,
2021-07,NAVE_CATEGORIA,NAVE_005 | SERVICIOS DE MANTENIMIENTO,250.0,1.0,1.0,1.0,1.0,250.0,250.0,250.0,7,3,2021,4,100.0,920.0,860.0,,626.6666666666666,
2021-08,NAVE_CATEGORIA,NAVE_005 | SERVICIOS DE MANTENIMIENTO,7537.5599999999995,6.0,6.0,2.0,2.0,1256.26,588.0,3385.6,8,3,2021,5,250.0,100.0,920.0,,423.3333333333333,
2021-09,NAVE_CATEGORIA,NAVE_005 | SERVICIOS DE MANTENIMIENTO,1645.0,3.0,3.0,2.0,3.0,548.3333333333334,650.0,855.0,9,3,2021,6,7537.5599999999995,250.0,100.0,,2629.1866666666665,1783.4616666666668
2021-10,NAVE_CATEGORIA,NAVE_005 | SERVICIOS DE MANTENIMIENTO,10565.0,2.0,2.0,2.0,1.0,5282.5,5282.5,7797.0,10,4,2021,7,1645.0,7537.5599999999995,250.0,,3144.1866666666665,1885.426666666667
2021-11,NAVE_CATEGORIA,NAVE_005 | SERVICIOS DE MANTENIMIENTO,6467.45,2.0,2.0,1.0,1.0,3233.725,3233.725,6017.45,11,4,2021,8,10565.0,1645.0,7537.5599999999995,,6582.5199999999995,3502.9266666666667
2022-01,NAVE_CATEGORIA,NAVE_005 | SERVICIOS DE MANTENIMIENTO,47656.46000000001,7.0,7.0,3.0,2.0,6808.065714285715,4478.0,16532.63,1,1,2022,9,6467.45,10565.0,1645.0,,6225.816666666667,4427.501666666667
2022-02,NAVE_CATEGORIA,NAVE_005 | SERVICIOS DE MANTENIMIENTO,108.0,1.0,1.0,1.0,1.0,108.0,108.0,108.0,2,1,2022,10,47656.46000000001,6467.45,10565.0,,21562.97,12353.578333333333
2022-03,NAVE_CATEGORIA,NAVE_005 | SERVICIOS DE MANTENIMIENTO,6100.99,4.0,4.0,2.0,3.0,1525.2475,1446.925,2397.14,3,1,2022,11,108.0,47656.46000000001,6467.45,,18077.303333333333,12329.911666666667
2022-04,NAVE_CATEGORIA,NAVE_005 | SERVICIOS DE MANTENIMIENTO,6058.8,5.0,5.0,2.0,4.0,1211.76,850.0,2630.8,4,2,2022,12,6100.99,108.0,47656.46000000001,1033.21,17955.15,12090.483333333335
2022-05,NAVE_CATEGORIA,NAVE_005 | SERVICIOS DE MANTENIMIENTO,1066.0,1.0,1.0,1.0,1.0,1066.0,1066.0,1066.0,5,2,2022,13,6058.8,6100.99,108.0,860.0,4089.263333333334,12826.116666666669
2022-06,NAVE_CATEGORIA,NAVE_005 | SERVICIOS DE MANTENIMIENTO,292.69,3.0,3.0,1.0,3.0,97.56333333333333,35.14,250.0,6,2,2022,14,1066.0,6058.8,6100.99,920.0,4408.596666666667,11242.950000000003
2022-07,NAVE_CATEGORIA,NAVE_005 | SERVICIOS DE MANTENIMIENTO,17642.6,4.0,4.0,2.0,4.0,4410.65,1390.0,14612.6,7,3,2022,15,292.69,1066.0,6058.8,100.0,2472.4966666666664,10213.823333333336
2022-08,NAVE_CATEGORIA,NAVE_005 | SERVICIOS DE MANTENIMIENTO,2272.0,3.0,3.0,2.0,2.0,757.3333333333334,1036.0,1036.0,8,3,2022,16,17642.6,292.69,1066.0,250.0,6333.763333333332,5211.513333333333
2022-09,NAVE_CATEGORIA,NAVE_005 | SERVICIOS DE MANTENIMIENTO,2292.0,3.0,3.0,1.0,3.0,764.0,950.0,950.0,9,3,2022,17,2272.0,17642.6,292.69,7537.5599999999995,6735.763333333332,5572.18
2022-11,NAVE_CATEGORIA,NAVE_005 | SERVICIOS DE MANTENIMIENTO,335.01,3.0,3.0,1.0,1.0,111.67,50.0,250.0,11,4,2022,18,2292.0,2272.0,17642.6,1645.0,7402.2,4937.348333333333
2022-12,NAVE_CATEGORIA,NAVE_005 | SERVICIOS DE MANTENIMIENTO,527.0,2.0,2.0,2.0,2.0,263.5,263.5,277.0,12,4,2022,19,335.01,2292.0,2272.0,10565.0,1633.0033333333333,3983.3833333333328
2023-01,NAVE_CATEGORIA,NAVE_005 | SERVICIOS DE MANTENIMIENTO,1939.51,3.0,3.0,2.0,3.0,646.5033333333333,465.66,1400.0,1,1,2023,20,527.0,335.01,2292.0,6467.45,1051.3366666666668,3893.5499999999993
2023-02,NAVE_CATEGORIA,NAVE_005 | SERVICIOS DE MANTENIMIENTO,4775.55,8.0,8.0,2.0,6.0,596.94375,347.5,2240.0,2,1,2023,21,1939.51,527.0,335.01,47656.46000000001,933.84,4168.0199999999995
2023-03,NAVE_CATEGORIA,NAVE_005 | SERVICIOS DE MANTENIMIENTO,3006.0,4.0,4.0,1.0,4.0,751.5,753.0,1050.0,3,1,2023,22,4775.55,1939.51,527.0,108.0,2414.02,2023.5116666666665
2023-04,NAVE_CATEGORIA,NAVE_005 | SERVICIOS DE MANTENIMIENTO,6739.97,6.0,6.0,1.0,2.0,1123.3283333333334,1169.475,1650.51,4,2,2023,23,3006.0,4775.55,1939.51,6100.99,3240.353333333334,2145.845
2023-05,NAVE_CATEGORIA,NAVE_005 | SERVICIOS DE MANTENIMIENTO,2144.0,4.0,4.0,1.0,3.0,536.0,426.5,950.0,5,2,2023,24,6739.97,3006.0,4775.55,6058.8,4840.506666666667,2887.1733333333336
2023-06,NAVE_CATEGORIA,NAVE_005 | SERVICIOS DE MANTENIMIENTO,20196.01,5.0,5.0,2.0,3.0,4039.2019999999998,3785.5,7180.07,6,2,2023,25,2144.0,6739.97,3006.0,1066.0,3963.3233333333337,3188.671666666667
2023-08,NAVE_CATEGORIA,NAVE_005 | SERVICIOS DE MANTENIMIENTO,4320.62,2.0,2.0,1.0,2.0,2160.31,2160.31,4080.62,8,3,2023,26,20196.01,2144.0,6739.97,292.69,9693.326666666666,6466.84
2023-09,NAVE_CATEGORIA,NAVE_005 | SERVICIOS DE MANTENIMIENTO,17164.83,3.0,3.0,1.0,3.0,5721.610000000001,900.0,15461.5,9,3,2023,27,4320.62,20196.01,2144.0,17642.6,8886.876666666665,6863.691666666667
2023-10,NAVE_CATEGORIA,NAVE_005 | SERVICIOS DE MANTENIMIENTO,700.0,1.0,1.0,1.0,1.0,700.0,700.0,700.0,10,4,2023,28,17164.83,4320.62,20196.01,2272.0,13893.82,8928.571666666669
2023-11,NAVE_CATEGORIA,NAVE_005 | SERVICIOS DE MANTENIMIENTO,138726.84,4.0,4.0,3.0,3.0,34681.71,28418.0,81815.84,11,4,2023,29,700.0,17164.83,4320.62,2292.0,7395.150000000001,8544.238333333335
2023-12,NAVE_CATEGORIA,NAVE_005 | SERVICIOS DE MANTENIMIENTO,10800.0,1.0,1.0,1.0,1.0,10800.0,10800.0,10800.0,12,4,2023,30,138726.84,700.0,17164.83,335.01,52197.22333333333,30542.05
2024-01,NAVE_CATEGORIA,NAVE_005 | SERVICIOS DE MANTENIMIENTO,1292.0,1.0,1.0,1.0,1.0,1292.0,1292.0,1292.0,1,1,2024,31,10800.0,138726.84,700.0,527.0,50075.613333333335,31984.71666666667
2024-02,NAVE_CATEGORIA,NAVE_005 | SERVICIOS DE MANTENIMIENTO,17765.0,2.0,2.0,1.0,2.0,8882.5,8882.5,16865.0,2,1,2024,32,1292.0,10800.0,138726.84,1939.51,50272.94666666668,28834.048333333336
2024-03,NAVE_CATEGORIA,NAVE_005 | SERVICIOS DE MANTENIMIENTO,33037.369999999995,6.0,6.0,1.0,3.0,5506.228333333333,2038.4650000000001,19500.0,3,1,2024,33,17765.0,1292.0,10800.0,4775.55,9952.333333333334,31074.778333333335
2024-04,NAVE_CATEGORIA,NAVE_005 | SERVICIOS DE MANTENIMIENTO,9737.79,8.0,8.0,1.0,6.0,1217.22375,1204.5,2570.0,4,2,2024,34,33037.369999999995,17765.0,1292.0,3006.0,17364.789999999997,33720.20166666667
2024-05,NAVE_CATEGORIA,NAVE_005 | SERVICIOS DE MANTENIMIENTO,290781.52,15.0,15.0,1.0,10.0,19385.434666666668,3680.0,137352.29,5,2,2024,35,9737.79,33037.369999999995,17765.0,6739.97,20180.053333333333,35226.50000000001
2024-06,NAVE_CATEGORIA,NAVE_005 | SERVICIOS DE MANTENIMIENTO,8007.5,5.0,5.0,1.0,5.0,1601.5,1100.0,3080.0,6,2,2024,36,290781.52,9737.79,33037.369999999995,2144.0,111185.56,60568.94666666668
2024-07,NAVE_CATEGORIA,NAVE_005 | SERVICIOS DE MANTENIMIENTO,10719.15,3.0,3.0,1.0,3.0,3573.0499999999997,2945.06,7324.09,7,3,2024,37,8007.5,290781.52,9737.79,20196.01,102842.27,60103.530000000006
2024-08,NAVE_CATEGORIA,NAVE_005 | SERVICIOS DE MANTENIMIENTO,2033.0,4.0,4.0,1.0,3.0,508.25,452.5,720.0,8,3,2024,38,10719.15,8007.5,290781.52,4320.62,103169.39000000001,61674.72166666668
2024-09,NAVE_CATEGORIA,NAVE_005 | SERVICIOS DE MANTENIMIENTO,640.0,2.0,2.0,1.0,2.0,320.0,320.0,550.0,9,3,2024,39,2033.0,10719.15,8007.5,17164.83,6919.883333333334,59052.72166666668
2024-10,NAVE_CATEGORIA,NAVE_005 | SERVICIOS DE MANTENIMIENTO,569.0,1.0,1.0,1.0,1.0,569.0,569.0,569.0,10,4,2024,40,640.0,2033.0,10719.15,700.0,4464.05,53653.16000000001
2024-11,NAVE_CATEGORIA,NAVE_005 | SERVICIOS DE MANTENIMIENTO,1195.0,2.0,2.0,1.0,2.0,597.5,597.5,1045.0,11,4,2024,41,569.0,640.0,2033.0,138726.84,1080.6666666666667,52125.02833333335
2024-12,NAVE_CATEGORIA,NAVE_005 | SERVICIOS DE MANTENIMIENTO,2664.05,3.0,3.0,1.0,3.0,888.0166666666668,520.0,1684.05,12,4,2024,42,1195.0,569.0,640.0,10800.0,801.3333333333334,3860.608333333343
2025-01,NAVE_CATEGORIA,NAVE_005 | SERVICIOS DE MANTENIMIENTO,6040.0,4.0,4.0,1.0,3.0,1510.0,905.0,3915.0,1,1,2025,43,2664.05,1195.0,569.0,1292.0,1476.0166666666667,2970.0333333333433
2025-02,NAVE_CATEGORIA,NAVE_005 | SERVICIOS DE MANTENIMIENTO,1410.0,3.0,3.0,1.0,3.0,470.0,270.0,950.0,2,1,2025,44,6040.0,2664.05,1195.0,17765.0,3299.683333333333,2190.1750000000097
2025-03,NAVE_CATEGORIA,NAVE_005 | SERVICIOS DE MANTENIMIENTO,7300.16,3.0,3.0,1.0,2.0,2433.3866666666668,950.16,6000.0,3,1,2025,45,1410.0,6040.0,2664.05,33037.369999999995,3371.35,2086.3416666666762
2025-04,NAVE_CATEGORIA,NAVE_005 | SERVICIOS DE MANTENIMIENTO,7540.0,4.0,4.0,1.0,3.0,1885.0,834.5,5421.0,4,2,2025,46,7300.16,1410.0,6040.0,9737.79,4916.72,3196.368333333343
2025-05,NAVE_CATEGORIA,NAVE_005 | SERVICIOS DE MANTENIMIENTO,2791.0,4.0,4.0,1.0,3.0,697.75,565.0,1616.0,5,2,2025,47,7540.0,7300.16,1410.0,290781.52,5416.72,4358.201666666676
2025-06,NAVE_CATEGORIA,NAVE_005 | SERVICIOS DE MANTENIMIENTO,3000.0,2.0,2.0,1.0,1.0,1500.0,1500.0,1500.0,6,2,2025,48,2791.0,7540.0,7300.16,8007.5,5877.053333333333,4624.201666666676
2025-08,NAVE_CATEGORIA,NAVE_005 | SERVICIOS DE MANTENIMIENTO,471.41999999999996,2.0,2.0,1.0,2.0,235.70999999999998,235.70999999999998,466.08,8,3,2025,49,3000.0,2791.0,7540.0,10719.15,4443.666666666667,4680.193333333343
2025-09,NAVE_CATEGORIA,NAVE_005 | SERVICIOS DE MANTENIMIENTO,1575.0,3.0,3.0,2.0,2.0,525.0,660.0,660.0,9,3,2025,50,471.41999999999996,3000.0,2791.0,2033.0,2087.4733333333334,3752.096666666677
2025-10,NAVE_CATEGORIA,NAVE_005 | SERVICIOS DE MANTENIMIENTO,1300.0,1.0,1.0,1.0,1.0,1300.0,1300.0,1300.0,10,4,2025,51,1575.0,471.41999999999996,3000.0,640.0,1682.14,3779.596666666677
2025-11,NAVE_CATEGORIA,NAVE_005 | SERVICIOS DE MANTENIMIENTO,6137.13,4.0,3.0,2.0,2.0,2045.71,570.0,5377.13,11,4,2025,52,1300.0,1575.0,471.41999999999996,569.0,1115.4733333333334,2779.57000000001
2021-01,NAVE_CATEGORIA,NAVE_006 | FERRETERIA,193.54999999999998,28.0,6.0,6.0,2.0,32.25833333333333,23.16,85.5,1,1,2021,0,,,,,,
2021-02,NAVE_CATEGORIA,NAVE_006 | FERRETERIA,482.34000000000003,116.0,18.0,18.0,4.0,26.796666666666667,16.75,121.5,2,1,2021,1,193.54999999999998,,,,,
2021-03,NAVE_CATEGORIA,NAVE_006 | FERRETERIA,2603.8599999999997,190.0,36.0,35.0,5.0,72.32944444444443,19.75,602.83,3,1,2021,2,482.34000000000003,193.54999999999998,,,,
2021-04,NAVE_CATEGORIA,NAVE_006 | FERRETERIA,48.0,20.0,4.0,4.0,1.0,12.0,9.0,24.0,4,2,2021,3,2603.8599999999997,482.34000000000003,193.54999999999998,,1093.2499999999998,
2021-05,NAVE_CATEGORIA,NAVE_006 | FERRETERIA,500.36999999999995,55.0,8.0,8.0,2.0,62.54624999999999,11.07,399.0,5,2,2021,4,48.0,2603.8599999999997,482.34000000000003,,1044.7333333333331,
2021-06,NAVE_CATEGORIA,NAVE_006 | FERRETERIA,849.8099999999998,118.0,23.0,23.0,3.0,36.94826086956521,14.1,255.0,6,2,2021,5,500.36999999999995,48.0,2603.8599999999997,,1050.743333333333,
2021-07,NAVE_CATEGORIA,NAVE_006 | FERRETERIA,45.46,4.0,2.0,2.0,1.0,22.73,22.73,29.66,7,3,2021,6,849.8099999999998,500.36999999999995,48.0,,466.05999999999995,779.6549999999999
2021-10,NAVE_CATEGORIA,NAVE_006 | FERRETERIA,118.15,6.0,6.0,6.0,1.0,19.691666666666666,7.225,85.0,10,4,2021,7,45.46,849.8099999999998,500.36999999999995,,465.2133333333333,754.9733333333332
2021-12,NAVE_CATEGORIA,NAVE_006 | FERRETERIA,209.85000000000002,16.0,2.0,2.0,1.0,104.92500000000001,104.92500000000001,142.02,12,4,2021,8,118.15,45.46,849.8099999999998,,337.8066666666667,694.275
2022-01,NAVE_CATEGORIA,NAVE_006 | FERRETERIA,960.45,172.0,8.0,7.0,3.0,120.05625,132.25,225.0,1,1,2022,9,209.85000000000002,118.15,45.46,,124.48666666666668,295.2733333333333
2022-02,NAVE_CATEGORIA,NAVE_006 | FERRETERIA,311.78,15.0,2.0,2.0,2.0,155.89,155.89,168.14,2,1,2022,10,960.45,209.85000000000002,118.15,,429.48333333333335,447.34833333333336
2022-03,NAVE_CATEGORIA,NAVE_006 | FERRETERIA,600.3,190.0,30.0,30.0,2.0,20.009999999999998,6.74,164.24,3,1,2022,11,311.78,960.45,209.85000000000002,,494.02666666666664,415.9166666666667
2022-04,NAVE_CATEGORIA,NAVE_006 | FERRETERIA,231.98,2.0,2.0,2.0,1.0,115.99,115.99,131.07,4,2,2022,12,600.3,311.78,960.45,193.54999999999998,624.1766666666666,374.33166666666665
2022-05,NAVE_CATEGORIA,NAVE_006 | FERRETERIA,71.6,70.0,3.0,3.0,2.0,23.866666666666664,18.4,42.0,5,2,2022,13,231.98,600.3,311.78,482.34000000000003,381.3533333333333,405.4183333333333
2022-06,NAVE_CATEGORIA,NAVE_006 | FERRETERIA,751.1800000000002,134.0,18.0,18.0,3.0,41.732222222222234,11.899999999999999,178.94,6,2,2022,14,71.6,231.98,600.3,2603.8599999999997,301.2933333333333,397.66
2022-07,NAVE_CATEGORIA,NAVE_006 | FERRETERIA,1683.7,3.0,2.0,2.0,2.0,841.85,841.85,1043.7,7,3,2022,15,751.1800000000002,71.6,231.98,48.0,351.58666666666676,487.88166666666666
2022-08,NAVE_CATEGORIA,NAVE_006 | FERRETERIA,1511.2399999999998,212.0,33.0,33.0,5.0,45.79515151515151,26.5,171.0,8,3,2022,16,1683.7,751.1800000000002,71.6,500.36999999999995,835.4933333333335,608.4233333333333
2022-09,NAVE_CATEGORIA,NAVE_006 | FERRETERIA,64.0,1.0,1.0,1.0,1.0,64.0,64.0,64.0,9,3,2022,17,1511.2399999999998,1683.7,751.1800000000002,849.8099999999998,1315.3733333333332,808.3333333333334
2022-10,NAVE_CATEGORIA,NAVE_006 | FERRETERIA,858.0,110.0,1.0,1.0,1.0,858.0,858.0,858.0,10,4,2022,18,64.0,1511.2399999999998,1683.7,45.46,1086.3133333333333,718.9499999999999
2022-11,NAVE_CATEGORIA,NAVE_006 | FERRETERIA,896.99,54.0,5.0,5.0,3.0,179.398,180.0,368.0,11,4,2022,19,858.0,64.0,1511.2399999999998,118.15,811.0799999999999,823.2866666666667
2023-02,NAVE_CATEGORIA,NAVE_006 | FERRETERIA,1360.2800000000002,217.0,26.0,25.0,4.0,52.31846153846155,14.09,429.0,2,1,2023,20,896.99,858.0,64.0,209.85000000000002,606.33,960.8516666666666
2023-03,NAVE_CATEGORIA,NAVE_006 | FERRETERIA,901.02,197.0,15.0,15.0,3.0,60.068,36.86,195.0,3,1,2023,21,1360.2800000000002,896.99,858.0,960.45,1038.4233333333334,1062.3683333333336
2023-04,NAVE_CATEGORIA,NAVE_006 | FERRETERIA,162.24,45.0,4.0,4.0,2.0,40.56,8.469999999999999,140.0,4,2,2023,22,901.02,1360.2800000000002,896.99,311.78,1052.7633333333333,931.9216666666666
2023-05,NAVE_CATEGORIA,NAVE_006 | FERRETERIA,660.0,50.0,2.0,1.0,1.0,330.0,330.0,330.0,5,2,2023,23,162.24,901.02,1360.2800000000002,600.3,807.8466666666668,707.0883333333333
2023-06,NAVE_CATEGORIA,NAVE_006 | FERRETERIA,75.64,31.0,2.0,2.0,1.0,37.82,37.82,62.09,6,2,2023,24,660.0,162.24,901.02,231.98,574.42,806.4216666666666
2023-07,NAVE_CATEGORIA,NAVE_006 | FERRETERIA,837.52,5.0,4.0,4.0,2.0,209.38,56.0,713.52,7,3,2023,25,75.64,660.0,162.24,71.6,299.29333333333335,676.0283333333333
2023-10,NAVE_CATEGORIA,NAVE_006 | FERRETERIA,2504.49,92.5,13.0,13.0,4.0,192.6530769230769,99.75,815.99,10,4,2023,26,837.52,75.64,660.0,751.1800000000002,524.3866666666667,666.1166666666667
2023-11,NAVE_CATEGORIA,NAVE_006 | FERRETERIA,1410.32,117.0,24.0,13.0,5.0,58.76333333333333,11.85,470.0,11,4,2023,27,2504.49,837.52,75.64,1683.7,1139.2166666666665,856.8183333333333
2023-12,NAVE_CATEGORIA,NAVE_006 | FERRETERIA,84.78,6.0,2.0,2.0,1.0,42.39,42.39,55.29,12,4,2023,28,1410.32,2504.49,837.52,1511.2399999999998,1584.11,941.7016666666665
2024-06,NAVE_CATEGORIA,NAVE_006 | FERRETERIA,128.15,270.0,4.0,4.0,1.0,32.0375,27.3,64.8,6,2,2024,29,84.78,1410.32,2504.49,64.0,1333.1966666666665,928.7916666666666
2024-07,NAVE_CATEGORIA,NAVE_006 | FERRETERIA,1281.5300000000002,925.0,14.0,13.0,4.0,91.53785714285716,26.625,815.99,7,3,2024,30,128.15,84.78,1410.32,858.0,541.0833333333334,840.15
2024-08,NAVE_CATEGORIA,NAVE_006 | FERRETERIA,777.76,740.0,4.0,4.0,3.0,194.44,97.64,552.4,8,3,2024,31,1281.5300000000002,128.15,84.78,896.99,498.1533333333334,1041.131666666667
2024-09,NAVE_CATEGORIA,NAVE_006 | FERRETERIA,137.65,10.0,1.0,1.0,1.0,137.65,137.65,137.65,9,3,2024,32,777.76,1281.5300000000002,128.15,1360.2800000000002,729.1466666666669,1031.1716666666666
2025-06,NAVE_CATEGORIA,NAVE_006 | FERRETERIA,87.78999999999999,21.0,3.0,3.0,1.0,29.263333333333332,26.88,40.56,6,2,2025,33,137.65,777.76,1281.5300000000002,901.02,732.3133333333334,636.6983333333334
2025-07,NAVE_CATEGORIA,NAVE_006 | FERRETERIA,2.4,17.0,1.0,1.0,1.0,2.4,2.4,2.4,7,3,2025,34,87.78999999999999,137.65,777.76,162.24,334.40000000000003,416.27666666666664
2025-09,NAVE_CATEGORIA,NAVE_006 | FERRETERIA,41.52,319.0,6.0,5.0,1.0,6.920000000000001,2.75,19.04,9,3,2025,35,2.4,87.78999999999999,137.65,660.0,75.94666666666667,402.5466666666667
2025-10,NAVE_CATEGORIA,NAVE_006 | FERRETERIA,164.73999999999998,52.0,15.0,15.0,1.0,10.982666666666665,7.83,25.0,10,4,2025,36,41.52,2.4,87.78999999999999,75.64,43.90333333333333,388.10833333333335
2025-11,NAVE_CATEGORIA,NAVE_006 | FERRETERIA,6.880000000000001,33.0,2.0,2.0,1.0,3.4400000000000004,3.4400000000000004,4.48,11,4,2025,37,164.73999999999998,41.52,2.4,837.52,69.55333333333333,201.97666666666666
2025-12,NAVE_CATEGORIA,NAVE_006 | FERRETERIA,120.89,21.0,5.0,5.0,1.0,24.178,10.43,71.2,12,4,2025,38,6.880000000000001,164.73999999999998,41.52,2504.49,71.04666666666667,73.49666666666666
2021-01,NAVE_CATEGORIA,NAVE_006 | REPUESTOS MECANICOS,199.08,12.0,1.0,1.0,1.0,199.08,199.08,199.08,1,1,2021,0,,,,,,
2021-02,NAVE_CATEGORIA,NAVE_006 | REPUESTOS MECANICOS,220.18,2.0,1.0,1.0,1.0,220.18,220.18,220.18,2,1,2021,1,199.08,,,,,
2021-04,NAVE_CATEGORIA,NAVE_006 | REPUESTOS MECANICOS,585.28,4.0,1.0,1.0,1.0,585.28,585.28,585.28,4,2,2021,2,220.18,199.08,,,,
2021-06,NAVE_CATEGORIA,NAVE_006 | REPUESTOS MECANICOS,6369.26,50.0,5.0,4.0,1.0,1273.852,646.88,3260.88,6,2,2021,3,585.28,220.18,199.08,,334.84666666666664,
2021-07,NAVE_CATEGORIA,NAVE_006 | REPUESTOS MECANICOS,1634.1999999999998,8.0,2.0,2.0,1.0,817.0999999999999,817.0999999999999,1109.08,7,3,2021,4,6369.26,585.28,220.18,,2391.5733333333333,
2021-11,NAVE_CATEGORIA,NAVE_006 | REPUESTOS MECANICOS,10122.54,72.0,5.0,5.0,1.0,2024.5080000000003,2467.92,2956.08,11,4,2021,5,1634.1999999999998,6369.26,585.28,,2862.9133333333334,
2022-01,NAVE_CATEGORIA,NAVE_006 | REPUESTOS MECANICOS,873.76,4.0,2.0,2.0,1.0,436.88,436.88,804.38,1,1,2022,6,10122.54,1634.1999999999998,6369.26,,6042.0,3188.4233333333336
2022-02,NAVE_CATEGORIA,NAVE_006 | REPUESTOS MECANICOS,9953.84,62.0,7.0,7.0,5.0,1421.9771428571428,751.2,3560.0,2,1,2022,7,873.76,10122.54,1634.1999999999998,,4210.166666666667,3300.8699999999994
2022-04,NAVE_CATEGORIA,NAVE_006 | REPUESTOS MECANICOS,657.46,2.0,1.0,1.0,1.0,657.46,657.46,657.46,4,2,2022,8,9953.84,873.76,10122.54,,6983.38,4923.146666666667
2022-05,NAVE_CATEGORIA,NAVE_006 | REPUESTOS MECANICOS,2576.88,3.0,2.0,2.0,2.0,1288.44,1288.44,2543.4,5,2,2022,9,657.46,9953.84,873.76,,3828.3533333333326,4935.176666666667
2022-06,NAVE_CATEGORIA,NAVE_006 | REPUESTOS MECANICOS,4202.93,8.0,3.0,3.0,2.0,1400.9766666666667,232.44,3740.1,6,2,2022,10,2576.88,657.46,9953.84,,4396.0599999999995,4303.113333333334
2022-08,NAVE_CATEGORIA,NAVE_006 | REPUESTOS MECANICOS,375.49,113.0,4.0,4.0,4.0,93.8725,82.02000000000001,168.77,8,3,2022,11,4202.93,2576.88,657.46,,2479.0899999999997,4731.235000000001
2022-11,NAVE_CATEGORIA,NAVE_006 | REPUESTOS MECANICOS,81.6,1.0,1.0,1.0,1.0,81.6,81.6,81.6,11,4,2022,12,375.49,4202.93,2576.88,199.08,2385.0999999999995,3106.726666666667
2023-01,NAVE_CATEGORIA,NAVE_006 | REPUESTOS MECANICOS,420.0,1.0,1.0,1.0,1.0,420.0,420.0,420.0,1,1,2023,13,81.6,375.49,4202.93,220.18,1553.3399999999995,2974.7000000000003
2023-03,NAVE_CATEGORIA,NAVE_006 | REPUESTOS MECANICOS,4471.41,38.0,8.0,8.0,3.0,558.92625,111.325,1987.14,3,1,2023,14,420.0,81.6,375.49,585.28,292.3633333333327,1385.7266666666667
2023-04,NAVE_CATEGORIA,NAVE_006 | REPUESTOS MECANICOS,3392.1400000000003,56.0,9.0,8.0,3.0,376.9044444444445,147.06,2341.34,4,2,2023,15,4471.41,420.0,81.6,6369.26,1657.6699999999994,2021.3850000000002
2023-05,NAVE_CATEGORIA,NAVE_006 | REPUESTOS MECANICOS,1145.47,4.0,1.0,1.0,1.0,1145.47,1145.47,1145.47,5,2,2023,16,3392.1400000000003,4471.41,420.0,1634.1999999999998,2761.183333333333,2157.2616666666668
2023-06,NAVE_CATEGORIA,NAVE_006 | REPUESTOS MECANICOS,24286.39,140.0,17.0,17.0,3.0,1428.6111764705881,259.04,17315.25,6,2,2023,17,1145.47,3392.1400000000003,4471.41,10122.54,3003.006666666666,1647.6849999999997
2023-09,NAVE_CATEGORIA,NAVE_006 | REPUESTOS MECANICOS,1938.88,45.0,2.0,2.0,1.0,969.44,969.44,1530.19,9,3,2023,18,24286.39,1145.47,3392.1400000000003,873.76,9608.0,5632.834999999999
2023-11,NAVE_CATEGORIA,NAVE_006 | REPUESTOS MECANICOS,232431.00999999998,468.0,71.0,71.0,1.0,3273.6761971830983,159.97,63274.76,11,4,2023,19,1938.88,24286.39,1145.47,9953.84,9123.58,5942.381666666667
2023-12,NAVE_CATEGORIA,NAVE_006 | REPUESTOS MECANICOS,2068.59,3.0,1.0,1.0,1.0,2068.59,2068.59,2068.59,12,4,2023,20,232431.00999999998,1938.88,24286.39,657.46,86218.76,44610.88333333333
2024-05,NAVE_CATEGORIA,NAVE_006 | REPUESTOS MECANICOS,2269.56,40.0,1.0,1.0,1.0,2269.56,2269.56,2269.56,5,2,2024,21,2068.59,232431.00999999998,1938.88,2576.88,78812.82666666665,44210.41333333334
2024-06,NAVE_CATEGORIA,NAVE_006 | REPUESTOS MECANICOS,1647.78,100.0,4.0,4.0,2.0,411.945,244.305,1046.2,6,2,2024,22,2269.56,2068.59,232431.00999999998,4202.93,78923.05333333333,44023.31666666667
2024-08,NAVE_CATEGORIA,NAVE_006 | REPUESTOS MECANICOS,324.74,50.0,3.0,3.0,1.0,108.24666666666667,96.3,221.27,8,3,2024,23,1647.78,2269.56,2068.59,375.49,1995.3100000000002,44107.034999999996
2025-04,NAVE_CATEGORIA,NAVE_006 | REPUESTOS MECANICOS,6298.32,46.0,15.0,15.0,1.0,419.888,69.19,5152.87,4,2,2025,24,324.74,1647.78,2269.56,81.6,1414.0266666666666,40113.426666666666
2025-05,NAVE_CATEGORIA,NAVE_006 | REPUESTOS MECANICOS,3332.61,11.0,3.0,3.0,1.0,1110.8700000000001,1342.15,1538.48,5,2,2025,25,6298.32,324.74,1647.78,420.0,2756.9466666666667,40839.99999999999
2025-08,NAVE_CATEGORIA,NAVE_006 | REPUESTOS MECANICOS,299.0,1.0,1.0,1.0,1.0,299.0,299.0,299.0,8,3,2025,26,3332.61,6298.32,324.74,4471.41,3318.556666666667,2656.9333333333334
2021-01,NAVE_CATEGORIA,NAVE_006 | SERVICIOS DE MANTENIMIENTO,1555.0,5.0,5.0,2.0,3.0,311.0,350.0,450.0,1,1,2021,0,,,,,,
2021-02,NAVE_CATEGORIA,NAVE_006 | SERVICIOS DE MANTENIMIENTO,3229.71,6.0,6.0,2.0,4.0,538.285,553.0,842.5,2,1,2021,1,1555.0,,,,,
2021-03,NAVE_CATEGORIA,NAVE_006 | SERVICIOS DE MANTENIMIENTO,6516.43,3.0,3.0,2.0,2.0,2172.1433333333334,1482.1,4114.33,3,1,2021,2,3229.71,1555.0,,,,
2021-04,NAVE_CATEGORIA,NAVE_006 | SERVICIOS DE MANTENIMIENTO,3133.96,4.0,4.0,2.0,1.0,783.49,361.08,2327.2,4,2,2021,3,6516.43,3229.71,1555.0,,3767.0466666666666,
2021-05,NAVE_CATEGORIA,NAVE_006 | SERVICIOS DE MANTENIMIENTO,2710.0,3.0,3.0,2.0,2.0,903.3333333333334,1305.0,1305.0,5,2,2021,4,3133.96,6516.43,3229.71,,4293.366666666667,
2021-07,NAVE_CATEGORIA,NAVE_006 | SERVICIOS DE MANTENIMIENTO,780.0,2.0,2.0,2.0,2.0,390.0,390.0,530.0,7,3,2021,5,2710.0,3133.96,6516.43,,4120.13,
2021-09,NAVE_CATEGORIA,NAVE_006 | SERVICIOS DE MANTENIMIENTO,1140.0,1.0,1.0,1.0,1.0,1140.0,1140.0,1140.0,9,3,2021,6,780.0,2710.0,3133.96,,2207.9866666666667,2987.5166666666664
2021-11,NAVE_CATEGORIA,NAVE_006 | SERVICIOS DE MANTENIMIENTO,900.0,1.0,1.0,1.0,1.0,900.0,900.0,900.0,11,4,2021,7,1140.0,780.0,2710.0,,1543.3333333333333,2918.35
2022-01,NAVE_CATEGORIA,NAVE_006 | SERVICIOS DE MANTENIMIENTO,923.67,2.0,2.0,2.0,2.0,461.835,461.835,623.67,1,1,2022,8,900.0,1140.0,780.0,,940.0,2530.065
2022-02,NAVE_CATEGORIA,NAVE_006 | SERVICIOS DE MANTENIMIENTO,32294.739999999998,4.0,4.0,1.0,2.0,8073.6849999999995,8789.98,13819.78,2,1,2022,9,923.67,900.0,1140.0,,987.89,1597.9383333333333
2022-03,NAVE_CATEGORIA,NAVE_006 | SERVICIOS DE MANTENIMIENTO,3920.0,3.0,3.0,2.0,3.0,1306.6666666666667,1150.0,1850.0,3,1,2022,10,32294.739999999998,923.67,900.0,,11372.803333333331,6458.068333333333
2022-04,NAVE_CATEGORIA,NAVE_006 | SERVICIOS DE MANTENIMIENTO,4642.98,5.0,5.0,2.0,2.0,928.5959999999999,1346.9,1750.0,4,2,2022,11,3920.0,32294.739999999998,923.67,,12379.47,6659.735
2022-05,NAVE_CATEGORIA,NAVE_006 | SERVICIOS DE MANTENIMIENTO,4845.0,3.0,3.0,2.0,3.0,1615.0,1435.0,2450.0,5,2,2022,12,4642.98,3920.0,32294.739999999998,1555.0,13619.24,7303.565
2022-06,NAVE_CATEGORIA,NAVE_006 | SERVICIOS DE MANTENIMIENTO,530.0,1.0,1.0,1.0,1.0,530.0,530.0,530.0,6,2,2022,13,4845.0,4642.98,3920.0,3229.71,4469.326666666667,7921.065
2022-07,NAVE_CATEGORIA,NAVE_006 | SERVICIOS DE MANTENIMIENTO,1866.03,3.0,3.0,3.0,3.0,622.01,250.0,1500.0,7,3,2022,14,530.0,4845.0,4642.98,6516.43,3339.3266666666664,7859.3983333333335
2022-08,NAVE_CATEGORIA,NAVE_006 | SERVICIOS DE MANTENIMIENTO,850.0,1.0,1.0,1.0,1.0,850.0,850.0,850.0,8,3,2022,15,1866.03,530.0,4845.0,3133.96,2413.6766666666667,8016.458333333333
2022-09,NAVE_CATEGORIA,NAVE_006 | SERVICIOS DE MANTENIMIENTO,12775.3,6.0,6.0,1.0,5.0,2129.2166666666667,1050.0,7945.07,9,3,2022,16,850.0,1866.03,530.0,2710.0,1082.01,2775.668333333333
2022-10,NAVE_CATEGORIA,NAVE_006 | SERVICIOS DE MANTENIMIENTO,2704.4,1.0,1.0,1.0,1.0,2704.4,2704.4,2704.4,10,4,2022,17,12775.3,850.0,1866.03,780.0,5163.776666666666,4251.551666666666
2022-12,NAVE_CATEGORIA,NAVE_006 | SERVICIOS DE MANTENIMIENTO,487.0,2.0,2.0,2.0,2.0,243.5,243.5,250.0,12,4,2022,18,2704.4,12775.3,850.0,1140.0,5443.233333333333,3928.455
2023-01,NAVE_CATEGORIA,NAVE_006 | SERVICIOS DE MANTENIMIENTO,2100.0,3.0,3.0,2.0,2.0,700.0,750.0,850.0,1,1,2023,19,487.0,2704.4,12775.3,900.0,5322.233333333333,3202.1216666666664
2023-02,NAVE_CATEGORIA,NAVE_006 | SERVICIOS DE MANTENIMIENTO,16000.0,4.0,4.0,1.0,4.0,4000.0,1425.0,12500.0,2,1,2023,20,2100.0,487.0,2704.4,923.67,1763.7999999999993,3463.7883333333334
2023-03,NAVE_CATEGORIA,NAVE_006 | SERVICIOS DE MANTENIMIENTO,512.0,1.0,1.0,1.0,1.0,512.0,512.0,512.0,3,1,2023,21,16000.0,2100.0,487.0,32294.739999999998,6195.666666666665,5819.45
2023-05,NAVE_CATEGORIA,NAVE_006 | SERVICIOS DE MANTENIMIENTO,2162.0,3.0,3.0,1.0,2.0,720.6666666666666,800.0,850.0,5,2,2023,22,512.0,16000.0,2100.0,3920.0,6204.0,5763.116666666666
2023-06,NAVE_CATEGORIA,NAVE_006 | SERVICIOS DE MANTENIMIENTO,1083.0,1.0,1.0,1.0,1.0,1083.0,1083.0,1083.0,6,2,2023,23,2162.0,512.0,16000.0,4642.98,6224.666666666667,3994.233333333333
2023-07,NAVE_CATEGORIA,NAVE_006 | SERVICIOS DE MANTENIMIENTO,12800.16,1.0,1.0,1.0,1.0,12800.16,12800.16,12800.16,7,3,2023,24,1083.0,2162.0,512.0,4845.0,1252.3333333333328,3724.0
2023-08,NAVE_CATEGORIA,NAVE_006 | SERVICIOS DE MANTENIMIENTO,690.0,2.0,2.0,1.0,2.0,345.0,345.0,450.0,8,3,2023,25,12800.16,1083.0,2162.0,530.0,5348.386666666666,5776.193333333334
2023-09,NAVE_CATEGORIA,NAVE_006 | SERVICIOS DE MANTENIMIENTO,16861.5,2.0,2.0,1.0,2.0,8430.75,8430.75,15461.5,9,3,2023,26,690.0,12800.16,1083.0,1866.03,4857.719999999999,5541.193333333334
2023-10,NAVE_CATEGORIA,NAVE_006 | SERVICIOS DE MANTENIMIENTO,4940.34,3.0,3.0,1.0,3.0,1646.78,1600.0,2353.34,10,4,2023,27,16861.5,690.0,12800.16,850.0,10117.22,5684.776666666668
2023-11,NAVE_CATEGORIA,NAVE_006 | SERVICIOS DE MANTENIMIENTO,113136.55,2.0,2.0,2.0,1.0,56568.275,56568.275,80436.55,11,4,2023,28,4940.34,16861.5,690.0,12775.3,7497.279999999999,6422.833333333333
2023-12,NAVE_CATEGORIA,NAVE_006 | SERVICIOS DE MANTENIMIENTO,250.0,1.0,1.0,1.0,1.0,250.0,250.0,250.0,12,4,2023,29,113136.55,4940.34,16861.5,2704.4,44979.46333333334,24918.591666666664
2024-02,NAVE_CATEGORIA,NAVE_006 | SERVICIOS DE MANTENIMIENTO,2680.0,3.0,3.0,1.0,3.0,893.3333333333334,500.0,1700.0,2,1,2024,30,250.0,113136.55,4940.34,487.0,39442.29666666667,24779.75833333333
2024-03,NAVE_CATEGORIA,NAVE_006 | SERVICIOS DE MANTENIMIENTO,1512.92,2.0,2.0,1.0,1.0,756.46,756.46,827.92,3,1,2024,31,2680.0,250.0,113136.55,2100.0,38688.85,23093.065000000002
2024-04,NAVE_CATEGORIA,NAVE_006 | SERVICIOS DE MANTENIMIENTO,2088.0,2.0,2.0,1.0,2.0,1044.0,1044.0,1138.0,4,2,2024,32,1512.92,2680.0,250.0,16000.0,1480.9733333333334,23230.218333333334
2024-05,NAVE_CATEGORIA,NAVE_006 | SERVICIOS DE MANTENIMIENTO,118483.56999999999,5.0,5.0,1.0,5.0,23696.714,530.0,112384.04,5,2,2024,33,2088.0,1512.92,2680.0,512.0,2093.64,20767.968333333334
2024-06,NAVE_CATEGORIA,NAVE_006 | SERVICIOS DE MANTENIMIENTO,21180.0,2.0,2.0,1.0,1.0,10590.0,10590.0,18800.0,6,2,2024,34,118483.56999999999,2088.0,1512.92,2162.0,40694.829999999994,39691.84
2024-07,NAVE_CATEGORIA,NAVE_006 | SERVICIOS DE MANTENIMIENTO,7350.09,2.0,2.0,1.0,2.0,3675.045,3675.045,7324.09,7,3,2024,35,21180.0,118483.56999999999,2088.0,1083.0,47250.52333333334,24365.748333333333
2024-08,NAVE_CATEGORIA,NAVE_006 | SERVICIOS DE MANTENIMIENTO,60277.25,26.0,26.0,1.0,16.0,2318.355769230769,1760.0,11000.0,8,3,2024,36,7350.09,21180.0,118483.56999999999,12800.16,49004.55333333334,25549.096666666665
2024-09,NAVE_CATEGORIA,NAVE_006 | SERVICIOS DE MANTENIMIENTO,2004.8,2.0,2.0,1.0,1.0,1002.4,1002.4,1369.8,9,3,2024,37,60277.25,7350.09,21180.0,690.0,29602.446666666667,35148.63833333333
2024-10,NAVE_CATEGORIA,NAVE_006 | SERVICIOS DE MANTENIMIENTO,79872.4,5.0,5.0,1.0,5.0,15974.48,2770.0,69916.4,10,4,2024,38,2004.8,60277.25,7350.09,16861.5,23210.713333333333,35230.618333333325
2024-11,NAVE_CATEGORIA,NAVE_006 | SERVICIOS DE MANTENIMIENTO,3187.5,3.0,3.0,1.0,3.0,1062.5,710.0,2327.5,11,4,2024,39,79872.4,2004.8,60277.25,4940.34,47384.81666666667,48194.685
2024-12,NAVE_CATEGORIA,NAVE_006 | SERVICIOS DE MANTENIMIENTO,1761.86,2.0,2.0,1.0,2.0,880.93,880.93,1380.36,12,4,2024,40,3187.5,79872.4,2004.8,113136.55,28354.899999999998,28978.67333333333
2025-01,NAVE_CATEGORIA,NAVE_006 | SERVICIOS DE MANTENIMIENTO,1200.0,2.0,2.0,1.0,2.0,600.0,600.0,700.0,1,1,2025,41,1761.86,3187.5,79872.4,250.0,28273.92,25742.316666666666
2025-02,NAVE_CATEGORIA,NAVE_006 | SERVICIOS DE MANTENIMIENTO,1799.0,2.0,2.0,1.0,2.0,899.5,899.5,1230.0,2,1,2025,42,1200.0,1761.86,3187.5,2680.0,2049.7866666666664,24717.301666666666
2025-03,NAVE_CATEGORIA,NAVE_006 | SERVICIOS DE MANTENIMIENTO,1915.0,3.0,3.0,1.0,3.0,638.3333333333334,800.0,845.0,3,1,2025,43,1799.0,1200.0,1761.86,1512.92,1586.9533333333331,14970.926666666666
2025-05,NAVE_CATEGORIA,NAVE_006 | SERVICIOS DE MANTENIMIENTO,2115.0,1.0,1.0,1.0,1.0,2115.0,2115.0,2115.0,5,2,2025,44,1915.0,1799.0,1200.0,2088.0,1638.0,14955.96
2025-06,NAVE_CATEGORIA,NAVE_006 | SERVICIOS DE MANTENIMIENTO,370.0,2.0,2.0,1.0,1.0,185.0,185.0,250.0,6,2,2025,45,2115.0,1915.0,1799.0,118483.56999999999,1943.0,1996.3933333333334
2025-07,NAVE_CATEGORIA,NAVE_006 | SERVICIOS DE MANTENIMIENTO,2960.7599999999998,4.0,3.0,2.0,3.0,986.92,480.0,2439.45,7,3,2025,46,370.0,2115.0,1915.0,21180.0,1466.6666666666667,1526.8100000000002
2025-08,NAVE_CATEGORIA,NAVE_006 | SERVICIOS DE MANTENIMIENTO,4500.0,5.0,1.0,1.0,1.0,4500.0,4500.0,4500.0,8,3,2025,47,2960.7599999999998,370.0,2115.0,7350.09,1815.2533333333333,1726.6266666666668
2025-09,NAVE_CATEGORIA,NAVE_006 | SERVICIOS DE MANTENIMIENTO,232.74,1.0,1.0,1.0,1.0,232.74,232.74,232.74,9,3,2025,48,4500.0,2960.7599999999998,370.0,60277.25,2610.2533333333336,2276.6266666666666
2025-12,NAVE_CATEGORIA,NAVE_006 | SERVICIOS DE MANTENIMIENTO,850.0,7.0,2.0,2.0,1.0,425.0,425.0,450.0,12,4,2025,49,232.74,4500.0,2960.7599999999998,2004.8,2564.5,2015.5833333333333
2021-08,NAVE_CATEGORIA,NAVE_007 | FERRETERIA,151.0,104.0,2.0,2.0,2.0,75.5,75.5,76.0,8,3,2021,0,,,,,,
2021-09,NAVE_CATEGORIA,NAVE_007 | FERRETERIA,6838.0,223.5,9.0,9.0,5.0,759.7777777777778,60.0,6320.0,9,3,2021,1,151.0,,,,,
2021-10,NAVE_CATEGORIA,NAVE_007 | FERRETERIA,37584.30100000001,520.0,59.0,54.0,9.0,637.0220508474578,30.03,18345.0,10,4,2021,2,6838.0,151.0,,,,
2021-11,NAVE_CATEGORIA,NAVE_007 | FERRETERIA,1871.7200999999998,248.0,12.0,12.0,5.0,155.97667499999997,34.525,720.0,11,4,2021,3,37584.30100000001,6838.0,151.0,,14857.767000000002,
2021-12,NAVE_CATEGORIA,NAVE_007 | FERRETERIA,2936.2,236.0,11.0,10.0,3.0,266.92727272727274,250.0,750.0,12,4,2021,4,1871.7200999999998,37584.30100000001,6838.0,,15431.340366666669,
2022-01,NAVE_CATEGORIA,NAVE_007 | FERRETERIA,622.8249999999999,85.0,3.0,3.0,1.0,207.60833333333332,269.115,301.84,1,1,2022,5,2936.2,1871.7200999999998,37584.30100000001,,14130.74036666667,
2022-02,NAVE_CATEGORIA,NAVE_007 | FERRETERIA,3633.2100000000005,606.0,37.0,37.0,6.0,98.19486486486488,13.0,2605.5,2,1,2022,6,622.8249999999999,2936.2,1871.7200999999998,,1810.2483666666665,8334.007683333335
2022-03,NAVE_CATEGORIA,NAVE_007 | FERRETERIA,4436.074195000001,557.0,50.0,49.0,6.0,88.72148390000002,29.979997499999996,640.89,3,1,2022,7,3633.2100000000005,622.8249999999999,2936.2,,2397.411666666667,8914.376016666667
2022-04,NAVE_CATEGORIA,NAVE_007 | FERRETERIA,6556.223139999999,711.0,38.0,38.0,8.0,172.5321878947368,43.5,2312.9299,4,2,2022,8,4436.074195000001,3633.2100000000005,622.8249999999999,,2897.369731666667,8514.055049166667
2022-05,NAVE_CATEGORIA,NAVE_007 | FERRETERIA,3785.5099999999998,304.0,13.0,12.0,5.0,291.1930769230769,231.0,798.0,5,2,2022,9,6556.223139999999,4436.074195000001,3633.2100000000005,,4875.169111666667,3342.7087391666664
2022-06,NAVE_CATEGORIA,NAVE_007 | FERRETERIA,2483.7700010000003,219.0,10.0,9.0,7.0,248.37700010000003,191.4,885.39,6,2,2022,10,3785.5099999999998,6556.223139999999,4436.074195000001,,4925.9357783333335,3661.6737225
2022-08,NAVE_CATEGORIA,NAVE_007 | FERRETERIA,5348.409712,1343.0,28.0,26.0,6.0,191.01463257142856,122.98,1302.69,8,3,2022,11,2483.7700010000003,3785.5099999999998,6556.223139999999,,4275.167713666667,3586.2687226666662
2022-09,NAVE_CATEGORIA,NAVE_007 | FERRETERIA,53034.121091999994,118.0,33.0,32.0,7.0,1607.0945785454544,150.9525,11006.735,9,3,2022,12,5348.409712,2483.7700010000003,3785.5099999999998,151.0,3872.5632376666667,4373.866174666667
2022-10,NAVE_CATEGORIA,NAVE_007 | FERRETERIA,4220.882202,509.0,36.0,32.0,4.0,117.24672783333332,62.25,429.0,10,4,2022,13,53034.121091999994,5348.409712,2483.7700010000003,6838.0,20288.766934999996,12607.351356666666
2022-11,NAVE_CATEGORIA,NAVE_007 | FERRETERIA,15706.47092,1436.0,61.0,56.0,13.0,257.4831298360656,119.260002,1597.6,11,4,2022,14,4220.882202,53034.121091999994,5348.409712,37584.30100000001,20867.80433533333,12571.4860245
2022-12,NAVE_CATEGORIA,NAVE_007 | FERRETERIA,623.1999999999999,18.0,12.0,12.0,2.0,51.93333333333333,15.2,344.4,12,4,2022,15,15706.47092,4220.882202,53034.121091999994,1871.7200999999998,24320.491404666664,14096.527321166664
2023-02,NAVE_CATEGORIA,NAVE_007 | FERRETERIA,7756.620000000001,343.0,53.0,46.0,1.0,146.351320754717,76.96,806.05,2,1,2023,16,623.1999999999999,15706.47092,4220.882202,2936.2,6850.184374,13569.475654499998
2023-03,NAVE_CATEGORIA,NAVE_007 | FERRETERIA,1916.3000000000002,257.0,15.0,15.0,2.0,127.75333333333334,35.0,634.48,3,1,2023,17,7756.620000000001,623.1999999999999,15706.47092,622.8249999999999,8028.76364,14448.283987666664
2023-05,NAVE_CATEGORIA,NAVE_007 | FERRETERIA,59177.80150999999,5564.0,164.0,163.0,3.0,360.840253109756,75.911802,12065.0,5,2,2023,18,1916.3000000000002,7756.620000000001,623.1999999999999,3633.2100000000005,3432.0400000000004,13876.265702333332
2023-06,NAVE_CATEGORIA,NAVE_007 | FERRETERIA,4913.801,789.0,26.0,25.0,8.0,188.99234615384617,46.445,1144.47,6,2,2023,19,59177.80150999999,1916.3000000000002,7756.620000000001,4436.074195000001,22950.24050333333,14900.212438666664
2023-07,NAVE_CATEGORIA,NAVE_007 | FERRETERIA,22949.062069999996,672.0,50.0,45.0,11.0,458.98124139999993,186.05,3421.11,7,3,2023,20,4913.801,59177.80150999999,1916.3000000000002,6556.223139999999,22002.634169999994,15015.698905
2023-08,NAVE_CATEGORIA,NAVE_007 | FERRETERIA,43056.44655,6648.0,197.0,178.0,24.0,218.5606423857868,56.0,7080.0,8,3,2023,21,22949.062069999996,4913.801,59177.80150999999,3785.5099999999998,29013.554859999993,16222.797429999997
2023-09,NAVE_CATEGORIA,NAVE_007 | FERRETERIA,9243.620001999998,425.0,15.0,15.0,6.0,616.2413334666666,335.45,3421.11,9,3,2023,22,43056.44655,22949.062069999996,4913.801,2483.7700010000003,23639.769873333335,23295.005188333333
2023-10,NAVE_CATEGORIA,NAVE_007 | FERRETERIA,46596.700014,775.0,49.0,49.0,9.0,950.9530615102041,26.19,17652.18,10,4,2023,23,9243.620001999998,43056.44655,22949.062069999996,5348.409712,25083.042873999995,23542.838522000002
2023-11,NAVE_CATEGORIA,NAVE_007 | FERRETERIA,3424.350012,350.0,18.0,18.0,4.0,190.24166733333334,87.190005,933.75,11,4,2023,24,46596.700014,9243.620001999998,43056.44655,53034.121091999994,32965.588855333335,30989.571857666666
2023-12,NAVE_CATEGORIA,NAVE_007 | FERRETERIA,2614.74,96.0,12.0,12.0,3.0,217.89499999999998,174.07999999999998,560.64,12,4,2023,25,3424.350012,46596.700014,9243.620001999998,4220.882202,19754.890009333332,21697.32994133333
2024-10,NAVE_CATEGORIA,NAVE_007 | FERRETERIA,100.8,31.0,2.0,2.0,1.0,50.4,50.4,84.0,10,4,2024,26,2614.74,3424.350012,46596.700014,15706.47092,17545.263342000002,21314.153108
2025-01,NAVE_CATEGORIA,NAVE_007 | FERRETERIA,23.86,5.0,1.0,1.0,1.0,23.86,23.86,23.86,1,1,2025,27,100.8,2614.74,3424.350012,623.1999999999999,2046.6300039999999,17506.109429666667
2025-02,NAVE_CATEGORIA,NAVE_007 | FERRETERIA,47.09,10.0,1.0,1.0,1.0,47.09,47.09,47.09,2,1,2025,28,23.86,100.8,2614.74,7756.620000000001,913.1333333333332,10334.011671333332
2025-03,NAVE_CATEGORIA,NAVE_007 | FERRETERIA,339.76000000000005,26.0,7.0,7.0,1.0,48.53714285714286,12.96,210.0,3,1,2025,29,47.09,23.86,100.8,1916.3000000000002,57.25,8801.256671000001
2025-04,NAVE_CATEGORIA,NAVE_007 | FERRETERIA,23.54,5.0,1.0,1.0,1.0,23.54,23.54,23.54,4,2,2025,30,339.76000000000005,47.09,23.86,59177.80150999999,136.90333333333334,1091.7666686666666
2025-05,NAVE_CATEGORIA,NAVE_007 | FERRETERIA,40.61,17.0,2.0,2.0,1.0,20.305,20.305,23.54,5,2,2025,31,23.54,339.76000000000005,47.09,4913.801,136.79666666666668,524.965
2025-08,NAVE_CATEGORIA,NAVE_007 | FERRETERIA,281.09,4.0,1.0,1.0,1.0,281.09,281.09,281.09,8,3,2025,32,40.61,23.54,339.76000000000005,22949.062069999996,134.63666666666668,95.94333333333334
2021-09,NAVE_CATEGORIA,NAVE_007 | REPUESTOS MECANICOS,52408.58,9.0,4.0,4.0,3.0,13102.145,8494.29,34700.0,9,3,2021,0,,,,,,
2021-10,NAVE_CATEGORIA,NAVE_007 | REPUESTOS MECANICOS,8114.0,154.0,10.0,10.0,5.0,811.4,384.28499999999997,2550.0,10,4,2021,1,52408.58,,,,,
2021-11,NAVE_CATEGORIA,NAVE_007 | REPUESTOS MECANICOS,1470.0,33.0,2.0,2.0,2.0,735.0,735.0,750.0,11,4,2021,2,8114.0,52408.58,,,,
2021-12,NAVE_CATEGORIA,NAVE_007 | REPUESTOS MECANICOS,122.48,8.0,1.0,1.0,1.0,122.48,122.48,122.48,12,4,2021,3,1470.0,8114.0,52408.58,,20664.193333333333,
2022-02,NAVE_CATEGORIA,NAVE_007 | REPUESTOS MECANICOS,2456.3,7.0,2.0,2.0,2.0,1228.15,1228.15,2000.0,2,1,2022,4,122.48,1470.0,8114.0,,3235.4933333333333,
2022-05,NAVE_CATEGORIA,NAVE_007 | REPUESTOS MECANICOS,1238.4,14.0,4.0,4.0,3.0,309.6,160.37,893.0,5,2,2022,5,2456.3,122.48,1470.0,,1349.5933333333335,
2022-06,NAVE_CATEGORIA,NAVE_007 | REPUESTOS MECANICOS,762.96,111.0,5.0,5.0,4.0,152.592,135.6,229.77,6,2,2022,6,1238.4,2456.3,122.48,,1272.3933333333334,10968.293333333335
2022-07,NAVE_CATEGORIA,NAVE_007 | REPUESTOS MECANICOS,31983.639999999996,36.0,12.0,12.0,2.0,2665.303333333333,1917.33,11114.84,7,3,2022,7,762.96,1238.4,2456.3,,1485.8866666666665,2360.69
2022-09,NAVE_CATEGORIA,NAVE_007 | REPUESTOS MECANICOS,10975.1095,20.0,10.0,10.0,3.0,1097.51095,952.116,2480.54,9,3,2022,8,31983.639999999996,762.96,1238.4,,11328.33333333333,6338.963333333333
2022-10,NAVE_CATEGORIA,NAVE_007 | REPUESTOS MECANICOS,54123.2,736.0,63.0,63.0,3.0,859.0984126984126,137.68,8517.28,10,4,2022,9,10975.1095,31983.639999999996,762.96,,14573.903166666665,7923.148249999999
2022-11,NAVE_CATEGORIA,NAVE_007 | REPUESTOS MECANICOS,41369.760024,624.0,43.0,43.0,5.0,962.0874424186047,263.530526,7077.33,11,4,2022,10,54123.2,10975.1095,31983.639999999996,,32360.64983333333,16923.268249999997
2022-12,NAVE_CATEGORIA,NAVE_007 | REPUESTOS MECANICOS,3709.84,9.0,2.0,2.0,1.0,1854.92,1854.92,3368.08,12,4,2022,11,41369.760024,54123.2,10975.1095,,35489.356508,23408.844920666666
2023-01,NAVE_CATEGORIA,NAVE_007 | REPUESTOS MECANICOS,31109.379999999997,66.0,8.0,8.0,1.0,3888.6724999999997,1911.6799999999998,14926.5,1,1,2023,12,3709.84,41369.760024,54123.2,52408.58,33067.600008,23820.751587333332
2023-02,NAVE_CATEGORIA,NAVE_007 | REPUESTOS MECANICOS,110827.0,1.0,1.0,1.0,1.0,110827.0,110827.0,110827.0,2,1,2023,13,31109.379999999997,3709.84,41369.760024,8114.0,25396.326674666667,28878.488254
2023-03,NAVE_CATEGORIA,NAVE_007 | REPUESTOS MECANICOS,80.0,20.0,1.0,1.0,1.0,80.0,80.0,80.0,3,1,2023,14,110827.0,31109.379999999997,3709.84,1470.0,48548.74,42019.048254
2023-04,NAVE_CATEGORIA,NAVE_007 | REPUESTOS MECANICOS,14700.0,2.0,2.0,2.0,1.0,7350.0,7350.0,11400.0,4,2,2023,15,80.0,110827.0,31109.379999999997,122.48,47338.793333333335,40203.196670666664
2023-05,NAVE_CATEGORIA,NAVE_007 | REPUESTOS MECANICOS,33947.9,10.0,4.0,4.0,2.0,8486.975,6736.889999999999,19460.82,5,2,2023,16,14700.0,80.0,110827.0,2456.3,41869.0,33632.66333733333
2023-06,NAVE_CATEGORIA,NAVE_007 | REPUESTOS MECANICOS,10780.12,207.0,14.0,14.0,4.0,770.0085714285715,311.81,2937.0,6,2,2023,17,33947.9,14700.0,80.0,1238.4,16242.633333333333,32395.686666666665
2023-08,NAVE_CATEGORIA,NAVE_007 | REPUESTOS MECANICOS,12722.46,172.0,7.0,6.0,3.0,1817.4942857142855,153.0,8014.14,8,3,2023,18,10780.12,33947.9,14700.0,762.96,19809.34,33574.066666666666
2023-09,NAVE_CATEGORIA,NAVE_007 | REPUESTOS MECANICOS,15172.909999999998,152.0,11.0,11.0,5.0,1379.3554545454544,350.0,8736.0,9,3,2023,19,12722.46,10780.12,33947.9,31983.639999999996,19150.16,30509.58
2023-10,NAVE_CATEGORIA,NAVE_007 | REPUESTOS MECANICOS,1362.7500000000002,185.0,4.0,4.0,2.0,340.68750000000006,234.015,880.32,10,4,2023,20,15172.909999999998,12722.46,10780.12,10975.1095,12891.83,14567.231666666667
2023-11,NAVE_CATEGORIA,NAVE_007 | REPUESTOS MECANICOS,17000.0,1.0,1.0,1.0,1.0,17000.0,17000.0,17000.0,11,4,2023,21,1362.7500000000002,15172.909999999998,12722.46,54123.2,9752.706666666665,14781.023333333333
2023-12,NAVE_CATEGORIA,NAVE_007 | REPUESTOS MECANICOS,15376.259999999998,46.0,11.0,11.0,1.0,1397.841818181818,962.522,4134.32,12,4,2023,22,17000.0,1362.7500000000002,15172.909999999998,41369.760024,11178.553333333331,15164.356666666667
2024-03,NAVE_CATEGORIA,NAVE_007 | REPUESTOS MECANICOS,4327.09,9.0,2.0,2.0,1.0,2163.545,2163.545,3265.8,3,1,2024,23,15376.259999999998,17000.0,1362.7500000000002,3709.84,11246.336666666664,12069.083333333334
2024-10,NAVE_CATEGORIA,NAVE_007 | REPUESTOS MECANICOS,29742.440000000002,63.0,6.0,6.0,1.0,4957.073333333334,1676.0649999999998,22058.54,10,4,2024,24,4327.09,15376.259999999998,17000.0,31109.379999999997,12234.449999999999,10993.578333333333
2025-01,NAVE_CATEGORIA,NAVE_007 | REPUESTOS MECANICOS,3050.05,1.0,1.0,1.0,1.0,3050.05,3050.05,3050.05,1,1,2025,25,29742.440000000002,4327.09,15376.259999999998,110827.0,16481.93,13830.241666666667
2025-02,NAVE_CATEGORIA,NAVE_007 | REPUESTOS MECANICOS,99.48,16.0,2.0,2.0,1.0,49.74,49.74,62.28,2,1,2025,26,3050.05,29742.440000000002,4327.09,80.0,12373.193333333335,11809.765000000001
2025-03,NAVE_CATEGORIA,NAVE_007 | REPUESTOS MECANICOS,1610.69,26.0,4.0,4.0,1.0,402.6725,400.925,771.64,3,1,2025,27,99.48,3050.05,29742.440000000002,14700.0,10963.99,11599.22
2025-07,NAVE_CATEGORIA,NAVE_007 | REPUESTOS MECANICOS,4234.72,1.0,1.0,1.0,1.0,4234.72,4234.72,4234.72,7,3,2025,28,1610.69,99.48,3050.05,33947.9,1586.74,9034.335000000001
2025-08,NAVE_CATEGORIA,NAVE_007 | REPUESTOS MECANICOS,35143.19,140.0,48.0,32.0,1.0,732.1497916666667,255.33999999999997,3788.84,8,3,2025,29,4234.72,1610.69,99.48,10780.12,1981.63,7177.411666666667
2021-08,NAVE_CATEGORIA,NAVE_007 | SERVICIOS DE MANTENIMIENTO,780.0,1.0,1.0,1.0,1.0,780.0,780.0,780.0,8,3,2021,0,,,,,,
2021-09,NAVE_CATEGORIA,NAVE_007 | SERVICIOS DE MANTENIMIENTO,3795.0,5.0,5.0,4.0,3.0,759.0,380.0,1500.0,9,3,2021,1,780.0,,,,,
2021-10,NAVE_CATEGORIA,NAVE_007 | SERVICIOS DE MANTENIMIENTO,18983.0,13.0,13.0,2.0,9.0,1460.2307692307693,1300.0,3570.0,10,4,2021,2,3795.0,780.0,,,,
2021-11,NAVE_CATEGORIA,NAVE_007 | SERVICIOS DE MANTENIMIENTO,7150.5,6.0,6.0,2.0,3.0,1191.75,1345.5349999999999,2660.0,11,4,2021,3,18983.0,3795.0,780.0,,7852.666666666667,
2021-12,NAVE_CATEGORIA,NAVE_007 | SERVICIOS DE MANTENIMIENTO,14019.3,7.0,7.0,4.0,6.0,2002.7571428571428,1400.0,6037.84,12,4,2021,4,7150.5,18983.0,3795.0,,9976.166666666666,
2022-01,NAVE_CATEGORIA,NAVE_007 | SERVICIOS DE MANTENIMIENTO,10327.789999999999,12.0,12.0,2.0,9.0,860.6491666666666,390.0,6102.5,1,1,2022,5,14019.3,7150.5,18983.0,,13384.266666666668,
2022-02,NAVE_CATEGORIA,NAVE_007 | SERVICIOS DE MANTENIMIENTO,4594.81,9.0,9.0,2.0,7.0,510.5344444444445,470.0,1270.0,2,1,2022,6,10327.789999999999,14019.3,7150.5,,10499.196666666665,9175.931666666665
2022-03,NAVE_CATEGORIA,NAVE_007 | SERVICIOS DE MANTENIMIENTO,29826.43,24.0,24.0,4.0,11.0,1242.7679166666667,612.0,7200.0,3,1,2022,7,4594.81,10327.789999999999,14019.3,,9647.3,9811.733333333334
2022-04,NAVE_CATEGORIA,NAVE_007 | SERVICIOS DE MANTENIMIENTO,49156.15,17.0,17.0,4.0,9.0,2891.538235294118,920.0,28664.0,4,2,2022,8,29826.43,4594.81,10327.789999999999,,14916.343333333332,14150.305
2022-05,NAVE_CATEGORIA,NAVE_007 | SERVICIOS DE MANTENIMIENTO,10822.86,5.0,5.0,2.0,5.0,2164.572,750.0,6800.0,5,2,2022,9,49156.15,29826.43,4594.81,,27859.13,19179.163333333334
2022-06,NAVE_CATEGORIA,NAVE_007 | SERVICIOS DE MANTENIMIENTO,11470.0,5.0,5.0,2.0,5.0,2294.0,740.0,6400.0,6,2,2022,10,10822.86,49156.15,29826.43,,29935.146666666667,19791.22333333333
2022-07,NAVE_CATEGORIA,NAVE_007 | SERVICIOS DE MANTENIMIENTO,2322.4,3.0,3.0,1.0,3.0,774.1333333333333,1040.0,1082.4,7,3,2022,11,11470.0,10822.86,49156.15,,23816.33666666667,19366.34
2022-08,NAVE_CATEGORIA,NAVE_007 | SERVICIOS DE MANTENIMIENTO,19475.0,8.0,8.0,1.0,6.0,2434.375,1300.0,6460.0,8,3,2022,12,2322.4,11470.0,10822.86,780.0,8205.086666666668,18032.108333333334
2022-09,NAVE_CATEGORIA,NAVE_007 | SERVICIOS DE MANTENIMIENTO,13369.859994,6.0,6.0,2.0,5.0,2228.309999,1191.2499975,6373.36,9,3,2022,13,19475.0,2322.4,11470.0,3795.0,11089.133333333333,20512.14
2022-10,NAVE_CATEGORIA,NAVE_007 | SERVICIOS DE MANTENIMIENTO,59680.819985,17.0,17.0,3.0,9.0,3510.6364697058825,2750.0,13200.0,10,4,2022,14,13369.859994,19475.0,2322.4,18983.0,11722.419998,17769.378332333334
2022-11,NAVE_CATEGORIA,NAVE_007 | SERVICIOS DE MANTENIMIENTO,80051.90000000001,33.0,33.0,4.0,13.0,2425.8151515151517,1975.0,8881.25,11,4,2022,15,59680.819985,13369.859994,19475.0,7150.5,30841.893326333335,19523.4899965
2022-12,NAVE_CATEGORIA,NAVE_007 | SERVICIOS DE MANTENIMIENTO,27849.52,25.0,24.0,2.0,7.0,1160.3966666666668,444.0,9545.0,12,4,2022,16,80051.90000000001,59680.819985,13369.859994,14019.3,51034.193326333334,31061.663329833333
2023-01,NAVE_CATEGORIA,NAVE_007 | SERVICIOS DE MANTENIMIENTO,13699.869999999997,11.0,11.0,3.0,6.0,1245.442727272727,705.0,3234.0,1,1,2023,17,27849.52,80051.90000000001,59680.819985,10327.789999999999,55860.746661666664,33791.58332983334
2023-02,NAVE_CATEGORIA,NAVE_007 | SERVICIOS DE MANTENIMIENTO,64025.909999999996,15.0,15.0,2.0,7.0,4268.393999999999,305.0,29000.0,2,1,2023,18,13699.869999999997,27849.52,80051.90000000001,4594.81,40533.76333333333,35687.82832983333
2023-03,NAVE_CATEGORIA,NAVE_007 | SERVICIOS DE MANTENIMIENTO,3584.12,12.0,12.0,1.0,3.0,298.6766666666667,175.0,1735.0,3,1,2023,19,64025.909999999996,13699.869999999997,27849.52,29826.43,35191.76666666666,43112.979996500006
2023-04,NAVE_CATEGORIA,NAVE_007 | SERVICIOS DE MANTENIMIENTO,4576.5,7.0,7.0,2.0,4.0,653.7857142857143,275.0,2950.0,4,2,2023,20,3584.12,64025.909999999996,13699.869999999997,49156.15,27103.3,41482.02333083333
2023-05,NAVE_CATEGORIA,NAVE_007 | SERVICIOS DE MANTENIMIENTO,12327.6,15.0,15.0,3.0,7.0,821.84,275.0,4900.0,5,2,2023,21,4576.5,3584.12,64025.909999999996,10822.86,24062.176666666666,32297.97
2023-06,NAVE_CATEGORIA,NAVE_007 | SERVICIOS DE MANTENIMIENTO,28068.32,13.0,13.0,4.0,8.0,2159.1015384615384,910.0,11091.26,6,2,2023,22,12327.6,4576.5,3584.12,11470.0,6829.406666666667,21010.586666666666
2023-07,NAVE_CATEGORIA,NAVE_007 | SERVICIOS DE MANTENIMIENTO,28208.26,18.0,18.0,3.0,8.0,1567.1255555555554,341.69,7830.0,7,3,2023,23,28068.32,12327.6,4576.5,2322.4,14990.806666666665,21047.053333333333
2023-08,NAVE_CATEGORIA,NAVE_007 | SERVICIOS DE MANTENIMIENTO,149360.08999999997,59.0,58.0,4.0,25.0,2575.173965517241,805.0,25833.2,8,3,2023,24,28208.26,28068.32,12327.6,19475.0,22868.059999999998,23465.118333333332
2023-09,NAVE_CATEGORIA,NAVE_007 | SERVICIOS DE MANTENIMIENTO,107615.729997,55.0,55.0,5.0,18.0,1956.649636309091,500.0,30052.87,9,3,2023,25,149360.08999999997,28208.26,28068.32,13369.859994,68545.55666666666,37687.48166666666
2023-10,NAVE_CATEGORIA,NAVE_007 | SERVICIOS DE MANTENIMIENTO,57706.630011,108.0,51.0,4.0,9.0,1131.502549235294,360.0,24000.0,10,4,2023,26,107615.729997,149360.08999999997,28208.26,59680.819985,95061.35999899998,55026.08333283333
2023-11,NAVE_CATEGORIA,NAVE_007 | SERVICIOS DE MANTENIMIENTO,36102.5775,24.0,24.0,5.0,14.0,1504.2740625,958.0,8284.1,11,4,2023,27,57706.630011,107615.729997,149360.08999999997,80051.90000000001,104894.15000266665,63881.10500133332
2023-12,NAVE_CATEGORIA,NAVE_007 | SERVICIOS DE MANTENIMIENTO,19658.809987999997,13.0,13.0,4.0,9.0,1512.2161529230766,1097.39,6535.0,12,4,2023,28,36102.5775,57706.630011,107615.729997,27849.52,67141.645836,67843.60125133333
2024-01,NAVE_CATEGORIA,NAVE_007 | SERVICIOS DE MANTENIMIENTO,1780.24,4.0,4.0,1.0,3.0,445.06,475.0,750.0,1,1,2024,29,19658.809987999997,36102.5775,57706.630011,13699.869999999997,37822.67249966667,66442.01624933333
2024-02,NAVE_CATEGORIA,NAVE_007 | SERVICIOS DE MANTENIMIENTO,11782.76,14.0,9.0,1.0,6.0,1309.1955555555555,750.0,3700.0,2,1,2024,30,1780.24,19658.809987999997,36102.5775,64025.909999999996,19180.542496,62037.34624933333
2024-03,NAVE_CATEGORIA,NAVE_007 | SERVICIOS DE MANTENIMIENTO,1760.0,5.0,5.0,1.0,4.0,352.0,180.0,830.0,3,1,2024,31,11782.76,1780.24,19658.809987999997,3584.12,11073.936662666665,39107.791249333335
2024-04,NAVE_CATEGORIA,NAVE_007 | SERVICIOS DE MANTENIMIENTO,4512.0,6.0,6.0,1.0,6.0,752.0,495.0,2150.0,4,2,2024,32,1760.0,11782.76,1780.24,4576.5,5107.666666666667,21465.169583166666
2024-05,NAVE_CATEGORIA,NAVE_007 | SERVICIOS DE MANTENIMIENTO,5312.4,5.0,5.0,1.0,5.0,1062.48,320.0,2500.0,5,2,2024,33,4512.0,1760.0,11782.76,12327.6,6018.253333333334,12599.397914666666
2024-06,NAVE_CATEGORIA,NAVE_007 | SERVICIOS DE MANTENIMIENTO,16610.059999999998,10.0,10.0,1.0,7.0,1661.0059999999999,1450.0,3510.25,6,2,2024,34,5312.4,4512.0,1760.0,28068.32,3861.4666666666667,7467.701664666666
2024-07,NAVE_CATEGORIA,NAVE_007 | SERVICIOS DE MANTENIMIENTO,18410.6,14.0,14.0,1.0,9.0,1315.042857142857,1081.4,3800.0,7,3,2024,35,16610.059999999998,5312.4,4512.0,28208.26,8811.486666666666,6959.576666666665
2024-08,NAVE_CATEGORIA,NAVE_007 | SERVICIOS DE MANTENIMIENTO,11945.8,7.0,7.0,1.0,7.0,1706.542857142857,1382.0,5600.0,8,3,2024,36,18410.6,16610.059999999998,5312.4,149360.08999999997,13444.353333333333,9731.303333333331
2024-09,NAVE_CATEGORIA,NAVE_007 | SERVICIOS DE MANTENIMIENTO,2720.0,3.0,3.0,1.0,2.0,906.6666666666666,830.0,1140.0,9,3,2024,37,11945.8,18410.6,16610.059999999998,107615.729997,15655.486666666664,9758.476666666666
2024-10,NAVE_CATEGORIA,NAVE_007 | SERVICIOS DE MANTENIMIENTO,22197.33,12.0,12.0,1.0,8.0,1849.7775000000001,1900.0,4050.0,10,4,2024,38,2720.0,11945.8,18410.6,57706.630011,11025.466666666665,9918.476666666666
2024-11,NAVE_CATEGORIA,NAVE_007 | SERVICIOS DE MANTENIMIENTO,20332.5,7.0,7.0,1.0,4.0,2904.6428571428573,2525.0,8500.0,11,4,2024,39,22197.33,2720.0,11945.8,36102.5775,12287.710000000001,12866.031666666668
2024-12,NAVE_CATEGORIA,NAVE_007 | SERVICIOS DE MANTENIMIENTO,14872.0,7.0,7.0,1.0,6.0,2124.5714285714284,1900.0,4035.0,12,4,2024,40,20332.5,22197.33,2720.0,19658.809987999997,15083.276666666667,15369.381666666668
2025-01,NAVE_CATEGORIA,NAVE_007 | SERVICIOS DE MANTENIMIENTO,2030.0,3.0,3.0,1.0,3.0,676.6666666666666,850.0,900.0,1,1,2025,41,14872.0,20332.5,22197.33,1780.24,19133.943333333333,15079.705000000002
2025-02,NAVE_CATEGORIA,NAVE_007 | SERVICIOS DE MANTENIMIENTO,18906.35,7.0,7.0,1.0,7.0,2700.907142857143,2602.0,7000.0,2,1,2025,42,2030.0,14872.0,20332.5,11782.76,12411.5,12349.605000000001
2025-03,NAVE_CATEGORIA,NAVE_007 | SERVICIOS DE MANTENIMIENTO,5365.0,4.0,4.0,1.0,4.0,1341.25,950.0,3325.0,3,1,2025,43,18906.35,2030.0,14872.0,1760.0,11936.116666666667,13509.696666666665
2025-04,NAVE_CATEGORIA,NAVE_007 | SERVICIOS DE MANTENIMIENTO,17961.989999999998,6.0,6.0,1.0,5.0,2993.6649999999995,1827.92,8540.15,4,2,2025,44,5365.0,18906.35,2030.0,4512.0,8767.116666666667,13950.529999999999
2025-05,NAVE_CATEGORIA,NAVE_007 | SERVICIOS DE MANTENIMIENTO,10230.74,5.0,5.0,1.0,4.0,2046.148,522.5,7173.24,5,2,2025,45,17961.989999999998,5365.0,18906.35,5312.4,14077.779999999999,13244.64
2025-06,NAVE_CATEGORIA,NAVE_007 | SERVICIOS DE MANTENIMIENTO,15688.72,7.0,7.0,1.0,6.0,2241.2457142857143,2025.0,4500.0,6,2,2025,46,10230.74,17961.989999999998,5365.0,16610.059999999998,11185.909999999998,11561.01333333333
2025-07,NAVE_CATEGORIA,NAVE_007 | SERVICIOS DE MANTENIMIENTO,8259.0,4.0,4.0,1.0,3.0,2064.75,1849.5,3700.0,7,3,2025,47,15688.72,10230.74,17961.989999999998,18410.6,14627.15,11697.133333333331
2025-08,NAVE_CATEGORIA,NAVE_007 | SERVICIOS DE MANTENIMIENTO,6174.0,8.0,8.0,1.0,5.0,771.75,705.0,1700.0,8,3,2025,48,8259.0,15688.72,10230.74,11945.8,11392.82,12735.299999999997
2025-09,NAVE_CATEGORIA,NAVE_007 | SERVICIOS DE MANTENIMIENTO,21053.6,15.0,15.0,1.0,7.0,1403.5733333333333,1275.0,4000.0,9,3,2025,49,6174.0,8259.0,15688.72,2720.0,10040.573333333334,10613.241666666667
2021-01,NAVE_CATEGORIA,NAVE_008 | ACEITE,1556.46,4.0,3.0,3.0,1.0,518.82,437.01,774.78,1,1,2021,0,,,,,,
2021-02,NAVE_CATEGORIA,NAVE_008 | ACEITE,1936.95,5.0,1.0,1.0,1.0,1936.95,1936.95,1936.95,2,1,2021,1,1556.46,,,,,
2021-04,NAVE_CATEGORIA,NAVE_008 | ACEITE,65.6,5.0,1.0,1.0,1.0,65.6,65.6,65.6,4,2,2021,2,1936.95,1556.46,,,,
2021-06,NAVE_CATEGORIA,NAVE_008 | ACEITE,1842.319993,4.0,3.0,3.0,1.0,614.1066643333334,511.453333,932.93333,6,2,2021,3,65.6,1936.95,1556.46,,1186.3366666666668,
2021-09,NAVE_CATEGORIA,NAVE_008 | ACEITE,1532.96,3.0,2.0,2.0,1.0,766.48,766.48,1060.86,9,3,2021,4,1842.319993,65.6,1936.95,,1281.623331,
2021-11,NAVE_CATEGORIA,NAVE_008 | ACEITE,8324.072,16.0,5.0,4.0,1.0,1664.8144,944.2,3713.01,11,4,2021,5,1532.96,1842.319993,65.6,,1146.9599976666666,
2021-12,NAVE_CATEGORIA,NAVE_008 | ACEITE,42.90356,2.0,1.0,1.0,1.0,42.90356,42.90356,42.90356,12,4,2021,6,8324.072,1532.96,1842.319993,,3899.783997666667,2543.0603321666667
2022-02,NAVE_CATEGORIA,NAVE_008 | ACEITE,4151.98,16.0,4.0,4.0,2.0,1037.995,695.1949999999999,2652.15,2,1,2022,7,42.90356,8324.072,1532.96,,3299.97852,2290.8009255
2022-04,NAVE_CATEGORIA,NAVE_008 | ACEITE,2248.16,4.0,3.0,3.0,2.0,749.3866666666667,598.53,1060.86,4,2,2022,8,4151.98,42.90356,8324.072,,4172.985186666666,2659.972592166667
2022-06,NAVE_CATEGORIA,NAVE_008 | ACEITE,854.29,8.0,3.0,3.0,1.0,284.7633333333333,260.64,530.43,6,2,2022,9,2248.16,4151.98,42.90356,,2147.6811866666662,3023.7325921666666
2022-09,NAVE_CATEGORIA,NAVE_008 | ACEITE,1871.45,3.0,2.0,2.0,1.0,935.725,935.725,1219.7,9,3,2022,10,854.29,2248.16,4151.98,,2418.143333333333,2859.0609266666665
2022-11,NAVE_CATEGORIA,NAVE_008 | ACEITE,2469.990003,4.0,3.0,3.0,1.0,823.3300009999999,649.18,1223.740003,11,4,2022,11,1871.45,854.29,2248.16,,1657.9666666666665,2915.4759266666665
2023-01,NAVE_CATEGORIA,NAVE_008 | ACEITE,4531.429999999999,9.0,4.0,4.0,1.0,1132.8574999999998,949.915,2441.6,1,1,2023,12,2469.990003,1871.45,854.29,1556.46,1731.910001,1939.7955938333332
2023-02,NAVE_CATEGORIA,NAVE_008 | ACEITE,4240.0,8.0,1.0,1.0,1.0,4240.0,4240.0,4240.0,2,1,2023,13,4531.429999999999,2469.990003,1871.45,1936.95,2957.6233343333333,2687.883333833333
2023-03,NAVE_CATEGORIA,NAVE_008 | ACEITE,4272.8,7.0,1.0,1.0,1.0,4272.8,4272.8,4272.8,3,1,2023,14,4240.0,4531.429999999999,2469.990003,65.6,3747.1400009999998,2702.553333833333
2023-04,NAVE_CATEGORIA,NAVE_008 | ACEITE,2410.0,6.0,5.0,5.0,2.0,482.0,530.0,1100.0,4,2,2023,15,4272.8,4240.0,4531.429999999999,1842.319993,4348.076666666667,3039.9933338333335
2023-06,NAVE_CATEGORIA,NAVE_008 | ACEITE,61.02,5.0,1.0,1.0,1.0,61.02,61.02,61.02,6,2,2023,16,2410.0,4272.8,4240.0,1532.96,3640.933333333333,3299.2783338333334
2023-07,NAVE_CATEGORIA,NAVE_008 | ACEITE,1208.9299999999998,2.0,2.0,2.0,1.0,604.4649999999999,604.4649999999999,610.4,7,3,2023,17,61.02,2410.0,4272.8,8324.072,2247.94,2997.5400004999997
2023-08,NAVE_CATEGORIA,NAVE_008 | ACEITE,2589.6400000000003,6.0,4.0,4.0,1.0,647.4100000000001,622.3900000000001,1225.6,8,3,2023,18,1208.9299999999998,61.02,2410.0,42.90356,1226.6499999999999,2787.3633333333332
2023-09,NAVE_CATEGORIA,NAVE_008 | ACEITE,8797.409893,27.0,5.0,5.0,2.0,1759.4819786,658.45,6093.2,9,3,2023,19,2589.6400000000003,1208.9299999999998,61.02,4151.98,1286.53,2463.7316666666666
2023-10,NAVE_CATEGORIA,NAVE_008 | ACEITE,554.69,20.0,1.0,1.0,1.0,554.69,554.69,554.69,10,4,2023,20,8797.409893,2589.6400000000003,1208.9299999999998,2248.16,4198.659964333333,3223.2999821666667
2024-05,NAVE_CATEGORIA,NAVE_008 | ACEITE,170.0,2.0,2.0,1.0,1.0,85.0,85.0,136.0,5,2,2024,21,554.69,8797.409893,2589.6400000000003,854.29,3980.5799643333335,2603.614982166667
2024-09,NAVE_CATEGORIA,NAVE_008 | ACEITE,1316.85,12.0,2.0,2.0,1.0,658.425,658.425,722.37,9,3,2024,22,170.0,554.69,8797.409893,1871.45,3174.033297666667,2230.2816488333333
2024-10,NAVE_CATEGORIA,NAVE_008 | ACEITE,2396.24,3.0,2.0,2.0,1.0,1198.12,1198.12,1199.18,10,4,2024,23,1316.85,170.0,554.69,2469.990003,680.5133333333333,2439.5866488333336
2024-11,NAVE_CATEGORIA,NAVE_008 | ACEITE,56.0,2.0,1.0,1.0,1.0,56.0,56.0,56.0,11,4,2024,24,2396.24,1316.85,170.0,4531.429999999999,1294.3633333333332,2637.471648833333
2024-12,NAVE_CATEGORIA,NAVE_008 | ACEITE,4185.54,4.0,2.0,2.0,1.0,2092.77,2092.77,2989.27,12,4,2024,25,56.0,2396.24,1316.85,4240.0,1256.3633333333332,2215.1983155
2025-01,NAVE_CATEGORIA,NAVE_008 | ACEITE,5414.5999999999985,9.0,5.0,3.0,1.0,1082.9199999999996,1187.49,1732.59,1,1,2025,26,4185.54,56.0,2396.24,4272.8,2212.5933333333332,1446.5533333333333
2025-02,NAVE_CATEGORIA,NAVE_008 | ACEITE,1821.0500000000002,3.0,3.0,3.0,1.0,607.0166666666668,592.03,652.68,2,1,2025,27,5414.5999999999985,4185.54,56.0,2410.0,3218.713333333333,2256.538333333333
2025-03,NAVE_CATEGORIA,NAVE_008 | ACEITE,2053.89,14.0,4.0,4.0,1.0,513.4725,593.7349999999999,729.96,3,1,2025,28,1821.0500000000002,5414.5999999999985,4185.54,61.02,3807.063333333333,2531.713333333333
2025-04,NAVE_CATEGORIA,NAVE_008 | ACEITE,1837.81,3.0,1.0,1.0,1.0,1837.81,1837.81,1837.81,4,2,2025,29,2053.89,1821.0500000000002,5414.5999999999985,1208.9299999999998,3096.513333333333,2654.5533333333333
2025-05,NAVE_CATEGORIA,NAVE_008 | ACEITE,1846.97,3.0,3.0,3.0,1.0,615.6566666666666,617.73,652.77,5,2,2025,30,1837.81,2053.89,1821.0500000000002,2589.6400000000003,1904.25,2561.481666666666
2025-06,NAVE_CATEGORIA,NAVE_008 | ACEITE,1236.6399999999999,2.0,2.0,1.0,1.0,618.3199999999999,618.3199999999999,618.91,6,2,2025,31,1846.97,1837.81,2053.89,8797.409893,1912.89,2859.976666666667
2025-07,NAVE_CATEGORIA,NAVE_008 | ACEITE,11563.519999999999,19.0,4.0,2.0,2.0,2890.8799999999997,2992.6499999999996,4958.42,7,3,2025,32,1236.6399999999999,1846.97,1837.81,554.69,1640.4733333333334,2368.4933333333333
2025-08,NAVE_CATEGORIA,NAVE_008 | ACEITE,1272.57,2.0,2.0,2.0,1.0,636.285,636.285,652.77,8,3,2025,33,11563.519999999999,1236.6399999999999,1846.97,170.0,4882.376666666666,3393.313333333333
2025-09,NAVE_CATEGORIA,NAVE_008 | ACEITE,2450.89,4.0,3.0,3.0,1.0,816.9633333333333,653.66,1220.08,9,3,2025,34,1272.57,11563.519999999999,1236.6399999999999,1316.85,4690.91,3301.9
2021-01,NAVE_CATEGORIA,NAVE_008 | FERRETERIA,538.629992,96.0,4.0,4.0,1.0,134.657498,141.504996,196.8,1,1,2021,0,,,,,,
2021-02,NAVE_CATEGORIA,NAVE_008 | FERRETERIA,1069.5173959999997,972.0,27.0,27.0,5.0,39.6117554074074,16.49,395.5,2,1,2021,1,538.629992,,,,,
2021-03,NAVE_CATEGORIA,NAVE_008 | FERRETERIA,6038.3874940000005,473.0,49.0,47.0,8.0,123.2323978367347,30.0,1895.25,3,1,2021,2,1069.5173959999997,538.629992,,,,
2021-04,NAVE_CATEGORIA,NAVE_008 | FERRETERIA,3010.912715,336.0,12.0,12.0,6.0,250.90939291666666,190.00009749999998,787.5855,4,2,2021,3,6038.3874940000005,1069.5173959999997,538.629992,,2548.844960666667,
2021-05,NAVE_CATEGORIA,NAVE_008 | FERRETERIA,818.4003,328.0,7.0,7.0,5.0,116.91432857142857,110.6,213.5673,5,2,2021,4,3010.912715,6038.3874940000005,1069.5173959999997,,3372.9392016666666,
2021-06,NAVE_CATEGORIA,NAVE_008 | FERRETERIA,743.3976,69.0,19.0,19.0,3.0,39.126189473684214,17.5,198.0,6,2,2021,5,818.4003,3010.912715,6038.3874940000005,,3289.233503,
2021-07,NAVE_CATEGORIA,NAVE_008 | FERRETERIA,1098.1939,558.0,8.0,8.0,4.0,137.2742375,54.975,367.5,7,3,2021,6,743.3976,818.4003,3010.912715,,1524.2368716666667,2036.5409161666666
2021-08,NAVE_CATEGORIA,NAVE_008 | FERRETERIA,4231.502754,842.0,58.0,53.0,8.0,72.95694403448276,50.495,434.28,8,3,2021,7,1098.1939,743.3976,818.4003,,886.6639333333333,2129.8015675
2021-09,NAVE_CATEGORIA,NAVE_008 | FERRETERIA,28953.810068999996,3392.5,62.0,62.0,10.0,466.9969365967741,117.6,2952.0,9,3,2021,8,4231.502754,1098.1939,743.3976,,2024.3647513333333,2656.799127166667
2021-10,NAVE_CATEGORIA,NAVE_008 | FERRETERIA,1079.154,121.0,6.0,6.0,4.0,179.859,221.5625,294.975,10,4,2021,9,28953.810068999996,4231.502754,1098.1939,,11427.835574333332,6476.036222999999
2021-11,NAVE_CATEGORIA,NAVE_008 | FERRETERIA,6228.2225149999995,2251.0,44.0,42.0,12.0,141.55051170454544,91.14,1040.26002,11,4,2021,10,1079.154,28953.810068999996,4231.502754,,11421.488940999998,6154.076437166666
2021-12,NAVE_CATEGORIA,NAVE_008 | FERRETERIA,1713.7651480000002,64.0,5.0,5.0,3.0,342.75302960000005,198.967582,852.600006,12,4,2021,11,6228.2225149999995,1079.154,28953.810068999996,,12087.062194666665,7055.713473
2022-01,NAVE_CATEGORIA,NAVE_008 | FERRETERIA,2202.81024,45.0,12.0,12.0,4.0,183.56751999999997,41.96,1040.0,1,1,2022,12,1713.7651480000002,6228.2225149999995,1079.154,538.629992,3007.0472210000003,7217.441397666666
2022-02,NAVE_CATEGORIA,NAVE_008 | FERRETERIA,1226.469,204.0,6.0,6.0,3.0,204.41150000000002,44.95,952.0,2,1,2022,13,2202.81024,1713.7651480000002,6228.2225149999995,1069.5173959999997,3381.5993009999997,7401.544120999999
2022-03,NAVE_CATEGORIA,NAVE_008 | FERRETERIA,1357.59,229.0,9.0,9.0,3.0,150.84333333333333,105.0,680.0,3,1,2022,14,1226.469,2202.81024,1713.7651480000002,6038.3874940000005,1714.3481293333334,6900.705161999999
2022-04,NAVE_CATEGORIA,NAVE_008 | FERRETERIA,2081.961394,356.0,31.0,29.0,3.0,67.16004496774194,20.0,450.0,4,2,2022,15,1357.59,1226.469,2202.81024,3010.912715,1595.62308,2301.3351505000005
2022-06,NAVE_CATEGORIA,NAVE_008 | FERRETERIA,112.16,153.0,3.0,3.0,2.0,37.38666666666666,30.0,60.0,6,2,2022,16,2081.961394,1357.59,1226.469,818.4003,1555.3401313333334,2468.4697161666672
2022-07,NAVE_CATEGORIA,NAVE_008 | FERRETERIA,1645.1670000000001,166.0,15.0,15.0,3.0,109.6778,32.34,553.5,7,3,2022,17,112.16,2081.961394,1357.59,743.3976,1183.903798,1449.1259636666673
2022-09,NAVE_CATEGORIA,NAVE_008 | FERRETERIA,1707.698841,252.0,19.0,19.0,5.0,89.87888636842105,13.167,981.12,9,3,2022,18,1645.1670000000001,112.16,2081.961394,1098.1939,1279.762798,1437.6929390000005
2022-10,NAVE_CATEGORIA,NAVE_008 | FERRETERIA,429.0,55.0,1.0,1.0,1.0,429.0,429.0,429.0,10,4,2022,19,1707.698841,1645.1670000000001,112.16,4231.502754,1155.0086136666666,1355.1743725000006
2022-11,NAVE_CATEGORIA,NAVE_008 | FERRETERIA,1119.225,230.0,34.0,30.0,4.0,32.91838235294117,9.875,344.0,11,4,2022,20,429.0,1707.698841,1645.1670000000001,28953.810068999996,1260.621947,1222.2628725000006
2023-01,NAVE_CATEGORIA,NAVE_008 | FERRETERIA,2248.71,760.0,16.0,16.0,4.0,140.544375,106.23,348.81,1,1,2023,21,1119.225,429.0,1707.698841,1079.154,1085.307947,1182.5353725000007
2023-02,NAVE_CATEGORIA,NAVE_008 | FERRETERIA,2990.2959999999994,306.0,38.0,37.0,4.0,78.69199999999998,20.775,1020.0,2,1,2023,22,2248.71,1119.225,429.0,6228.2225149999995,1265.645,1210.3268068333339
2023-03,NAVE_CATEGORIA,NAVE_008 | FERRETERIA,2244.835,209.0,18.0,18.0,3.0,124.71305555555556,31.904,746.13,3,1,2023,23,2990.2959999999994,2248.71,1119.225,1713.7651480000002,2119.4103333333333,1690.0161401666671
2023-04,NAVE_CATEGORIA,NAVE_008 | FERRETERIA,20049.651259000002,2911.0,103.0,92.0,12.0,194.65680833980585,102.06,1800.0,4,2,2023,24,2244.835,2990.2959999999994,2248.71,2202.81024,2494.613666666666,1789.9608068333337
2023-05,NAVE_CATEGORIA,NAVE_008 | FERRETERIA,35314.818487000004,1961.0,90.0,87.0,12.0,392.3868720777778,58.519999999999996,18550.0,5,2,2023,25,20049.651259000002,2244.835,2990.2959999999994,1226.469,8428.260753,4846.9528765000005
2023-06,NAVE_CATEGORIA,NAVE_008 | FERRETERIA,14160.383007,5979.0,101.0,100.0,24.0,140.20181195049506,37.17,1350.0,6,2,2023,26,35314.818487000004,20049.651259000002,2244.835,1357.59,19203.101582000003,10661.255957666668
2023-07,NAVE_CATEGORIA,NAVE_008 | FERRETERIA,5329.652,312.0,24.0,17.0,5.0,222.06883333333334,93.5275,1728.0,7,3,2023,27,14160.383007,35314.818487000004,20049.651259000002,2081.961394,23174.950917666672,12834.782292166668
2023-08,NAVE_CATEGORIA,NAVE_008 | FERRETERIA,14804.976377999998,830.0,69.0,69.0,10.0,214.56487504347822,28.0,6610.0,8,3,2023,28,5329.652,14160.383007,35314.818487000004,112.16,18268.284498,13348.272625500002
2023-09,NAVE_CATEGORIA,NAVE_008 | FERRETERIA,2849.3244,468.0,53.0,51.0,8.0,53.76083773584906,23.2,489.3658,9,3,2023,29,14804.976377999998,5329.652,14160.383007,1645.1670000000001,11431.670461666667,15317.386021833336
2023-10,NAVE_CATEGORIA,NAVE_008 | FERRETERIA,20798.788056,557.4,46.0,46.0,10.0,452.1475664347826,34.650000000000006,7980.0,10,4,2023,30,2849.3244,14804.976377999998,5329.652,1707.698841,7661.317592666666,15418.134255166668
2023-11,NAVE_CATEGORIA,NAVE_008 | FERRETERIA,4899.8,219.0,7.0,7.0,5.0,699.9714285714286,168.0,4180.0,11,4,2023,31,20798.788056,2849.3244,14804.976377999998,429.0,12817.696277999998,15542.990388
2023-12,NAVE_CATEGORIA,NAVE_008 | FERRETERIA,794.6201,426.0,9.0,9.0,3.0,88.29112222222221,34.58,384.75,12,4,2023,32,4899.8,20798.788056,2849.3244,1119.225,9515.970818666667,10473.820640166668
2024-03,NAVE_CATEGORIA,NAVE_008 | FERRETERIA,2404.02,34.0,3.0,3.0,1.0,801.34,159.5,2222.44,3,1,2024,33,794.6201,4899.8,20798.788056,2248.71,8831.069385333334,8246.193489000003
2024-09,NAVE_CATEGORIA,NAVE_008 | FERRETERIA,765.0,2.0,1.0,1.0,1.0,765.0,765.0,765.0,9,3,2024,34,2404.02,794.6201,4899.8,2990.2959999999994,2699.4800333333333,7758.588155666668
2025-01,NAVE_CATEGORIA,NAVE_008 | FERRETERIA,23.86,5.0,1.0,1.0,1.0,23.86,23.86,23.86,1,1,2025,35,765.0,2404.02,794.6201,2244.835,1321.2133666666666,5418.592092666669
2025-02,NAVE_CATEGORIA,NAVE_008 | FERRETERIA,974.95,182.0,10.0,9.0,1.0,97.495,49.89,285.59,2,1,2025,36,23.86,765.0,2404.02,20049.651259000002,1064.2933333333333,4947.6813593333345
2025-03,NAVE_CATEGORIA,NAVE_008 | FERRETERIA,103.97,42.0,3.0,3.0,1.0,34.656666666666666,35.75,47.09,3,1,2025,37,974.95,23.86,765.0,35314.818487000004,587.9366666666666,1643.7083500000015
2025-06,NAVE_CATEGORIA,NAVE_008 | FERRETERIA,449.28999999999996,3.0,2.0,2.0,1.0,224.64499999999998,224.64499999999998,415.89,6,2,2025,38,103.97,974.95,23.86,14160.383007,367.5933333333333,844.4033500000013
2025-07,NAVE_CATEGORIA,NAVE_008 | FERRETERIA,19503.769999999997,2190.0,100.0,73.0,15.0,195.03769999999997,79.7,2678.8,7,3,2025,39,449.28999999999996,103.97,974.95,5329.652,509.40333333333336,786.8483333333346
2025-08,NAVE_CATEGORIA,NAVE_008 | FERRETERIA,1663.36,10.0,3.0,3.0,1.0,554.4533333333333,365.82,1151.94,8,3,2025,40,19503.769999999997,449.28999999999996,103.97,14804.976377999998,6685.676666666665,3636.8066666666673
2021-03,NAVE_CATEGORIA,NAVE_008 | REPUESTOS MECANICOS,68.1105,6.0,2.0,2.0,1.0,34.05525,34.05525,42.5085,3,1,2021,0,,,,,,
2021-04,NAVE_CATEGORIA,NAVE_008 | REPUESTOS MECANICOS,54678.05500000001,39.0,25.0,24.0,5.0,2187.1222000000002,210.45,21861.88,4,2,2021,1,68.1105,,,,,
2021-05,NAVE_CATEGORIA,NAVE_008 | REPUESTOS MECANICOS,328.7713,2.0,2.0,2.0,1.0,164.38565,164.38565,207.3257,5,2,2021,2,54678.05500000001,68.1105,,,,
2021-07,NAVE_CATEGORIA,NAVE_008 | REPUESTOS MECANICOS,44981.200000000004,99.0,17.0,17.0,2.0,2645.9529411764706,588.0,13500.0,7,3,2021,3,328.7713,54678.05500000001,68.1105,,18358.31226666667,
2021-08,NAVE_CATEGORIA,NAVE_008 | REPUESTOS MECANICOS,1932.02624,102.0,20.0,19.0,4.0,96.601312,78.119,268.92,8,3,2021,4,44981.200000000004,328.7713,54678.05500000001,,33329.3421,
2021-09,NAVE_CATEGORIA,NAVE_008 | REPUESTOS MECANICOS,22488.3099,23.0,2.0,2.0,2.0,11244.15495,11244.15495,21811.7499,9,3,2021,5,1932.02624,44981.200000000004,328.7713,,15747.332513333335,
2021-11,NAVE_CATEGORIA,NAVE_008 | REPUESTOS MECANICOS,3251.0,16.0,8.0,7.0,1.0,406.375,358.0,1110.0,11,4,2021,6,22488.3099,1932.02624,44981.200000000004,,23133.845380000002,20746.078823333333
2021-12,NAVE_CATEGORIA,NAVE_008 | REPUESTOS MECANICOS,2364.29,3.0,3.0,3.0,1.0,788.0966666666667,200.0,2014.29,12,4,2021,7,3251.0,22488.3099,1932.02624,,9223.778713333333,21276.56040666667
2022-01,NAVE_CATEGORIA,NAVE_008 | REPUESTOS MECANICOS,9381.342496,17.0,6.0,5.0,2.0,1563.5570826666665,1381.8579165,2900.313333,1,1,2022,8,2364.29,3251.0,22488.3099,,9367.866633333333,12557.599573333333
2022-02,NAVE_CATEGORIA,NAVE_008 | REPUESTOS MECANICOS,1018.572,6.0,2.0,2.0,2.0,509.286,509.286,528.572,2,1,2022,9,9381.342496,2364.29,3251.0,,4998.877498666666,14066.361439333334
2022-04,NAVE_CATEGORIA,NAVE_008 | REPUESTOS MECANICOS,3761.510001,5.0,2.0,2.0,2.0,1880.7550005,1880.7550005,3730.32,4,2,2022,10,1018.572,9381.342496,2364.29,,4254.734831999999,6739.256772666667
2022-05,NAVE_CATEGORIA,NAVE_008 | REPUESTOS MECANICOS,295.0,1.0,1.0,1.0,1.0,295.0,295.0,295.0,5,2,2022,11,3761.510001,1018.572,9381.342496,,4720.474832333332,7044.170732833333
2022-09,NAVE_CATEGORIA,NAVE_008 | REPUESTOS MECANICOS,50735.302,135.0,31.0,31.0,2.0,1636.6226451612904,699.745,16982.94,9,3,2022,12,295.0,3761.510001,1018.572,68.1105,1691.6940003333336,3345.2857494999994
2022-11,NAVE_CATEGORIA,NAVE_008 | REPUESTOS MECANICOS,1444.2,101.0,2.0,2.0,2.0,722.1,722.1,1400.0,11,4,2022,13,50735.302,295.0,3761.510001,54678.05500000001,18263.93733366667,11259.336082833333
2023-02,NAVE_CATEGORIA,NAVE_008 | REPUESTOS MECANICOS,4029.0,1.0,1.0,1.0,1.0,4029.0,4029.0,4029.0,2,1,2023,14,1444.2,50735.302,295.0,328.7713,17491.500666666667,11105.987749499998
2023-05,NAVE_CATEGORIA,NAVE_008 | REPUESTOS MECANICOS,12939.680008000001,185.0,11.0,11.0,6.0,1176.3345461818183,210.42,9120.0,5,2,2023,15,4029.0,1444.2,50735.302,44981.200000000004,18736.167333333335,10213.930666833332
2023-06,NAVE_CATEGORIA,NAVE_008 | REPUESTOS MECANICOS,16843.912503000003,118.0,21.0,21.0,4.0,802.0910715714288,477.85,2937.0,6,2,2023,16,12939.680008000001,4029.0,1444.2,1932.02624,6137.626669333334,12200.782001499998
2023-07,NAVE_CATEGORIA,NAVE_008 | REPUESTOS MECANICOS,2288.24,49.0,6.0,6.0,3.0,381.3733333333333,343.4,1120.0,7,3,2023,17,16843.912503000003,12939.680008000001,4029.0,22488.3099,11270.864170333334,14381.1824185
2023-08,NAVE_CATEGORIA,NAVE_008 | REPUESTOS MECANICOS,4824.610000000001,609.0,8.0,8.0,4.0,603.0762500000001,280.35,1898.78,8,3,2023,18,2288.24,16843.912503000003,12939.680008000001,3251.0,10690.610837,14713.389085166666
2023-09,NAVE_CATEGORIA,NAVE_008 | REPUESTOS MECANICOS,17899.630298999997,397.0,35.0,35.0,4.0,511.418008542857,247.74,6969.846,9,3,2023,19,4824.610000000001,2288.24,16843.912503000003,2364.29,7985.587501000002,7061.607085166666
2023-10,NAVE_CATEGORIA,NAVE_008 | REPUESTOS MECANICOS,5213.293,20.0,8.0,8.0,4.0,651.661625,58.0,4200.0,10,4,2023,20,17899.630298999997,4824.610000000001,2288.24,9381.342496,8337.493433,9804.178801666667
2023-11,NAVE_CATEGORIA,NAVE_008 | REPUESTOS MECANICOS,2991.14,6.0,3.0,3.0,2.0,997.0466666666666,820.0,1599.7,11,4,2023,21,5213.293,17899.630298999997,4824.610000000001,1018.572,9312.511099666664,10001.560968333333
2024-05,NAVE_CATEGORIA,NAVE_008 | REPUESTOS MECANICOS,152820.54,317.0,42.0,42.0,1.0,3638.584285714286,268.28999999999996,106292.58,5,2,2024,22,2991.14,5213.293,17899.630298999997,3761.510001,8701.354432999999,8343.470967
2024-09,NAVE_CATEGORIA,NAVE_008 | REPUESTOS MECANICOS,2874.55,8.0,6.0,6.0,3.0,479.0916666666667,286.785,1416.67,9,3,2024,23,152820.54,2991.14,5213.293,295.0,53674.991,31006.2422165
2024-10,NAVE_CATEGORIA,NAVE_008 | REPUESTOS MECANICOS,2.55,40.0,1.0,1.0,1.0,2.55,2.55,2.55,10,4,2024,24,2874.55,152820.54,2991.14,50735.302,52895.409999999996,31103.960549833337
2025-02,NAVE_CATEGORIA,NAVE_008 | REPUESTOS MECANICOS,40.26,1.0,1.0,1.0,1.0,40.26,40.26,40.26,2,1,2025,25,2.55,2874.55,152820.54,1444.2,51899.21333333334,30300.28388316667
2025-04,NAVE_CATEGORIA,NAVE_008 | REPUESTOS MECANICOS,11174.2,64.0,15.0,15.0,1.0,744.9466666666667,279.0,5411.2,4,2,2025,26,40.26,2.55,2874.55,4029.0,972.4533333333334,27323.72216666667
2025-07,NAVE_CATEGORIA,NAVE_008 | REPUESTOS MECANICOS,10000.0,1.0,1.0,1.0,1.0,10000.0,10000.0,10000.0,7,3,2025,27,11174.2,40.26,2.55,12939.680008000001,3739.0033333333336,28317.20666666667
2025-08,NAVE_CATEGORIA,NAVE_008 | REPUESTOS MECANICOS,15484.18,15.0,4.0,4.0,1.0,3871.045,1241.67,12991.84,8,3,2025,28,10000.0,11174.2,40.26,16843.912503000003,7071.486666666667,29485.350000000002
2025-09,NAVE_CATEGORIA,NAVE_008 | REPUESTOS MECANICOS,5463.15,366.0,13.0,13.0,1.0,420.2423076923077,158.26,2320.39,9,3,2025,29,15484.18,10000.0,11174.2,2288.24,12219.46,6595.956666666668
2021-01,NAVE_CATEGORIA,NAVE_008 | SERVICIOS DE MANTENIMIENTO,1325.0,4.0,4.0,1.0,4.0,331.25,315.0,560.0,1,1,2021,0,,,,,,
2021-02,NAVE_CATEGORIA,NAVE_008 | SERVICIOS DE MANTENIMIENTO,2954.0,3.0,3.0,1.0,2.0,984.6666666666666,192.0,2600.0,2,1,2021,1,1325.0,,,,,
2021-03,NAVE_CATEGORIA,NAVE_008 | SERVICIOS DE MANTENIMIENTO,3620.0,2.0,2.0,1.0,2.0,1810.0,1810.0,2920.0,3,1,2021,2,2954.0,1325.0,,,,
2021-04,NAVE_CATEGORIA,NAVE_008 | SERVICIOS DE MANTENIMIENTO,15262.470000000001,9.0,9.0,4.0,8.0,1695.8300000000002,473.0,9500.0,4,2,2021,3,3620.0,2954.0,1325.0,,2633.0,
2021-05,NAVE_CATEGORIA,NAVE_008 | SERVICIOS DE MANTENIMIENTO,7040.0,6.0,6.0,3.0,4.0,1173.3333333333333,750.0,3180.0,5,2,2021,4,15262.470000000001,3620.0,2954.0,,7278.823333333334,
2021-06,NAVE_CATEGORIA,NAVE_008 | SERVICIOS DE MANTENIMIENTO,3927.96,3.0,3.0,2.0,3.0,1309.32,267.96,3420.0,6,2,2021,5,7040.0,15262.470000000001,3620.0,,8640.823333333334,
2021-07,NAVE_CATEGORIA,NAVE_008 | SERVICIOS DE MANTENIMIENTO,18252.85,15.0,15.0,4.0,7.0,1216.8566666666666,371.43,8312.8,7,3,2021,6,3927.96,7040.0,15262.470000000001,,8743.476666666667,5688.238333333334
2021-08,NAVE_CATEGORIA,NAVE_008 | SERVICIOS DE MANTENIMIENTO,291.6,2.0,2.0,1.0,1.0,145.8,145.8,165.6,8,3,2021,7,18252.85,3927.96,7040.0,,9740.269999999999,8509.546666666667
2021-09,NAVE_CATEGORIA,NAVE_008 | SERVICIOS DE MANTENIMIENTO,6557.76,7.0,7.0,2.0,6.0,936.8228571428572,388.0,4035.0,9,3,2021,8,291.6,18252.85,3927.96,,7490.803333333332,8065.813333333333
2021-10,NAVE_CATEGORIA,NAVE_008 | SERVICIOS DE MANTENIMIENTO,15291.94,5.0,5.0,2.0,4.0,3058.388,50.0,7950.0,10,4,2021,9,6557.76,291.6,18252.85,,8367.403333333334,8555.44
2021-11,NAVE_CATEGORIA,NAVE_008 | SERVICIOS DE MANTENIMIENTO,119572.80000000002,57.0,57.0,4.0,23.0,2097.7684210526318,1400.0,15900.0,11,4,2021,10,15291.94,6557.76,291.6,,7380.433333333334,8560.351666666667
2021-12,NAVE_CATEGORIA,NAVE_008 | SERVICIOS DE MANTENIMIENTO,35874.1,28.0,27.0,3.0,16.0,1328.6703703703704,525.0,12316.5,12,4,2021,11,119572.80000000002,15291.94,6557.76,,47140.83333333334,27315.81833333334
2022-01,NAVE_CATEGORIA,NAVE_008 | SERVICIOS DE MANTENIMIENTO,14809.279999999999,27.0,20.0,2.0,6.0,740.4639999999999,250.0,3800.0,1,1,2022,12,35874.1,119572.80000000002,15291.94,1325.0,56912.94666666668,32640.175000000003
2022-02,NAVE_CATEGORIA,NAVE_008 | SERVICIOS DE MANTENIMIENTO,2471.0,5.0,5.0,3.0,3.0,494.2,250.0,1150.0,2,1,2022,13,14809.279999999999,35874.1,119572.80000000002,2954.0,56752.060000000005,32066.24666666667
2022-03,NAVE_CATEGORIA,NAVE_008 | SERVICIOS DE MANTENIMIENTO,793.0699999999999,6.0,6.0,3.0,4.0,132.1783333333333,55.0,330.0,3,1,2022,14,2471.0,14809.279999999999,35874.1,3620.0,17718.12666666667,32429.48
2022-04,NAVE_CATEGORIA,NAVE_008 | SERVICIOS DE MANTENIMIENTO,15772.859999999999,2.0,2.0,2.0,2.0,7886.429999999999,7886.429999999999,15746.4,4,2,2022,15,793.0699999999999,2471.0,14809.279999999999,15262.470000000001,6024.450000000004,31468.698333333334
2022-05,NAVE_CATEGORIA,NAVE_008 | SERVICIOS DE MANTENIMIENTO,5910.0,7.0,7.0,3.0,5.0,844.2857142857143,300.0,2770.0,5,2,2022,16,15772.859999999999,793.0699999999999,2471.0,7040.0,6345.643333333338,31548.85166666667
2022-06,NAVE_CATEGORIA,NAVE_008 | SERVICIOS DE MANTENIMIENTO,3425.0,4.0,4.0,2.0,4.0,856.25,792.5,1600.0,6,2,2022,17,5910.0,15772.859999999999,793.0699999999999,3927.96,7491.976666666672,12605.051666666666
2022-07,NAVE_CATEGORIA,NAVE_008 | SERVICIOS DE MANTENIMIENTO,8717.24,14.0,14.0,4.0,6.0,622.66,334.645,3316.95,7,3,2022,18,3425.0,5910.0,15772.859999999999,18252.85,8369.286666666672,7196.868333333333
2022-08,NAVE_CATEGORIA,NAVE_008 | SERVICIOS DE MANTENIMIENTO,3250.0,8.0,8.0,1.0,6.0,406.25,370.0,800.0,8,3,2022,19,8717.24,3425.0,5910.0,291.6,6017.4133333333375,6181.528333333333
2022-10,NAVE_CATEGORIA,NAVE_008 | SERVICIOS DE MANTENIMIENTO,2850.35,8.0,8.0,2.0,2.0,356.29375,325.0,800.0,10,4,2022,20,3250.0,8717.24,3425.0,6557.76,5130.746666666671,6311.361666666667
2022-11,NAVE_CATEGORIA,NAVE_008 | SERVICIOS DE MANTENIMIENTO,4430.0,4.0,4.0,1.0,4.0,1107.5,550.0,3300.0,11,4,2022,21,2850.35,3250.0,8717.24,15291.94,4939.196666666671,6654.241666666666
2022-12,NAVE_CATEGORIA,NAVE_008 | SERVICIOS DE MANTENIMIENTO,2282.0,7.0,7.0,3.0,3.0,326.0,260.0,605.0,12,4,2022,22,4430.0,2850.35,3250.0,119572.80000000002,3510.116666666672,4763.764999999999
2023-01,NAVE_CATEGORIA,NAVE_008 | SERVICIOS DE MANTENIMIENTO,7573.13,7.0,7.0,3.0,5.0,1081.8757142857144,200.0,3430.0,1,1,2023,23,2282.0,4430.0,2850.35,35874.1,3187.450000000005,4159.098333333332
2023-02,NAVE_CATEGORIA,NAVE_008 | SERVICIOS DE MANTENIMIENTO,1100.0,1.0,1.0,1.0,1.0,1100.0,1100.0,1100.0,2,1,2023,24,7573.13,2282.0,4430.0,14809.279999999999,4761.7100000000055,4850.453333333333
2023-03,NAVE_CATEGORIA,NAVE_008 | SERVICIOS DE MANTENIMIENTO,8535.13,5.0,5.0,1.0,4.0,1707.0259999999998,1889.56,3405.0,3,1,2023,25,1100.0,7573.13,2282.0,2471.0,3651.710000000005,3580.9133333333334
2023-04,NAVE_CATEGORIA,NAVE_008 | SERVICIOS DE MANTENIMIENTO,42779.43,17.0,17.0,3.0,8.0,2516.4370588235292,3400.0,5100.0,4,2,2023,26,8535.13,1100.0,7573.13,793.0699999999999,5736.086666666671,4461.768333333333
2023-05,NAVE_CATEGORIA,NAVE_008 | SERVICIOS DE MANTENIMIENTO,111178.99,29.0,29.0,3.0,15.0,3833.7582758620692,3000.0,15000.0,5,2,2023,27,42779.43,8535.13,1100.0,15772.859999999999,17471.520000000004,11116.615
2023-06,NAVE_CATEGORIA,NAVE_008 | SERVICIOS DE MANTENIMIENTO,66674.95,27.0,27.0,2.0,15.0,2469.4425925925925,700.0,12150.0,6,2,2023,28,111178.99,42779.43,8535.13,5910.0,54164.51666666667,28908.11333333333
2023-07,NAVE_CATEGORIA,NAVE_008 | SERVICIOS DE MANTENIMIENTO,48531.24,19.0,19.0,5.0,16.0,2554.275789473684,860.0,16640.0,7,3,2023,29,66674.95,111178.99,42779.43,3425.0,73544.45666666667,39640.27166666667
2023-08,NAVE_CATEGORIA,NAVE_008 | SERVICIOS DE MANTENIMIENTO,10514.78,9.0,9.0,2.0,7.0,1168.308888888889,580.0,3000.0,8,3,2023,30,48531.24,66674.95,111178.99,8717.24,75461.72666666667,46466.62333333333
2023-09,NAVE_CATEGORIA,NAVE_008 | SERVICIOS DE MANTENIMIENTO,27778.739999999998,18.0,18.0,3.0,11.0,1543.2633333333333,606.5,5868.0,9,3,2023,31,10514.78,48531.24,66674.95,3250.0,41906.990000000005,48035.753333333334
2023-10,NAVE_CATEGORIA,NAVE_008 | SERVICIOS DE MANTENIMIENTO,6804.2,10.0,10.0,2.0,7.0,680.42,500.0,1700.0,10,4,2023,32,27778.739999999998,10514.78,48531.24,2850.35,28941.58666666667,51243.02166666667
2023-11,NAVE_CATEGORIA,NAVE_008 | SERVICIOS DE MANTENIMIENTO,34587.85,20.0,20.0,3.0,8.0,1729.3925,472.85,10567.5,11,4,2023,33,6804.2,27778.739999999998,10514.78,4430.0,15032.573333333336,45247.15
2023-12,NAVE_CATEGORIA,NAVE_008 | SERVICIOS DE MANTENIMIENTO,2500.0,2.0,2.0,1.0,2.0,1250.0,1250.0,2000.0,12,4,2023,34,34587.85,6804.2,27778.739999999998,2282.0,23056.930000000004,32481.960000000003
2024-01,NAVE_CATEGORIA,NAVE_008 | SERVICIOS DE MANTENIMIENTO,2374.0,16.0,5.0,1.0,4.0,474.8,541.26,920.0,1,1,2024,35,2500.0,34587.85,6804.2,7573.13,14630.683333333336,21786.135
2024-02,NAVE_CATEGORIA,NAVE_008 | SERVICIOS DE MANTENIMIENTO,5508.0,2.0,2.0,1.0,2.0,2754.0,2754.0,4308.0,2,1,2024,36,2374.0,2500.0,34587.85,1100.0,13153.950000000004,14093.261666666667
2024-03,NAVE_CATEGORIA,NAVE_008 | SERVICIOS DE MANTENIMIENTO,2650.0,3.0,3.0,1.0,3.0,883.3333333333334,670.0,1500.0,3,1,2024,37,5508.0,2374.0,2500.0,8535.13,3460.6666666666715,13258.79833333333
2024-04,NAVE_CATEGORIA,NAVE_008 | SERVICIOS DE MANTENIMIENTO,10499.0,7.0,7.0,1.0,6.0,1499.857142857143,1614.0,3010.0,4,2,2024,38,2650.0,5508.0,2374.0,42779.43,3510.6666666666715,9070.675
2024-05,NAVE_CATEGORIA,NAVE_008 | SERVICIOS DE MANTENIMIENTO,40100.42,10.0,10.0,1.0,5.0,4010.042,2287.0,18056.42,5,2,2024,39,10499.0,2650.0,5508.0,111178.99,6219.000000000005,9686.475
2024-06,NAVE_CATEGORIA,NAVE_008 | SERVICIOS DE MANTENIMIENTO,30672.34,19.0,19.0,1.0,11.0,1614.3336842105264,560.0,6000.0,6,2,2024,40,40100.42,10499.0,2650.0,66674.95,17749.80666666667,10605.236666666666
2024-07,NAVE_CATEGORIA,NAVE_008 | SERVICIOS DE MANTENIMIENTO,8499.13,15.0,15.0,1.0,13.0,566.6086666666666,328.61,1760.85,7,3,2024,41,30672.34,40100.42,10499.0,48531.24,27090.58666666667,15300.626666666665
2024-08,NAVE_CATEGORIA,NAVE_008 | SERVICIOS DE MANTENIMIENTO,20850.25,16.0,16.0,1.0,9.0,1303.140625,568.65,4061.25,8,3,2024,42,8499.13,30672.34,40100.42,10514.78,26423.963333333337,16321.481666666667
2024-09,NAVE_CATEGORIA,NAVE_008 | SERVICIOS DE MANTENIMIENTO,46460.0,6.0,6.0,1.0,6.0,7743.333333333333,830.0,28000.0,9,3,2024,43,20850.25,8499.13,30672.34,27778.739999999998,20007.240000000005,18878.523333333334
2024-10,NAVE_CATEGORIA,NAVE_008 | SERVICIOS DE MANTENIMIENTO,25609.78,10.0,10.0,1.0,8.0,2560.978,2100.0,8469.78,10,4,2024,44,46460.0,20850.25,8499.13,6804.2,25269.79333333334,26180.190000000002
2024-11,NAVE_CATEGORIA,NAVE_008 | SERVICIOS DE MANTENIMIENTO,16010.04,9.0,9.0,1.0,8.0,1778.8933333333334,1400.0,7500.0,11,4,2024,45,25609.78,46460.0,20850.25,34587.85,30973.343333333338,28698.653333333332
2024-12,NAVE_CATEGORIA,NAVE_008 | SERVICIOS DE MANTENIMIENTO,2229.0,3.0,3.0,1.0,2.0,743.0,594.0,1485.0,12,4,2024,46,16010.04,25609.78,46460.0,2500.0,29359.940000000013,24683.59
2025-01,NAVE_CATEGORIA,NAVE_008 | SERVICIOS DE MANTENIMIENTO,18068.48,2.0,2.0,1.0,2.0,9034.24,9034.24,17988.48,1,1,2025,47,2229.0,16010.04,25609.78,2374.0,14616.27333333334,19943.033333333336
2025-02,NAVE_CATEGORIA,NAVE_008 | SERVICIOS DE MANTENIMIENTO,47548.7,34.0,34.0,1.0,10.0,1398.4911764705882,420.0,9410.0,2,1,2025,48,18068.48,2229.0,16010.04,5508.0,12102.506666666673,21537.925
2025-03,NAVE_CATEGORIA,NAVE_008 | SERVICIOS DE MANTENIMIENTO,8652.29,5.0,5.0,1.0,5.0,1730.458,2000.0,3745.0,3,1,2025,49,47548.7,18068.48,2229.0,2650.0,22615.39333333334,25987.666666666668
2025-04,NAVE_CATEGORIA,NAVE_008 | SERVICIOS DE MANTENIMIENTO,2807.0,5.0,5.0,1.0,4.0,561.4,460.0,960.0,4,2,2025,50,8652.29,47548.7,18068.48,10499.0,24756.490000000005,19686.381666666668
2025-05,NAVE_CATEGORIA,NAVE_008 | SERVICIOS DE MANTENIMIENTO,17032.72,8.0,8.0,1.0,5.0,2129.09,1433.6,4680.0,5,2,2025,51,2807.0,8652.29,47548.7,40100.42,19669.330000000005,15885.918333333335
2025-06,NAVE_CATEGORIA,NAVE_008 | SERVICIOS DE MANTENIMIENTO,11510.0,5.0,5.0,1.0,4.0,2302.0,2070.0,5355.0,6,2,2025,52,17032.72,2807.0,8652.29,30672.34,9497.336666666675,16056.365
2025-07,NAVE_CATEGORIA,NAVE_008 | SERVICIOS DE MANTENIMIENTO,115248.51000000001,43.0,43.0,1.0,20.0,2680.1979069767444,734.88,28908.0,7,3,2025,53,11510.0,17032.72,2807.0,8499.13,10449.906666666675,17603.198333333334
2025-08,NAVE_CATEGORIA,NAVE_008 | SERVICIOS DE MANTENIMIENTO,65667.5,46.0,46.0,1.0,13.0,1427.554347826087,475.725,6914.75,8,3,2025,54,115248.51000000001,11510.0,17032.72,20850.25,47930.41000000001,33799.87
2025-09,NAVE_CATEGORIA,NAVE_008 | SERVICIOS DE MANTENIMIENTO,11029.75,11.0,11.0,1.0,7.0,1002.7045454545455,468.0,3800.0,9,3,2025,55,65667.5,115248.51000000001,11510.0,46460.0,64142.00333333335,36819.670000000006
2021-01,NAVE_CATEGORIA,NAVE_009 | FERRETERIA,2188.6,273.0,30.0,28.0,4.0,72.95333333333333,30.0,393.18,1,1,2021,0,,,,,,
2021-02,NAVE_CATEGORIA,NAVE_009 | FERRETERIA,2060.62,581.0,20.0,20.0,3.0,103.03099999999999,66.11500000000001,262.4,2,1,2021,1,2188.6,,,,,
2021-03,NAVE_CATEGORIA,NAVE_009 | FERRETERIA,14722.199999999999,286.0,28.0,28.0,8.0,525.7928571428571,34.065,6500.0,3,1,2021,2,2060.62,2188.6,,,,
2021-04,NAVE_CATEGORIA,NAVE_009 | FERRETERIA,2130.54,141.0,18.0,17.0,5.0,118.36333333333333,43.215,630.12,4,2,2021,3,14722.199999999999,2060.62,2188.6,,6323.806666666666,
2021-05,NAVE_CATEGORIA,NAVE_009 | FERRETERIA,635.8,41.0,13.0,13.0,3.0,48.9076923076923,9.0,255.0,5,2,2021,4,2130.54,14722.199999999999,2060.62,,6304.453333333334,
2021-06,NAVE_CATEGORIA,NAVE_009 | FERRETERIA,245.79,8.0,4.0,4.0,2.0,61.4475,49.225,131.54,6,2,2021,5,635.8,2130.54,14722.199999999999,,5829.513333333332,
2021-07,NAVE_CATEGORIA,NAVE_009 | FERRETERIA,14.64,4.0,1.0,1.0,1.0,14.64,14.64,14.64,7,3,2021,6,245.79,635.8,2130.54,,1004.0433333333334,3663.9249999999997
2021-08,NAVE_CATEGORIA,NAVE_009 | FERRETERIA,782.98,2.0,2.0,2.0,1.0,391.49,391.49,735.0,8,3,2021,7,14.64,245.79,635.8,,298.7433333333333,3301.5983333333334
2021-09,NAVE_CATEGORIA,NAVE_009 | FERRETERIA,163.78,233.0,11.0,11.0,1.0,14.889090909090909,9.0,45.92,9,3,2021,8,782.98,14.64,245.79,,347.8033333333333,3088.658333333333
2021-10,NAVE_CATEGORIA,NAVE_009 | FERRETERIA,581.1999999999999,31.0,4.0,4.0,2.0,145.29999999999998,25.2,525.0,10,4,2021,9,163.78,782.98,14.64,,320.46666666666664,662.255
2021-11,NAVE_CATEGORIA,NAVE_009 | FERRETERIA,173.7,23.0,5.0,5.0,2.0,34.739999999999995,27.0,85.0,11,4,2021,10,581.1999999999999,163.78,782.98,,509.32,404.0316666666666
2022-02,NAVE_CATEGORIA,NAVE_009 | FERRETERIA,402.5,55.0,3.0,3.0,1.0,134.16666666666666,185.0,187.5,2,1,2022,11,173.7,581.1999999999999,163.78,,306.22666666666663,327.015
2022-03,NAVE_CATEGORIA,NAVE_009 | FERRETERIA,1427.09,285.0,34.0,32.0,1.0,41.97323529411764,8.895,282.0,3,1,2022,12,402.5,173.7,581.1999999999999,2188.6,385.79999999999995,353.13333333333327
2022-04,NAVE_CATEGORIA,NAVE_009 | FERRETERIA,1592.25,7.0,2.0,2.0,2.0,796.125,796.125,1436.25,4,2,2022,13,1427.09,402.5,173.7,2060.62,667.7633333333333,588.5416666666666
2022-05,NAVE_CATEGORIA,NAVE_009 | FERRETERIA,726.8199999999999,512.0,8.0,8.0,4.0,90.85249999999999,12.85,380.0,5,2,2022,14,1592.25,1427.09,402.5,14722.199999999999,1140.6133333333332,723.4200000000001
2022-06,NAVE_CATEGORIA,NAVE_009 | FERRETERIA,119.0,3.0,2.0,2.0,1.0,59.5,59.5,65.0,6,2,2022,15,726.8199999999999,1592.25,1427.09,2130.54,1248.72,817.2600000000001
2022-07,NAVE_CATEGORIA,NAVE_009 | FERRETERIA,6178.269999999999,742.0,31.0,29.0,6.0,199.29903225806447,51.6,3052.35,7,3,2022,16,119.0,726.8199999999999,1592.25,635.8,812.6899999999999,740.2266666666668
2022-08,NAVE_CATEGORIA,NAVE_009 | FERRETERIA,167.0,34.0,3.0,3.0,1.0,55.666666666666664,44.0,114.0,8,3,2022,17,6178.269999999999,119.0,726.8199999999999,245.79,2341.363333333333,1740.988333333333
2022-09,NAVE_CATEGORIA,NAVE_009 | FERRETERIA,1312.34,41.0,7.0,7.0,3.0,187.47714285714284,17.25,1139.65,9,3,2022,18,167.0,6178.269999999999,119.0,14.64,2154.756666666666,1701.738333333333
2022-10,NAVE_CATEGORIA,NAVE_009 | FERRETERIA,328.0,2.0,2.0,2.0,1.0,164.0,164.0,184.0,10,4,2022,19,1312.34,167.0,6178.269999999999,782.98,2552.5366666666664,1682.613333333333
2022-11,NAVE_CATEGORIA,NAVE_009 | FERRETERIA,103.49,24.0,1.0,1.0,1.0,103.49,103.49,103.49,11,4,2022,20,328.0,1312.34,167.0,163.78,602.4466666666666,1471.9049999999997
2023-01,NAVE_CATEGORIA,NAVE_009 | FERRETERIA,761.25,3.0,2.0,2.0,2.0,380.625,380.625,640.0,1,1,2023,21,103.49,328.0,1312.34,581.1999999999999,581.2766666666666,1368.0166666666664
2023-02,NAVE_CATEGORIA,NAVE_009 | FERRETERIA,916.36,126.0,26.0,26.0,5.0,35.244615384615386,10.0,382.13,2,1,2023,22,761.25,103.49,328.0,173.7,397.58,1475.0583333333332
2023-03,NAVE_CATEGORIA,NAVE_009 | FERRETERIA,1592.94,1.0,1.0,1.0,1.0,1592.94,1592.94,1592.94,3,1,2023,23,916.36,761.25,103.49,402.5,593.6999999999999,598.0733333333334
2023-04,NAVE_CATEGORIA,NAVE_009 | FERRETERIA,665.8199999999999,29.0,12.0,12.0,4.0,55.48499999999999,21.0,180.0,4,2,2023,24,1592.94,916.36,761.25,1427.09,1090.1833333333334,835.73
2023-06,NAVE_CATEGORIA,NAVE_009 | FERRETERIA,1672.0,25.0,4.0,4.0,3.0,418.0,76.17500000000001,1513.65,6,2,2023,25,665.8199999999999,1592.94,916.36,1592.25,1058.3733333333332,727.9766666666666
2023-07,NAVE_CATEGORIA,NAVE_009 | FERRETERIA,1485.0700000000002,72.0,9.0,9.0,5.0,165.0077777777778,22.5,1167.5,7,3,2023,26,1672.0,665.8199999999999,1592.94,726.8199999999999,1310.2533333333333,951.9766666666666
2023-08,NAVE_CATEGORIA,NAVE_009 | FERRETERIA,5790.490000000001,19.0,7.0,7.0,4.0,827.2128571428573,80.6,5207.48,8,3,2023,27,1485.0700000000002,1672.0,665.8199999999999,119.0,1274.2966666666666,1182.24
2023-09,NAVE_CATEGORIA,NAVE_009 | FERRETERIA,164.85000000000002,5.0,4.0,4.0,1.0,41.212500000000006,1.675,160.0,9,3,2023,28,5790.490000000001,1485.0700000000002,1672.0,6178.269999999999,2982.5200000000004,2020.4466666666667
2023-10,NAVE_CATEGORIA,NAVE_009 | FERRETERIA,2838.01,54.0,8.0,8.0,3.0,354.75125,54.5,2500.0,10,4,2023,29,164.85000000000002,5790.490000000001,1485.0700000000002,167.0,2480.1366666666668,1895.195
2024-04,NAVE_CATEGORIA,NAVE_009 | FERRETERIA,9.6,10.0,1.0,1.0,1.0,9.6,9.6,9.6,4,2,2024,30,2838.01,164.85000000000002,5790.490000000001,1312.34,2931.116666666667,2102.7066666666665
2025-05,NAVE_CATEGORIA,NAVE_009 | FERRETERIA,129.94,312.0,7.0,7.0,2.0,18.562857142857144,4.0,95.91,5,2,2025,31,9.6,2838.01,164.85000000000002,328.0,1004.1533333333333,1993.3366666666668
2025-06,NAVE_CATEGORIA,NAVE_009 | FERRETERIA,16177.64,1103.0,59.0,56.0,15.0,274.1972881355932,54.55,6669.06,6,2,2025,32,129.94,9.6,2838.01,103.49,992.5166666666668,1736.3266666666668
2025-07,NAVE_CATEGORIA,NAVE_009 | FERRETERIA,43.64,5.0,2.0,2.0,1.0,21.82,21.82,41.11,7,3,2025,33,16177.64,129.94,9.6,761.25,5439.06,4185.088333333333
2025-08,NAVE_CATEGORIA,NAVE_009 | FERRETERIA,5.7,2.0,2.0,2.0,1.0,2.85,2.85,2.85,8,3,2025,34,43.64,16177.64,129.94,916.36,5450.406666666667,3227.28
2025-09,NAVE_CATEGORIA,NAVE_009 | FERRETERIA,41.55,319.0,6.0,6.0,1.0,6.925,2.75,19.05,9,3,2025,35,5.7,43.64,16177.64,1592.94,5408.993333333333,3200.7549999999997
2025-10,NAVE_CATEGORIA,NAVE_009 | FERRETERIA,164.76000000000002,52.0,15.0,15.0,1.0,10.984000000000002,7.83,25.0,10,4,2025,36,41.55,5.7,43.64,665.8199999999999,30.296666666666667,2734.6783333333333
2025-11,NAVE_CATEGORIA,NAVE_009 | FERRETERIA,155.12,50.0,6.0,6.0,1.0,25.853333333333335,14.785,62.4,11,4,2025,37,164.76000000000002,41.55,5.7,1672.0,70.67,2760.5383333333334
2025-12,NAVE_CATEGORIA,NAVE_009 | FERRETERIA,6.82,18.0,1.0,1.0,1.0,6.82,6.82,6.82,12,4,2025,38,155.12,164.76000000000002,41.55,1485.0700000000002,120.47666666666669,2764.735
2021-01,NAVE_CATEGORIA,NAVE_009 | REPUESTOS MECANICOS,33800.0,6.0,3.0,3.0,1.0,11266.666666666666,12200.0,13800.0,1,1,2021,0,,,,,,
2021-03,NAVE_CATEGORIA,NAVE_009 | REPUESTOS MECANICOS,3252.16,28.0,19.0,18.0,4.0,171.16631578947369,64.0,602.5,3,1,2021,1,33800.0,,,,,
2021-04,NAVE_CATEGORIA,NAVE_009 | REPUESTOS MECANICOS,23308.1,413.2,26.0,26.0,2.0,896.4653846153846,170.47,5790.1,4,2,2021,2,3252.16,33800.0,,,,
2021-05,NAVE_CATEGORIA,NAVE_009 | REPUESTOS MECANICOS,738.05,2.0,2.0,2.0,1.0,369.025,369.025,554.54,5,2,2021,3,23308.1,3252.16,33800.0,,20120.086666666666,
2021-06,NAVE_CATEGORIA,NAVE_009 | REPUESTOS MECANICOS,5766.900000000001,32.0,6.0,6.0,3.0,961.1500000000001,308.46,2587.52,6,2,2021,4,738.05,23308.1,3252.16,,9099.436666666666,
2021-07,NAVE_CATEGORIA,NAVE_009 | REPUESTOS MECANICOS,606.9,17.0,1.0,1.0,1.0,606.9,606.9,606.9,7,3,2021,5,5766.900000000001,738.05,23308.1,,9937.683333333332,
2021-08,NAVE_CATEGORIA,NAVE_009 | REPUESTOS MECANICOS,3560.0,4.0,1.0,1.0,1.0,3560.0,3560.0,3560.0,8,3,2021,6,606.9,5766.900000000001,738.05,,2370.616666666667,11245.351666666667
2021-09,NAVE_CATEGORIA,NAVE_009 | REPUESTOS MECANICOS,337.6,1.0,1.0,1.0,1.0,337.6,337.6,337.6,9,3,2021,7,3560.0,606.9,5766.900000000001,,3311.266666666667,6205.3516666666665
2021-10,NAVE_CATEGORIA,NAVE_009 | REPUESTOS MECANICOS,4986.830000000001,10.0,4.0,4.0,2.0,1246.7075000000002,690.2,3179.55,10,4,2021,8,337.6,3560.0,606.9,,1501.5,5719.591666666666
2021-11,NAVE_CATEGORIA,NAVE_009 | REPUESTOS MECANICOS,572.66,5.0,2.0,2.0,2.0,286.33,286.33,480.0,11,4,2021,9,4986.830000000001,337.6,3560.0,,2961.476666666667,2666.046666666667
2021-12,NAVE_CATEGORIA,NAVE_009 | REPUESTOS MECANICOS,310.0,5.0,1.0,1.0,1.0,310.0,310.0,310.0,12,4,2021,10,572.66,4986.830000000001,337.6,,1965.696666666667,2638.481666666667
2022-02,NAVE_CATEGORIA,NAVE_009 | REPUESTOS MECANICOS,3490.88,37.0,7.0,7.0,5.0,498.69714285714286,100.0,2683.8,2,1,2022,11,310.0,572.66,4986.830000000001,,1956.496666666667,1728.9983333333337
2022-03,NAVE_CATEGORIA,NAVE_009 | REPUESTOS MECANICOS,1156.97,2.0,1.0,1.0,1.0,1156.97,1156.97,1156.97,3,1,2022,12,3490.88,310.0,572.66,33800.0,1457.8466666666666,2209.661666666667
2022-04,NAVE_CATEGORIA,NAVE_009 | REPUESTOS MECANICOS,1365.0,2.0,2.0,2.0,2.0,682.5,682.5,1100.0,4,2,2022,13,1156.97,3490.88,310.0,3252.16,1652.6166666666668,1809.1566666666668
2022-06,NAVE_CATEGORIA,NAVE_009 | REPUESTOS MECANICOS,42435.26000000001,132.0,36.0,34.0,2.0,1178.7572222222225,211.45,13800.0,6,2,2022,14,1365.0,1156.97,3490.88,23308.1,2004.2833333333335,1980.39
2022-07,NAVE_CATEGORIA,NAVE_009 | REPUESTOS MECANICOS,1478.0,5.0,5.0,5.0,2.0,295.6,45.0,750.0,7,3,2022,15,42435.26000000001,1365.0,1156.97,738.05,14985.743333333337,8221.795000000002
2022-08,NAVE_CATEGORIA,NAVE_009 | REPUESTOS MECANICOS,158.72,10.0,2.0,2.0,2.0,79.36,79.36,116.04,8,3,2022,16,1478.0,42435.26000000001,1365.0,5766.900000000001,15092.753333333336,8372.685000000001
2023-02,NAVE_CATEGORIA,NAVE_009 | REPUESTOS MECANICOS,167.44000000000003,8.0,4.0,4.0,1.0,41.86000000000001,25.5,107.78,2,1,2023,17,158.72,1478.0,42435.26000000001,606.9,14690.660000000003,8347.471666666668
2023-03,NAVE_CATEGORIA,NAVE_009 | REPUESTOS MECANICOS,3480.27,15.0,6.0,6.0,3.0,580.045,298.225,2242.14,3,1,2023,18,167.44000000000003,158.72,1478.0,3560.0,601.3866666666667,7793.565000000002
2023-04,NAVE_CATEGORIA,NAVE_009 | REPUESTOS MECANICOS,2906.59,17.0,6.0,6.0,2.0,484.4316666666667,144.71,2178.07,4,2,2023,19,3480.27,167.44000000000003,158.72,337.6,1268.8100000000002,8180.781666666669
2023-06,NAVE_CATEGORIA,NAVE_009 | REPUESTOS MECANICOS,1315.52,12.0,5.0,5.0,3.0,263.104,34.02,1209.84,6,2,2023,20,2906.59,3480.27,167.44000000000003,4986.830000000001,2184.766666666667,8437.713333333335
2023-07,NAVE_CATEGORIA,NAVE_009 | REPUESTOS MECANICOS,86.02,1.0,1.0,1.0,1.0,86.02,86.02,86.02,7,3,2023,21,1315.52,2906.59,3480.27,572.66,2567.4599999999996,1584.4233333333334
2023-08,NAVE_CATEGORIA,NAVE_009 | REPUESTOS MECANICOS,133.12,22.0,3.0,3.0,2.0,44.373333333333335,40.0,82.32,8,3,2023,22,86.02,1315.52,2906.59,310.0,1436.0433333333333,1352.4266666666667
2023-09,NAVE_CATEGORIA,NAVE_009 | REPUESTOS MECANICOS,10048.52,67.0,10.0,10.0,3.0,1004.8520000000001,387.34000000000003,4357.36,9,3,2023,23,133.12,86.02,1315.52,3490.88,511.5533333333333,1348.16
2025-04,NAVE_CATEGORIA,NAVE_009 | REPUESTOS MECANICOS,1741.88,3.0,2.0,2.0,1.0,870.94,870.94,1125.45,4,2,2025,24,10048.52,133.12,86.02,1156.97,3422.5533333333333,2995.0066666666667
2025-05,NAVE_CATEGORIA,NAVE_009 | REPUESTOS MECANICOS,26749.4,52.0,7.0,7.0,1.0,3821.342857142857,1026.0,15180.0,5,2,2025,25,1741.88,10048.52,133.12,1365.0,3974.5066666666667,2705.275
2025-06,NAVE_CATEGORIA,NAVE_009 | REPUESTOS MECANICOS,10293.99,83.0,17.0,17.0,2.0,605.5288235294117,199.97,5388.09,6,2,2025,26,26749.4,1741.88,10048.52,42435.26000000001,12846.6,6679.076666666668
2025-07,NAVE_CATEGORIA,NAVE_009 | REPUESTOS MECANICOS,209.79000000000002,2.0,2.0,2.0,1.0,104.89500000000001,104.89500000000001,165.74,7,3,2025,27,10293.99,26749.4,1741.88,1478.0,12928.423333333334,8175.488333333335
2025-08,NAVE_CATEGORIA,NAVE_009 | REPUESTOS MECANICOS,7899.650000000001,10.0,5.0,5.0,1.0,1579.93,1332.72,3739.25,8,3,2025,28,209.79000000000002,10293.99,26749.4,158.72,12417.72666666667,8196.116666666667
2021-01,NAVE_CATEGORIA,NAVE_009 | SERVICIOS DE MANTENIMIENTO,5160.0,3.0,3.0,1.0,3.0,1720.0,1010.0,3800.0,1,1,2021,0,,,,,,
2021-02,NAVE_CATEGORIA,NAVE_009 | SERVICIOS DE MANTENIMIENTO,553.21,3.0,3.0,2.0,3.0,184.40333333333334,223.21,250.0,2,1,2021,1,5160.0,,,,,
2021-03,NAVE_CATEGORIA,NAVE_009 | SERVICIOS DE MANTENIMIENTO,43481.85,28.0,28.0,2.0,15.0,1552.9232142857143,1125.0,6209.0,3,1,2021,2,553.21,5160.0,,,,
2021-04,NAVE_CATEGORIA,NAVE_009 | SERVICIOS DE MANTENIMIENTO,30837.0,23.0,23.0,1.0,15.0,1340.7391304347825,489.0,9222.5,4,2,2021,3,43481.85,553.21,5160.0,,16398.353333333333,
2021-05,NAVE_CATEGORIA,NAVE_009 | SERVICIOS DE MANTENIMIENTO,1952.97,4.0,4.0,3.0,4.0,488.2425,82.25,1750.0,5,2,2021,4,30837.0,43481.85,553.21,,24957.353333333333,
2021-06,NAVE_CATEGORIA,NAVE_009 | SERVICIOS DE MANTENIMIENTO,3101.8,3.0,3.0,2.0,2.0,1033.9333333333334,660.0,1963.8,6,2,2021,5,1952.97,30837.0,43481.85,,25423.94,
2021-07,NAVE_CATEGORIA,NAVE_009 | SERVICIOS DE MANTENIMIENTO,1199.1,5.0,5.0,3.0,5.0,239.82,245.0,490.0,7,3,2021,6,3101.8,1952.97,30837.0,,11963.923333333334,14181.138333333334
2021-08,NAVE_CATEGORIA,NAVE_009 | SERVICIOS DE MANTENIMIENTO,28983.7,15.0,15.0,3.0,6.0,1932.2466666666667,1200.0,8320.0,8,3,2021,7,1199.1,3101.8,1952.97,,2084.6233333333334,13520.988333333333
2021-09,NAVE_CATEGORIA,NAVE_009 | SERVICIOS DE MANTENIMIENTO,1585.0,2.0,2.0,1.0,2.0,792.5,792.5,1045.0,9,3,2021,8,28983.7,1199.1,3101.8,,11094.866666666667,18259.403333333332
2021-10,NAVE_CATEGORIA,NAVE_009 | SERVICIOS DE MANTENIMIENTO,394.0,1.0,1.0,1.0,1.0,394.0,394.0,394.0,10,4,2021,9,1585.0,28983.7,1199.1,,10589.266666666668,11276.595000000001
2021-11,NAVE_CATEGORIA,NAVE_009 | SERVICIOS DE MANTENIMIENTO,180.0,2.0,2.0,1.0,1.0,90.0,90.0,150.0,11,4,2021,10,394.0,1585.0,28983.7,,10320.9,6202.761666666666
2021-12,NAVE_CATEGORIA,NAVE_009 | SERVICIOS DE MANTENIMIENTO,1671.0,2.0,2.0,2.0,2.0,835.5,835.5,1111.0,12,4,2021,11,180.0,394.0,1585.0,,719.6666666666666,5907.266666666666
2022-01,NAVE_CATEGORIA,NAVE_009 | SERVICIOS DE MANTENIMIENTO,300.0,1.0,1.0,1.0,1.0,300.0,300.0,300.0,1,1,2022,12,1671.0,180.0,394.0,5160.0,748.3333333333334,5668.8
2022-02,NAVE_CATEGORIA,NAVE_009 | SERVICIOS DE MANTENIMIENTO,1080.0,2.0,2.0,1.0,2.0,540.0,540.0,570.0,2,1,2022,13,300.0,1671.0,180.0,553.21,717.0,5518.95
2022-03,NAVE_CATEGORIA,NAVE_009 | SERVICIOS DE MANTENIMIENTO,1730.0,2.0,2.0,2.0,2.0,865.0,865.0,920.0,3,1,2022,14,1080.0,300.0,1671.0,43481.85,1017.0,868.3333333333334
2022-04,NAVE_CATEGORIA,NAVE_009 | SERVICIOS DE MANTENIMIENTO,24.0,1.0,1.0,1.0,1.0,24.0,24.0,24.0,4,2,2022,15,1730.0,1080.0,300.0,30837.0,1036.6666666666667,892.5
2022-05,NAVE_CATEGORIA,NAVE_009 | SERVICIOS DE MANTENIMIENTO,1796.0,5.0,5.0,1.0,1.0,359.2,400.0,400.0,5,2,2022,16,24.0,1730.0,1080.0,1952.97,944.6666666666666,830.8333333333334
2022-06,NAVE_CATEGORIA,NAVE_009 | SERVICIOS DE MANTENIMIENTO,39859.71,5.0,5.0,2.0,5.0,7971.942,209.0,39105.0,6,2,2022,17,1796.0,24.0,1730.0,3101.8,1183.3333333333333,1100.1666666666667
2022-07,NAVE_CATEGORIA,NAVE_009 | SERVICIOS DE MANTENIMIENTO,305232.25,21.0,21.0,4.0,8.0,14534.869047619048,3097.0,57320.64,7,3,2022,18,39859.71,1796.0,24.0,1199.1,13893.236666666666,7464.951666666667
2022-08,NAVE_CATEGORIA,NAVE_009 | SERVICIOS DE MANTENIMIENTO,14528.95,8.0,8.0,3.0,4.0,1816.11875,1588.44,3244.25,8,3,2022,19,305232.25,39859.71,1796.0,28983.7,115629.32,58286.99333333334
2022-09,NAVE_CATEGORIA,NAVE_009 | SERVICIOS DE MANTENIMIENTO,2638.0,4.0,4.0,2.0,3.0,659.5,635.0,1200.0,9,3,2022,20,14528.95,305232.25,39859.71,1585.0,119873.63666666667,60528.48500000001
2022-10,NAVE_CATEGORIA,NAVE_009 | SERVICIOS DE MANTENIMIENTO,1085.8400000000001,3.0,3.0,1.0,3.0,361.9466666666667,400.0,605.84,10,4,2022,21,2638.0,14528.95,305232.25,394.0,107466.40000000001,60679.818333333336
2022-11,NAVE_CATEGORIA,NAVE_009 | SERVICIOS DE MANTENIMIENTO,1363.08,1.0,1.0,1.0,1.0,1363.08,1363.08,1363.08,11,4,2022,22,1085.8400000000001,2638.0,14528.95,180.0,6084.263333333333,60856.791666666664
2022-12,NAVE_CATEGORIA,NAVE_009 | SERVICIOS DE MANTENIMIENTO,4037.0,5.0,5.0,2.0,4.0,807.4,875.0,1800.0,12,4,2022,23,1363.08,1085.8400000000001,2638.0,1671.0,1695.64,60784.638333333336
2023-01,NAVE_CATEGORIA,NAVE_009 | SERVICIOS DE MANTENIMIENTO,670.96,1.0,1.0,1.0,1.0,670.96,670.96,670.96,1,1,2023,24,4037.0,1363.08,1085.8400000000001,300.0,2161.9733333333334,54814.18666666667
2023-02,NAVE_CATEGORIA,NAVE_009 | SERVICIOS DE MANTENIMIENTO,900.0,1.0,1.0,1.0,1.0,900.0,900.0,900.0,2,1,2023,25,670.96,4037.0,1363.08,1080.0,2023.68,4053.971666666667
2023-03,NAVE_CATEGORIA,NAVE_009 | SERVICIOS DE MANTENIMIENTO,1880.0,3.0,3.0,1.0,3.0,626.6666666666666,592.0,800.0,3,1,2023,26,900.0,670.96,4037.0,1730.0,1869.32,1782.4800000000002
2023-04,NAVE_CATEGORIA,NAVE_009 | SERVICIOS DE MANTENIMIENTO,6940.08,3.0,3.0,1.0,3.0,2313.36,2000.0,3300.0,4,2,2023,27,1880.0,900.0,670.96,24.0,1150.32,1656.1466666666668
2023-05,NAVE_CATEGORIA,NAVE_009 | SERVICIOS DE MANTENIMIENTO,1306.0,2.0,2.0,1.0,2.0,653.0,653.0,750.0,5,2,2023,28,6940.08,1880.0,900.0,1796.0,3240.0266666666666,2631.853333333333
2023-06,NAVE_CATEGORIA,NAVE_009 | SERVICIOS DE MANTENIMIENTO,2550.0,3.0,3.0,1.0,2.0,850.0,850.0,1400.0,6,2,2023,29,1306.0,6940.08,1880.0,39859.71,3375.36,2622.34
2023-07,NAVE_CATEGORIA,NAVE_009 | SERVICIOS DE MANTENIMIENTO,800.0,2.0,2.0,1.0,2.0,400.0,400.0,650.0,7,3,2023,30,2550.0,1306.0,6940.08,305232.25,3598.693333333333,2374.5066666666667
2023-08,NAVE_CATEGORIA,NAVE_009 | SERVICIOS DE MANTENIMIENTO,5974.66,5.0,5.0,1.0,5.0,1194.932,1360.0,1711.66,8,3,2023,31,800.0,2550.0,1306.0,14528.95,1552.0,2396.013333333334
2023-09,NAVE_CATEGORIA,NAVE_009 | SERVICIOS DE MANTENIMIENTO,16591.56,3.0,3.0,1.0,2.0,5530.52,900.0,15004.0,9,3,2023,32,5974.66,800.0,2550.0,2638.0,3108.22,3241.7900000000004
2023-10,NAVE_CATEGORIA,NAVE_009 | SERVICIOS DE MANTENIMIENTO,6472.0,3.0,3.0,1.0,3.0,2157.3333333333335,2950.0,2970.0,10,4,2023,33,16591.56,5974.66,800.0,1085.8400000000001,7788.740000000001,5693.716666666667
2023-11,NAVE_CATEGORIA,NAVE_009 | SERVICIOS DE MANTENIMIENTO,5295.0,3.0,3.0,1.0,3.0,1765.0,1800.0,2000.0,11,4,2023,34,6472.0,16591.56,5974.66,1363.08,9679.406666666668,5615.703333333334
2023-12,NAVE_CATEGORIA,NAVE_009 | SERVICIOS DE MANTENIMIENTO,2535.0,4.0,4.0,1.0,2.0,633.75,110.0,2275.0,12,4,2023,35,5295.0,6472.0,16591.56,4037.0,9452.853333333334,6280.536666666667
2024-02,NAVE_CATEGORIA,NAVE_009 | SERVICIOS DE MANTENIMIENTO,1730.0,3.0,3.0,1.0,3.0,576.6666666666666,680.0,900.0,2,1,2024,36,2535.0,5295.0,6472.0,670.96,4767.333333333333,6278.036666666667
2024-03,NAVE_CATEGORIA,NAVE_009 | SERVICIOS DE MANTENIMIENTO,9991.880000000001,5.0,5.0,1.0,4.0,1998.3760000000002,1500.0,3506.44,3,1,2024,37,1730.0,2535.0,5295.0,900.0,3186.6666666666665,6433.036666666667
2024-04,NAVE_CATEGORIA,NAVE_009 | SERVICIOS DE MANTENIMIENTO,3363.0,6.0,6.0,1.0,4.0,560.5,390.0,1138.0,4,2,2024,38,9991.880000000001,1730.0,2535.0,1880.0,4752.293333333334,7102.573333333334
2024-05,NAVE_CATEGORIA,NAVE_009 | SERVICIOS DE MANTENIMIENTO,2907.45,3.0,3.0,1.0,3.0,969.15,1157.45,1600.0,5,2,2024,39,3363.0,9991.880000000001,1730.0,6940.08,5028.293333333334,4897.8133333333335
2024-06,NAVE_CATEGORIA,NAVE_009 | SERVICIOS DE MANTENIMIENTO,1790.0,2.0,2.0,1.0,2.0,895.0,895.0,950.0,6,2,2024,40,2907.45,3363.0,9991.880000000001,1306.0,5420.776666666668,4303.721666666667
2024-07,NAVE_CATEGORIA,NAVE_009 | SERVICIOS DE MANTENIMIENTO,6556.4,3.0,3.0,1.0,2.0,2185.4666666666667,2150.0,4340.4,7,3,2024,41,1790.0,2907.45,3363.0,2550.0,2686.8166666666666,3719.5550000000003
2024-08,NAVE_CATEGORIA,NAVE_009 | SERVICIOS DE MANTENIMIENTO,220.0,1.0,1.0,1.0,1.0,220.0,220.0,220.0,8,3,2024,42,6556.4,1790.0,2907.45,800.0,3751.283333333333,4389.788333333333
2024-10,NAVE_CATEGORIA,NAVE_009 | SERVICIOS DE MANTENIMIENTO,1779.0,2.0,2.0,1.0,2.0,889.5,889.5,1210.0,10,4,2024,43,220.0,6556.4,1790.0,5974.66,2855.466666666666,4138.121666666667
2024-11,NAVE_CATEGORIA,NAVE_009 | SERVICIOS DE MANTENIMIENTO,4642.5,6.0,6.0,1.0,5.0,773.75,810.0,1350.0,11,4,2024,44,1779.0,220.0,6556.4,16591.56,2851.7999999999997,2769.308333333333
2024-12,NAVE_CATEGORIA,NAVE_009 | SERVICIOS DE MANTENIMIENTO,1086.25,2.0,2.0,1.0,2.0,543.125,543.125,950.0,12,4,2024,45,4642.5,1779.0,220.0,6472.0,2213.8333333333335,2982.558333333333
2025-01,NAVE_CATEGORIA,NAVE_009 | SERVICIOS DE MANTENIMIENTO,300.0,1.0,1.0,1.0,1.0,300.0,300.0,300.0,1,1,2025,46,1086.25,4642.5,1779.0,5295.0,2502.5833333333335,2679.0249999999996
2025-02,NAVE_CATEGORIA,NAVE_009 | SERVICIOS DE MANTENIMIENTO,7390.0,7.0,7.0,1.0,6.0,1055.7142857142858,650.0,3900.0,2,1,2025,47,300.0,1086.25,4642.5,2535.0,2009.5833333333333,2430.691666666666
2025-03,NAVE_CATEGORIA,NAVE_009 | SERVICIOS DE MANTENIMIENTO,842.0,2.0,2.0,1.0,2.0,421.0,421.0,550.0,3,1,2025,48,7390.0,300.0,1086.25,1730.0,2925.4166666666665,2569.625
2025-05,NAVE_CATEGORIA,NAVE_009 | SERVICIOS DE MANTENIMIENTO,10570.84,5.0,5.0,1.0,5.0,2114.168,2655.59,3739.25,5,2,2025,49,842.0,7390.0,300.0,9991.880000000001,2844.0,2673.2916666666665
2025-06,NAVE_CATEGORIA,NAVE_009 | SERVICIOS DE MANTENIMIENTO,188704.98,251.0,89.0,14.0,40.0,2120.2806741573036,470.0,81863.95,6,2,2025,50,10570.84,842.0,7390.0,3363.0,6267.613333333334,4138.598333333333
2025-07,NAVE_CATEGORIA,NAVE_009 | SERVICIOS DE MANTENIMIENTO,31171.030000000002,71.0,17.0,6.0,12.0,1833.5900000000001,420.0,13250.0,7,3,2025,51,188704.98,10570.84,842.0,2907.45,66705.94,34815.67833333334
2025-08,NAVE_CATEGORIA,NAVE_009 | SERVICIOS DE MANTENIMIENTO,7337.1,4.0,4.0,1.0,3.0,1834.275,243.55,6750.0,8,3,2025,52,31171.030000000002,188704.98,10570.84,1790.0,76815.61666666667,39829.808333333334
2025-09,NAVE_CATEGORIA,NAVE_009 | SERVICIOS DE MANTENIMIENTO,2353.0,5.0,5.0,1.0,3.0,470.6,400.0,1053.0,9,3,2025,53,7337.1,31171.030000000002,188704.98,6556.4,75737.70333333334,41002.65833333333
2025-10,NAVE_CATEGORIA,NAVE_009 | SERVICIOS DE MANTENIMIENTO,2890.21,2.0,2.0,1.0,2.0,1445.105,1445.105,2741.28,10,4,2025,54,2353.0,7337.1,31171.030000000002,220.0,13620.376666666669,40163.15833333333
2025-11,NAVE_CATEGORIA,NAVE_009 | SERVICIOS DE MANTENIMIENTO,229.88,1.0,1.0,1.0,1.0,229.88,229.88,229.88,11,4,2025,55,2890.21,2353.0,7337.1,1779.0,4193.436666666667,40504.526666666665
2025-12,NAVE_CATEGORIA,NAVE_009 | SERVICIOS DE MANTENIMIENTO,6330.0,8.0,7.0,3.0,3.0,904.2857142857143,800.0,1900.0,12,4,2025,56,229.88,2890.21,2353.0,4642.5,1824.3633333333335,38781.03333333333
2021-01,NAVE_CATEGORIA,NAVE_010 | FERRETERIA,203.75,53.0,10.0,10.0,1.0,20.375,8.5,76.0,1,1,2021,0,,,,,,
2021-02,NAVE_CATEGORIA,NAVE_010 | FERRETERIA,688.0,10.0,2.0,2.0,2.0,344.0,344.0,580.0,2,1,2021,1,203.75,,,,,
2021-04,NAVE_CATEGORIA,NAVE_010 | FERRETERIA,147.15,2.0,2.0,2.0,1.0,73.575,73.575,144.65,4,2,2021,2,688.0,203.75,,,,
2021-05,NAVE_CATEGORIA,NAVE_010 | FERRETERIA,398.0,4.0,4.0,3.0,1.0,99.5,99.5,99.5,5,2,2021,3,147.15,688.0,203.75,,346.3,
2021-06,NAVE_CATEGORIA,NAVE_010 | FERRETERIA,685.0800000000002,72.0,17.0,17.0,3.0,40.29882352941178,6.0,272.85,6,2,2021,4,398.0,147.15,688.0,,411.05,
2021-07,NAVE_CATEGORIA,NAVE_010 | FERRETERIA,3244.1500000000005,190.0,17.0,17.0,5.0,190.8323529411765,75.0,1180.8,7,3,2021,5,685.0800000000002,398.0,147.15,,410.07666666666665,
2021-11,NAVE_CATEGORIA,NAVE_010 | FERRETERIA,137.75,41.0,8.0,8.0,1.0,17.21875,13.5,45.0,11,4,2021,6,3244.1500000000005,685.0800000000002,398.0,,1442.41,894.3550000000001
2021-12,NAVE_CATEGORIA,NAVE_010 | FERRETERIA,68.4,15.0,4.0,4.0,1.0,17.1,9.5,46.4,12,4,2021,7,137.75,3244.1500000000005,685.0800000000002,,1355.66,883.3550000000001
2022-01,NAVE_CATEGORIA,NAVE_010 | FERRETERIA,439.2,17.0,5.0,5.0,1.0,87.84,20.0,370.0,1,1,2022,8,68.4,137.75,3244.1500000000005,,1150.1000000000001,780.0883333333335
2022-03,NAVE_CATEGORIA,NAVE_010 | FERRETERIA,542.6000000000001,185.0,30.0,30.0,1.0,18.08666666666667,8.0,120.0,3,1,2022,9,439.2,68.4,137.75,,215.11666666666667,828.7633333333334
2022-05,NAVE_CATEGORIA,NAVE_010 | FERRETERIA,1157.2,41.0,2.0,2.0,2.0,578.6,578.6,1146.0,5,2,2022,10,542.6000000000001,439.2,68.4,,350.0666666666668,852.8633333333336
2022-06,NAVE_CATEGORIA,NAVE_010 | FERRETERIA,542.11,40.0,6.0,6.0,3.0,90.35166666666667,86.095,178.94,6,2,2022,11,1157.2,542.6000000000001,439.2,,713.0,931.5500000000001
2022-07,NAVE_CATEGORIA,NAVE_010 | FERRETERIA,78.8,25.0,4.0,4.0,2.0,19.7,15.0,36.8,7,3,2022,12,542.11,1157.2,542.6000000000001,203.75,747.3033333333333,481.21000000000004
2022-08,NAVE_CATEGORIA,NAVE_010 | FERRETERIA,1422.26,118.0,4.0,4.0,3.0,355.565,196.0,858.26,8,3,2022,13,78.8,542.11,1157.2,688.0,592.7033333333333,471.385
2022-09,NAVE_CATEGORIA,NAVE_010 | FERRETERIA,123.48,8.0,1.0,1.0,1.0,123.48,123.48,123.48,9,3,2022,14,1422.26,78.8,542.11,147.15,681.0566666666666,697.0283333333333
2022-10,NAVE_CATEGORIA,NAVE_010 | FERRETERIA,276.0,4.0,1.0,1.0,1.0,276.0,276.0,276.0,10,4,2022,15,123.48,1422.26,78.8,398.0,541.5133333333333,644.4083333333334
2023-03,NAVE_CATEGORIA,NAVE_010 | FERRETERIA,65994.77,772.0,77.0,77.0,3.0,857.0749350649351,99.22,24502.92,3,1,2023,16,276.0,123.48,1422.26,685.0800000000002,607.2466666666666,599.975
2023-05,NAVE_CATEGORIA,NAVE_010 | FERRETERIA,65823.44000000002,758.0,69.0,69.0,1.0,953.9628985507248,113.0,24502.92,5,2,2023,17,65994.77,276.0,123.48,3244.1500000000005,22131.416666666668,11406.236666666666
2023-07,NAVE_CATEGORIA,NAVE_010 | FERRETERIA,80414.25,22.0,7.0,7.0,2.0,11487.75,5951.4,42993.3,7,3,2023,18,65823.44000000002,65994.77,276.0,137.75,44031.40333333334,22286.458333333332
2023-08,NAVE_CATEGORIA,NAVE_010 | FERRETERIA,51.84,4.0,2.0,2.0,1.0,25.92,25.92,29.6,8,3,2023,19,80414.25,65823.44000000002,65994.77,68.4,70744.15333333334,35675.700000000004
2023-10,NAVE_CATEGORIA,NAVE_010 | FERRETERIA,814.5,65.0,11.0,11.0,2.0,74.04545454545455,11.25,480.0,10,4,2023,20,51.84,80414.25,65823.44000000002,439.2,48763.176666666666,35447.29666666667
2023-11,NAVE_CATEGORIA,NAVE_010 | FERRETERIA,814.5,65.0,11.0,11.0,2.0,74.04545454545455,11.25,480.0,11,4,2023,21,814.5,51.84,80414.25,542.6000000000001,27093.53,35562.46666666667
2024-03,NAVE_CATEGORIA,NAVE_010 | FERRETERIA,3102.4,5620.0,26.0,25.0,7.0,119.32307692307693,41.44,694.88,3,1,2024,22,814.5,814.5,51.84,1157.2,560.2800000000001,35652.21666666667
2024-04,NAVE_CATEGORIA,NAVE_010 | FERRETERIA,1683.6299999999999,11860.0,26.0,25.0,5.0,64.755,38.14,316.2,4,2,2024,23,3102.4,814.5,814.5,542.11,1577.1333333333334,25170.155000000002
2024-05,NAVE_CATEGORIA,NAVE_010 | FERRETERIA,1039.83,20.0,2.0,1.0,1.0,519.915,519.915,526.79,5,2,2024,24,1683.6299999999999,3102.4,814.5,78.8,1866.8433333333332,14480.186666666666
2024-07,NAVE_CATEGORIA,NAVE_010 | FERRETERIA,149.85,20.0,1.0,1.0,1.0,149.85,149.85,149.85,7,3,2024,25,1039.83,1683.6299999999999,3102.4,1422.26,1941.9533333333331,1251.1166666666666
2025-05,NAVE_CATEGORIA,NAVE_010 | FERRETERIA,2.53,1.0,1.0,1.0,1.0,2.53,2.53,2.53,5,2,2025,26,149.85,1039.83,1683.6299999999999,123.48,957.77,1267.4516666666666
2025-06,NAVE_CATEGORIA,NAVE_010 | FERRETERIA,67.47999999999999,25.0,8.0,8.0,1.0,8.434999999999999,6.635,28.88,6,2,2025,27,2.53,149.85,1039.83,276.0,397.40333333333325,1132.1233333333332
2025-07,NAVE_CATEGORIA,NAVE_010 | FERRETERIA,9.26,17.0,2.0,2.0,1.0,4.63,4.63,7.61,7,3,2025,28,67.47999999999999,2.53,149.85,65994.77,73.28666666666666,1007.62
2025-09,NAVE_CATEGORIA,NAVE_010 | FERRETERIA,39.050000000000004,219.0,5.0,5.0,1.0,7.8100000000000005,3.0,19.07,9,3,2025,29,9.26,67.47999999999999,2.53,65823.44000000002,26.423333333333332,492.09666666666664
2025-10,NAVE_CATEGORIA,NAVE_010 | FERRETERIA,237.53,49.0,12.0,12.0,1.0,19.794166666666666,19.07,53.4,10,4,2025,30,39.050000000000004,9.26,67.47999999999999,80414.25,38.596666666666664,218.0
2025-11,NAVE_CATEGORIA,NAVE_010 | FERRETERIA,4.73,27.0,2.0,2.0,1.0,2.365,2.365,3.08,11,4,2025,31,237.53,39.050000000000004,9.26,51.84,95.28000000000002,84.28333333333333
2025-12,NAVE_CATEGORIA,NAVE_010 | FERRETERIA,2.7,1.0,1.0,1.0,1.0,2.7,2.7,2.7,12,4,2025,32,4.73,237.53,39.050000000000004,814.5,93.77,60.09666666666667
2021-01,NAVE_CATEGORIA,NAVE_010 | REPUESTOS MECANICOS,3079.54,7.0,2.0,2.0,2.0,1539.77,1539.77,3058.54,1,1,2021,0,,,,,,
2021-02,NAVE_CATEGORIA,NAVE_010 | REPUESTOS MECANICOS,537.04,3.0,2.0,2.0,2.0,268.52,268.52,340.0,2,1,2021,1,3079.54,,,,,
2021-03,NAVE_CATEGORIA,NAVE_010 | REPUESTOS MECANICOS,240.0,2.0,1.0,1.0,1.0,240.0,240.0,240.0,3,1,2021,2,537.04,3079.54,,,,
2021-06,NAVE_CATEGORIA,NAVE_010 | REPUESTOS MECANICOS,16259.36,58.0,26.0,26.0,2.0,625.36,111.89,4739.38,6,2,2021,3,240.0,537.04,3079.54,,1285.5266666666666,
2021-07,NAVE_CATEGORIA,NAVE_010 | REPUESTOS MECANICOS,591.11,6.0,1.0,1.0,1.0,591.11,591.11,591.11,7,3,2021,4,16259.36,240.0,537.04,,5678.8,
2021-11,NAVE_CATEGORIA,NAVE_010 | REPUESTOS MECANICOS,8474.1,32.0,12.0,11.0,2.0,706.1750000000001,355.95,2513.12,11,4,2021,5,591.11,16259.36,240.0,,5696.823333333334,
2022-03,NAVE_CATEGORIA,NAVE_010 | REPUESTOS MECANICOS,636.62,1.0,1.0,1.0,1.0,636.62,636.62,636.62,3,1,2022,6,8474.1,591.11,16259.36,,8441.523333333333,4863.525000000001
2022-05,NAVE_CATEGORIA,NAVE_010 | REPUESTOS MECANICOS,4361.75,16.0,7.0,7.0,1.0,623.1071428571429,395.69,1642.02,5,2,2022,7,636.62,8474.1,591.11,,3233.943333333334,4456.371666666667
2022-06,NAVE_CATEGORIA,NAVE_010 | REPUESTOS MECANICOS,356.18,3.0,3.0,3.0,2.0,118.72666666666667,93.5,230.38,6,2,2022,8,4361.75,636.62,8474.1,,4490.823333333334,5093.823333333334
2022-07,NAVE_CATEGORIA,NAVE_010 | REPUESTOS MECANICOS,170.0,2.0,1.0,1.0,1.0,170.0,170.0,170.0,7,3,2022,9,356.18,4361.75,636.62,,1784.8500000000001,5113.186666666667
2022-09,NAVE_CATEGORIA,NAVE_010 | REPUESTOS MECANICOS,1839.73,32.0,3.0,3.0,1.0,613.2433333333333,313.26,1404.24,9,3,2022,10,170.0,356.18,4361.75,,1629.3100000000002,2431.6266666666666
2022-12,NAVE_CATEGORIA,NAVE_010 | REPUESTOS MECANICOS,234.93,3.0,1.0,1.0,1.0,234.93,234.93,234.93,12,4,2022,11,1839.73,170.0,356.18,,788.6366666666667,2639.73
2023-02,NAVE_CATEGORIA,NAVE_010 | REPUESTOS MECANICOS,459.57,2.0,1.0,1.0,1.0,459.57,459.57,459.57,2,1,2023,12,234.93,1839.73,170.0,3079.54,748.2199999999999,1266.535
2023-03,NAVE_CATEGORIA,NAVE_010 | REPUESTOS MECANICOS,2399.5400000000004,28.0,7.0,7.0,1.0,342.79142857142864,60.8,2005.0,3,1,2023,13,459.57,234.93,1839.73,537.04,844.7433333333333,1237.0266666666666
2023-04,NAVE_CATEGORIA,NAVE_010 | REPUESTOS MECANICOS,168.0,1.0,1.0,1.0,1.0,168.0,168.0,168.0,4,2,2023,14,2399.5400000000004,459.57,234.93,240.0,1031.3466666666668,909.9916666666668
2023-05,NAVE_CATEGORIA,NAVE_010 | REPUESTOS MECANICOS,2399.5400000000004,28.0,7.0,7.0,1.0,342.79142857142864,60.8,2005.0,5,2,2023,15,168.0,2399.5400000000004,459.57,16259.36,1009.0366666666669,878.6283333333334
2023-06,NAVE_CATEGORIA,NAVE_010 | REPUESTOS MECANICOS,955.69,4.0,1.0,1.0,1.0,955.69,955.69,955.69,6,2,2023,16,2399.5400000000004,168.0,2399.5400000000004,591.11,1655.6933333333336,1250.2183333333335
2023-08,NAVE_CATEGORIA,NAVE_010 | REPUESTOS MECANICOS,1011.48,1.0,1.0,1.0,1.0,1011.48,1011.48,1011.48,8,3,2023,17,955.69,2399.5400000000004,168.0,8474.1,1174.41,1102.8783333333336
2023-10,NAVE_CATEGORIA,NAVE_010 | REPUESTOS MECANICOS,2108.7,18.0,2.0,2.0,1.0,1054.35,1054.35,1140.36,10,4,2023,18,1011.48,955.69,2399.5400000000004,636.62,1455.5700000000004,1232.3033333333335
2023-11,NAVE_CATEGORIA,NAVE_010 | REPUESTOS MECANICOS,10311.68,6.0,4.0,2.0,1.0,2577.92,2577.92,3990.9,11,4,2023,19,2108.7,1011.48,955.69,4361.75,1358.6233333333332,1507.1583333333335
2024-03,NAVE_CATEGORIA,NAVE_010 | REPUESTOS MECANICOS,3384.93,400.0,8.0,7.0,2.0,423.11625,271.245,1425.77,3,1,2024,20,10311.68,2108.7,1011.48,356.18,4477.286666666667,2825.8483333333334
2024-04,NAVE_CATEGORIA,NAVE_010 | REPUESTOS MECANICOS,12545.05,1130.0,32.0,32.0,2.0,392.0328125,192.94,2371.11,4,2,2024,21,3384.93,10311.68,2108.7,170.0,5268.436666666667,3362.0033333333336
2024-05,NAVE_CATEGORIA,NAVE_010 | REPUESTOS MECANICOS,251.74,40.0,2.0,2.0,1.0,125.87,125.87,145.54,5,2,2024,22,12545.05,3384.93,10311.68,1839.73,8747.22,5052.921666666666
2024-06,NAVE_CATEGORIA,NAVE_010 | REPUESTOS MECANICOS,19782.12,30.0,3.0,3.0,1.0,6594.04,4285.2,11211.74,6,2,2024,23,251.74,12545.05,3384.93,234.93,5393.906666666667,4935.596666666667
2024-07,NAVE_CATEGORIA,NAVE_010 | REPUESTOS MECANICOS,3358.7300000000005,310.0,14.0,14.0,1.0,239.90928571428574,25.345,1259.28,7,3,2024,24,19782.12,251.74,12545.05,459.57,10859.636666666665,8064.036666666667
2025-06,NAVE_CATEGORIA,NAVE_010 | REPUESTOS MECANICOS,42.75,1.0,1.0,1.0,1.0,42.75,42.75,42.75,6,2,2025,25,3358.7300000000005,19782.12,251.74,2399.5400000000004,7797.53,8272.375
2025-08,NAVE_CATEGORIA,NAVE_010 | REPUESTOS MECANICOS,3501.12,76.0,15.0,15.0,1.0,233.408,56.11,1881.47,8,3,2025,26,42.75,3358.7300000000005,19782.12,168.0,7727.866666666666,6560.886666666668
2025-10,NAVE_CATEGORIA,NAVE_010 | REPUESTOS MECANICOS,567.88,1.0,1.0,1.0,1.0,567.88,567.88,567.88,10,4,2025,27,3501.12,42.75,3358.7300000000005,2399.5400000000004,2300.866666666667,6580.251666666667
2021-01,NAVE_CATEGORIA,NAVE_010 | SERVICIOS DE MANTENIMIENTO,400.0,1.0,1.0,1.0,1.0,400.0,400.0,400.0,1,1,2021,0,,,,,,
2021-02,NAVE_CATEGORIA,NAVE_010 | SERVICIOS DE MANTENIMIENTO,13762.669999999998,12.0,12.0,4.0,7.0,1146.8891666666666,600.0,3269.0,2,1,2021,1,400.0,,,,,
2021-03,NAVE_CATEGORIA,NAVE_010 | SERVICIOS DE MANTENIMIENTO,925.0,1.0,1.0,1.0,1.0,925.0,925.0,925.0,3,1,2021,2,13762.669999999998,400.0,,,,
2021-04,NAVE_CATEGORIA,NAVE_010 | SERVICIOS DE MANTENIMIENTO,2581.69,6.0,6.0,3.0,3.0,430.2816666666667,411.075,610.1,4,2,2021,3,925.0,13762.669999999998,400.0,,5029.223333333332,
2021-05,NAVE_CATEGORIA,NAVE_010 | SERVICIOS DE MANTENIMIENTO,100.0,1.0,1.0,1.0,1.0,100.0,100.0,100.0,5,2,2021,4,2581.69,925.0,13762.669999999998,,5756.453333333332,
2021-06,NAVE_CATEGORIA,NAVE_010 | SERVICIOS DE MANTENIMIENTO,223.21,1.0,1.0,1.0,1.0,223.21,223.21,223.21,6,2,2021,5,100.0,2581.69,925.0,,1202.23,
2021-07,NAVE_CATEGORIA,NAVE_010 | SERVICIOS DE MANTENIMIENTO,13172.4,19.0,19.0,3.0,13.0,693.2842105263157,546.0,2251.3,7,3,2021,6,223.21,100.0,2581.69,,968.3000000000001,2998.7616666666668
2021-08,NAVE_CATEGORIA,NAVE_010 | SERVICIOS DE MANTENIMIENTO,2999.7200000000003,9.0,9.0,3.0,3.0,333.30222222222227,170.0,1116.0,8,3,2021,7,13172.4,223.21,100.0,,4498.536666666667,5127.495
2021-09,NAVE_CATEGORIA,NAVE_010 | SERVICIOS DE MANTENIMIENTO,9263.819999999998,12.0,12.0,3.0,7.0,771.9849999999998,133.0,5800.0,9,3,2021,8,2999.7200000000003,13172.4,223.21,,5465.11,3333.67
2021-10,NAVE_CATEGORIA,NAVE_010 | SERVICIOS DE MANTENIMIENTO,240.0,1.0,1.0,1.0,1.0,240.0,240.0,240.0,10,4,2021,9,9263.819999999998,2999.7200000000003,13172.4,,8478.646666666666,4723.473333333332
2021-12,NAVE_CATEGORIA,NAVE_010 | SERVICIOS DE MANTENIMIENTO,8070.0,4.0,4.0,2.0,3.0,2017.5,745.0,6300.0,12,4,2021,10,240.0,9263.819999999998,2999.7200000000003,,4167.846666666666,4333.191666666667
2022-01,NAVE_CATEGORIA,NAVE_010 | SERVICIOS DE MANTENIMIENTO,952.0,3.0,3.0,1.0,3.0,317.3333333333333,350.0,512.0,1,1,2022,11,8070.0,240.0,9263.819999999998,,5857.94,5661.524999999999
2022-02,NAVE_CATEGORIA,NAVE_010 | SERVICIOS DE MANTENIMIENTO,500.0,2.0,2.0,2.0,2.0,250.0,250.0,300.0,2,1,2022,12,952.0,8070.0,240.0,400.0,3087.3333333333335,5782.990000000001
2022-03,NAVE_CATEGORIA,NAVE_010 | SERVICIOS DE MANTENIMIENTO,11196.73,11.0,11.0,3.0,6.0,1017.8845454545454,475.0,5484.0,3,1,2022,13,500.0,952.0,8070.0,13762.669999999998,3174.0,3670.9233333333327
2022-04,NAVE_CATEGORIA,NAVE_010 | SERVICIOS DE MANTENIMIENTO,1031.0,1.0,1.0,1.0,1.0,1031.0,1031.0,1031.0,4,2,2022,14,11196.73,500.0,952.0,925.0,4216.243333333333,5037.091666666666
2022-06,NAVE_CATEGORIA,NAVE_010 | SERVICIOS DE MANTENIMIENTO,7215.7,10.0,10.0,2.0,7.0,721.5699999999999,570.845,1995.0,6,2,2022,15,1031.0,11196.73,500.0,2581.69,4242.576666666667,3664.955
2022-07,NAVE_CATEGORIA,NAVE_010 | SERVICIOS DE MANTENIMIENTO,2050.0,2.0,2.0,2.0,2.0,1025.0,1025.0,1850.0,7,3,2022,16,7215.7,1031.0,11196.73,100.0,6481.143333333333,4827.571666666667
2022-09,NAVE_CATEGORIA,NAVE_010 | SERVICIOS DE MANTENIMIENTO,5371.33,1.0,1.0,1.0,1.0,5371.33,5371.33,5371.33,9,3,2022,17,2050.0,7215.7,1031.0,223.21,3432.2333333333336,3824.2383333333332
2022-10,NAVE_CATEGORIA,NAVE_010 | SERVICIOS DE MANTENIMIENTO,2804.5,7.0,7.0,2.0,6.0,400.64285714285717,250.0,1009.0,10,4,2022,18,5371.33,2050.0,7215.7,13172.4,4879.009999999999,4560.793333333333
2022-11,NAVE_CATEGORIA,NAVE_010 | SERVICIOS DE MANTENIMIENTO,9906.91,2.0,2.0,2.0,1.0,4953.455,4953.455,6600.0,11,4,2022,19,2804.5,5371.33,2050.0,2999.7200000000003,3408.61,4944.876666666666
2022-12,NAVE_CATEGORIA,NAVE_010 | SERVICIOS DE MANTENIMIENTO,570.89,8.0,3.0,2.0,2.0,190.29666666666665,140.0,358.89,12,4,2022,20,9906.91,2804.5,5371.33,9263.819999999998,6027.579999999999,4729.906666666667
2023-01,NAVE_CATEGORIA,NAVE_010 | SERVICIOS DE MANTENIMIENTO,4471.389999999999,6.0,6.0,2.0,5.0,745.2316666666666,671.1949999999999,1350.0,1,1,2023,21,570.89,9906.91,2804.5,240.0,4427.433333333333,4653.221666666666
2023-02,NAVE_CATEGORIA,NAVE_010 | SERVICIOS DE MANTENIMIENTO,5258.0,4.0,4.0,1.0,4.0,1314.5,679.0,3800.0,2,1,2023,22,4471.389999999999,570.89,9906.91,8070.0,4983.063333333333,4195.836666666666
2023-03,NAVE_CATEGORIA,NAVE_010 | SERVICIOS DE MANTENIMIENTO,2571.9,2.0,2.0,2.0,1.0,1285.95,1285.95,1465.0,3,1,2023,23,5258.0,4471.389999999999,570.89,952.0,3433.4266666666663,4730.503333333333
2023-04,NAVE_CATEGORIA,NAVE_010 | SERVICIOS DE MANTENIMIENTO,1640.08,1.0,1.0,1.0,1.0,1640.08,1640.08,1640.08,4,2,2023,24,2571.9,5258.0,4471.389999999999,500.0,4100.43,4263.931666666666
2023-05,NAVE_CATEGORIA,NAVE_010 | SERVICIOS DE MANTENIMIENTO,2724.0,3.0,3.0,1.0,3.0,908.0,800.0,1600.0,5,2,2023,25,1640.08,2571.9,5258.0,11196.73,3156.66,4069.861666666666
2023-06,NAVE_CATEGORIA,NAVE_010 | SERVICIOS DE MANTENIMIENTO,4996.46,5.0,5.0,3.0,3.0,999.292,250.0,3371.88,6,2,2023,26,2724.0,1640.08,2571.9,1031.0,2311.9933333333333,2872.7099999999996
2023-07,NAVE_CATEGORIA,NAVE_010 | SERVICIOS DE MANTENIMIENTO,4624.39,10.0,10.0,2.0,3.0,462.439,267.5,1687.1,7,3,2023,27,4996.46,2724.0,1640.08,7215.7,3120.1800000000003,3610.3050000000003
2023-08,NAVE_CATEGORIA,NAVE_010 | SERVICIOS DE MANTENIMIENTO,7860.0,9.0,9.0,2.0,5.0,873.3333333333334,1000.0,1972.0,8,3,2023,28,4624.39,4996.46,2724.0,2050.0,4114.950000000001,3635.8050000000003
2023-11,NAVE_CATEGORIA,NAVE_010 | SERVICIOS DE MANTENIMIENTO,11529.189999999999,3.0,3.0,2.0,3.0,3843.063333333333,113.5,11389.23,11,4,2023,29,7860.0,4624.39,4996.46,5371.33,5826.950000000001,4069.471666666667
2023-12,NAVE_CATEGORIA,NAVE_010 | SERVICIOS DE MANTENIMIENTO,3042.3,14.0,14.0,3.0,5.0,217.30714285714288,120.0,850.0,12,4,2023,30,11529.189999999999,7860.0,4624.39,2804.5,8004.526666666668,5562.353333333333
2024-01,NAVE_CATEGORIA,NAVE_010 | SERVICIOS DE MANTENIMIENTO,420.0,1.0,1.0,1.0,1.0,420.0,420.0,420.0,1,1,2024,31,3042.3,11529.189999999999,7860.0,9906.91,7477.163333333334,5796.056666666667
2024-02,NAVE_CATEGORIA,NAVE_010 | SERVICIOS DE MANTENIMIENTO,1000.0,2.0,2.0,1.0,2.0,500.0,500.0,500.0,2,1,2024,32,420.0,3042.3,11529.189999999999,570.89,4997.163333333334,5412.056666666666
2024-03,NAVE_CATEGORIA,NAVE_010 | SERVICIOS DE MANTENIMIENTO,8894.0,8.0,8.0,1.0,6.0,1111.75,510.0,3006.0,3,1,2024,33,1000.0,420.0,3042.3,4471.389999999999,1487.433333333334,4745.98
2024-04,NAVE_CATEGORIA,NAVE_010 | SERVICIOS DE MANTENIMIENTO,40066.82,20.0,20.0,1.0,14.0,2003.341,1110.0,8721.78,4,2,2024,34,8894.0,1000.0,420.0,5258.0,3438.0000000000005,5457.581666666666
2024-05,NAVE_CATEGORIA,NAVE_010 | SERVICIOS DE MANTENIMIENTO,92118.98000000001,7.0,7.0,1.0,7.0,13159.854285714287,560.0,68693.88,5,2,2024,35,40066.82,8894.0,1000.0,2571.9,16653.606666666667,10825.385
2024-06,NAVE_CATEGORIA,NAVE_010 | SERVICIOS DE MANTENIMIENTO,8029.429999999999,4.0,4.0,1.0,3.0,2007.3574999999998,497.495,6734.44,6,2,2024,36,92118.98000000001,40066.82,8894.0,1640.08,47026.600000000006,24257.016666666666
2024-07,NAVE_CATEGORIA,NAVE_010 | SERVICIOS DE MANTENIMIENTO,29413.55,11.0,11.0,1.0,9.0,2673.9590909090907,450.0,11589.0,7,3,2024,37,8029.429999999999,92118.98000000001,40066.82,2724.0,46738.41,25088.205
2024-08,NAVE_CATEGORIA,NAVE_010 | SERVICIOS DE MANTENIMIENTO,2760.0,3.0,3.0,1.0,2.0,920.0,1030.0,1250.0,8,3,2024,38,29413.55,8029.429999999999,92118.98000000001,4996.46,43187.32,29920.463333333337
2024-09,NAVE_CATEGORIA,NAVE_010 | SERVICIOS DE MANTENIMIENTO,1250.0,1.0,1.0,1.0,1.0,1250.0,1250.0,1250.0,9,3,2024,39,2760.0,29413.55,8029.429999999999,4624.39,13400.993333333332,30213.796666666673
2024-11,NAVE_CATEGORIA,NAVE_010 | SERVICIOS DE MANTENIMIENTO,2834.5,4.0,4.0,1.0,3.0,708.625,431.25,1822.0,11,4,2024,40,1250.0,2760.0,29413.55,7860.0,11141.183333333334,28939.796666666673
2024-12,NAVE_CATEGORIA,NAVE_010 | SERVICIOS DE MANTENIMIENTO,392.4,1.0,1.0,1.0,1.0,392.4,392.4,392.4,12,4,2024,41,2834.5,1250.0,2760.0,11529.189999999999,2281.5,22734.410000000003
2025-01,NAVE_CATEGORIA,NAVE_010 | SERVICIOS DE MANTENIMIENTO,585.0,1.0,1.0,1.0,1.0,585.0,585.0,585.0,1,1,2025,42,392.4,2834.5,1250.0,3042.3,1492.3,7446.6466666666665
2025-02,NAVE_CATEGORIA,NAVE_010 | SERVICIOS DE MANTENIMIENTO,630.4,2.0,2.0,1.0,2.0,315.2,315.2,450.0,2,1,2025,43,585.0,392.4,2834.5,420.0,1270.6333333333334,6205.908333333333
2025-03,NAVE_CATEGORIA,NAVE_010 | SERVICIOS DE MANTENIMIENTO,434.78,1.0,1.0,1.0,1.0,434.78,434.78,434.78,3,1,2025,44,630.4,585.0,392.4,1000.0,535.9333333333333,1408.7166666666665
2025-04,NAVE_CATEGORIA,NAVE_010 | SERVICIOS DE MANTENIMIENTO,7508.36,5.0,5.0,1.0,3.0,1501.672,864.0,4800.0,4,2,2025,45,434.78,630.4,585.0,8894.0,550.0600000000001,1021.18
2025-05,NAVE_CATEGORIA,NAVE_010 | SERVICIOS DE MANTENIMIENTO,2642.2,4.0,4.0,1.0,3.0,660.55,420.6,1576.0,5,2,2025,46,7508.36,434.78,630.4,40066.82,2857.8466666666664,2064.24
2025-06,NAVE_CATEGORIA,NAVE_010 | SERVICIOS DE MANTENIMIENTO,1010.0,2.0,2.0,1.0,2.0,505.0,505.0,950.0,6,2,2025,47,2642.2,7508.36,434.78,92118.98000000001,3528.4466666666667,2032.1899999999998
2025-07,NAVE_CATEGORIA,NAVE_010 | SERVICIOS DE MANTENIMIENTO,1830.0,3.0,3.0,3.0,2.0,610.0,560.0,750.0,7,3,2025,48,1010.0,2642.2,7508.36,8029.429999999999,3720.1866666666665,2135.1233333333334
2025-08,NAVE_CATEGORIA,NAVE_010 | SERVICIOS DE MANTENIMIENTO,2786.62,6.0,2.0,2.0,2.0,1393.31,1393.31,1800.0,8,3,2025,49,1830.0,1010.0,2642.2,29413.55,1827.4000000000003,2342.6233333333334
2025-09,NAVE_CATEGORIA,NAVE_010 | SERVICIOS DE MANTENIMIENTO,350.0,1.0,1.0,1.0,1.0,350.0,350.0,350.0,9,3,2025,50,2786.62,1830.0,1010.0,2760.0,1875.5400000000002,2701.9933333333333
2025-10,NAVE_CATEGORIA,NAVE_010 | SERVICIOS DE MANTENIMIENTO,2971.47,9.0,7.0,3.0,5.0,424.49571428571426,544.5,600.0,10,4,2025,51,350.0,2786.62,1830.0,1250.0,1655.5400000000002,2687.8633333333332
2025-11,NAVE_CATEGORIA,NAVE_010 | SERVICIOS DE MANTENIMIENTO,3909.1000000000004,64.0,11.0,3.0,4.0,355.37272727272733,200.0,1250.0,11,4,2025,52,2971.47,350.0,2786.62,2834.5,2036.03,1931.715
2021-02,NAVE_CATEGORIA,NAVE_011 | ACEITE,834.9,2.0,1.0,1.0,1.0,834.9,834.9,834.9,2,1,2021,0,,,,,,
2021-03,NAVE_CATEGORIA,NAVE_011 | ACEITE,1378.37,5.0,3.0,3.0,2.0,459.45666666666665,470.91,834.9,3,1,2021,1,834.9,,,,,
2021-04,NAVE_CATEGORIA,NAVE_011 | ACEITE,4559.8,10.0,4.0,2.0,2.0,1139.95,687.4000000000001,2730.0,4,2,2021,2,1378.37,834.9,,,,
2021-08,NAVE_CATEGORIA,NAVE_011 | ACEITE,4417.72,24.0,4.0,4.0,2.0,1104.43,921.615,2504.7,8,3,2021,3,4559.8,1378.37,834.9,,2257.69,
2021-10,NAVE_CATEGORIA,NAVE_011 | ACEITE,1819.83,23.0,3.0,3.0,1.0,606.61,588.77,1060.86,10,4,2021,4,4417.72,4559.8,1378.37,,3451.9633333333336,
2022-02,NAVE_CATEGORIA,NAVE_011 | ACEITE,4550.16,13.0,5.0,5.0,2.0,910.0319999999999,1177.54,1591.29,2,1,2022,5,1819.83,4417.72,4559.8,,3599.116666666667,
2022-05,NAVE_CATEGORIA,NAVE_011 | ACEITE,3240.92,6.0,2.0,2.0,1.0,1620.46,1620.46,2652.15,5,2,2022,6,4550.16,1819.83,4417.72,,3595.9033333333336,2926.7966666666666
2022-06,NAVE_CATEGORIA,NAVE_011 | ACEITE,3509.7799999999997,6.0,2.0,2.0,2.0,1754.8899999999999,1754.8899999999999,2448.92,6,2,2022,7,3240.92,4550.16,1819.83,,3203.6366666666668,3327.7999999999997
2022-10,NAVE_CATEGORIA,NAVE_011 | ACEITE,2441.6,4.0,1.0,1.0,1.0,2441.6,2441.6,2441.6,10,4,2022,8,3509.7799999999997,3240.92,4550.16,,3766.9533333333334,3683.035
2022-12,NAVE_CATEGORIA,NAVE_011 | ACEITE,610.4,1.0,1.0,1.0,1.0,610.4,610.4,610.4,12,4,2022,9,2441.6,3509.7799999999997,3240.92,,3064.1000000000004,3330.001666666667
2023-02,NAVE_CATEGORIA,NAVE_011 | ACEITE,3242.0,7.0,2.0,2.0,1.0,1621.0,1621.0,3052.0,2,1,2023,10,610.4,2441.6,3509.7799999999997,,2187.26,2695.4483333333333
2023-03,NAVE_CATEGORIA,NAVE_011 | ACEITE,3340.0,6.0,2.0,2.0,1.0,1670.0,1670.0,2750.0,3,1,2023,11,3242.0,610.4,2441.6,,2098.0000000000005,2932.476666666667
2023-04,NAVE_CATEGORIA,NAVE_011 | ACEITE,1837.6799999999998,4.0,2.0,2.0,1.0,918.8399999999999,918.8399999999999,1197.06,4,2,2023,12,3340.0,3242.0,610.4,834.9,2397.466666666667,2730.7833333333333
2023-06,NAVE_CATEGORIA,NAVE_011 | ACEITE,424.53,10.0,2.0,2.0,1.0,212.265,212.265,364.7,6,2,2023,13,1837.6799999999998,3340.0,3242.0,1378.37,2806.56,2496.91
2023-07,NAVE_CATEGORIA,NAVE_011 | ACEITE,2240.0,4.0,2.0,2.0,1.0,1120.0,1120.0,1650.0,7,3,2023,14,424.53,1837.6799999999998,3340.0,4559.8,1867.4033333333336,1982.7016666666668
2023-08,NAVE_CATEGORIA,NAVE_011 | ACEITE,3007.86,5.0,3.0,3.0,2.0,1002.62,1201.46,1216.4,8,3,2023,15,2240.0,424.53,1837.6799999999998,4417.72,1500.736666666667,1949.1016666666667
2023-09,NAVE_CATEGORIA,NAVE_011 | ACEITE,5035.96,14.0,4.0,4.0,2.0,1258.99,1385.0,2200.0,9,3,2023,16,3007.86,2240.0,424.53,1819.83,1890.796666666667,2348.6783333333337
2023-11,NAVE_CATEGORIA,NAVE_011 | ACEITE,149.2,1.0,1.0,1.0,1.0,149.2,149.2,149.2,11,4,2023,17,5035.96,3007.86,2240.0,4550.16,3427.94,2647.6716666666666
2024-10,NAVE_CATEGORIA,NAVE_011 | ACEITE,8990.199999999999,24.0,5.0,4.0,1.0,1798.0399999999997,1189.47,5947.36,10,4,2024,18,149.2,5035.96,3007.86,3240.92,2731.0066666666667,2115.871666666667
2025-01,NAVE_CATEGORIA,NAVE_011 | ACEITE,1192.35,2.0,1.0,1.0,1.0,1192.35,1192.35,1192.35,1,1,2025,19,8990.199999999999,149.2,5035.96,3509.7799999999997,4725.12,3307.9583333333335
2025-02,NAVE_CATEGORIA,NAVE_011 | ACEITE,1836.7399999999998,3.0,2.0,2.0,1.0,918.3699999999999,918.3699999999999,1184.06,2,1,2025,20,1192.35,8990.199999999999,149.2,2441.6,3443.9166666666665,3435.9283333333333
2025-03,NAVE_CATEGORIA,NAVE_011 | ACEITE,589.47,1.0,1.0,1.0,1.0,589.47,589.47,589.47,3,1,2025,21,1836.7399999999998,1192.35,8990.199999999999,610.4,4006.43,3368.7183333333337
2025-05,NAVE_CATEGORIA,NAVE_011 | ACEITE,3052.16,10.0,3.0,3.0,1.0,1017.3866666666667,617.73,2366.2,5,2,2025,22,589.47,1836.7399999999998,1192.35,3242.0,1206.1866666666665,2965.6533333333336
2025-08,NAVE_CATEGORIA,NAVE_011 | ACEITE,5092.12,18.0,5.0,4.0,1.0,1018.424,652.78,2366.2,8,3,2025,23,3052.16,589.47,1836.7399999999998,3340.0,1826.123333333333,2635.02
2021-01,NAVE_CATEGORIA,NAVE_011 | FERRETERIA,1371.95,68.0,8.0,8.0,2.0,171.49375,34.19,592.9,1,1,2021,0,,,,,,
2021-02,NAVE_CATEGORIA,NAVE_011 | FERRETERIA,4104.900000000001,1174.0,76.0,67.0,10.0,54.01184210526316,36.480000000000004,336.0,2,1,2021,1,1371.95,,,,,
2021-03,NAVE_CATEGORIA,NAVE_011 | FERRETERIA,5776.77,986.0,71.0,60.0,9.0,81.36295774647888,30.8,880.0,3,1,2021,2,4104.900000000001,1371.95,,,,
2021-04,NAVE_CATEGORIA,NAVE_011 | FERRETERIA,37980.70999999999,6092.0,201.0,170.0,17.0,188.95875621890542,60.0,7980.0,4,2,2021,3,5776.77,4104.900000000001,1371.95,,3751.206666666667,
2021-05,NAVE_CATEGORIA,NAVE_011 | FERRETERIA,128.88,59.0,5.0,5.0,2.0,25.776,26.25,37.6,5,2,2021,4,37980.70999999999,5776.77,4104.900000000001,,15954.126666666663,
2021-06,NAVE_CATEGORIA,NAVE_011 | FERRETERIA,1838.53,621.0,34.0,32.0,5.0,54.07441176470588,23.115000000000002,600.0,6,2,2021,5,128.88,37980.70999999999,5776.77,,14628.786666666661,
2021-07,NAVE_CATEGORIA,NAVE_011 | FERRETERIA,451.72,532.0,5.0,5.0,2.0,90.34400000000001,30.0,304.5,7,3,2021,6,1838.53,128.88,37980.70999999999,,13316.039999999999,8533.623333333331
2021-08,NAVE_CATEGORIA,NAVE_011 | FERRETERIA,3285.27,606.0,66.0,61.0,6.0,49.77681818181818,19.725,580.0,8,3,2021,7,451.72,1838.53,128.88,,806.3766666666667,8380.251666666665
2021-09,NAVE_CATEGORIA,NAVE_011 | FERRETERIA,16818.120000000003,216.0,32.0,31.0,6.0,525.5662500000001,16.05,14370.0,9,3,2021,8,3285.27,451.72,1838.53,,1858.5066666666664,8243.646666666666
2021-10,NAVE_CATEGORIA,NAVE_011 | FERRETERIA,620.8500000000001,100.0,12.0,12.0,3.0,51.73750000000001,22.84,212.31,10,4,2021,9,16818.120000000003,3285.27,451.72,,6851.703333333334,10083.871666666666
2021-12,NAVE_CATEGORIA,NAVE_011 | FERRETERIA,354.53,569.0,11.0,11.0,3.0,32.23,24.0,90.0,12,4,2021,10,620.8500000000001,16818.120000000003,3285.27,,6908.079999999999,3857.228333333334
2022-01,NAVE_CATEGORIA,NAVE_011 | FERRETERIA,743.04,8.0,3.0,3.0,1.0,247.67999999999998,34.24,696.0,1,1,2022,11,354.53,620.8500000000001,16818.120000000003,,5931.166666666668,3894.8366666666675
2022-03,NAVE_CATEGORIA,NAVE_011 | FERRETERIA,5618.0199999999995,358.0,33.0,32.0,5.0,170.24303030303028,40.0,3954.6,3,1,2022,12,743.04,354.53,620.8500000000001,1371.95,572.8066666666667,3712.255000000001
2022-04,NAVE_CATEGORIA,NAVE_011 | FERRETERIA,858.4,141.0,15.0,15.0,3.0,57.22666666666667,28.0,260.0,4,2,2022,13,5618.0199999999995,743.04,354.53,4104.900000000001,2238.5299999999997,4573.305
2022-05,NAVE_CATEGORIA,NAVE_011 | FERRETERIA,18775.07,704.0,69.0,56.0,10.0,272.1024637681159,36.13,9523.8,5,2,2022,14,858.4,5618.0199999999995,743.04,5776.77,2406.486666666666,4168.826666666668
2022-06,NAVE_CATEGORIA,NAVE_011 | FERRETERIA,15352.71,762.0,47.0,42.0,10.0,326.6534042553191,102.53,3072.19,6,2,2022,15,18775.07,858.4,5618.0199999999995,37980.70999999999,8417.163333333332,4494.985000000001
2022-07,NAVE_CATEGORIA,NAVE_011 | FERRETERIA,1906.9199999999996,308.0,35.0,35.0,5.0,54.48342857142856,18.15,306.45,7,3,2022,16,15352.71,18775.07,858.4,128.88,11662.059999999998,6950.295000000001
2022-09,NAVE_CATEGORIA,NAVE_011 | FERRETERIA,919.45,2.0,2.0,2.0,1.0,459.725,459.725,489.59,9,3,2022,17,1906.9199999999996,15352.71,18775.07,1838.53,12011.566666666666,7209.026666666668
2022-10,NAVE_CATEGORIA,NAVE_011 | FERRETERIA,2268.38,366.0,25.0,20.0,2.0,90.7352,30.95,429.0,10,4,2022,18,919.45,1906.9199999999996,15352.71,451.72,6059.693333333333,7238.428333333334
2022-12,NAVE_CATEGORIA,NAVE_011 | FERRETERIA,745.8,10.0,2.0,2.0,2.0,372.9,372.9,592.8,12,4,2022,19,2268.38,919.45,1906.9199999999996,3285.27,1698.25,6680.155
2023-01,NAVE_CATEGORIA,NAVE_011 | FERRETERIA,1020.54,965.0,16.0,16.0,2.0,63.78375,40.695,304.5,1,1,2023,20,745.8,2268.38,919.45,16818.120000000003,1311.21,6661.388333333335
2023-02,NAVE_CATEGORIA,NAVE_011 | FERRETERIA,4201.02,884.0,51.0,51.0,7.0,82.37294117647059,36.96,678.0,2,1,2023,21,1020.54,745.8,2268.38,620.8500000000001,1344.9066666666668,3702.3000000000006
2023-03,NAVE_CATEGORIA,NAVE_011 | FERRETERIA,2018.6100000000001,344.0,31.0,31.0,5.0,65.11645161290323,20.33,480.0,3,1,2023,22,4201.02,1020.54,745.8,354.53,1989.1200000000001,1843.6850000000006
2023-04,NAVE_CATEGORIA,NAVE_011 | FERRETERIA,743.7100000000002,109.0,7.0,7.0,3.0,106.24428571428574,91.2,211.88,4,2,2023,23,2018.6100000000001,4201.02,1020.54,743.04,2413.39,1862.3000000000009
2023-05,NAVE_CATEGORIA,NAVE_011 | FERRETERIA,2773.6800000000003,245.0,24.0,24.0,5.0,115.57000000000001,50.515,452.08,5,2,2023,24,743.7100000000002,2018.6100000000001,4201.02,5618.0199999999995,2321.1133333333337,1833.010000000001
2023-06,NAVE_CATEGORIA,NAVE_011 | FERRETERIA,3332.7400000000002,448.0,25.0,25.0,6.0,133.30960000000002,41.4,979.08,6,2,2023,25,2773.6800000000003,743.7100000000002,2018.6100000000001,858.4,1845.3333333333333,1917.2266666666674
2023-07,NAVE_CATEGORIA,NAVE_011 | FERRETERIA,6096.7300000000005,1069.0,71.0,65.0,12.0,85.86943661971831,17.53,2300.0,7,3,2023,26,3332.7400000000002,2773.6800000000003,743.7100000000002,18775.07,2283.376666666667,2348.3833333333346
2023-08,NAVE_CATEGORIA,NAVE_011 | FERRETERIA,201.6,16.0,3.0,3.0,1.0,67.2,68.0,73.6,8,3,2023,27,6096.7300000000005,3332.7400000000002,2773.6800000000003,15352.71,4067.716666666667,3194.415000000001
2023-09,NAVE_CATEGORIA,NAVE_011 | FERRETERIA,1230.349984,255.0,16.0,16.0,5.0,76.896874,62.354996,184.86,9,3,2023,28,201.6,6096.7300000000005,3332.7400000000002,1906.9199999999996,3210.3566666666666,2527.8450000000007
2023-10,NAVE_CATEGORIA,NAVE_011 | FERRETERIA,756.2899990000001,285.0,10.0,10.0,4.0,75.62899990000001,57.735,250.0,10,4,2023,29,1230.349984,201.6,6096.7300000000005,919.45,2509.5599946666666,2396.468330666667
2023-11,NAVE_CATEGORIA,NAVE_011 | FERRETERIA,2604.839999,508.0,33.0,33.0,6.0,78.93454542424242,29.7,495.0,11,4,2023,30,756.2899990000001,1230.349984,201.6,2268.38,729.4133276666663,2398.5649971666676
2024-01,NAVE_CATEGORIA,NAVE_011 | FERRETERIA,358.42,2.0,1.0,1.0,1.0,358.42,358.42,358.42,1,1,2024,31,2604.839999,756.2899990000001,1230.349984,745.8,1530.493327333333,2370.4249970000005
2025-01,NAVE_CATEGORIA,NAVE_011 | FERRETERIA,23.86,5.0,1.0,1.0,1.0,23.86,23.86,23.86,1,1,2025,32,358.42,2604.839999,756.2899990000001,1020.54,1239.849999333333,1874.7049970000005
2025-02,NAVE_CATEGORIA,NAVE_011 | FERRETERIA,23.54,5.0,1.0,1.0,1.0,23.54,23.54,23.54,2,1,2025,33,23.86,358.42,2604.839999,4201.02,995.706666333333,862.5599970000006
2025-03,NAVE_CATEGORIA,NAVE_011 | FERRETERIA,291.99,4.0,1.0,1.0,1.0,291.99,291.99,291.99,3,1,2025,34,23.54,23.86,358.42,2018.6100000000001,135.27333333333303,832.8833303333339
2025-05,NAVE_CATEGORIA,NAVE_011 | FERRETERIA,47.09,10.0,1.0,1.0,1.0,47.09,47.09,47.09,5,2,2025,35,291.99,23.54,23.86,743.7100000000002,113.1299999999997,676.4899996666672
2025-07,NAVE_CATEGORIA,NAVE_011 | FERRETERIA,285.15000000000003,141.0,9.0,9.0,2.0,31.683333333333337,25.78,71.98,7,3,2025,36,47.09,291.99,23.54,2773.6800000000003,120.87333333333304,558.2899998333339
2021-02,NAVE_CATEGORIA,NAVE_011 | QUIMICOS,1870.6399999999999,156.0,11.0,8.0,7.0,170.0581818181818,58.48,874.4,2,1,2021,0,,,,,,
2021-03,NAVE_CATEGORIA,NAVE_011 | QUIMICOS,4322.6,65.0,4.0,4.0,1.0,1080.65,479.9,2982.0,3,1,2021,1,1870.6399999999999,,,,,
2021-04,NAVE_CATEGORIA,NAVE_011 | QUIMICOS,540.42,59.0,5.0,4.0,4.0,108.08399999999999,112.8,242.4,4,2,2021,2,4322.6,1870.6399999999999,,,,
2021-06,NAVE_CATEGORIA,NAVE_011 | QUIMICOS,730.6,137.0,6.0,6.0,3.0,121.76666666666667,108.42,280.0,6,2,2021,3,540.42,4322.6,1870.6399999999999,,2244.5533333333333,
2021-07,NAVE_CATEGORIA,NAVE_011 | QUIMICOS,551.82,30.0,1.0,1.0,1.0,551.82,551.82,551.82,7,3,2021,4,730.6,540.42,4322.6,,1864.5400000000002,
2021-08,NAVE_CATEGORIA,NAVE_011 | QUIMICOS,3769.61,82.0,10.0,8.0,4.0,376.961,72.7,2385.6,8,3,2021,5,551.82,730.6,540.42,,607.6133333333333,
2021-09,NAVE_CATEGORIA,NAVE_011 | QUIMICOS,304.0,64.0,2.0,2.0,2.0,152.0,152.0,184.0,9,3,2021,6,3769.61,551.82,730.6,,1684.0100000000002,1964.2816666666668
2021-10,NAVE_CATEGORIA,NAVE_011 | QUIMICOS,22.8,3.0,1.0,1.0,1.0,22.8,22.8,22.8,10,4,2021,7,304.0,3769.61,551.82,,1541.8100000000002,1703.1750000000002
2021-11,NAVE_CATEGORIA,NAVE_011 | QUIMICOS,112.5,60.0,1.0,1.0,1.0,112.5,112.5,112.5,11,4,2021,8,22.8,304.0,3769.61,,1365.47,986.5416666666666
2022-01,NAVE_CATEGORIA,NAVE_011 | QUIMICOS,783.73,41.0,9.0,9.0,2.0,87.08111111111111,43.5,394.8,1,1,2022,9,112.5,22.8,304.0,,146.43333333333334,915.2216666666667
2022-02,NAVE_CATEGORIA,NAVE_011 | QUIMICOS,1191.37,20.0,8.0,8.0,1.0,148.92125,69.78,596.4,2,1,2022,10,783.73,112.5,22.8,,306.3433333333333,924.0766666666667
2022-03,NAVE_CATEGORIA,NAVE_011 | QUIMICOS,130.8,63.0,2.0,2.0,2.0,65.4,65.4,112.8,3,1,2022,11,1191.37,783.73,112.5,,695.8666666666667,1030.6683333333333
2022-04,NAVE_CATEGORIA,NAVE_011 | QUIMICOS,2797.5,5.0,1.0,1.0,1.0,2797.5,2797.5,2797.5,4,2,2022,12,130.8,1191.37,783.73,1870.6399999999999,701.9666666666667,424.2
2022-05,NAVE_CATEGORIA,NAVE_011 | QUIMICOS,121.74,16.0,3.0,2.0,1.0,40.58,43.8,46.74,5,2,2022,13,2797.5,130.8,1191.37,4322.6,1373.2233333333334,839.7833333333333
2022-06,NAVE_CATEGORIA,NAVE_011 | QUIMICOS,159.28,66.0,2.0,2.0,2.0,79.64,79.64,114.0,6,2,2022,14,121.74,2797.5,130.8,540.42,1016.68,856.2733333333332
2022-07,NAVE_CATEGORIA,NAVE_011 | QUIMICOS,211.21,20.0,4.0,4.0,3.0,52.8025,31.015,119.66,7,3,2022,15,159.28,121.74,2797.5,730.6,1026.1733333333334,864.07
2022-09,NAVE_CATEGORIA,NAVE_011 | QUIMICOS,114.0,60.0,1.0,1.0,1.0,114.0,114.0,114.0,9,3,2022,16,211.21,159.28,121.74,551.82,164.07666666666668,768.65
2022-11,NAVE_CATEGORIA,NAVE_011 | QUIMICOS,2352.0,64.0,2.0,2.0,2.0,1176.0,1176.0,2238.0,11,4,2022,17,114.0,211.21,159.28,3769.61,161.49666666666667,589.0883333333334
2023-01,NAVE_CATEGORIA,NAVE_011 | QUIMICOS,20.88,3.0,1.0,1.0,1.0,20.88,20.88,20.88,1,1,2023,18,2352.0,114.0,211.21,304.0,892.4033333333333,959.2883333333333
2023-02,NAVE_CATEGORIA,NAVE_011 | QUIMICOS,2164.77,78.0,11.0,11.0,4.0,196.7972727272727,90.0,910.0,2,1,2023,19,20.88,2352.0,114.0,22.8,828.96,496.5183333333334
2023-03,NAVE_CATEGORIA,NAVE_011 | QUIMICOS,576.22,76.0,4.0,3.0,3.0,144.055,82.295,375.05,3,1,2023,20,2164.77,20.88,2352.0,112.5,1512.55,837.0233333333334
2023-06,NAVE_CATEGORIA,NAVE_011 | QUIMICOS,190.0,17.0,2.0,2.0,2.0,95.0,95.0,100.0,6,2,2023,21,576.22,2164.77,20.88,783.73,920.6233333333333,906.5133333333334
2023-07,NAVE_CATEGORIA,NAVE_011 | QUIMICOS,54.0,6.0,1.0,1.0,1.0,54.0,54.0,54.0,7,3,2023,22,190.0,576.22,2164.77,1191.37,976.9966666666666,902.9783333333335
2023-11,NAVE_CATEGORIA,NAVE_011 | QUIMICOS,159.3,18.0,2.0,1.0,1.0,79.65,79.65,106.2,11,4,2023,23,54.0,190.0,576.22,130.8,273.4066666666667,892.9783333333335
2023-12,NAVE_CATEGORIA,NAVE_011 | QUIMICOS,240.0,15.0,2.0,2.0,1.0,120.0,120.0,140.0,12,4,2023,24,159.3,54.0,190.0,2797.5,134.43333333333334,527.5283333333333
2025-05,NAVE_CATEGORIA,NAVE_011 | QUIMICOS,44.92,5.0,1.0,1.0,1.0,44.92,44.92,44.92,5,2,2025,25,240.0,159.3,54.0,121.74,151.1,564.0483333333333
2025-06,NAVE_CATEGORIA,NAVE_011 | QUIMICOS,88.68,10.0,2.0,2.0,1.0,44.34,44.34,47.0,6,2,2025,26,44.92,240.0,159.3,159.28,148.07333333333335,210.74
2025-08,NAVE_CATEGORIA,NAVE_011 | QUIMICOS,94.21000000000001,10.0,2.0,2.0,1.0,47.105000000000004,47.105000000000004,47.21,8,3,2025,27,88.68,44.92,240.0,211.21,124.53333333333335,129.48333333333332
2021-01,NAVE_CATEGORIA,NAVE_011 | REPUESTOS MECANICOS,8062.599999999999,620.0,41.0,41.0,1.0,196.64878048780486,80.8,1614.0,1,1,2021,0,,,,,,
2021-02,NAVE_CATEGORIA,NAVE_011 | REPUESTOS MECANICOS,7359.88,156.0,20.0,20.0,6.0,367.994,130.84,3322.3,2,1,2021,1,8062.599999999999,,,,,
2021-03,NAVE_CATEGORIA,NAVE_011 | REPUESTOS MECANICOS,33420.49999999999,729.0,106.0,106.0,1.0,315.28773584905656,37.900000000000006,10635.0,3,1,2021,2,7359.88,8062.599999999999,,,,
2021-04,NAVE_CATEGORIA,NAVE_011 | REPUESTOS MECANICOS,1072.47,68.0,7.0,6.0,4.0,153.21,146.0,257.14,4,2,2021,3,33420.49999999999,7359.88,8062.599999999999,,16280.993333333332,
2021-05,NAVE_CATEGORIA,NAVE_011 | REPUESTOS MECANICOS,345.0,1.0,1.0,1.0,1.0,345.0,345.0,345.0,5,2,2021,4,1072.47,33420.49999999999,7359.88,,13950.949999999997,
2021-06,NAVE_CATEGORIA,NAVE_011 | REPUESTOS MECANICOS,1190.0,16.0,4.0,4.0,2.0,297.5,190.0,650.0,6,2,2021,5,345.0,1072.47,33420.49999999999,,11612.656666666662,
2021-07,NAVE_CATEGORIA,NAVE_011 | REPUESTOS MECANICOS,498.0,1.0,1.0,1.0,1.0,498.0,498.0,498.0,7,3,2021,6,1190.0,345.0,1072.47,,869.1566666666668,8575.074999999999
2021-08,NAVE_CATEGORIA,NAVE_011 | REPUESTOS MECANICOS,91.31,2.0,2.0,2.0,1.0,45.655,45.655,87.33,8,3,2021,7,498.0,1190.0,345.0,,677.6666666666666,7314.308333333332
2021-09,NAVE_CATEGORIA,NAVE_011 | REPUESTOS MECANICOS,5315.28,4.0,1.0,1.0,1.0,5315.28,5315.28,5315.28,9,3,2021,8,91.31,498.0,1190.0,,593.1033333333334,6102.879999999997
2021-11,NAVE_CATEGORIA,NAVE_011 | REPUESTOS MECANICOS,3968.05,3.0,2.0,2.0,1.0,1984.025,1984.025,3518.05,11,4,2021,9,5315.28,91.31,498.0,,1968.1966666666667,1418.6766666666665
2021-12,NAVE_CATEGORIA,NAVE_011 | REPUESTOS MECANICOS,2547.91,1.0,1.0,1.0,1.0,2547.91,2547.91,2547.91,12,4,2021,10,3968.05,5315.28,91.31,,3124.8799999999997,1901.2733333333333
2022-01,NAVE_CATEGORIA,NAVE_011 | REPUESTOS MECANICOS,1445.57,10.0,2.0,2.0,1.0,722.785,722.785,1398.77,1,1,2022,11,2547.91,3968.05,5315.28,,3943.7466666666664,2268.4249999999997
2022-02,NAVE_CATEGORIA,NAVE_011 | REPUESTOS MECANICOS,1150.0,1.0,1.0,1.0,1.0,1150.0,1150.0,1150.0,2,1,2022,12,1445.57,2547.91,3968.05,8062.599999999999,2653.843333333333,2311.02
2022-03,NAVE_CATEGORIA,NAVE_011 | REPUESTOS MECANICOS,42.52,5.0,1.0,1.0,1.0,42.52,42.52,42.52,3,1,2022,13,1150.0,1445.57,2547.91,7359.88,1714.4933333333329,2419.6866666666665
2022-04,NAVE_CATEGORIA,NAVE_011 | REPUESTOS MECANICOS,847.0799999999999,13.0,3.0,2.0,3.0,282.35999999999996,320.0,492.58,4,2,2022,14,42.52,1150.0,1445.57,33420.49999999999,879.3633333333331,2411.555
2022-05,NAVE_CATEGORIA,NAVE_011 | REPUESTOS MECANICOS,3627.01,338.0,5.0,5.0,3.0,725.402,270.0,2901.36,5,2,2022,15,847.0799999999999,42.52,1150.0,1072.47,679.8666666666663,1666.8549999999998
2022-07,NAVE_CATEGORIA,NAVE_011 | REPUESTOS MECANICOS,718.0,4.0,2.0,2.0,1.0,359.0,359.0,690.0,7,3,2022,16,3627.01,847.0799999999999,42.52,345.0,1505.5366666666662,1610.015
2022-08,NAVE_CATEGORIA,NAVE_011 | REPUESTOS MECANICOS,320.0,1.0,1.0,1.0,1.0,320.0,320.0,320.0,8,3,2022,17,718.0,3627.01,847.0799999999999,1190.0,1730.696666666666,1305.03
2022-09,NAVE_CATEGORIA,NAVE_011 | REPUESTOS MECANICOS,360.39,1.0,1.0,1.0,1.0,360.39,360.39,360.39,9,3,2022,18,320.0,718.0,3627.01,498.0,1555.0033333333329,1117.4350000000002
2022-10,NAVE_CATEGORIA,NAVE_011 | REPUESTOS MECANICOS,2396.0,2.0,1.0,1.0,1.0,2396.0,2396.0,2396.0,10,4,2022,19,360.39,320.0,718.0,91.31,466.12999999999965,985.8333333333335
2022-11,NAVE_CATEGORIA,NAVE_011 | REPUESTOS MECANICOS,134120.97999999998,792.0,105.0,102.0,6.0,1277.3426666666664,157.64,17047.03,11,4,2022,20,2396.0,360.39,320.0,5315.28,1025.463333333333,1378.08
2022-12,NAVE_CATEGORIA,NAVE_011 | REPUESTOS MECANICOS,573.0,2.0,2.0,2.0,2.0,286.5,286.5,380.0,12,4,2022,21,134120.97999999998,2396.0,360.39,3968.05,45625.789999999986,23590.396666666664
2023-01,NAVE_CATEGORIA,NAVE_011 | REPUESTOS MECANICOS,5098.24,7.0,3.0,3.0,2.0,1699.4133333333332,1350.0,2951.49,1,1,2023,22,573.0,134120.97999999998,2396.0,2547.91,45696.65999999998,23081.394999999993
2023-02,NAVE_CATEGORIA,NAVE_011 | REPUESTOS MECANICOS,3609.46,3.0,2.0,2.0,2.0,1804.73,1804.73,3562.18,2,1,2023,23,5098.24,573.0,134120.97999999998,1445.57,46597.40666666665,23811.434999999994
2023-04,NAVE_CATEGORIA,NAVE_011 | REPUESTOS MECANICOS,68553.33999999998,287.0,28.0,28.0,2.0,2448.333571428571,434.88,17370.41,4,2,2023,24,3609.46,5098.24,573.0,1150.0,3093.566666666657,24359.67833333333
2023-05,NAVE_CATEGORIA,NAVE_011 | REPUESTOS MECANICOS,95.0,1.0,1.0,1.0,1.0,95.0,95.0,95.0,5,2,2023,25,68553.33999999998,3609.46,5098.24,42.52,25753.679999999982,35725.16999999999
2023-06,NAVE_CATEGORIA,NAVE_011 | REPUESTOS MECANICOS,1481.58,22.0,4.0,4.0,3.0,370.395,330.315,650.95,6,2,2023,26,95.0,68553.33999999998,3609.46,847.0799999999999,24085.933333333316,35341.66999999999
2023-07,NAVE_CATEGORIA,NAVE_011 | REPUESTOS MECANICOS,257.14,1.0,1.0,1.0,1.0,257.14,257.14,257.14,7,3,2023,27,1481.58,95.0,68553.33999999998,3627.01,23376.639999999985,13235.10333333333
2023-10,NAVE_CATEGORIA,NAVE_011 | REPUESTOS MECANICOS,18549.6,472.0,61.0,61.0,4.0,304.0918032786885,101.18,4329.42,10,4,2023,28,257.14,1481.58,95.0,718.0,611.2399999999902,13182.459999999997
2023-11,NAVE_CATEGORIA,NAVE_011 | REPUESTOS MECANICOS,422.08000200000004,456.0,5.0,5.0,2.0,84.4160004,22.5,248.22,11,4,2023,29,18549.6,257.14,1481.58,320.0,6762.7733333333235,15424.353333333327
2024-02,NAVE_CATEGORIA,NAVE_011 | REPUESTOS MECANICOS,12377.16,120.0,18.0,18.0,1.0,687.62,231.93,6300.0,2,1,2024,30,422.08000200000004,18549.6,257.14,360.39,6409.606667333323,14893.123333666663
2024-03,NAVE_CATEGORIA,NAVE_011 | REPUESTOS MECANICOS,187.56,14.0,4.0,4.0,1.0,46.89,30.16,125.51,3,1,2024,31,12377.16,422.08000200000004,18549.6,2396.0,10449.613333999989,5530.426667
2024-04,NAVE_CATEGORIA,NAVE_011 | REPUESTOS MECANICOS,1926.0900000000001,799.0,12.0,12.0,1.0,160.50750000000002,161.44,411.59,4,2,2024,32,187.56,12377.16,422.08000200000004,134120.97999999998,4328.93333399999,5545.853333666667
2024-06,NAVE_CATEGORIA,NAVE_011 | REPUESTOS MECANICOS,20.94,1.0,1.0,1.0,1.0,20.94,20.94,20.94,6,2,2024,33,1926.0900000000001,187.56,12377.16,573.0,4830.26999999999,5619.938333666666
2024-09,NAVE_CATEGORIA,NAVE_011 | REPUESTOS MECANICOS,716.2499999999999,19.0,5.0,5.0,3.0,143.24999999999997,120.27,254.13,9,3,2024,34,20.94,1926.0900000000001,187.56,5098.24,711.5299999999903,5580.571667
2024-10,NAVE_CATEGORIA,NAVE_011 | REPUESTOS MECANICOS,20.94,2.0,1.0,1.0,1.0,20.94,20.94,20.94,10,4,2024,35,716.2499999999999,20.94,1926.0900000000001,3609.46,887.7599999999903,2608.3466670000003
2025-03,NAVE_CATEGORIA,NAVE_011 | REPUESTOS MECANICOS,1493.11,16.0,5.0,5.0,1.0,298.62199999999996,119.33,1047.28,3,1,2025,36,20.94,716.2499999999999,20.94,68553.33999999998,252.7099999999903,2541.4900000000002
2025-09,NAVE_CATEGORIA,NAVE_011 | REPUESTOS MECANICOS,632.54,2.0,1.0,1.0,1.0,632.54,632.54,632.54,9,3,2025,37,1493.11,20.94,716.2499999999999,95.0,743.4333333333235,727.4816666666666
2021-01,NAVE_CATEGORIA,NAVE_011 | SERVICIOS DE MANTENIMIENTO,300.0,1.0,1.0,1.0,1.0,300.0,300.0,300.0,1,1,2021,0,,,,,,
2021-02,NAVE_CATEGORIA,NAVE_011 | SERVICIOS DE MANTENIMIENTO,6337.08,10.0,10.0,3.0,6.0,633.708,177.0,2795.0,2,1,2021,1,300.0,,,,,
2021-03,NAVE_CATEGORIA,NAVE_011 | SERVICIOS DE MANTENIMIENTO,8989.64,7.0,7.0,2.0,4.0,1284.2342857142855,240.0,7250.0,3,1,2021,2,6337.08,300.0,,,,
2021-04,NAVE_CATEGORIA,NAVE_011 | SERVICIOS DE MANTENIMIENTO,88358.42000000001,39.0,39.0,4.0,21.0,2265.6005128205134,1476.0,10201.5,4,2,2021,3,8989.64,6337.08,300.0,,5208.906666666667,
2021-05,NAVE_CATEGORIA,NAVE_011 | SERVICIOS DE MANTENIMIENTO,21329.22,17.0,17.0,5.0,8.0,1254.66,660.9,7191.64,5,2,2021,4,88358.42000000001,8989.64,6337.08,,34561.71333333334,
2021-06,NAVE_CATEGORIA,NAVE_011 | SERVICIOS DE MANTENIMIENTO,15008.65,20.0,20.0,5.0,11.0,750.4325,247.5,3330.0,6,2,2021,5,21329.22,88358.42000000001,8989.64,,39559.09333333334,
2021-07,NAVE_CATEGORIA,NAVE_011 | SERVICIOS DE MANTENIMIENTO,31004.769999999997,12.0,12.0,3.0,9.0,2583.730833333333,1050.0,18722.0,7,3,2021,6,15008.65,21329.22,88358.42000000001,,41565.43,23387.168333333335
2021-08,NAVE_CATEGORIA,NAVE_011 | SERVICIOS DE MANTENIMIENTO,9664.6,8.0,8.0,2.0,6.0,1208.075,405.0,5600.0,8,3,2021,7,31004.769999999997,15008.65,21329.22,,22447.546666666665,28504.630000000005
2021-09,NAVE_CATEGORIA,NAVE_011 | SERVICIOS DE MANTENIMIENTO,836.0,2.0,2.0,1.0,2.0,418.0,418.0,550.0,9,3,2021,8,9664.6,31004.769999999997,15008.65,,18559.34,29059.21666666667
2021-10,NAVE_CATEGORIA,NAVE_011 | SERVICIOS DE MANTENIMIENTO,4269.4400000000005,8.0,8.0,3.0,4.0,533.6800000000001,379.66499999999996,1278.24,10,4,2021,9,836.0,9664.6,31004.769999999997,,13835.123333333331,27700.27666666667
2021-11,NAVE_CATEGORIA,NAVE_011 | SERVICIOS DE MANTENIMIENTO,440.0,2.0,2.0,2.0,2.0,220.0,220.0,240.0,11,4,2021,10,4269.4400000000005,836.0,9664.6,,4923.346666666667,13685.446666666665
2021-12,NAVE_CATEGORIA,NAVE_011 | SERVICIOS DE MANTENIMIENTO,300.0,1.0,1.0,1.0,1.0,300.0,300.0,300.0,12,4,2021,11,440.0,4269.4400000000005,836.0,,1848.4800000000002,10203.91
2022-01,NAVE_CATEGORIA,NAVE_011 | SERVICIOS DE MANTENIMIENTO,1010.9100000000001,4.0,4.0,1.0,2.0,252.72750000000002,98.23,800.0,1,1,2022,12,300.0,440.0,4269.4400000000005,300.0,1669.8133333333335,7752.468333333333
2022-02,NAVE_CATEGORIA,NAVE_011 | SERVICIOS DE MANTENIMIENTO,1475.0,2.0,2.0,2.0,2.0,737.5,737.5,1225.0,2,1,2022,13,1010.9100000000001,300.0,440.0,6337.08,583.6366666666667,2753.491666666667
2022-04,NAVE_CATEGORIA,NAVE_011 | SERVICIOS DE MANTENIMIENTO,4540.0,3.0,3.0,1.0,2.0,1513.3333333333333,900.0,3250.0,4,2,2022,14,1475.0,1010.9100000000001,300.0,8989.64,928.6366666666667,1388.5583333333334
2022-05,NAVE_CATEGORIA,NAVE_011 | SERVICIOS DE MANTENIMIENTO,4126.0,4.0,4.0,2.0,4.0,1031.5,928.0,1970.0,5,2,2022,15,4540.0,1475.0,1010.9100000000001,88358.42000000001,2341.97,2005.8916666666667
2022-06,NAVE_CATEGORIA,NAVE_011 | SERVICIOS DE MANTENIMIENTO,12686.6,13.0,13.0,2.0,9.0,975.8923076923077,750.0,3610.0,6,2,2022,16,4126.0,4540.0,1475.0,21329.22,3380.3333333333335,1981.985
2022-07,NAVE_CATEGORIA,NAVE_011 | SERVICIOS DE MANTENIMIENTO,4276.59,9.0,9.0,2.0,2.0,475.1766666666667,137.2,2132.0,7,3,2022,17,12686.6,4126.0,4540.0,15008.65,7117.533333333333,4023.0850000000005
2022-08,NAVE_CATEGORIA,NAVE_011 | SERVICIOS DE MANTENIMIENTO,8630.0,3.0,3.0,1.0,2.0,2876.6666666666665,3000.0,4630.0,8,3,2022,18,4276.59,12686.6,4126.0,31004.769999999997,7029.7300000000005,4685.849999999999
2022-09,NAVE_CATEGORIA,NAVE_011 | SERVICIOS DE MANTENIMIENTO,10946.5,5.0,5.0,2.0,4.0,2189.3,1100.0,8065.5,9,3,2022,19,8630.0,4276.59,12686.6,9664.6,8531.063333333334,5955.698333333334
2022-10,NAVE_CATEGORIA,NAVE_011 | SERVICIOS DE MANTENIMIENTO,2166.0,4.0,4.0,2.0,3.0,541.5,243.0,1650.0,10,4,2022,20,10946.5,8630.0,4276.59,836.0,7951.03,7534.281666666667
2022-11,NAVE_CATEGORIA,NAVE_011 | SERVICIOS DE MANTENIMIENTO,16638.5,12.0,12.0,2.0,5.0,1386.5416666666667,397.5,9000.0,11,4,2022,21,2166.0,10946.5,8630.0,4269.4400000000005,7247.5,7138.615000000001
2022-12,NAVE_CATEGORIA,NAVE_011 | SERVICIOS DE MANTENIMIENTO,1998.0,3.0,3.0,1.0,3.0,666.0,558.0,1350.0,12,4,2022,22,16638.5,2166.0,10946.5,440.0,9917.0,9224.031666666668
2023-01,NAVE_CATEGORIA,NAVE_011 | SERVICIOS DE MANTENIMIENTO,13719.8,10.0,10.0,2.0,7.0,1371.98,980.0,3500.0,1,1,2023,23,1998.0,16638.5,2166.0,300.0,6934.166666666667,7442.598333333334
2023-02,NAVE_CATEGORIA,NAVE_011 | SERVICIOS DE MANTENIMIENTO,4016.52,3.0,3.0,2.0,2.0,1338.84,265.56,3500.96,2,1,2023,24,13719.8,1998.0,16638.5,1010.9100000000001,10785.433333333332,9016.466666666667
2023-03,NAVE_CATEGORIA,NAVE_011 | SERVICIOS DE MANTENIMIENTO,19213.16,7.0,7.0,4.0,7.0,2744.7371428571428,180.0,16700.0,3,1,2023,25,4016.52,13719.8,1998.0,1475.0,6578.106666666667,8247.553333333333
2023-04,NAVE_CATEGORIA,NAVE_011 | SERVICIOS DE MANTENIMIENTO,24093.19,11.0,11.0,3.0,6.0,2190.29,550.0,16700.02,4,2,2023,26,19213.16,4016.52,13719.8,4540.0,12316.493333333332,9625.33
2023-05,NAVE_CATEGORIA,NAVE_011 | SERVICIOS DE MANTENIMIENTO,11945.16,9.0,9.0,2.0,7.0,1327.24,650.0,6090.0,5,2,2023,27,24093.19,19213.16,4016.52,4126.0,15774.289999999999,13279.861666666666
2023-06,NAVE_CATEGORIA,NAVE_011 | SERVICIOS DE MANTENIMIENTO,14996.839999999998,6.0,6.0,2.0,5.0,2499.473333333333,1075.0,8419.8,6,2,2023,28,11945.16,24093.19,19213.16,12686.6,18417.170000000002,12497.638333333334
2023-07,NAVE_CATEGORIA,NAVE_011 | SERVICIOS DE MANTENIMIENTO,7798.63,12.0,12.0,2.0,5.0,649.8858333333334,260.0,2740.0,7,3,2023,29,14996.839999999998,11945.16,24093.19,4276.59,17011.73,14664.111666666666
2023-08,NAVE_CATEGORIA,NAVE_011 | SERVICIOS DE MANTENIMIENTO,2030.46,5.0,5.0,3.0,4.0,406.092,404.0,900.0,8,3,2023,30,7798.63,14996.839999999998,11945.16,8630.0,11580.21,13677.25
2023-09,NAVE_CATEGORIA,NAVE_011 | SERVICIOS DE MANTENIMIENTO,6951.82,12.0,12.0,3.0,8.0,579.3183333333333,340.0,1750.0,9,3,2023,31,2030.46,7798.63,14996.839999999998,10946.5,8275.31,13346.24
2023-10,NAVE_CATEGORIA,NAVE_011 | SERVICIOS DE MANTENIMIENTO,6066.33,8.0,8.0,2.0,5.0,758.29125,530.0,1882.4,10,4,2023,32,6951.82,2030.46,7798.63,2166.0,5593.636666666666,11302.683333333334
2023-11,NAVE_CATEGORIA,NAVE_011 | SERVICIOS DE MANTENIMIENTO,21763.06,7.0,7.0,2.0,5.0,3109.0085714285715,4419.61,5680.0,11,4,2023,33,6066.33,6951.82,2030.46,16638.5,5016.203333333333,8298.206666666667
2023-12,NAVE_CATEGORIA,NAVE_011 | SERVICIOS DE MANTENIMIENTO,4148.25,5.0,5.0,2.0,4.0,829.65,601.0,1876.25,12,4,2023,34,21763.06,6066.33,6951.82,1998.0,11593.736666666666,9934.523333333333
2024-01,NAVE_CATEGORIA,NAVE_011 | SERVICIOS DE MANTENIMIENTO,99.0,2.0,1.0,1.0,1.0,99.0,99.0,99.0,1,1,2024,35,4148.25,21763.06,6066.33,13719.8,10659.213333333335,8126.425
2024-02,NAVE_CATEGORIA,NAVE_011 | SERVICIOS DE MANTENIMIENTO,13537.0,6.0,6.0,1.0,6.0,2256.1666666666665,1325.0,7000.0,2,1,2024,36,99.0,4148.25,21763.06,4016.52,8670.103333333334,6843.153333333333
2024-03,NAVE_CATEGORIA,NAVE_011 | SERVICIOS DE MANTENIMIENTO,37648.24,20.0,20.0,1.0,10.0,1882.4119999999998,1201.54,5600.0,3,1,2024,37,13537.0,99.0,4148.25,19213.16,5928.083333333333,8760.910000000002
2024-04,NAVE_CATEGORIA,NAVE_011 | SERVICIOS DE MANTENIMIENTO,60187.16,23.0,23.0,1.0,13.0,2616.833043478261,2182.39,7400.0,4,2,2024,38,37648.24,13537.0,99.0,24093.19,17094.746666666666,13876.980000000001
2024-05,NAVE_CATEGORIA,NAVE_011 | SERVICIOS DE MANTENIMIENTO,47018.520000000004,12.0,12.0,1.0,10.0,3918.2100000000005,2433.85,20672.0,5,2,2024,39,60187.16,37648.24,13537.0,11945.16,37124.13333333333,22897.118333333332
2024-06,NAVE_CATEGORIA,NAVE_011 | SERVICIOS DE MANTENIMIENTO,56086.74999999999,14.0,14.0,1.0,5.0,4006.196428571428,2077.5,19500.0,6,2,2024,40,47018.520000000004,60187.16,37648.24,14996.839999999998,48284.64000000001,27106.361666666668
2024-07,NAVE_CATEGORIA,NAVE_011 | SERVICIOS DE MANTENIMIENTO,16840.0,4.0,4.0,1.0,4.0,4210.0,2820.0,9800.0,7,3,2024,41,56086.74999999999,47018.520000000004,60187.16,7798.63,54430.81,35762.77833333333
2024-08,NAVE_CATEGORIA,NAVE_011 | SERVICIOS DE MANTENIMIENTO,120.0,1.0,1.0,1.0,1.0,120.0,120.0,120.0,8,3,2024,42,16840.0,56086.74999999999,47018.520000000004,2030.46,39981.75666666667,38552.945
2024-09,NAVE_CATEGORIA,NAVE_011 | SERVICIOS DE MANTENIMIENTO,5825.0,3.0,3.0,1.0,2.0,1941.6666666666667,1450.0,4075.0,9,3,2024,43,120.0,16840.0,56086.74999999999,6951.82,24348.916666666668,36316.77833333333
2024-10,NAVE_CATEGORIA,NAVE_011 | SERVICIOS DE MANTENIMIENTO,2015.4,4.0,4.0,1.0,4.0,503.85,507.7,800.0,10,4,2024,44,5825.0,120.0,16840.0,6066.33,7595.0,31012.905
2024-11,NAVE_CATEGORIA,NAVE_011 | SERVICIOS DE MANTENIMIENTO,10368.69,6.0,6.0,1.0,5.0,1728.115,1695.0,3048.67,11,4,2024,45,2015.4,5825.0,120.0,21763.06,2653.4666666666667,21317.611666666664
2024-12,NAVE_CATEGORIA,NAVE_011 | SERVICIOS DE MANTENIMIENTO,8233.19,4.0,4.0,1.0,4.0,2058.2975,1941.98,4000.0,12,4,2024,46,10368.69,2015.4,5825.0,4148.25,6069.696666666667,15209.306666666664
2025-01,NAVE_CATEGORIA,NAVE_011 | SERVICIOS DE MANTENIMIENTO,9061.35,7.0,7.0,1.0,7.0,1294.4785714285715,750.0,3546.35,1,1,2025,47,8233.19,10368.69,2015.4,99.0,6872.426666666666,7233.713333333332
2025-02,NAVE_CATEGORIA,NAVE_011 | SERVICIOS DE MANTENIMIENTO,6334.5,11.0,11.0,1.0,5.0,575.8636363636364,369.5,2010.0,2,1,2025,48,9061.35,8233.19,10368.69,13537.0,9221.076666666666,5937.271666666665
2025-03,NAVE_CATEGORIA,NAVE_011 | SERVICIOS DE MANTENIMIENTO,824.86,4.0,4.0,1.0,3.0,206.215,201.305,335.29,3,1,2025,49,6334.5,9061.35,8233.19,37648.24,7876.346666666667,6973.021666666665
2025-04,NAVE_CATEGORIA,NAVE_011 | SERVICIOS DE MANTENIMIENTO,7007.0,5.0,5.0,1.0,5.0,1401.4,847.0,4440.0,4,2,2025,50,824.86,6334.5,9061.35,60187.16,5406.903333333334,6139.664999999998
2025-05,NAVE_CATEGORIA,NAVE_011 | SERVICIOS DE MANTENIMIENTO,12573.43,4.0,4.0,1.0,3.0,3143.3575,1671.4650000000001,8407.5,5,2,2025,51,7007.0,824.86,6334.5,47018.520000000004,4722.12,6971.5983333333315
2025-06,NAVE_CATEGORIA,NAVE_011 | SERVICIOS DE MANTENIMIENTO,2425.0,2.0,2.0,1.0,2.0,1212.5,1212.5,1725.0,6,2,2025,52,12573.43,7007.0,824.86,56086.74999999999,6801.763333333333,7339.054999999999
2025-07,NAVE_CATEGORIA,NAVE_011 | SERVICIOS DE MANTENIMIENTO,4200.0,8.0,8.0,1.0,4.0,525.0,475.0,1110.0,7,3,2025,53,2425.0,12573.43,7007.0,16840.0,7335.143333333333,6371.023333333332
2025-08,NAVE_CATEGORIA,NAVE_011 | SERVICIOS DE MANTENIMIENTO,5315.4,4.0,4.0,1.0,3.0,1328.85,1317.7,2380.0,8,3,2025,54,4200.0,2425.0,12573.43,120.0,6399.4766666666665,5560.798333333332
2025-09,NAVE_CATEGORIA,NAVE_011 | SERVICIOS DE MANTENIMIENTO,18776.57,10.0,10.0,1.0,8.0,1877.657,741.4100000000001,7000.0,9,3,2025,55,5315.4,4200.0,2425.0,5825.0,3980.133333333333,5390.948333333333
2021-01,NAVE_CATEGORIA,NAVE_013 | FERRETERIA,88.6,12.0,2.0,2.0,2.0,44.3,44.3,76.0,1,1,2021,0,,,,,,
2021-02,NAVE_CATEGORIA,NAVE_013 | FERRETERIA,1137.08,71.0,9.0,9.0,3.0,126.34222222222222,51.3,774.53,2,1,2021,1,88.6,,,,,
2021-03,NAVE_CATEGORIA,NAVE_013 | FERRETERIA,416.78999999999996,21.0,2.0,2.0,2.0,208.39499999999998,208.39499999999998,215.0,3,1,2021,2,1137.08,88.6,,,,
2021-04,NAVE_CATEGORIA,NAVE_013 | FERRETERIA,122.6,118.0,4.0,4.0,2.0,30.65,4.8,110.0,4,2,2021,3,416.78999999999996,1137.08,88.6,,547.4899999999999,
2021-05,NAVE_CATEGORIA,NAVE_013 | FERRETERIA,444.96000000000004,34.0,17.0,17.0,3.0,26.174117647058825,12.0,99.5,5,2,2021,4,122.6,416.78999999999996,1137.08,,558.8233333333333,
2021-06,NAVE_CATEGORIA,NAVE_013 | FERRETERIA,83.0,20.0,5.0,5.0,1.0,16.6,11.6,36.32,6,2,2021,5,444.96000000000004,122.6,416.78999999999996,,328.1166666666667,
2021-07,NAVE_CATEGORIA,NAVE_013 | FERRETERIA,76.55,1.0,1.0,1.0,1.0,76.55,76.55,76.55,7,3,2021,6,83.0,444.96000000000004,122.6,,216.85333333333335,382.1716666666666
2021-09,NAVE_CATEGORIA,NAVE_013 | FERRETERIA,29.009999999999998,14.0,4.0,4.0,1.0,7.2524999999999995,7.08,10.5,9,3,2021,7,76.55,83.0,444.96000000000004,,201.50333333333333,380.16333333333336
2021-10,NAVE_CATEGORIA,NAVE_013 | FERRETERIA,118.0,36.0,5.0,5.0,1.0,23.6,12.0,60.0,10,4,2021,8,29.009999999999998,76.55,83.0,,62.85333333333333,195.485
2022-02,NAVE_CATEGORIA,NAVE_013 | FERRETERIA,260.0,4.0,1.0,1.0,1.0,260.0,260.0,260.0,2,1,2022,9,118.0,29.009999999999998,76.55,,74.52,145.6866666666667
2022-03,NAVE_CATEGORIA,NAVE_013 | FERRETERIA,553.7399999999999,188.0,29.0,29.0,1.0,19.094482758620686,6.74,164.24,3,1,2022,10,260.0,118.0,29.009999999999998,,135.67,168.58666666666667
2022-05,NAVE_CATEGORIA,NAVE_013 | FERRETERIA,11.2,40.0,1.0,1.0,1.0,11.2,11.2,11.2,5,2,2022,11,553.7399999999999,260.0,118.0,,310.58,186.71666666666667
2022-06,NAVE_CATEGORIA,NAVE_013 | FERRETERIA,540.5,104.0,5.0,5.0,4.0,108.1,110.0,229.07,6,2,2022,12,11.2,553.7399999999999,260.0,88.6,274.97999999999996,174.75
2022-07,NAVE_CATEGORIA,NAVE_013 | FERRETERIA,38.08,17.0,7.0,7.0,2.0,5.4399999999999995,4.5,10.5,7,3,2022,13,540.5,11.2,553.7399999999999,1137.08,368.48,252.07500000000002
2022-09,NAVE_CATEGORIA,NAVE_013 | FERRETERIA,543.04,31.0,7.0,7.0,3.0,77.57714285714285,20.4,290.0,9,3,2022,14,38.08,540.5,11.2,416.78999999999996,196.59333333333336,253.58666666666667
2022-11,NAVE_CATEGORIA,NAVE_013 | FERRETERIA,43.43,24.0,1.0,1.0,1.0,43.43,43.43,43.43,11,4,2022,15,543.04,38.08,540.5,122.6,373.8733333333333,324.4266666666667
2023-01,NAVE_CATEGORIA,NAVE_013 | FERRETERIA,728.83,1.0,1.0,1.0,1.0,728.83,728.83,728.83,1,1,2023,16,43.43,543.04,38.08,444.96000000000004,208.1833333333333,288.33166666666665
2023-02,NAVE_CATEGORIA,NAVE_013 | FERRETERIA,3602.6499999999996,297.5,44.0,43.0,11.0,81.87840909090909,23.02,1089.68,2,1,2023,17,728.83,43.43,543.04,83.0,438.43333333333334,317.5133333333333
2023-04,NAVE_CATEGORIA,NAVE_013 | FERRETERIA,2220.0,49.0,2.0,2.0,2.0,1110.0,1110.0,2040.0,4,2,2023,18,3602.6499999999996,728.83,43.43,76.55,1458.3033333333333,916.0883333333333
2023-05,NAVE_CATEGORIA,NAVE_013 | FERRETERIA,278.95,52.0,8.0,8.0,2.0,34.86875,18.0,105.0,5,2,2023,19,2220.0,3602.6499999999996,728.83,29.009999999999998,2183.8266666666664,1196.0049999999999
2023-06,NAVE_CATEGORIA,NAVE_013 | FERRETERIA,192.0,2.0,2.0,2.0,2.0,96.0,96.0,136.0,6,2,2023,20,278.95,2220.0,3602.6499999999996,118.0,2033.8666666666666,1236.1499999999999
2023-07,NAVE_CATEGORIA,NAVE_013 | FERRETERIA,123.98,30.0,1.0,1.0,1.0,123.98,123.98,123.98,7,3,2023,21,192.0,278.95,2220.0,260.0,896.9833333333332,1177.6433333333332
2023-08,NAVE_CATEGORIA,NAVE_013 | FERRETERIA,1107.7699999999998,209.0,24.0,24.0,2.0,46.157083333333325,11.55,745.42,8,3,2023,22,123.98,192.0,278.95,553.7399999999999,198.30999999999997,1191.0683333333334
2023-10,NAVE_CATEGORIA,NAVE_013 | FERRETERIA,573.57,145.0,22.0,22.0,4.0,26.07136363636364,8.25,206.63,10,4,2023,23,1107.7699999999998,123.98,192.0,11.2,474.58333333333326,1254.225
2025-04,NAVE_CATEGORIA,NAVE_013 | FERRETERIA,68.96000000000001,11.0,3.0,3.0,1.0,22.986666666666668,22.4,28.16,4,2,2025,24,573.57,1107.7699999999998,123.98,540.5,601.7733333333332,749.3783333333332
2025-05,NAVE_CATEGORIA,NAVE_013 | FERRETERIA,97.32000000000001,26.0,4.0,4.0,1.0,24.330000000000002,14.775,62.4,5,2,2025,25,68.96000000000001,573.57,1107.7699999999998,38.08,583.4333333333333,390.87166666666667
2025-07,NAVE_CATEGORIA,NAVE_013 | FERRETERIA,205.18999999999997,101.0,12.0,12.0,1.0,17.099166666666665,9.77,49.76,7,3,2025,26,97.32000000000001,68.96000000000001,573.57,543.04,246.61666666666667,360.59999999999997
2025-08,NAVE_CATEGORIA,NAVE_013 | FERRETERIA,1634.25,468.0,3.0,3.0,1.0,544.75,154.44,1475.6,8,3,2025,27,205.18999999999997,97.32000000000001,68.96000000000001,43.43,123.82333333333332,362.79833333333335
2025-09,NAVE_CATEGORIA,NAVE_013 | FERRETERIA,55.8,7.0,3.0,3.0,1.0,18.599999999999998,19.8,29.0,9,3,2025,28,1634.25,205.18999999999997,97.32000000000001,728.83,645.5866666666667,614.5099999999999
2025-11,NAVE_CATEGORIA,NAVE_013 | FERRETERIA,2144.2300000000005,28.0,10.0,8.0,1.0,214.42300000000006,7.225,1615.7,11,4,2025,29,55.8,1634.25,205.18999999999997,3602.6499999999996,631.7466666666667,439.1816666666667
2025-12,NAVE_CATEGORIA,NAVE_013 | FERRETERIA,2859.7400000000002,289.0,39.0,37.0,3.0,73.32666666666667,20.46,905.62,12,4,2025,30,2144.2300000000005,55.8,1634.25,2220.0,1278.0933333333335,700.9583333333334
2021-01,NAVE_CATEGORIA,NAVE_013 | REPUESTOS MECANICOS,172.9,2.0,1.0,1.0,1.0,172.9,172.9,172.9,1,1,2021,0,,,,,,
2021-02,NAVE_CATEGORIA,NAVE_013 | REPUESTOS MECANICOS,976.5600000000001,20.0,2.0,2.0,1.0,488.28000000000003,488.28000000000003,733.44,2,1,2021,1,172.9,,,,,
2021-03,NAVE_CATEGORIA,NAVE_013 | REPUESTOS MECANICOS,758.7,4.0,2.0,2.0,2.0,379.35,379.35,518.7,3,1,2021,2,976.5600000000001,172.9,,,,
2021-10,NAVE_CATEGORIA,NAVE_013 | REPUESTOS MECANICOS,1717.3200000000002,24.0,2.0,2.0,1.0,858.6600000000001,858.6600000000001,1348.92,10,4,2021,3,758.7,976.5600000000001,172.9,,636.0533333333334,
2021-11,NAVE_CATEGORIA,NAVE_013 | REPUESTOS MECANICOS,4507.099999999999,13.0,7.0,7.0,2.0,643.8714285714285,410.19,1513.07,11,4,2021,4,1717.3200000000002,758.7,976.5600000000001,,1150.86,
2021-12,NAVE_CATEGORIA,NAVE_013 | REPUESTOS MECANICOS,484.58,2.0,1.0,1.0,1.0,484.58,484.58,484.58,12,4,2021,5,4507.099999999999,1717.3200000000002,758.7,,2327.7066666666665,
2022-01,NAVE_CATEGORIA,NAVE_013 | REPUESTOS MECANICOS,1250.0,2.0,2.0,2.0,1.0,625.0,625.0,758.93,1,1,2022,6,484.58,4507.099999999999,1717.3200000000002,,2236.3333333333335,1436.1933333333334
2022-02,NAVE_CATEGORIA,NAVE_013 | REPUESTOS MECANICOS,6760.179999999999,191.0,62.0,59.0,1.0,109.03516129032258,36.769999999999996,1409.64,2,1,2022,7,1250.0,484.58,4507.099999999999,,2080.56,1615.71
2022-03,NAVE_CATEGORIA,NAVE_013 | REPUESTOS MECANICOS,12646.0,4.0,3.0,3.0,2.0,4215.333333333333,636.63,11770.37,3,1,2022,8,6760.179999999999,1250.0,484.58,,2831.586666666666,2579.646666666667
2022-04,NAVE_CATEGORIA,NAVE_013 | REPUESTOS MECANICOS,764.7799999999999,6.0,6.0,6.0,1.0,127.46333333333331,130.98,349.6,4,2,2022,9,12646.0,6760.179999999999,1250.0,,6885.393333333333,4560.863333333334
2022-06,NAVE_CATEGORIA,NAVE_013 | REPUESTOS MECANICOS,237.2,2.0,2.0,2.0,2.0,118.6,118.6,230.38,6,2,2022,10,764.7799999999999,12646.0,6760.179999999999,,6723.653333333333,4402.106666666667
2022-10,NAVE_CATEGORIA,NAVE_013 | REPUESTOS MECANICOS,157.56,4.0,3.0,3.0,1.0,52.52,53.31,90.97,10,4,2022,11,237.2,764.7799999999999,12646.0,,4549.326666666666,3690.456666666667
2022-11,NAVE_CATEGORIA,NAVE_013 | REPUESTOS MECANICOS,53.31,1.0,1.0,1.0,1.0,53.31,53.31,53.31,11,4,2022,12,157.56,237.2,764.7799999999999,172.9,386.5133333333327,3635.9533333333334
2023-02,NAVE_CATEGORIA,NAVE_013 | REPUESTOS MECANICOS,3185.48,36.0,7.0,6.0,4.0,455.06857142857143,284.88,1145.47,2,1,2023,13,53.31,157.56,237.2,976.5600000000001,149.35666666666606,3436.5049999999997
2023-03,NAVE_CATEGORIA,NAVE_013 | REPUESTOS MECANICOS,70.08,8.0,1.0,1.0,1.0,70.08,70.08,70.08,3,1,2023,14,3185.48,53.31,157.56,758.7,1132.116666666666,2840.721666666667
2023-04,NAVE_CATEGORIA,NAVE_013 | REPUESTOS MECANICOS,551.4,1.0,1.0,1.0,1.0,551.4,551.4,551.4,4,2,2023,15,70.08,3185.48,53.31,1717.3200000000002,1102.956666666666,744.735
2023-05,NAVE_CATEGORIA,NAVE_013 | REPUESTOS MECANICOS,582.3199999999999,30.0,3.0,3.0,2.0,194.10666666666665,195.0,225.0,5,2,2023,16,551.4,70.08,3185.48,4507.099999999999,1268.986666666666,709.1716666666667
2023-06,NAVE_CATEGORIA,NAVE_013 | REPUESTOS MECANICOS,2287.5099999999998,11.0,3.0,3.0,3.0,762.5033333333332,572.73,1498.35,6,2,2023,17,582.3199999999999,551.4,70.08,484.58,401.266666666666,766.6916666666666
2023-08,NAVE_CATEGORIA,NAVE_013 | REPUESTOS MECANICOS,600.0,5.0,1.0,1.0,1.0,600.0,600.0,600.0,8,3,2023,18,2287.5099999999998,582.3199999999999,551.4,1250.0,1140.4099999999992,1121.6833333333334
2023-09,NAVE_CATEGORIA,NAVE_013 | REPUESTOS MECANICOS,2033.1,23.0,7.0,7.0,2.0,290.4428571428571,108.31,981.23,9,3,2023,19,600.0,2287.5099999999998,582.3199999999999,6760.179999999999,1156.6099999999994,1212.7983333333334
2025-04,NAVE_CATEGORIA,NAVE_013 | REPUESTOS MECANICOS,1027.4199999999998,25.0,15.0,15.0,1.0,68.49466666666666,3.26,915.85,4,2,2025,20,2033.1,600.0,2287.5099999999998,12646.0,1640.203333333333,1020.735
2025-05,NAVE_CATEGORIA,NAVE_013 | REPUESTOS MECANICOS,287.67,2.0,2.0,2.0,1.0,143.835,143.835,219.37,5,2,2025,21,1027.4199999999998,2033.1,600.0,764.7799999999999,1220.1733333333325,1180.2916666666667
2025-11,NAVE_CATEGORIA,NAVE_013 | REPUESTOS MECANICOS,7963.83,1.0,1.0,1.0,1.0,7963.83,7963.83,7963.83,11,4,2025,22,287.67,1027.4199999999998,2033.1,237.2,1116.0633333333326,1136.3366666666668
2025-12,NAVE_CATEGORIA,NAVE_013 | REPUESTOS MECANICOS,1530.3200000000002,16.0,8.0,8.0,1.0,191.29000000000002,200.11,391.3,12,4,2025,23,7963.83,287.67,1027.4199999999998,157.56,3092.973333333333,2366.588333333333
2021-02,NAVE_CATEGORIA,NAVE_013 | SERVICIOS DE MANTENIMIENTO,640.0,3.0,3.0,2.0,2.0,213.33333333333334,195.0,250.0,2,1,2021,0,,,,,,
2021-03,NAVE_CATEGORIA,NAVE_013 | SERVICIOS DE MANTENIMIENTO,1625.0,2.0,2.0,2.0,2.0,812.5,812.5,925.0,3,1,2021,1,640.0,,,,,
2021-05,NAVE_CATEGORIA,NAVE_013 | SERVICIOS DE MANTENIMIENTO,1700.0,2.0,2.0,2.0,2.0,850.0,850.0,1600.0,5,2,2021,2,1625.0,640.0,,,,
2021-07,NAVE_CATEGORIA,NAVE_013 | SERVICIOS DE MANTENIMIENTO,3662.0,4.0,4.0,3.0,4.0,915.5,807.5,2000.0,7,3,2021,3,1700.0,1625.0,640.0,,1321.6666666666667,
2021-08,NAVE_CATEGORIA,NAVE_013 | SERVICIOS DE MANTENIMIENTO,2264.6000000000004,2.0,2.0,1.0,1.0,1132.3000000000002,1132.3000000000002,1888.13,8,3,2021,4,3662.0,1700.0,1625.0,,2329.0,
2021-09,NAVE_CATEGORIA,NAVE_013 | SERVICIOS DE MANTENIMIENTO,285.0,1.0,1.0,1.0,1.0,285.0,285.0,285.0,9,3,2021,5,2264.6000000000004,3662.0,1700.0,,2542.2000000000003,
2021-10,NAVE_CATEGORIA,NAVE_013 | SERVICIOS DE MANTENIMIENTO,900.0,1.0,1.0,1.0,1.0,900.0,900.0,900.0,10,4,2021,6,285.0,2264.6000000000004,3662.0,,2070.5333333333333,1696.1000000000001
2021-11,NAVE_CATEGORIA,NAVE_013 | SERVICIOS DE MANTENIMIENTO,760.0,1.0,1.0,1.0,1.0,760.0,760.0,760.0,11,4,2021,7,900.0,285.0,2264.6000000000004,,1149.8666666666668,1739.4333333333334
2021-12,NAVE_CATEGORIA,NAVE_013 | SERVICIOS DE MANTENIMIENTO,1111.0,1.0,1.0,1.0,1.0,1111.0,1111.0,1111.0,12,4,2021,8,760.0,900.0,285.0,,648.3333333333334,1595.2666666666667
2022-01,NAVE_CATEGORIA,NAVE_013 | SERVICIOS DE MANTENIMIENTO,300.0,1.0,1.0,1.0,1.0,300.0,300.0,300.0,1,1,2022,9,1111.0,760.0,900.0,,923.6666666666666,1497.1000000000001
2022-02,NAVE_CATEGORIA,NAVE_013 | SERVICIOS DE MANTENIMIENTO,1440.0,2.0,2.0,1.0,1.0,720.0,720.0,730.0,2,1,2022,10,300.0,1111.0,760.0,,723.6666666666666,936.7666666666668
2022-03,NAVE_CATEGORIA,NAVE_013 | SERVICIOS DE MANTENIMIENTO,2935.0,3.0,3.0,2.0,3.0,978.3333333333334,965.0,1400.0,3,1,2022,11,1440.0,300.0,1111.0,,950.3333333333334,799.3333333333334
2022-04,NAVE_CATEGORIA,NAVE_013 | SERVICIOS DE MANTENIMIENTO,1572.0,2.0,2.0,1.0,2.0,786.0,786.0,1000.0,4,2,2022,12,2935.0,1440.0,300.0,640.0,1558.3333333333333,1241.0
2022-06,NAVE_CATEGORIA,NAVE_013 | SERVICIOS DE MANTENIMIENTO,890.0,1.0,1.0,1.0,1.0,890.0,890.0,890.0,6,2,2022,13,1572.0,2935.0,1440.0,1625.0,1982.3333333333333,1353.0
2022-07,NAVE_CATEGORIA,NAVE_013 | SERVICIOS DE MANTENIMIENTO,250.0,1.0,1.0,1.0,1.0,250.0,250.0,250.0,7,3,2022,14,890.0,1572.0,2935.0,1700.0,1799.0,1374.6666666666667
2022-09,NAVE_CATEGORIA,NAVE_013 | SERVICIOS DE MANTENIMIENTO,1514.0,3.0,3.0,2.0,3.0,504.6666666666667,550.0,600.0,9,3,2022,15,250.0,890.0,1572.0,3662.0,904.0,1231.1666666666667
2022-11,NAVE_CATEGORIA,NAVE_013 | SERVICIOS DE MANTENIMIENTO,900.0,2.0,2.0,1.0,1.0,450.0,450.0,650.0,11,4,2022,16,1514.0,250.0,890.0,2264.6000000000004,884.6666666666666,1433.5
2022-12,NAVE_CATEGORIA,NAVE_013 | SERVICIOS DE MANTENIMIENTO,1317.0,4.0,4.0,2.0,3.0,329.25,310.0,460.0,12,4,2022,17,900.0,1514.0,250.0,285.0,888.0,1343.5
2023-01,NAVE_CATEGORIA,NAVE_013 | SERVICIOS DE MANTENIMIENTO,806.6,3.0,3.0,2.0,3.0,268.8666666666667,240.0,450.0,1,1,2023,18,1317.0,900.0,1514.0,900.0,1243.6666666666667,1073.8333333333333
2023-02,NAVE_CATEGORIA,NAVE_013 | SERVICIOS DE MANTENIMIENTO,29805.97,29.0,29.0,2.0,11.0,1027.7920689655173,419.2,6568.13,2,1,2023,19,806.6,1317.0,900.0,760.0,1007.8666666666667,946.2666666666668
2023-03,NAVE_CATEGORIA,NAVE_013 | SERVICIOS DE MANTENIMIENTO,3947.22,3.0,3.0,1.0,3.0,1315.74,364.0,3472.5,3,1,2023,20,29805.97,806.6,1317.0,1111.0,10643.19,5765.595
2023-04,NAVE_CATEGORIA,NAVE_013 | SERVICIOS DE MANTENIMIENTO,3538.0,4.0,4.0,2.0,4.0,884.5,662.5,2063.0,4,2,2023,21,3947.22,29805.97,806.6,300.0,11519.93,6381.798333333333
2023-05,NAVE_CATEGORIA,NAVE_013 | SERVICIOS DE MANTENIMIENTO,704.0,2.0,2.0,1.0,2.0,352.0,352.0,364.0,5,2,2023,22,3538.0,3947.22,29805.97,1440.0,12430.396666666667,6719.131666666667
2023-07,NAVE_CATEGORIA,NAVE_013 | SERVICIOS DE MANTENIMIENTO,1600.8,2.0,2.0,1.0,1.0,800.4,800.4,800.4,7,3,2023,23,704.0,3538.0,3947.22,2935.0,2729.74,6686.465
2023-08,NAVE_CATEGORIA,NAVE_013 | SERVICIOS DE MANTENIMIENTO,470.0,1.0,1.0,1.0,1.0,470.0,470.0,470.0,8,3,2023,24,1600.8,704.0,3538.0,1572.0,1947.6000000000001,6733.764999999999
2023-09,NAVE_CATEGORIA,NAVE_013 | SERVICIOS DE MANTENIMIENTO,2349.71,6.0,6.0,1.0,3.0,391.61833333333334,265.0,906.88,9,3,2023,25,470.0,1600.8,704.0,890.0,924.9333333333334,6677.665
2023-10,NAVE_CATEGORIA,NAVE_013 | SERVICIOS DE MANTENIMIENTO,870.0,2.0,2.0,1.0,2.0,435.0,435.0,450.0,10,4,2023,26,2349.71,470.0,1600.8,250.0,1473.5033333333333,2101.6216666666664
2023-11,NAVE_CATEGORIA,NAVE_013 | SERVICIOS DE MANTENIMIENTO,1334.22,2.0,2.0,1.0,1.0,667.11,667.11,884.15,11,4,2023,27,870.0,2349.71,470.0,1514.0,1229.9033333333334,1588.7516666666668
2023-12,NAVE_CATEGORIA,NAVE_013 | SERVICIOS DE MANTENIMIENTO,463.0,4.0,4.0,1.0,1.0,115.75,109.0,200.0,12,4,2023,28,1334.22,870.0,2349.71,900.0,1517.9766666666667,1221.4550000000002
2024-01,NAVE_CATEGORIA,NAVE_013 | SERVICIOS DE MANTENIMIENTO,750.0,2.0,2.0,1.0,2.0,375.0,375.0,500.0,1,1,2024,29,463.0,1334.22,870.0,1317.0,889.0733333333334,1181.2883333333332
2024-02,NAVE_CATEGORIA,NAVE_013 | SERVICIOS DE MANTENIMIENTO,2287.13,2.0,2.0,1.0,2.0,1143.565,1143.565,1637.13,2,1,2024,30,750.0,463.0,1334.22,806.6,849.0733333333334,1039.4883333333335
2024-03,NAVE_CATEGORIA,NAVE_013 | SERVICIOS DE MANTENIMIENTO,591.0,1.0,1.0,1.0,1.0,591.0,591.0,591.0,3,1,2024,31,2287.13,750.0,463.0,29805.97,1166.71,1342.3433333333335
2024-04,NAVE_CATEGORIA,NAVE_013 | SERVICIOS DE MANTENIMIENTO,200.0,1.0,1.0,1.0,1.0,200.0,200.0,200.0,4,2,2024,32,591.0,2287.13,750.0,3947.22,1209.3766666666668,1049.2250000000001
2024-05,NAVE_CATEGORIA,NAVE_013 | SERVICIOS DE MANTENIMIENTO,587.84,1.0,1.0,1.0,1.0,587.84,587.84,587.84,5,2,2024,33,200.0,591.0,2287.13,3538.0,1026.0433333333333,937.5583333333334
2024-06,NAVE_CATEGORIA,NAVE_013 | SERVICIOS DE MANTENIMIENTO,13407.6,6.0,6.0,1.0,5.0,2234.6,330.0,11589.0,6,2,2024,34,587.84,200.0,591.0,704.0,459.6133333333334,813.1616666666667
2024-07,NAVE_CATEGORIA,NAVE_013 | SERVICIOS DE MANTENIMIENTO,1182.0,4.0,4.0,1.0,4.0,295.5,316.0,350.0,7,3,2024,35,13407.6,587.84,200.0,1600.8,4731.8133333333335,2970.595
2024-08,NAVE_CATEGORIA,NAVE_013 | SERVICIOS DE MANTENIMIENTO,250.0,1.0,1.0,1.0,1.0,250.0,250.0,250.0,8,3,2024,36,1182.0,13407.6,587.84,470.0,5059.1466666666665,3042.595
2024-09,NAVE_CATEGORIA,NAVE_013 | SERVICIOS DE MANTENIMIENTO,1650.1499999999999,4.0,4.0,1.0,3.0,412.53749999999997,206.065,1120.66,9,3,2024,37,250.0,1182.0,13407.6,2349.71,4946.533333333334,2703.0733333333333
2024-10,NAVE_CATEGORIA,NAVE_013 | SERVICIOS DE MANTENIMIENTO,1220.0,3.0,3.0,1.0,3.0,406.6666666666667,500.0,600.0,10,4,2024,38,1650.1499999999999,250.0,1182.0,870.0,1027.3833333333332,2879.598333333334
2024-11,NAVE_CATEGORIA,NAVE_013 | SERVICIOS DE MANTENIMIENTO,1485.0,2.0,2.0,1.0,2.0,742.5,742.5,900.0,11,4,2024,39,1220.0,1650.1499999999999,250.0,1334.22,1040.05,3049.598333333334
2024-12,NAVE_CATEGORIA,NAVE_013 | SERVICIOS DE MANTENIMIENTO,1804.16,5.0,5.0,1.0,5.0,360.832,250.0,685.0,12,4,2024,40,1485.0,1220.0,1650.1499999999999,463.0,1451.7166666666665,3199.1250000000005
2025-01,NAVE_CATEGORIA,NAVE_013 | SERVICIOS DE MANTENIMIENTO,108.7,1.0,1.0,1.0,1.0,108.7,108.7,108.7,1,1,2025,41,1804.16,1485.0,1220.0,750.0,1503.0533333333333,1265.2183333333335
2025-03,NAVE_CATEGORIA,NAVE_013 | SERVICIOS DE MANTENIMIENTO,5025.0,4.0,4.0,1.0,3.0,1256.25,1175.0,2375.0,3,1,2025,42,108.7,1804.16,1485.0,2287.13,1132.6200000000001,1086.3350000000003
2025-04,NAVE_CATEGORIA,NAVE_013 | SERVICIOS DE MANTENIMIENTO,2486.21,3.0,3.0,1.0,2.0,828.7366666666667,695.0,1626.0,4,2,2025,43,5025.0,108.7,1804.16,591.0,2312.62,1882.1683333333337
2025-05,NAVE_CATEGORIA,NAVE_013 | SERVICIOS DE MANTENIMIENTO,550.0,1.0,1.0,1.0,1.0,550.0,550.0,550.0,5,2,2025,44,2486.21,5025.0,108.7,200.0,2539.97,2021.5116666666672
2025-06,NAVE_CATEGORIA,NAVE_013 | SERVICIOS DE MANTENIMIENTO,323.74,7.0,2.0,2.0,2.0,161.87,161.87,260.87,6,2,2025,45,550.0,2486.21,5025.0,587.84,2687.07,1909.8450000000005
2025-07,NAVE_CATEGORIA,NAVE_013 | SERVICIOS DE MANTENIMIENTO,2163.63,4.0,4.0,1.0,3.0,540.9075,621.915,900.0,7,3,2025,46,323.74,550.0,2486.21,13407.6,1119.9833333333333,1716.3016666666672
2025-08,NAVE_CATEGORIA,NAVE_013 | SERVICIOS DE MANTENIMIENTO,3140.0,13.0,2.0,2.0,2.0,1570.0,1570.0,2380.0,8,3,2025,47,2163.63,323.74,550.0,1182.0,1012.4566666666666,1776.2133333333338
2025-09,NAVE_CATEGORIA,NAVE_013 | SERVICIOS DE MANTENIMIENTO,625.0,3.0,3.0,1.0,2.0,208.33333333333334,200.0,325.0,9,3,2025,48,3140.0,2163.63,323.74,250.0,1875.79,2281.4300000000003
2025-10,NAVE_CATEGORIA,NAVE_013 | SERVICIOS DE MANTENIMIENTO,3200.0,2.0,2.0,2.0,1.0,1600.0,1600.0,1800.0,10,4,2025,49,625.0,3140.0,2163.63,1650.1499999999999,1976.21,1548.096666666667
2025-12,NAVE_CATEGORIA,NAVE_013 | SERVICIOS DE MANTENIMIENTO,13135.920000000002,76.0,30.0,8.0,13.0,437.8640000000001,182.49,3117.42,12,4,2025,50,3200.0,625.0,3140.0,1220.0,2321.6666666666665,1667.0616666666672
2021-01,NAVE_CATEGORIA,NAVE_014 | FERRETERIA,118.0,24.0,4.0,4.0,3.0,29.5,18.6,76.0,1,1,2021,0,,,,,,
2021-02,NAVE_CATEGORIA,NAVE_014 | FERRETERIA,798.4100000000001,46.0,8.0,8.0,3.0,99.80125000000001,19.12,495.0,2,1,2021,1,118.0,,,,,
2021-03,NAVE_CATEGORIA,NAVE_014 | FERRETERIA,480.72999999999996,95.0,11.0,10.0,3.0,43.702727272727266,7.5,345.0,3,1,2021,2,798.4100000000001,118.0,,,,
2021-05,NAVE_CATEGORIA,NAVE_014 | FERRETERIA,146.26,41.0,12.0,12.0,1.0,12.188333333333333,9.73,38.5,5,2,2021,3,480.72999999999996,798.4100000000001,118.0,,465.71333333333337,
2021-06,NAVE_CATEGORIA,NAVE_014 | FERRETERIA,1277.35,2.0,2.0,2.0,2.0,638.675,638.675,714.85,6,2,2021,4,146.26,480.72999999999996,798.4100000000001,,475.1333333333334,
2021-07,NAVE_CATEGORIA,NAVE_014 | FERRETERIA,76.56,1.0,1.0,1.0,1.0,76.56,76.56,76.56,7,3,2021,5,1277.35,146.26,480.72999999999996,,634.78,
2021-09,NAVE_CATEGORIA,NAVE_014 | FERRETERIA,400.1,35.0,17.0,17.0,3.0,23.53529411764706,8.46,114.05,9,3,2021,6,76.56,1277.35,146.26,,500.0566666666666,482.885
2021-10,NAVE_CATEGORIA,NAVE_014 | FERRETERIA,2.41,6.0,1.0,1.0,1.0,2.41,2.41,2.41,10,4,2021,7,400.1,76.56,1277.35,,584.67,529.9016666666666
2021-11,NAVE_CATEGORIA,NAVE_014 | FERRETERIA,5311.770000000001,26.0,6.0,6.0,2.0,885.2950000000002,8.7,5264.67,11,4,2021,8,2.41,400.1,76.56,,159.69000000000003,397.23500000000007
2022-02,NAVE_CATEGORIA,NAVE_014 | FERRETERIA,1016.0,137.0,7.0,7.0,3.0,145.14285714285714,180.0,306.0,2,1,2022,9,5311.770000000001,2.41,400.1,,1904.7600000000004,1202.4083333333335
2022-03,NAVE_CATEGORIA,NAVE_014 | FERRETERIA,624.6,194.0,33.0,33.0,2.0,18.92727272727273,8.25,120.0,3,1,2022,10,1016.0,5311.770000000001,2.41,,2110.0600000000004,1347.3650000000002
2022-04,NAVE_CATEGORIA,NAVE_014 | FERRETERIA,29.75,1.0,1.0,1.0,1.0,29.75,29.75,29.75,4,2,2022,11,624.6,1016.0,5311.770000000001,,2317.4566666666674,1238.5733333333337
2022-05,NAVE_CATEGORIA,NAVE_014 | FERRETERIA,342.64000000000004,178.0,16.0,16.0,2.0,21.415000000000003,4.390000000000001,142.53,5,2,2022,12,29.75,624.6,1016.0,118.0,556.7833333333333,1230.771666666667
2022-07,NAVE_CATEGORIA,NAVE_014 | FERRETERIA,56.0,33.0,3.0,3.0,1.0,18.666666666666668,20.0,30.0,7,3,2022,13,342.64000000000004,29.75,624.6,798.4100000000001,332.33,1221.1950000000004
2022-08,NAVE_CATEGORIA,NAVE_014 | FERRETERIA,278.64000000000004,40.0,6.0,6.0,3.0,46.440000000000005,14.309999999999999,204.0,8,3,2022,14,56.0,342.64000000000004,29.75,480.72999999999996,142.79666666666668,1230.1266666666668
2022-09,NAVE_CATEGORIA,NAVE_014 | FERRETERIA,118.39999999999999,641.0,6.0,6.0,1.0,19.73333333333333,17.0,29.4,9,3,2022,15,278.64000000000004,56.0,342.64000000000004,146.26,225.76000000000002,391.2716666666667
2022-11,NAVE_CATEGORIA,NAVE_014 | FERRETERIA,655.3699999999999,72.5,15.0,15.0,2.0,43.691333333333326,10.86,253.0,11,4,2022,16,118.39999999999999,278.64000000000004,56.0,1277.35,151.01333333333335,241.6716666666667
2023-05,NAVE_CATEGORIA,NAVE_014 | FERRETERIA,55.78,30.0,5.0,5.0,1.0,11.156,10.16,23.1,5,2,2023,17,655.3699999999999,118.39999999999999,278.64000000000004,76.56,350.8033333333333,246.79999999999998
2023-06,NAVE_CATEGORIA,NAVE_014 | FERRETERIA,4996.679999999999,490.75,49.0,48.0,12.0,101.97306122448978,28.49,2009.82,6,2,2023,18,55.78,655.3699999999999,118.39999999999999,400.1,276.5166666666666,251.13833333333332
2023-08,NAVE_CATEGORIA,NAVE_014 | FERRETERIA,745.42,1.0,1.0,1.0,1.0,745.42,745.42,745.42,8,3,2023,19,4996.679999999999,55.78,655.3699999999999,2.41,1902.6099999999997,1026.8116666666665
2023-10,NAVE_CATEGORIA,NAVE_014 | FERRETERIA,149.55,56.0,18.0,18.0,2.0,8.308333333333334,6.245,27.66,10,4,2023,20,745.42,4996.679999999999,55.78,5311.770000000001,1932.6266666666663,1141.715
2023-11,NAVE_CATEGORIA,NAVE_014 | FERRETERIA,528.06,60.0,21.0,21.0,4.0,25.145714285714284,6.38,313.65,11,4,2023,21,149.55,745.42,4996.679999999999,1016.0,1963.8833333333332,1120.1999999999998
2025-05,NAVE_CATEGORIA,NAVE_014 | FERRETERIA,1413.58,103.0,9.0,7.0,1.0,157.06444444444443,23.44,935.81,5,2,2025,22,528.06,149.55,745.42,624.6,474.3433333333333,1188.4766666666665
2025-06,NAVE_CATEGORIA,NAVE_014 | FERRETERIA,440.76,148.0,24.0,24.0,1.0,18.365,9.6,202.5,6,2,2025,23,1413.58,528.06,149.55,29.75,697.0633333333334,1314.8449999999998
2025-07,NAVE_CATEGORIA,NAVE_014 | FERRETERIA,1.65,11.0,1.0,1.0,1.0,1.65,1.65,1.65,7,3,2025,24,440.76,1413.58,528.06,342.64000000000004,794.1333333333333,1379.0083333333332
2025-09,NAVE_CATEGORIA,NAVE_014 | FERRETERIA,879.05,130.0,6.0,6.0,1.0,146.50833333333333,7.905,840.0,9,3,2025,25,1.65,440.76,1413.58,56.0,618.6633333333334,546.5033333333333
2025-10,NAVE_CATEGORIA,NAVE_014 | FERRETERIA,149.97999999999996,44.0,13.0,13.0,1.0,11.536923076923074,9.36,25.0,10,4,2025,26,879.05,1.65,440.76,278.64000000000004,440.4866666666667,568.775
2025-11,NAVE_CATEGORIA,NAVE_014 | FERRETERIA,4.73,22.0,2.0,2.0,1.0,2.365,2.365,3.08,11,4,2025,27,149.97999999999996,879.05,1.65,118.39999999999999,343.56,568.8466666666667
2021-01,NAVE_CATEGORIA,NAVE_014 | REPUESTOS MECANICOS,1770.8400000000001,16.0,2.0,2.0,2.0,885.4200000000001,885.4200000000001,1037.4,1,1,2021,0,,,,,,
2021-02,NAVE_CATEGORIA,NAVE_014 | REPUESTOS MECANICOS,4047.09,151.0,57.0,56.0,1.0,71.00157894736843,28.82,963.28,2,1,2021,1,1770.8400000000001,,,,,
2021-03,NAVE_CATEGORIA,NAVE_014 | REPUESTOS MECANICOS,1282.1100000000001,7.0,3.0,3.0,2.0,427.37000000000006,257.4,784.71,3,1,2021,2,4047.09,1770.8400000000001,,,,
2021-04,NAVE_CATEGORIA,NAVE_014 | REPUESTOS MECANICOS,175.16,5.0,5.0,5.0,1.0,35.032,44.42,60.92,4,2,2021,3,1282.1100000000001,4047.09,1770.8400000000001,,2366.6800000000003,
2021-05,NAVE_CATEGORIA,NAVE_014 | REPUESTOS MECANICOS,977.92,16.0,1.0,1.0,1.0,977.92,977.92,977.92,5,2,2021,4,175.16,1282.1100000000001,4047.09,,1834.7866666666669,
2021-06,NAVE_CATEGORIA,NAVE_014 | REPUESTOS MECANICOS,304.57,3.0,3.0,3.0,1.0,101.52333333333333,81.86,209.29,6,2,2021,5,977.92,175.16,1282.1100000000001,,811.73,
2021-07,NAVE_CATEGORIA,NAVE_014 | REPUESTOS MECANICOS,13.53,1.0,1.0,1.0,1.0,13.53,13.53,13.53,7,3,2021,6,304.57,977.92,175.16,,485.88333333333327,1426.2816666666668
2021-09,NAVE_CATEGORIA,NAVE_014 | REPUESTOS MECANICOS,1273.3400000000001,3.0,3.0,3.0,2.0,424.4466666666667,491.07,553.57,9,3,2021,7,13.53,304.57,977.92,,432.0066666666666,1133.3966666666668
2021-11,NAVE_CATEGORIA,NAVE_014 | REPUESTOS MECANICOS,7061.549999999999,14.0,7.0,7.0,3.0,1008.7928571428571,491.07,2953.82,11,4,2021,8,1273.3400000000001,13.53,304.57,,530.48,671.105
2021-12,NAVE_CATEGORIA,NAVE_014 | REPUESTOS MECANICOS,1409.64,12.0,1.0,1.0,1.0,1409.64,1409.64,1409.64,12,4,2021,9,7061.549999999999,1273.3400000000001,13.53,,2782.806666666667,1634.345
2022-02,NAVE_CATEGORIA,NAVE_014 | REPUESTOS MECANICOS,1409.64,12.0,1.0,1.0,1.0,1409.64,1409.64,1409.64,2,1,2022,10,1409.64,7061.549999999999,1273.3400000000001,,3248.1766666666663,1840.0916666666665
2022-03,NAVE_CATEGORIA,NAVE_014 | REPUESTOS MECANICOS,4126.12,2.0,2.0,2.0,2.0,2063.06,2063.06,3489.5,3,1,2022,11,1409.64,1409.64,7061.549999999999,,3293.609999999999,1912.045
2022-04,NAVE_CATEGORIA,NAVE_014 | REPUESTOS MECANICOS,2162.9300000000003,14.0,8.0,8.0,2.0,270.36625000000004,140.04,969.15,4,2,2022,12,4126.12,1409.64,1409.64,1770.8400000000001,2315.1333333333337,2548.97
2022-05,NAVE_CATEGORIA,NAVE_014 | REPUESTOS MECANICOS,2312.54,4.0,2.0,2.0,2.0,1156.27,1156.27,2302.14,5,2,2022,13,2162.9300000000003,4126.12,1409.64,4047.09,2566.23,2907.2033333333334
2022-06,NAVE_CATEGORIA,NAVE_014 | REPUESTOS MECANICOS,6.82,1.0,1.0,1.0,1.0,6.82,6.82,6.82,6,2,2022,14,2312.54,2162.9300000000003,4126.12,1282.1100000000001,2867.1966666666667,3080.403333333333
2022-08,NAVE_CATEGORIA,NAVE_014 | REPUESTOS MECANICOS,1733.72,14.0,2.0,2.0,2.0,866.86,866.86,1628.04,8,3,2022,15,6.82,2312.54,2162.9300000000003,175.16,1494.0966666666666,1904.615
2022-09,NAVE_CATEGORIA,NAVE_014 | REPUESTOS MECANICOS,17.08,4.0,1.0,1.0,1.0,17.08,17.08,17.08,9,3,2022,16,1733.72,6.82,2312.54,977.92,1351.0266666666666,1958.6283333333333
2022-11,NAVE_CATEGORIA,NAVE_014 | REPUESTOS MECANICOS,2657.34,2.0,1.0,1.0,1.0,2657.34,2657.34,2657.34,11,4,2022,17,17.08,1733.72,6.82,304.57,585.8733333333333,1726.5349999999999
2023-01,NAVE_CATEGORIA,NAVE_014 | REPUESTOS MECANICOS,280.0,1.0,1.0,1.0,1.0,280.0,280.0,280.0,1,1,2023,18,2657.34,17.08,1733.72,13.53,1469.38,1481.7383333333335
2023-02,NAVE_CATEGORIA,NAVE_014 | REPUESTOS MECANICOS,1598.19,11.0,2.0,2.0,2.0,799.095,799.095,1383.9,2,1,2023,19,280.0,2657.34,17.08,1273.3400000000001,984.8066666666667,1167.9166666666667
2023-04,NAVE_CATEGORIA,NAVE_014 | REPUESTOS MECANICOS,2015.72,29.0,4.0,4.0,2.0,503.93,444.65999999999997,1013.76,4,2,2023,20,1598.19,280.0,2657.34,7061.549999999999,1511.8433333333335,1048.8583333333333
2023-05,NAVE_CATEGORIA,NAVE_014 | REPUESTOS MECANICOS,1546.22,16.0,2.0,2.0,2.0,773.11,773.11,1383.9,5,2,2023,21,2015.72,1598.19,280.0,1409.64,1297.97,1383.6750000000002
2023-06,NAVE_CATEGORIA,NAVE_014 | REPUESTOS MECANICOS,1807.2900000000002,10.0,6.0,6.0,4.0,301.21500000000003,138.11,981.23,6,2,2023,22,1546.22,2015.72,1598.19,1409.64,1720.0433333333333,1352.425
2023-08,NAVE_CATEGORIA,NAVE_014 | REPUESTOS MECANICOS,1854.4,9.0,2.0,2.0,2.0,927.2,927.2,1254.4,8,3,2023,23,1807.2900000000002,1546.22,2015.72,4126.12,1789.7433333333336,1650.7933333333333
2023-09,NAVE_CATEGORIA,NAVE_014 | REPUESTOS MECANICOS,6191.549999999999,49.0,4.0,4.0,3.0,1547.8874999999998,194.305,5794.48,9,3,2023,24,1854.4,1807.2900000000002,1546.22,2162.9300000000003,1735.97,1516.97
2023-11,NAVE_CATEGORIA,NAVE_014 | REPUESTOS MECANICOS,633.86,2.0,1.0,1.0,1.0,633.86,633.86,633.86,11,4,2023,25,6191.549999999999,1854.4,1807.2900000000002,2312.54,3284.4133333333334,2502.228333333333
2025-04,NAVE_CATEGORIA,NAVE_014 | REPUESTOS MECANICOS,663.77,3.0,2.0,2.0,1.0,331.885,331.885,358.47,4,2,2025,26,633.86,6191.549999999999,1854.4,6.82,2893.27,2341.5066666666667
2025-05,NAVE_CATEGORIA,NAVE_014 | REPUESTOS MECANICOS,8.75,1.0,1.0,1.0,1.0,8.75,8.75,8.75,5,2,2025,27,663.77,633.86,6191.549999999999,1733.72,2496.393333333333,2116.181666666667
2025-06,NAVE_CATEGORIA,NAVE_014 | REPUESTOS MECANICOS,157.53999999999996,29.0,15.0,15.0,1.0,10.502666666666665,3.34,42.75,6,2,2025,28,8.75,663.77,633.86,17.08,435.46000000000004,1859.9366666666665
2021-01,NAVE_CATEGORIA,NAVE_014 | SERVICIOS DE MANTENIMIENTO,650.0,2.0,2.0,2.0,2.0,325.0,325.0,400.0,1,1,2021,0,,,,,,
2021-02,NAVE_CATEGORIA,NAVE_014 | SERVICIOS DE MANTENIMIENTO,3050.68,4.0,4.0,2.0,3.0,762.67,530.0,1750.0,2,1,2021,1,650.0,,,,,
2021-03,NAVE_CATEGORIA,NAVE_014 | SERVICIOS DE MANTENIMIENTO,681.0,2.0,2.0,1.0,2.0,340.5,340.5,561.0,3,1,2021,2,3050.68,650.0,,,,
2021-04,NAVE_CATEGORIA,NAVE_014 | SERVICIOS DE MANTENIMIENTO,2349.0,3.0,3.0,1.0,3.0,783.0,735.0,1235.0,4,2,2021,3,681.0,3050.68,650.0,,1460.5600000000002,
2021-05,NAVE_CATEGORIA,NAVE_014 | SERVICIOS DE MANTENIMIENTO,4440.08,4.0,4.0,3.0,3.0,1110.02,771.49,2747.1,5,2,2021,4,2349.0,681.0,3050.68,,2026.8933333333334,
2021-06,NAVE_CATEGORIA,NAVE_014 | SERVICIOS DE MANTENIMIENTO,2550.0,2.0,2.0,1.0,2.0,1275.0,1275.0,2180.0,6,2,2021,5,4440.08,2349.0,681.0,,2490.0266666666666,
2021-07,NAVE_CATEGORIA,NAVE_014 | SERVICIOS DE MANTENIMIENTO,2409.15,4.0,4.0,2.0,4.0,602.2875,429.575,1400.0,7,3,2021,6,2550.0,4440.08,2349.0,,3113.0266666666666,2286.7933333333335
2021-08,NAVE_CATEGORIA,NAVE_014 | SERVICIOS DE MANTENIMIENTO,2181.3599999999997,2.0,2.0,1.0,2.0,1090.6799999999998,1090.6799999999998,1411.36,8,3,2021,7,2409.15,2550.0,4440.08,,3133.0766666666664,2579.985
2021-09,NAVE_CATEGORIA,NAVE_014 | SERVICIOS DE MANTENIMIENTO,10860.64,10.0,10.0,2.0,4.0,1086.0639999999999,323.5,2785.91,9,3,2021,8,2181.3599999999997,2409.15,2550.0,,2380.17,2435.0983333333334
2021-10,NAVE_CATEGORIA,NAVE_014 | SERVICIOS DE MANTENIMIENTO,1520.0,1.0,1.0,1.0,1.0,1520.0,1520.0,1520.0,10,4,2021,9,10860.64,2181.3599999999997,2409.15,,5150.383333333333,4131.705
2021-11,NAVE_CATEGORIA,NAVE_014 | SERVICIOS DE MANTENIMIENTO,730.0,1.0,1.0,1.0,1.0,730.0,730.0,730.0,11,4,2021,10,1520.0,10860.64,2181.3599999999997,,4854.0,3993.5383333333334
2021-12,NAVE_CATEGORIA,NAVE_014 | SERVICIOS DE MANTENIMIENTO,982.0,3.0,3.0,1.0,3.0,327.3333333333333,330.0,600.0,12,4,2021,11,730.0,1520.0,10860.64,,4370.213333333333,3375.191666666667
2022-01,NAVE_CATEGORIA,NAVE_014 | SERVICIOS DE MANTENIMIENTO,260.0,1.0,1.0,1.0,1.0,260.0,260.0,260.0,1,1,2022,12,982.0,730.0,1520.0,650.0,1077.3333333333333,3113.8583333333336
2022-02,NAVE_CATEGORIA,NAVE_014 | SERVICIOS DE MANTENIMIENTO,8135.73,5.0,5.0,2.0,2.0,1627.146,450.0,6500.0,2,1,2022,13,260.0,982.0,730.0,3050.68,657.3333333333334,2755.6666666666665
2022-03,NAVE_CATEGORIA,NAVE_014 | SERVICIOS DE MANTENIMIENTO,2017.0,3.0,3.0,2.0,3.0,672.3333333333334,770.0,1200.0,3,1,2022,14,8135.73,260.0,982.0,681.0,3125.91,3748.0616666666665
2022-04,NAVE_CATEGORIA,NAVE_014 | SERVICIOS DE MANTENIMIENTO,1510.04,5.0,5.0,1.0,3.0,302.008,314.5,450.0,4,2,2022,15,2017.0,8135.73,260.0,2349.0,3470.91,2274.1216666666664
2022-05,NAVE_CATEGORIA,NAVE_014 | SERVICIOS DE MANTENIMIENTO,156.0,1.0,1.0,1.0,1.0,156.0,156.0,156.0,5,2,2022,16,1510.04,2017.0,8135.73,4440.08,3887.59,2272.4616666666666
2022-06,NAVE_CATEGORIA,NAVE_014 | SERVICIOS DE MANTENIMIENTO,156.0,1.0,1.0,1.0,1.0,156.0,156.0,156.0,6,2,2022,17,156.0,1510.04,2017.0,2550.0,1227.68,2176.795
2022-08,NAVE_CATEGORIA,NAVE_014 | SERVICIOS DE MANTENIMIENTO,178.57,1.0,1.0,1.0,1.0,178.57,178.57,178.57,8,3,2022,18,156.0,156.0,1510.04,2409.15,607.3466666666667,2039.1283333333333
2022-09,NAVE_CATEGORIA,NAVE_014 | SERVICIOS DE MANTENIMIENTO,2745.8599999999997,4.0,4.0,1.0,1.0,686.4649999999999,686.4649999999999,922.93,9,3,2022,19,178.57,156.0,156.0,2181.3599999999997,163.52333333333334,2025.5566666666666
2022-10,NAVE_CATEGORIA,NAVE_014 | SERVICIOS DE MANTENIMIENTO,500.0,1.0,1.0,1.0,1.0,500.0,500.0,500.0,10,4,2022,20,2745.8599999999997,178.57,156.0,10860.64,1026.81,1127.245
2022-11,NAVE_CATEGORIA,NAVE_014 | SERVICIOS DE MANTENIMIENTO,9000.85,3.0,3.0,2.0,1.0,3000.2833333333333,3658.39,3658.39,11,4,2022,21,500.0,2745.8599999999997,178.57,1520.0,1141.4766666666667,874.4116666666665
2023-01,NAVE_CATEGORIA,NAVE_014 | SERVICIOS DE MANTENIMIENTO,1400.0,2.0,2.0,2.0,2.0,700.0,700.0,1200.0,1,1,2023,22,9000.85,500.0,2745.8599999999997,730.0,4082.236666666666,2122.8799999999997
2023-02,NAVE_CATEGORIA,NAVE_014 | SERVICIOS DE MANTENIMIENTO,650.0,1.0,1.0,1.0,1.0,650.0,650.0,650.0,2,1,2023,23,1400.0,9000.85,500.0,982.0,3633.616666666667,2330.2133333333336
2023-04,NAVE_CATEGORIA,NAVE_014 | SERVICIOS DE MANTENIMIENTO,500.0,1.0,1.0,1.0,1.0,500.0,500.0,500.0,4,2,2023,24,650.0,1400.0,9000.85,260.0,3683.6166666666672,2412.5466666666666
2023-06,NAVE_CATEGORIA,NAVE_014 | SERVICIOS DE MANTENIMIENTO,35233.16,32.0,32.0,1.0,12.0,1101.03625,600.08,4121.75,6,2,2023,25,500.0,650.0,1400.0,8135.73,850.0,2466.1183333333333
2023-07,NAVE_CATEGORIA,NAVE_014 | SERVICIOS DE MANTENIMIENTO,5525.5,4.0,4.0,1.0,4.0,1381.375,1312.75,2500.0,7,3,2023,26,35233.16,500.0,650.0,2017.0,12127.720000000001,7880.668333333334
2023-08,NAVE_CATEGORIA,NAVE_014 | SERVICIOS DE MANTENIMIENTO,824.0,2.0,2.0,1.0,2.0,412.0,412.0,500.0,8,3,2023,27,5525.5,35233.16,500.0,1510.04,13752.886666666667,8718.251666666667
2023-09,NAVE_CATEGORIA,NAVE_014 | SERVICIOS DE MANTENIMIENTO,4220.0599999999995,5.0,5.0,1.0,4.0,844.012,880.0,1810.06,9,3,2023,28,824.0,5525.5,35233.16,156.0,13860.886666666667,7355.443333333334
2023-11,NAVE_CATEGORIA,NAVE_014 | SERVICIOS DE MANTENIMIENTO,1739.8,2.0,2.0,1.0,2.0,869.9,869.9,1664.8,11,4,2023,29,4220.0599999999995,824.0,5525.5,156.0,3523.1866666666665,7825.453333333334
2023-12,NAVE_CATEGORIA,NAVE_014 | SERVICIOS DE MANTENIMIENTO,1604.0,6.0,6.0,1.0,4.0,267.3333333333333,257.0,450.0,12,4,2023,30,1739.8,4220.0599999999995,824.0,178.57,2261.2866666666664,8007.086666666667
2024-01,NAVE_CATEGORIA,NAVE_014 | SERVICIOS DE MANTENIMIENTO,360.0,1.0,1.0,1.0,1.0,360.0,360.0,360.0,1,1,2024,31,1604.0,1739.8,4220.0599999999995,2745.8599999999997,2521.2866666666664,8191.086666666667
2024-02,NAVE_CATEGORIA,NAVE_014 | SERVICIOS DE MANTENIMIENTO,750.0,1.0,1.0,1.0,1.0,750.0,750.0,750.0,2,1,2024,32,360.0,1604.0,1739.8,500.0,1234.6000000000001,2378.893333333333
2024-03,NAVE_CATEGORIA,NAVE_014 | SERVICIOS DE MANTENIMIENTO,45.0,1.0,1.0,1.0,1.0,45.0,45.0,45.0,3,1,2024,33,750.0,360.0,1604.0,9000.85,904.6666666666666,1582.9766666666665
2024-04,NAVE_CATEGORIA,NAVE_014 | SERVICIOS DE MANTENIMIENTO,2820.0,4.0,4.0,1.0,4.0,705.0,700.0,950.0,4,2,2024,34,45.0,750.0,360.0,1400.0,385.0,1453.1433333333332
2024-05,NAVE_CATEGORIA,NAVE_014 | SERVICIOS DE MANTENIMIENTO,150.0,1.0,1.0,1.0,1.0,150.0,150.0,150.0,5,2,2024,35,2820.0,45.0,750.0,650.0,1205.0,1219.8
2024-08,NAVE_CATEGORIA,NAVE_014 | SERVICIOS DE MANTENIMIENTO,842.05,2.0,2.0,1.0,2.0,421.025,421.025,638.05,8,3,2024,36,150.0,2820.0,45.0,500.0,1005.0,954.8333333333334
2024-10,NAVE_CATEGORIA,NAVE_014 | SERVICIOS DE MANTENIMIENTO,5672.73,8.0,8.0,1.0,4.0,709.09125,800.0,1261.73,10,4,2024,37,842.05,150.0,2820.0,35233.16,1270.6833333333334,827.8416666666667
2024-11,NAVE_CATEGORIA,NAVE_014 | SERVICIOS DE MANTENIMIENTO,2187.17,6.0,6.0,1.0,5.0,364.52833333333336,332.5,650.0,11,4,2024,38,5672.73,842.05,150.0,5525.5,2221.5933333333332,1713.2966666666664
2024-12,NAVE_CATEGORIA,NAVE_014 | SERVICIOS DE MANTENIMIENTO,462.7,2.0,2.0,1.0,2.0,231.35,231.35,430.0,12,4,2024,39,2187.17,5672.73,842.05,824.0,2900.65,1952.825
2025-01,NAVE_CATEGORIA,NAVE_014 | SERVICIOS DE MANTENIMIENTO,2635.0,4.0,4.0,1.0,4.0,658.75,642.5,1000.0,1,1,2025,40,462.7,2187.17,5672.73,4220.0599999999995,2774.2000000000003,2022.4416666666666
2025-02,NAVE_CATEGORIA,NAVE_014 | SERVICIOS DE MANTENIMIENTO,1646.22,4.0,4.0,1.0,4.0,411.555,315.5,850.0,2,1,2025,41,2635.0,462.7,2187.17,1739.8,1761.6233333333332,1991.6083333333333
2025-03,NAVE_CATEGORIA,NAVE_014 | SERVICIOS DE MANTENIMIENTO,1468.0,1.0,1.0,1.0,1.0,1468.0,1468.0,1468.0,3,1,2025,42,1646.22,2635.0,462.7,1604.0,1581.3066666666666,2240.978333333333
2025-05,NAVE_CATEGORIA,NAVE_014 | SERVICIOS DE MANTENIMIENTO,540.0,1.0,1.0,1.0,1.0,540.0,540.0,540.0,5,2,2025,43,1468.0,1646.22,2635.0,360.0,1916.4066666666668,2345.3033333333333
2025-06,NAVE_CATEGORIA,NAVE_014 | SERVICIOS DE MANTENIMIENTO,7736.38,9.0,9.0,1.0,4.0,859.5977777777778,550.0,2850.0,6,2,2025,44,540.0,1468.0,1646.22,750.0,1218.0733333333335,1489.8483333333334
2025-07,NAVE_CATEGORIA,NAVE_014 | SERVICIOS DE MANTENIMIENTO,2205.0,9.0,2.0,2.0,2.0,1102.5,1102.5,1520.0,7,3,2025,45,7736.38,540.0,1468.0,45.0,3248.126666666667,2414.7166666666667
2025-08,NAVE_CATEGORIA,NAVE_014 | SERVICIOS DE MANTENIMIENTO,750.0,1.0,1.0,1.0,1.0,750.0,750.0,750.0,8,3,2025,46,2205.0,7736.38,540.0,2820.0,3493.7933333333335,2705.1
2025-09,NAVE_CATEGORIA,NAVE_014 | SERVICIOS DE MANTENIMIENTO,13008.06,10.0,4.0,2.0,3.0,3252.015,700.0,11589.0,9,3,2025,47,750.0,2205.0,7736.38,150.0,3563.7933333333335,2390.933333333333
2025-10,NAVE_CATEGORIA,NAVE_014 | SERVICIOS DE MANTENIMIENTO,695.47,6.0,2.0,2.0,2.0,347.735,347.735,625.9,10,4,2025,48,13008.06,750.0,2205.0,842.05,5321.0199999999995,4284.573333333334
2025-11,NAVE_CATEGORIA,NAVE_014 | SERVICIOS DE MANTENIMIENTO,888.0,2.0,2.0,1.0,2.0,444.0,444.0,600.0,11,4,2025,49,695.47,13008.06,750.0,5672.73,4817.843333333332,4155.818333333334
2025-12,NAVE_CATEGORIA,NAVE_014 | SERVICIOS DE MANTENIMIENTO,410.0,2.0,2.0,1.0,2.0,205.0,205.0,360.0,12,4,2025,50,888.0,695.47,13008.06,2187.17,4863.843333333332,4213.818333333334
