ItemAnonimo,Modelo,ReglaPrecio,Mes,CantidadReal,CantidadPredicha,CostoRealUSD,CostoPredichoUSD
ITEM_0000,Croston,ultimo_precio_conocido,2025-07,135.0,88.06693315372748,1225365.2299999995,582403.2646718499
ITEM_0000,Croston,ultimo_precio_conocido,2025-08,183.0,92.76023983835474,265330.14,613440.988336665
ITEM_0000,Croston,ultimo_precio_conocido,2025-09,83.0,101.78421585451926,75700.56,673118.2463485985
ITEM_0000,Croston,ultimo_precio_conocido,2025-10,13.0,99.90579426906733,9818.030000000002,660695.889572672
ITEM_0000,Croston,ultimo_precio_conocido,2025-11,21.0,91.21521484216059,10549.35,603223.4461836714
ITEM_0000,Croston,ultimo_precio_conocido,2025-12,35.0,84.19369335794453,17143.989999999998,556788.7982525042
ITEM_0000,Croston,promedio_historico,2025-07,135.0,88.06693315372748,1225365.2299999995,198869.99221486127
ITEM_0000,Croston,promedio_historico,2025-08,183.0,92.76023983835474,265330.14,209468.27048355644
ITEM_0000,Croston,promedio_historico,2025-09,83.0,101.78421585451926,75700.56,229845.93069966874
ITEM_0000,Croston,promedio_historico,2025-10,13.0,99.90579426906733,9818.030000000002,225604.1378644059
ITEM_0000,Croston,promedio_historico,2025-11,21.0,91.21521484216059,10549.35,205979.3433918346
ITEM_0000,Croston,promedio_historico,2025-12,35.0,84.19369335794453,17143.989999999998,190123.56332890154
ITEM_0000,Croston,promedio_movil_historico,2025-07,135.0,88.06693315372748,1225365.2299999995,329960.73770961113
ITEM_0000,Croston,promedio_movil_historico,2025-08,183.0,92.76023983835474,265330.14,347545.1690109016
ITEM_0000,Croston,promedio_movil_historico,2025-09,83.0,101.78421585451926,75700.56,381355.336763308
ITEM_0000,Croston,promedio_movil_historico,2025-10,13.0,99.90579426906733,9818.030000000002,374317.4469462133
ITEM_0000,Croston,promedio_movil_historico,2025-11,21.0,91.21521484216059,10549.35,341756.4175548458
ITEM_0000,Croston,promedio_movil_historico,2025-12,35.0,84.19369335794453,17143.989999999998,315448.85436615587
ITEM_0000,SBA,ultimo_precio_conocido,2025-07,135.0,83.66358649604109,1225365.2299999995,553283.1014382574
ITEM_0000,SBA,ultimo_precio_conocido,2025-08,183.0,88.122227846437,265330.14,582768.9389198318
ITEM_0000,SBA,ultimo_precio_conocido,2025-09,83.0,96.6950050617933,75700.56,639462.3340311685
ITEM_0000,SBA,ultimo_precio_conocido,2025-10,13.0,94.91050455561395,9818.030000000002,627661.0950940383
ITEM_0000,SBA,ultimo_precio_conocido,2025-11,21.0,86.65445410005256,10549.35,573062.2738744877
ITEM_0000,SBA,ultimo_precio_conocido,2025-12,35.0,79.98400869004729,17143.989999999998,528949.3583398788
ITEM_0000,SBA,promedio_historico,2025-07,135.0,83.66358649604109,1225365.2299999995,188926.4926041182
ITEM_0000,SBA,promedio_historico,2025-08,183.0,88.122227846437,265330.14,198994.8569593786
ITEM_0000,SBA,promedio_historico,2025-09,83.0,96.6950050617933,75700.56,218353.6341646853
ITEM_0000,SBA,promedio_historico,2025-10,13.0,94.91050455561395,9818.030000000002,214323.9309711856
ITEM_0000,SBA,promedio_historico,2025-11,21.0,86.65445410005256,10549.35,195680.37622224286
ITEM_0000,SBA,promedio_historico,2025-12,35.0,79.98400869004729,17143.989999999998,180617.38516245646
ITEM_0000,SBA,promedio_movil_historico,2025-07,135.0,83.66358649604109,1225365.2299999995,313462.70082413056
ITEM_0000,SBA,promedio_movil_historico,2025-08,183.0,88.122227846437,265330.14,330167.9105603565
ITEM_0000,SBA,promedio_movil_historico,2025-09,83.0,96.6950050617933,75700.56,362287.56992514257
ITEM_0000,SBA,promedio_movil_historico,2025-10,13.0,94.91050455561395,9818.030000000002,355601.5745989026
ITEM_0000,SBA,promedio_movil_historico,2025-11,21.0,86.65445410005256,10549.35,324668.59667710355
ITEM_0000,SBA,promedio_movil_historico,2025-12,35.0,79.98400869004729,17143.989999999998,299676.4116478481
ITEM_0000,Bootstrap,ultimo_precio_conocido,2025-07,135.0,62.78588924646702,1225365.2299999995,415214.94575765054
ITEM_0000,Bootstrap,ultimo_precio_conocido,2025-08,183.0,64.44007097031374,265330.14,426154.3619701709
ITEM_0000,Bootstrap,ultimo_precio_conocido,2025-09,83.0,68.70366904291986,75700.56,454350.3414123063
ITEM_0000,Bootstrap,ultimo_precio_conocido,2025-10,13.0,70.64322620182885,9818.030000000002,467176.99928393273
ITEM_0000,Bootstrap,ultimo_precio_conocido,2025-11,21.0,72.23258391484143,10549.35,477687.7220676377
ITEM_0000,Bootstrap,ultimo_precio_conocido,2025-12,35.0,68.75786262126113,17143.989999999998,454708.7337829718
ITEM_0000,Bootstrap,promedio_historico,2025-07,135.0,62.78588924646702,1225365.2299999995,141781.13008491375
ITEM_0000,Bootstrap,promedio_historico,2025-08,183.0,64.44007097031374,265330.14,145516.55148273995
ITEM_0000,Bootstrap,promedio_historico,2025-09,83.0,68.70366904291986,75700.56,155144.47521236955
ITEM_0000,Bootstrap,promedio_historico,2025-10,13.0,70.64322620182885,9818.030000000002,159524.32248625165
ITEM_0000,Bootstrap,promedio_historico,2025-11,21.0,72.23258391484143,10549.35,163113.36033161078
ITEM_0000,Bootstrap,promedio_historico,2025-12,35.0,68.75786262126113,17143.989999999998,155266.8534548821
ITEM_0000,Bootstrap,promedio_movil_historico,2025-07,135.0,62.78588924646702,1225365.2299999995,235240.14737012956
ITEM_0000,Bootstrap,promedio_movil_historico,2025-08,183.0,64.44007097031374,265330.14,241437.87678297807
ITEM_0000,Bootstrap,promedio_movil_historico,2025-09,83.0,68.70366904291986,75700.56,257412.3170746444
ITEM_0000,Bootstrap,promedio_movil_historico,2025-10,13.0,70.64322620182885,9818.030000000002,264679.2637942087
ITEM_0000,Bootstrap,promedio_movil_historico,2025-11,21.0,72.23258391484143,10549.35,270634.1168212202
ITEM_0000,Bootstrap,promedio_movil_historico,2025-12,35.0,68.75786262126113,17143.989999999998,257615.36437569433
ITEM_0002,Croston,ultimo_precio_conocido,2025-07,0.0,20.878286200373847,0.0,407598.65983656666
ITEM_0002,Croston,ultimo_precio_conocido,2025-08,0.0,20.878286200373847,0.0,407598.65983656666
ITEM_0002,Croston,ultimo_precio_conocido,2025-09,0.0,20.878286200373847,0.0,407598.65983656666
ITEM_0002,Croston,ultimo_precio_conocido,2025-10,0.0,20.878286200373847,0.0,407598.65983656666
ITEM_0002,Croston,ultimo_precio_conocido,2025-11,0.0,20.878286200373847,0.0,407598.65983656666
ITEM_0002,Croston,ultimo_precio_conocido,2025-12,0.0,20.878286200373847,0.0,407598.65983656666
ITEM_0002,Croston,promedio_historico,2025-07,0.0,20.878286200373847,0.0,25728.10870877565
ITEM_0002,Croston,promedio_historico,2025-08,0.0,20.878286200373847,0.0,25728.10870877565
ITEM_0002,Croston,promedio_historico,2025-09,0.0,20.878286200373847,0.0,25728.10870877565
ITEM_0002,Croston,promedio_historico,2025-10,0.0,20.878286200373847,0.0,25728.10870877565
ITEM_0002,Croston,promedio_historico,2025-11,0.0,20.878286200373847,0.0,25728.10870877565
ITEM_0002,Croston,promedio_historico,2025-12,0.0,20.878286200373847,0.0,25728.10870877565
ITEM_0002,Croston,promedio_movil_historico,2025-07,0.0,20.878286200373847,0.0,206253.66040921214
ITEM_0002,Croston,promedio_movil_historico,2025-08,0.0,20.878286200373847,0.0,206253.66040921214
ITEM_0002,Croston,promedio_movil_historico,2025-09,0.0,20.878286200373847,0.0,206253.66040921214
ITEM_0002,Croston,promedio_movil_historico,2025-10,0.0,20.878286200373847,0.0,206253.66040921214
ITEM_0002,Croston,promedio_movil_historico,2025-11,0.0,20.878286200373847,0.0,206253.66040921214
ITEM_0002,Croston,promedio_movil_historico,2025-12,0.0,20.878286200373847,0.0,206253.66040921214
ITEM_0002,SBA,ultimo_precio_conocido,2025-07,0.0,19.834371890355154,0.0,387218.72684473835
ITEM_0002,SBA,ultimo_precio_conocido,2025-08,0.0,19.834371890355154,0.0,387218.72684473835
ITEM_0002,SBA,ultimo_precio_conocido,2025-09,0.0,19.834371890355154,0.0,387218.72684473835
ITEM_0002,SBA,ultimo_precio_conocido,2025-10,0.0,19.834371890355154,0.0,387218.72684473835
ITEM_0002,SBA,ultimo_precio_conocido,2025-11,0.0,19.834371890355154,0.0,387218.72684473835
ITEM_0002,SBA,ultimo_precio_conocido,2025-12,0.0,19.834371890355154,0.0,387218.72684473835
ITEM_0002,SBA,promedio_historico,2025-07,0.0,19.834371890355154,0.0,24441.70327333687
ITEM_0002,SBA,promedio_historico,2025-08,0.0,19.834371890355154,0.0,24441.70327333687
ITEM_0002,SBA,promedio_historico,2025-09,0.0,19.834371890355154,0.0,24441.70327333687
ITEM_0002,SBA,promedio_historico,2025-10,0.0,19.834371890355154,0.0,24441.70327333687
ITEM_0002,SBA,promedio_historico,2025-11,0.0,19.834371890355154,0.0,24441.70327333687
ITEM_0002,SBA,promedio_historico,2025-12,0.0,19.834371890355154,0.0,24441.70327333687
ITEM_0002,SBA,promedio_movil_historico,2025-07,0.0,19.834371890355154,0.0,195940.97738875152
ITEM_0002,SBA,promedio_movil_historico,2025-08,0.0,19.834371890355154,0.0,195940.97738875152
ITEM_0002,SBA,promedio_movil_historico,2025-09,0.0,19.834371890355154,0.0,195940.97738875152
ITEM_0002,SBA,promedio_movil_historico,2025-10,0.0,19.834371890355154,0.0,195940.97738875152
ITEM_0002,SBA,promedio_movil_historico,2025-11,0.0,19.834371890355154,0.0,195940.97738875152
ITEM_0002,SBA,promedio_movil_historico,2025-12,0.0,19.834371890355154,0.0,195940.97738875152
ITEM_0002,Bootstrap,ultimo_precio_conocido,2025-07,0.0,13.323955726078314,0.0,260118.40462144947
ITEM_0002,Bootstrap,ultimo_precio_conocido,2025-08,0.0,12.918758196259693,0.0,252207.89086863966
ITEM_0002,Bootstrap,ultimo_precio_conocido,2025-09,0.0,13.033897251503587,0.0,254455.7058550737
ITEM_0002,Bootstrap,ultimo_precio_conocido,2025-10,0.0,12.530829796265087,0.0,244634.51561969254
ITEM_0002,Bootstrap,ultimo_precio_conocido,2025-11,0.0,12.524572975233689,0.0,244512.36613659994
ITEM_0002,Bootstrap,ultimo_precio_conocido,2025-12,0.0,12.524572975233689,0.0,244512.36613659994
ITEM_0002,Bootstrap,promedio_historico,2025-07,0.0,13.323955726078314,0.0,16418.980852236735
ITEM_0002,Bootstrap,promedio_historico,2025-08,0.0,12.918758196259693,0.0,15919.65988328124
ITEM_0002,Bootstrap,promedio_historico,2025-09,0.0,13.033897251503587,0.0,16061.54461948567
ITEM_0002,Bootstrap,promedio_historico,2025-10,0.0,12.530829796265087,0.0,15441.61949478882
ITEM_0002,Bootstrap,promedio_historico,2025-11,0.0,12.524572975233689,0.0,15433.909275179689
ITEM_0002,Bootstrap,promedio_historico,2025-12,0.0,12.524572975233689,0.0,15433.909275179689
ITEM_0002,Bootstrap,promedio_movil_historico,2025-07,0.0,13.323955726078314,0.0,131625.48943240018
ITEM_0002,Bootstrap,promedio_movil_historico,2025-08,0.0,12.918758196259693,0.0,127622.59987950358
ITEM_0002,Bootstrap,promedio_movil_historico,2025-09,0.0,13.033897251503587,0.0,128760.0424536784
ITEM_0002,Bootstrap,promedio_movil_historico,2025-10,0.0,12.530829796265087,0.0,123790.30963749398
ITEM_0002,Bootstrap,promedio_movil_historico,2025-11,0.0,12.524572975233689,0.0,123728.49938027909
ITEM_0002,Bootstrap,promedio_movil_historico,2025-12,0.0,12.524572975233689,0.0,123728.49938027909
ITEM_0009,Croston,ultimo_precio_conocido,2025-07,0.0,2.3495985638944346,0.0,514.5620854928811
ITEM_0009,Croston,ultimo_precio_conocido,2025-08,0.0,2.3495985638944346,0.0,514.5620854928811
ITEM_0009,Croston,ultimo_precio_conocido,2025-09,0.0,2.3495985638944346,0.0,514.5620854928811
ITEM_0009,Croston,ultimo_precio_conocido,2025-10,0.0,2.3495985638944346,0.0,514.5620854928811
ITEM_0009,Croston,ultimo_precio_conocido,2025-11,0.0,2.3495985638944346,0.0,514.5620854928811
ITEM_0009,Croston,ultimo_precio_conocido,2025-12,0.0,2.3495985638944346,0.0,514.5620854928811
ITEM_0009,Croston,promedio_historico,2025-07,0.0,2.3495985638944346,0.0,15235.227965828895
ITEM_0009,Croston,promedio_historico,2025-08,0.0,2.3495985638944346,0.0,15235.227965828895
ITEM_0009,Croston,promedio_historico,2025-09,0.0,2.3495985638944346,0.0,15235.227965828895
ITEM_0009,Croston,promedio_historico,2025-10,0.0,2.3495985638944346,0.0,15235.227965828895
ITEM_0009,Croston,promedio_historico,2025-11,0.0,2.3495985638944346,0.0,15235.227965828895
ITEM_0009,Croston,promedio_historico,2025-12,0.0,2.3495985638944346,0.0,15235.227965828895
ITEM_0009,Croston,promedio_movil_historico,2025-07,0.0,2.3495985638944346,0.0,68425.68292618924
ITEM_0009,Croston,promedio_movil_historico,2025-08,0.0,2.3495985638944346,0.0,68425.68292618924
ITEM_0009,Croston,promedio_movil_historico,2025-09,0.0,2.3495985638944346,0.0,68425.68292618924
ITEM_0009,Croston,promedio_movil_historico,2025-10,0.0,2.3495985638944346,0.0,68425.68292618924
ITEM_0009,Croston,promedio_movil_historico,2025-11,0.0,2.3495985638944346,0.0,68425.68292618924
ITEM_0009,Croston,promedio_movil_historico,2025-12,0.0,2.3495985638944346,0.0,68425.68292618924
ITEM_0009,SBA,ultimo_precio_conocido,2025-07,0.0,2.2321186356997127,0.0,488.83398121823706
ITEM_0009,SBA,ultimo_precio_conocido,2025-08,0.0,2.2321186356997127,0.0,488.83398121823706
ITEM_0009,SBA,ultimo_precio_conocido,2025-09,0.0,2.2321186356997127,0.0,488.83398121823706
ITEM_0009,SBA,ultimo_precio_conocido,2025-10,0.0,2.2321186356997127,0.0,488.83398121823706
ITEM_0009,SBA,ultimo_precio_conocido,2025-11,0.0,2.2321186356997127,0.0,488.83398121823706
ITEM_0009,SBA,ultimo_precio_conocido,2025-12,0.0,2.2321186356997127,0.0,488.83398121823706
ITEM_0009,SBA,promedio_historico,2025-07,0.0,2.2321186356997127,0.0,14473.46656753745
ITEM_0009,SBA,promedio_historico,2025-08,0.0,2.2321186356997127,0.0,14473.46656753745
ITEM_0009,SBA,promedio_historico,2025-09,0.0,2.2321186356997127,0.0,14473.46656753745
ITEM_0009,SBA,promedio_historico,2025-10,0.0,2.2321186356997127,0.0,14473.46656753745
ITEM_0009,SBA,promedio_historico,2025-11,0.0,2.2321186356997127,0.0,14473.46656753745
ITEM_0009,SBA,promedio_historico,2025-12,0.0,2.2321186356997127,0.0,14473.46656753745
ITEM_0009,SBA,promedio_movil_historico,2025-07,0.0,2.2321186356997127,0.0,65004.398779879775
ITEM_0009,SBA,promedio_movil_historico,2025-08,0.0,2.2321186356997127,0.0,65004.398779879775
ITEM_0009,SBA,promedio_movil_historico,2025-09,0.0,2.2321186356997127,0.0,65004.398779879775
ITEM_0009,SBA,promedio_movil_historico,2025-10,0.0,2.2321186356997127,0.0,65004.398779879775
ITEM_0009,SBA,promedio_movil_historico,2025-11,0.0,2.2321186356997127,0.0,65004.398779879775
ITEM_0009,SBA,promedio_movil_historico,2025-12,0.0,2.2321186356997127,0.0,65004.398779879775
ITEM_0009,Bootstrap,ultimo_precio_conocido,2025-07,0.0,1.6400577966379384,0.0,359.1726574637085
ITEM_0009,Bootstrap,ultimo_precio_conocido,2025-08,0.0,1.5751279659285276,0.0,344.9530245383475
ITEM_0009,Bootstrap,ultimo_precio_conocido,2025-09,0.0,1.5751279659285276,0.0,344.9530245383475
ITEM_0009,Bootstrap,ultimo_precio_conocido,2025-10,0.0,1.530010167214843,0.0,335.0722266200506
ITEM_0009,Bootstrap,ultimo_precio_conocido,2025-11,0.0,1.530694292285263,0.0,335.2220500104726
ITEM_0009,Bootstrap,ultimo_precio_conocido,2025-12,0.0,1.5846263931636773,0.0,347.03318010284534
ITEM_0009,Bootstrap,promedio_historico,2025-07,0.0,1.6400577966379384,0.0,10634.43551288988
ITEM_0009,Bootstrap,promedio_historico,2025-08,0.0,1.5751279659285276,0.0,10213.41858351241
ITEM_0009,Bootstrap,promedio_historico,2025-09,0.0,1.5751279659285276,0.0,10213.41858351241
ITEM_0009,Bootstrap,promedio_historico,2025-10,0.0,1.530010167214843,0.0,9920.866502794399
ITEM_0009,Bootstrap,promedio_historico,2025-11,0.0,1.530694292285263,0.0,9925.302495208232
ITEM_0009,Bootstrap,promedio_historico,2025-12,0.0,1.5846263931636773,0.0,10275.008127559664
ITEM_0009,Bootstrap,promedio_movil_historico,2025-07,0.0,1.6400577966379384,0.0,47762.233301405
ITEM_0009,Bootstrap,promedio_movil_historico,2025-08,0.0,1.5751279659285276,0.0,45871.32815835397
ITEM_0009,Bootstrap,promedio_movil_historico,2025-09,0.0,1.5751279659285276,0.0,45871.32815835397
ITEM_0009,Bootstrap,promedio_movil_historico,2025-10,0.0,1.530010167214843,0.0,44557.39469050524
ITEM_0009,Bootstrap,promedio_movil_historico,2025-11,0.0,1.530694292285263,0.0,44577.31797692096
ITEM_0009,Bootstrap,promedio_movil_historico,2025-12,0.0,1.5846263931636773,0.0,46147.94407916581
ITEM_0049,Croston,ultimo_precio_conocido,2025-07,0.0,3.3966215025611226,0.0,12377.288755332731
ITEM_0049,Croston,ultimo_precio_conocido,2025-08,0.0,3.3966215025611226,0.0,12377.288755332731
ITEM_0049,Croston,ultimo_precio_conocido,2025-09,0.0,3.3966215025611226,0.0,12377.288755332731
ITEM_0049,Croston,ultimo_precio_conocido,2025-10,0.0,3.3966215025611226,0.0,12377.288755332731
ITEM_0049,Croston,ultimo_precio_conocido,2025-11,0.0,3.3966215025611226,0.0,12377.288755332731
ITEM_0049,Croston,ultimo_precio_conocido,2025-12,0.0,3.3966215025611226,0.0,12377.288755332731
ITEM_0049,Croston,promedio_historico,2025-07,0.0,3.3966215025611226,0.0,6300.90623911338
ITEM_0049,Croston,promedio_historico,2025-08,0.0,3.3966215025611226,0.0,6300.90623911338
ITEM_0049,Croston,promedio_historico,2025-09,0.0,3.3966215025611226,0.0,6300.90623911338
ITEM_0049,Croston,promedio_historico,2025-10,0.0,3.3966215025611226,0.0,6300.90623911338
ITEM_0049,Croston,promedio_historico,2025-11,0.0,3.3966215025611226,0.0,6300.90623911338
ITEM_0049,Croston,promedio_historico,2025-12,0.0,3.3966215025611226,0.0,6300.90623911338
ITEM_0049,Croston,promedio_movil_historico,2025-07,0.0,3.3966215025611226,0.0,8824.63542609053
ITEM_0049,Croston,promedio_movil_historico,2025-08,0.0,3.3966215025611226,0.0,8824.63542609053
ITEM_0049,Croston,promedio_movil_historico,2025-09,0.0,3.3966215025611226,0.0,8824.63542609053
ITEM_0049,Croston,promedio_movil_historico,2025-10,0.0,3.3966215025611226,0.0,8824.63542609053
ITEM_0049,Croston,promedio_movil_historico,2025-11,0.0,3.3966215025611226,0.0,8824.63542609053
ITEM_0049,Croston,promedio_movil_historico,2025-12,0.0,3.3966215025611226,0.0,8824.63542609053
ITEM_0049,SBA,ultimo_precio_conocido,2025-07,0.0,3.2267904274330665,0.0,11758.424317566094
ITEM_0049,SBA,ultimo_precio_conocido,2025-08,0.0,3.2267904274330665,0.0,11758.424317566094
ITEM_0049,SBA,ultimo_precio_conocido,2025-09,0.0,3.2267904274330665,0.0,11758.424317566094
ITEM_0049,SBA,ultimo_precio_conocido,2025-10,0.0,3.2267904274330665,0.0,11758.424317566094
ITEM_0049,SBA,ultimo_precio_conocido,2025-11,0.0,3.2267904274330665,0.0,11758.424317566094
ITEM_0049,SBA,ultimo_precio_conocido,2025-12,0.0,3.2267904274330665,0.0,11758.424317566094
ITEM_0049,SBA,promedio_historico,2025-07,0.0,3.2267904274330665,0.0,5985.860927157712
ITEM_0049,SBA,promedio_historico,2025-08,0.0,3.2267904274330665,0.0,5985.860927157712
ITEM_0049,SBA,promedio_historico,2025-09,0.0,3.2267904274330665,0.0,5985.860927157712
ITEM_0049,SBA,promedio_historico,2025-10,0.0,3.2267904274330665,0.0,5985.860927157712
ITEM_0049,SBA,promedio_historico,2025-11,0.0,3.2267904274330665,0.0,5985.860927157712
ITEM_0049,SBA,promedio_historico,2025-12,0.0,3.2267904274330665,0.0,5985.860927157712
ITEM_0049,SBA,promedio_movil_historico,2025-07,0.0,3.2267904274330665,0.0,8383.403654786003
ITEM_0049,SBA,promedio_movil_historico,2025-08,0.0,3.2267904274330665,0.0,8383.403654786003
ITEM_0049,SBA,promedio_movil_historico,2025-09,0.0,3.2267904274330665,0.0,8383.403654786003
ITEM_0049,SBA,promedio_movil_historico,2025-10,0.0,3.2267904274330665,0.0,8383.403654786003
ITEM_0049,SBA,promedio_movil_historico,2025-11,0.0,3.2267904274330665,0.0,8383.403654786003
ITEM_0049,SBA,promedio_movil_historico,2025-12,0.0,3.2267904274330665,0.0,8383.403654786003
ITEM_0049,Bootstrap,ultimo_precio_conocido,2025-07,0.0,1.9385062998242728,0.0,7063.91695655965
ITEM_0049,Bootstrap,ultimo_precio_conocido,2025-08,0.0,1.9397906362246973,0.0,7068.597078402797
ITEM_0049,Bootstrap,ultimo_precio_conocido,2025-09,0.0,1.9118900618722683,0.0,6966.927385462545
ITEM_0049,Bootstrap,ultimo_precio_conocido,2025-10,0.0,1.963320931810901,0.0,7154.341475518923
ITEM_0049,Bootstrap,ultimo_precio_conocido,2025-11,0.0,1.8983016801106825,0.0,6917.411322323327
ITEM_0049,Bootstrap,ultimo_precio_conocido,2025-12,0.0,1.7531909508988355,0.0,6388.627825075357
ITEM_0049,Bootstrap,promedio_historico,2025-07,0.0,1.9385062998242728,0.0,3596.0281208587667
ITEM_0049,Bootstrap,promedio_historico,2025-08,0.0,1.9397906362246973,0.0,3598.41063042966
ITEM_0049,Bootstrap,promedio_historico,2025-09,0.0,1.9118900618722683,0.0,3546.6536410566873
ITEM_0049,Bootstrap,promedio_historico,2025-10,0.0,1.963320931810901,0.0,3642.0605296473095
ITEM_0049,Bootstrap,promedio_historico,2025-11,0.0,1.8983016801106825,0.0,3521.446499384743
ITEM_0049,Bootstrap,promedio_historico,2025-12,0.0,1.7531909508988355,0.0,3252.258690744953
ITEM_0049,Bootstrap,promedio_movil_historico,2025-07,0.0,1.9385062998242728,0.0,5036.36079387421
ITEM_0049,Bootstrap,promedio_movil_historico,2025-08,0.0,1.9397906362246973,0.0,5039.697580292614
ITEM_0049,Bootstrap,promedio_movil_historico,2025-09,0.0,1.9118900618722683,0.0,4967.210140448913
ITEM_0049,Bootstrap,promedio_movil_historico,2025-10,0.0,1.963320931810901,0.0,5100.830762149887
ITEM_0049,Bootstrap,promedio_movil_historico,2025-11,0.0,1.8983016801106825,0.0,4931.906673463817
ITEM_0049,Bootstrap,promedio_movil_historico,2025-12,0.0,1.7531909508988355,0.0,4554.899909317994
ITEM_0124,Croston,ultimo_precio_conocido,2025-07,0.0,8.06078569451824,0.0,1464.37606783748
ITEM_0124,Croston,ultimo_precio_conocido,2025-08,0.0,8.06078569451824,0.0,1464.37606783748
ITEM_0124,Croston,ultimo_precio_conocido,2025-09,0.0,8.06078569451824,0.0,1464.37606783748
ITEM_0124,Croston,ultimo_precio_conocido,2025-10,0.0,8.06078569451824,0.0,1464.37606783748
ITEM_0124,Croston,ultimo_precio_conocido,2025-11,0.0,8.06078569451824,0.0,1464.37606783748
ITEM_0124,Croston,ultimo_precio_conocido,2025-12,0.0,8.06078569451824,0.0,1464.37606783748
ITEM_0124,Croston,promedio_historico,2025-07,0.0,8.06078569451824,0.0,6843.549916784886
ITEM_0124,Croston,promedio_historico,2025-08,0.0,8.06078569451824,0.0,6843.549916784886
ITEM_0124,Croston,promedio_historico,2025-09,0.0,8.06078569451824,0.0,6843.549916784886
ITEM_0124,Croston,promedio_historico,2025-10,0.0,8.06078569451824,0.0,6843.549916784886
ITEM_0124,Croston,promedio_historico,2025-11,0.0,8.06078569451824,0.0,6843.549916784886
ITEM_0124,Croston,promedio_historico,2025-12,0.0,8.06078569451824,0.0,6843.549916784886
ITEM_0124,Croston,promedio_movil_historico,2025-07,0.0,8.06078569451824,0.0,7085.116336207241
ITEM_0124,Croston,promedio_movil_historico,2025-08,0.0,8.06078569451824,0.0,7085.116336207241
ITEM_0124,Croston,promedio_movil_historico,2025-09,0.0,8.06078569451824,0.0,7085.116336207241
ITEM_0124,Croston,promedio_movil_historico,2025-10,0.0,8.06078569451824,0.0,7085.116336207241
ITEM_0124,Croston,promedio_movil_historico,2025-11,0.0,8.06078569451824,0.0,7085.116336207241
ITEM_0124,Croston,promedio_movil_historico,2025-12,0.0,8.06078569451824,0.0,7085.116336207241
ITEM_0124,SBA,ultimo_precio_conocido,2025-07,0.0,7.657746409792327,0.0,1391.1572644456057
ITEM_0124,SBA,ultimo_precio_conocido,2025-08,0.0,7.657746409792327,0.0,1391.1572644456057
ITEM_0124,SBA,ultimo_precio_conocido,2025-09,0.0,7.657746409792327,0.0,1391.1572644456057
ITEM_0124,SBA,ultimo_precio_conocido,2025-10,0.0,7.657746409792327,0.0,1391.1572644456057
ITEM_0124,SBA,ultimo_precio_conocido,2025-11,0.0,7.657746409792327,0.0,1391.1572644456057
ITEM_0124,SBA,ultimo_precio_conocido,2025-12,0.0,7.657746409792327,0.0,1391.1572644456057
ITEM_0124,SBA,promedio_historico,2025-07,0.0,7.657746409792327,0.0,6501.37242094564
ITEM_0124,SBA,promedio_historico,2025-08,0.0,7.657746409792327,0.0,6501.37242094564
ITEM_0124,SBA,promedio_historico,2025-09,0.0,7.657746409792327,0.0,6501.37242094564
ITEM_0124,SBA,promedio_historico,2025-10,0.0,7.657746409792327,0.0,6501.37242094564
ITEM_0124,SBA,promedio_historico,2025-11,0.0,7.657746409792327,0.0,6501.37242094564
ITEM_0124,SBA,promedio_historico,2025-12,0.0,7.657746409792327,0.0,6501.37242094564
ITEM_0124,SBA,promedio_movil_historico,2025-07,0.0,7.657746409792327,0.0,6730.860519396879
ITEM_0124,SBA,promedio_movil_historico,2025-08,0.0,7.657746409792327,0.0,6730.860519396879
ITEM_0124,SBA,promedio_movil_historico,2025-09,0.0,7.657746409792327,0.0,6730.860519396879
ITEM_0124,SBA,promedio_movil_historico,2025-10,0.0,7.657746409792327,0.0,6730.860519396879
ITEM_0124,SBA,promedio_movil_historico,2025-11,0.0,7.657746409792327,0.0,6730.860519396879
ITEM_0124,SBA,promedio_movil_historico,2025-12,0.0,7.657746409792327,0.0,6730.860519396879
ITEM_0124,Bootstrap,ultimo_precio_conocido,2025-07,0.0,4.975498657902026,0.0,903.8822561855345
ITEM_0124,Bootstrap,ultimo_precio_conocido,2025-08,0.0,5.2084999710050806,0.0,946.2108280659228
ITEM_0124,Bootstrap,ultimo_precio_conocido,2025-09,0.0,5.359845525442572,0.0,973.7052704554004
ITEM_0124,Bootstrap,ultimo_precio_conocido,2025-10,0.0,5.425862750140984,0.0,985.6983996089452
ITEM_0124,Bootstrap,ultimo_precio_conocido,2025-11,0.0,4.783637567645134,0.0,869.0274914555325
ITEM_0124,Bootstrap,ultimo_precio_conocido,2025-12,0.0,4.194182061954495,0.0,761.9430745883998
ITEM_0124,Bootstrap,promedio_historico,2025-07,0.0,4.975498657902026,0.0,4224.163092365124
ITEM_0124,Bootstrap,promedio_historico,2025-08,0.0,5.2084999710050806,0.0,4421.979555589243
ITEM_0124,Bootstrap,promedio_historico,2025-09,0.0,5.359845525442572,0.0,4550.47085851283
ITEM_0124,Bootstrap,promedio_historico,2025-10,0.0,5.425862750140984,0.0,4606.519014327025
ITEM_0124,Bootstrap,promedio_historico,2025-11,0.0,4.783637567645134,0.0,4061.274386720124
ITEM_0124,Bootstrap,promedio_historico,2025-12,0.0,4.194182061954495,0.0,3560.830840669659
ITEM_0124,Bootstrap,promedio_movil_historico,2025-07,0.0,4.975498657902026,0.0,4373.269326072279
ITEM_0124,Bootstrap,promedio_movil_historico,2025-08,0.0,5.2084999710050806,0.0,4578.0683955906325
ITEM_0124,Bootstrap,promedio_movil_historico,2025-09,0.0,5.359845525442572,0.0,4711.095236992288
ITEM_0124,Bootstrap,promedio_movil_historico,2025-10,0.0,5.425862750140984,0.0,4769.121803496825
ITEM_0124,Bootstrap,promedio_movil_historico,2025-11,0.0,4.783637567645134,0.0,4204.630908382293
ITEM_0124,Bootstrap,promedio_movil_historico,2025-12,0.0,4.194182061954495,0.0,3686.522501694816
ITEM_0181,Croston,ultimo_precio_conocido,2025-07,0.0,92.45719138645629,0.0,280.19567907026817
ITEM_0181,Croston,ultimo_precio_conocido,2025-08,0.0,92.45719138645629,0.0,280.19567907026817
ITEM_0181,Croston,ultimo_precio_conocido,2025-09,55.0,92.45719138645629,311.31,280.19567907026817
ITEM_0181,Croston,ultimo_precio_conocido,2025-10,5.0,85.8254070671968,188.85,260.09775826045797
ITEM_0181,Croston,ultimo_precio_conocido,2025-11,0.0,83.23302656965369,0.0,252.24143250553115
ITEM_0181,Croston,ultimo_precio_conocido,2025-12,0.0,83.23302656965369,0.0,252.24143250553115
ITEM_0181,Croston,promedio_historico,2025-07,0.0,92.45719138645629,0.0,328.8657355058711
ITEM_0181,Croston,promedio_historico,2025-08,0.0,92.45719138645629,0.0,328.8657355058711
ITEM_0181,Croston,promedio_historico,2025-09,55.0,92.45719138645629,311.31,328.8657355058711
ITEM_0181,Croston,promedio_historico,2025-10,5.0,85.8254070671968,188.85,305.2768010469659
ITEM_0181,Croston,promedio_historico,2025-11,0.0,83.23302656965369,0.0,296.05582963034465
ITEM_0181,Croston,promedio_historico,2025-12,0.0,83.23302656965369,0.0,296.05582963034465
ITEM_0181,Croston,promedio_movil_historico,2025-07,0.0,92.45719138645629,0.0,328.6937971961294
ITEM_0181,Croston,promedio_movil_historico,2025-08,0.0,92.45719138645629,0.0,328.6937971961294
ITEM_0181,Croston,promedio_movil_historico,2025-09,55.0,92.45719138645629,311.31,328.6937971961294
ITEM_0181,Croston,promedio_movil_historico,2025-10,5.0,85.8254070671968,188.85,305.11719555600587
ITEM_0181,Croston,promedio_movil_historico,2025-11,0.0,83.23302656965369,0.0,295.90104506801407
ITEM_0181,Croston,promedio_movil_historico,2025-12,0.0,83.23302656965369,0.0,295.90104506801407
ITEM_0181,SBA,ultimo_precio_conocido,2025-07,0.0,87.83433181713347,0.0,266.18589511675475
ITEM_0181,SBA,ultimo_precio_conocido,2025-08,0.0,87.83433181713347,0.0,266.18589511675475
ITEM_0181,SBA,ultimo_precio_conocido,2025-09,55.0,87.83433181713347,311.31,266.18589511675475
ITEM_0181,SBA,ultimo_precio_conocido,2025-10,5.0,81.53413671383696,188.85,247.09287034743502
ITEM_0181,SBA,ultimo_precio_conocido,2025-11,0.0,79.071375241171,0.0,239.62936088025455
ITEM_0181,SBA,ultimo_precio_conocido,2025-12,0.0,79.071375241171,0.0,239.62936088025455
ITEM_0181,SBA,promedio_historico,2025-07,0.0,87.83433181713347,0.0,312.42244873057757
ITEM_0181,SBA,promedio_historico,2025-08,0.0,87.83433181713347,0.0,312.42244873057757
ITEM_0181,SBA,promedio_historico,2025-09,55.0,87.83433181713347,311.31,312.42244873057757
ITEM_0181,SBA,promedio_historico,2025-10,5.0,81.53413671383696,188.85,290.0129609946176
ITEM_0181,SBA,promedio_historico,2025-11,0.0,79.071375241171,0.0,281.2530381488274
ITEM_0181,SBA,promedio_historico,2025-12,0.0,79.071375241171,0.0,281.2530381488274
ITEM_0181,SBA,promedio_movil_historico,2025-07,0.0,87.83433181713347,0.0,312.259107336323
ITEM_0181,SBA,promedio_movil_historico,2025-08,0.0,87.83433181713347,0.0,312.259107336323
ITEM_0181,SBA,promedio_movil_historico,2025-09,55.0,87.83433181713347,311.31,312.259107336323
ITEM_0181,SBA,promedio_movil_historico,2025-10,5.0,81.53413671383696,188.85,289.8613357782055
ITEM_0181,SBA,promedio_movil_historico,2025-11,0.0,79.071375241171,0.0,281.10599281461333
ITEM_0181,SBA,promedio_movil_historico,2025-12,0.0,79.071375241171,0.0,281.10599281461333
ITEM_0181,Bootstrap,ultimo_precio_conocido,2025-07,0.0,113.72334733121585,0.0,344.64372163787954
ITEM_0181,Bootstrap,ultimo_precio_conocido,2025-08,0.0,106.56959403018493,0.0,322.9639503402068
ITEM_0181,Bootstrap,ultimo_precio_conocido,2025-09,55.0,106.5745255877445,311.31,322.97889564731116
ITEM_0181,Bootstrap,ultimo_precio_conocido,2025-10,5.0,72.83593551960782,188.85,220.73258020926988
ITEM_0181,Bootstrap,ultimo_precio_conocido,2025-11,0.0,82.96066130276866,0.0,251.41601730779905
ITEM_0181,Bootstrap,ultimo_precio_conocido,2025-12,0.0,82.96206031631918,0.0,251.4202570813195
ITEM_0181,Bootstrap,promedio_historico,2025-07,0.0,113.72334733121585,0.0,404.5084184738548
ITEM_0181,Bootstrap,promedio_historico,2025-08,0.0,106.56959403018493,0.0,379.0628657192022
ITEM_0181,Bootstrap,promedio_historico,2025-09,55.0,106.5745255877445,311.31,379.0804070297233
ITEM_0181,Bootstrap,promedio_historico,2025-10,5.0,72.83593551960782,188.85,259.0738821579956
ITEM_0181,Bootstrap,promedio_historico,2025-11,0.0,82.96066130276866,0.0,295.08703961545
ITEM_0181,Bootstrap,promedio_historico,2025-12,0.0,82.96206031631918,0.0,295.09201583864456
ITEM_0181,Bootstrap,promedio_movil_historico,2025-07,0.0,113.72334733121585,0.0,404.2969324896379
ITEM_0181,Bootstrap,promedio_movil_historico,2025-08,0.0,106.56959403018493,0.0,378.86468323504243
ITEM_0181,Bootstrap,promedio_movil_historico,2025-09,55.0,106.5745255877445,311.31,378.88221537457684
ITEM_0181,Bootstrap,promedio_movil_historico,2025-10,5.0,72.83593551960782,188.85,258.9384325790727
ITEM_0181,Bootstrap,promedio_movil_historico,2025-11,0.0,82.96066130276866,0.0,294.93276155805347
ITEM_0181,Bootstrap,promedio_movil_historico,2025-12,0.0,82.96206031631918,0.0,294.93773517956794
ITEM_0645,Croston,ultimo_precio_conocido,2025-07,0.0,4.142250019229236,0.0,75.80317535189502
ITEM_0645,Croston,ultimo_precio_conocido,2025-08,0.0,4.142250019229236,0.0,75.80317535189502
ITEM_0645,Croston,ultimo_precio_conocido,2025-09,0.0,4.142250019229236,0.0,75.80317535189502
ITEM_0645,Croston,ultimo_precio_conocido,2025-10,0.0,4.142250019229236,0.0,75.80317535189502
ITEM_0645,Croston,ultimo_precio_conocido,2025-11,0.0,4.142250019229236,0.0,75.80317535189502
ITEM_0645,Croston,ultimo_precio_conocido,2025-12,0.0,4.142250019229236,0.0,75.80317535189502
ITEM_0645,Croston,promedio_historico,2025-07,0.0,4.142250019229236,0.0,89.21285330888254
ITEM_0645,Croston,promedio_historico,2025-08,0.0,4.142250019229236,0.0,89.21285330888254
ITEM_0645,Croston,promedio_historico,2025-09,0.0,4.142250019229236,0.0,89.21285330888254
ITEM_0645,Croston,promedio_historico,2025-10,0.0,4.142250019229236,0.0,89.21285330888254
ITEM_0645,Croston,promedio_historico,2025-11,0.0,4.142250019229236,0.0,89.21285330888254
ITEM_0645,Croston,promedio_historico,2025-12,0.0,4.142250019229236,0.0,89.21285330888254
ITEM_0645,Croston,promedio_movil_historico,2025-07,0.0,4.142250019229236,0.0,62.88763979193826
ITEM_0645,Croston,promedio_movil_historico,2025-08,0.0,4.142250019229236,0.0,62.88763979193826
ITEM_0645,Croston,promedio_movil_historico,2025-09,0.0,4.142250019229236,0.0,62.88763979193826
ITEM_0645,Croston,promedio_movil_historico,2025-10,0.0,4.142250019229236,0.0,62.88763979193826
ITEM_0645,Croston,promedio_movil_historico,2025-11,0.0,4.142250019229236,0.0,62.88763979193826
ITEM_0645,Croston,promedio_movil_historico,2025-12,0.0,4.142250019229236,0.0,62.88763979193826
ITEM_0645,SBA,ultimo_precio_conocido,2025-07,0.0,3.9351375182677737,0.0,72.01301658430026
ITEM_0645,SBA,ultimo_precio_conocido,2025-08,0.0,3.9351375182677737,0.0,72.01301658430026
ITEM_0645,SBA,ultimo_precio_conocido,2025-09,0.0,3.9351375182677737,0.0,72.01301658430026
ITEM_0645,SBA,ultimo_precio_conocido,2025-10,0.0,3.9351375182677737,0.0,72.01301658430026
ITEM_0645,SBA,ultimo_precio_conocido,2025-11,0.0,3.9351375182677737,0.0,72.01301658430026
ITEM_0645,SBA,ultimo_precio_conocido,2025-12,0.0,3.9351375182677737,0.0,72.01301658430026
ITEM_0645,SBA,promedio_historico,2025-07,0.0,3.9351375182677737,0.0,84.75221064343842
ITEM_0645,SBA,promedio_historico,2025-08,0.0,3.9351375182677737,0.0,84.75221064343842
ITEM_0645,SBA,promedio_historico,2025-09,0.0,3.9351375182677737,0.0,84.75221064343842
ITEM_0645,SBA,promedio_historico,2025-10,0.0,3.9351375182677737,0.0,84.75221064343842
ITEM_0645,SBA,promedio_historico,2025-11,0.0,3.9351375182677737,0.0,84.75221064343842
ITEM_0645,SBA,promedio_historico,2025-12,0.0,3.9351375182677737,0.0,84.75221064343842
ITEM_0645,SBA,promedio_movil_historico,2025-07,0.0,3.9351375182677737,0.0,59.74325780234135
ITEM_0645,SBA,promedio_movil_historico,2025-08,0.0,3.9351375182677737,0.0,59.74325780234135
ITEM_0645,SBA,promedio_movil_historico,2025-09,0.0,3.9351375182677737,0.0,59.74325780234135
ITEM_0645,SBA,promedio_movil_historico,2025-10,0.0,3.9351375182677737,0.0,59.74325780234135
ITEM_0645,SBA,promedio_movil_historico,2025-11,0.0,3.9351375182677737,0.0,59.74325780234135
ITEM_0645,SBA,promedio_movil_historico,2025-12,0.0,3.9351375182677737,0.0,59.74325780234135
ITEM_0645,Bootstrap,ultimo_precio_conocido,2025-07,0.0,3.919087995544726,0.0,71.71931031846849
ITEM_0645,Bootstrap,ultimo_precio_conocido,2025-08,0.0,4.032656313567902,0.0,73.7976105382926
ITEM_0645,Bootstrap,ultimo_precio_conocido,2025-09,0.0,4.032656313567902,0.0,73.7976105382926
ITEM_0645,Bootstrap,ultimo_precio_conocido,2025-10,0.0,4.032656313567902,0.0,73.7976105382926
ITEM_0645,Bootstrap,ultimo_precio_conocido,2025-11,0.0,4.032656313567902,0.0,73.7976105382926
ITEM_0645,Bootstrap,ultimo_precio_conocido,2025-12,0.0,4.020087878048972,0.0,73.5676081682962
ITEM_0645,Bootstrap,promedio_historico,2025-07,0.0,3.919087995544726,0.0,84.40654736630111
ITEM_0645,Bootstrap,promedio_historico,2025-08,0.0,4.032656313567902,0.0,86.85250153355423
ITEM_0645,Bootstrap,promedio_historico,2025-09,0.0,4.032656313567902,0.0,86.85250153355423
ITEM_0645,Bootstrap,promedio_historico,2025-10,0.0,4.032656313567902,0.0,86.85250153355423
ITEM_0645,Bootstrap,promedio_historico,2025-11,0.0,4.032656313567902,0.0,86.85250153355423
ITEM_0645,Bootstrap,promedio_historico,2025-12,0.0,4.020087878048972,0.0,86.58181145230196
ITEM_0645,Bootstrap,promedio_movil_historico,2025-07,0.0,3.919087995544726,0.0,59.49959394836004
ITEM_0645,Bootstrap,promedio_movil_historico,2025-08,0.0,4.032656313567902,0.0,61.22378815258789
ITEM_0645,Bootstrap,promedio_movil_historico,2025-09,0.0,4.032656313567902,0.0,61.22378815258789
ITEM_0645,Bootstrap,promedio_movil_historico,2025-10,0.0,4.032656313567902,0.0,61.22378815258789
ITEM_0645,Bootstrap,promedio_movil_historico,2025-11,0.0,4.032656313567902,0.0,61.22378815258789
ITEM_0645,Bootstrap,promedio_movil_historico,2025-12,0.0,4.020087878048972,0.0,61.03297416453951
ITEM_0648,Croston,ultimo_precio_conocido,2025-07,0.0,6.4091689662680595,0.0,364.16898066335114
ITEM_0648,Croston,ultimo_precio_conocido,2025-08,14.0,6.4091689662680595,14.3,364.16898066335114
ITEM_0648,Croston,ultimo_precio_conocido,2025-09,14.0,6.435899671561693,198.47,365.6878193381354
ITEM_0648,Croston,ultimo_precio_conocido,2025-10,0.0,6.621359963022712,0.0,376.2256730989505
ITEM_0648,Croston,ultimo_precio_conocido,2025-11,14.0,6.621359963022712,292.48,376.2256730989505
ITEM_0648,Croston,ultimo_precio_conocido,2025-12,15.0,6.6409243865038,584.96,377.3373236411459
ITEM_0648,Croston,promedio_historico,2025-07,0.0,6.4091689662680595,0.0,200.73002902148514
ITEM_0648,Croston,promedio_historico,2025-08,14.0,6.4091689662680595,14.3,200.73002902148514
ITEM_0648,Croston,promedio_historico,2025-09,14.0,6.435899671561693,198.47,201.56721326137577
ITEM_0648,Croston,promedio_historico,2025-10,0.0,6.621359963022712,0.0,207.37568076835436
ITEM_0648,Croston,promedio_historico,2025-11,14.0,6.621359963022712,292.48,207.37568076835436
ITEM_0648,Croston,promedio_historico,2025-12,15.0,6.6409243865038,584.96,207.98842281241906
ITEM_0648,Croston,promedio_movil_historico,2025-07,0.0,6.4091689662680595,0.0,279.81957000944914
ITEM_0648,Croston,promedio_movil_historico,2025-08,14.0,6.4091689662680595,14.3,279.81957000944914
ITEM_0648,Croston,promedio_movil_historico,2025-09,14.0,6.435899671561693,198.47,280.9866128040268
ITEM_0648,Croston,promedio_movil_historico,2025-10,0.0,6.621359963022712,0.0,289.083671764959
ITEM_0648,Croston,promedio_movil_historico,2025-11,14.0,6.621359963022712,292.48,289.083671764959
ITEM_0648,Croston,promedio_movil_historico,2025-12,15.0,6.6409243865038,584.96,289.93784000342697
ITEM_0648,SBA,ultimo_precio_conocido,2025-07,0.0,6.088710517954656,0.0,345.96053163018354
ITEM_0648,SBA,ultimo_precio_conocido,2025-08,14.0,6.088710517954656,14.3,345.96053163018354
ITEM_0648,SBA,ultimo_precio_conocido,2025-09,14.0,6.114104687983608,198.47,347.4034283712286
ITEM_0648,SBA,ultimo_precio_conocido,2025-10,0.0,6.290291964871576,0.0,357.41438944400295
ITEM_0648,SBA,ultimo_precio_conocido,2025-11,14.0,6.290291964871576,292.48,357.41438944400295
ITEM_0648,SBA,ultimo_precio_conocido,2025-12,15.0,6.30887816717861,584.96,358.4704574590886
ITEM_0648,SBA,promedio_historico,2025-07,0.0,6.088710517954656,0.0,190.69352757041085
ITEM_0648,SBA,promedio_historico,2025-08,14.0,6.088710517954656,14.3,190.69352757041085
ITEM_0648,SBA,promedio_historico,2025-09,14.0,6.114104687983608,198.47,191.48885259830698
ITEM_0648,SBA,promedio_historico,2025-10,0.0,6.290291964871576,0.0,197.0068967299366
ITEM_0648,SBA,promedio_historico,2025-11,14.0,6.290291964871576,292.48,197.0068967299366
ITEM_0648,SBA,promedio_historico,2025-12,15.0,6.30887816717861,584.96,197.58900167179812
ITEM_0648,SBA,promedio_movil_historico,2025-07,0.0,6.088710517954656,0.0,265.8285915089766
ITEM_0648,SBA,promedio_movil_historico,2025-08,14.0,6.088710517954656,14.3,265.8285915089766
ITEM_0648,SBA,promedio_movil_historico,2025-09,14.0,6.114104687983608,198.47,266.93728216382544
ITEM_0648,SBA,promedio_movil_historico,2025-10,0.0,6.290291964871576,0.0,274.62948817671105
ITEM_0648,SBA,promedio_movil_historico,2025-11,14.0,6.290291964871576,292.48,274.62948817671105
ITEM_0648,SBA,promedio_movil_historico,2025-12,15.0,6.30887816717861,584.96,275.4409480032556
ITEM_0648,Bootstrap,ultimo_precio_conocido,2025-07,0.0,7.876426018378192,0.0,447.53852636424887
ITEM_0648,Bootstrap,ultimo_precio_conocido,2025-08,14.0,7.963678640030405,14.3,452.49622032652763
ITEM_0648,Bootstrap,ultimo_precio_conocido,2025-09,14.0,7.453500290129885,198.47,423.50788648518005
ITEM_0648,Bootstrap,ultimo_precio_conocido,2025-10,0.0,7.507594372009496,0.0,426.5815122175796
ITEM_0648,Bootstrap,ultimo_precio_conocido,2025-11,14.0,7.253248553339465,292.48,412.1295828007484
ITEM_0648,Bootstrap,ultimo_precio_conocido,2025-12,15.0,9.9400358460122,584.96,564.7928367704133
ITEM_0648,Bootstrap,promedio_historico,2025-07,0.0,7.876426018378192,0.0,246.68334250130442
ITEM_0648,Bootstrap,promedio_historico,2025-08,14.0,7.963678640030405,14.3,249.41602459607026
ITEM_0648,Bootstrap,promedio_historico,2025-09,14.0,7.453500290129885,198.47,233.4376480669685
ITEM_0648,Bootstrap,promedio_historico,2025-10,0.0,7.507594372009496,0.0,235.13183130394245
ITEM_0648,Bootstrap,promedio_historico,2025-11,14.0,7.253248553339465,292.48,227.16592436158624
ITEM_0648,Bootstrap,promedio_historico,2025-12,15.0,9.9400358460122,584.96,311.3139463705599
ITEM_0648,Bootstrap,promedio_movil_historico,2025-07,0.0,7.876426018378192,0.0,343.87892615618756
ITEM_0648,Bootstrap,promedio_movil_historico,2025-08,14.0,7.963678640030405,14.3,347.68831099241476
ITEM_0648,Bootstrap,promedio_movil_historico,2025-09,14.0,7.453500290129885,198.47,325.41430210785586
ITEM_0648,Bootstrap,promedio_movil_historico,2025-10,0.0,7.507594372009496,0.0,327.7760096570364
ITEM_0648,Bootstrap,promedio_movil_historico,2025-11,14.0,7.253248553339465,292.48,316.6714595993725
ITEM_0648,Bootstrap,promedio_movil_historico,2025-12,15.0,9.9400358460122,584.96,433.97460278367606
ITEM_0679,Croston,ultimo_precio_conocido,2025-07,0.0,1.675774938055459,0.0,6.849730059301689
ITEM_0679,Croston,ultimo_precio_conocido,2025-08,0.0,1.675774938055459,0.0,6.849730059301689
ITEM_0679,Croston,ultimo_precio_conocido,2025-09,0.0,1.675774938055459,0.0,6.849730059301689
ITEM_0679,Croston,ultimo_precio_conocido,2025-10,6.0,1.675774938055459,2170.92,6.849730059301689
ITEM_0679,Croston,ultimo_precio_conocido,2025-11,0.0,0.9303692045751445,0.0,3.8028841237009035
ITEM_0679,Croston,ultimo_precio_conocido,2025-12,0.0,0.9303692045751445,0.0,3.8028841237009035
ITEM_0679,Croston,promedio_historico,2025-07,0.0,1.675774938055459,0.0,5.200089190499833
ITEM_0679,Croston,promedio_historico,2025-08,0.0,1.675774938055459,0.0,5.200089190499833
ITEM_0679,Croston,promedio_historico,2025-09,0.0,1.675774938055459,0.0,5.200089190499833
ITEM_0679,Croston,promedio_historico,2025-10,6.0,1.675774938055459,2170.92,5.200089190499833
ITEM_0679,Croston,promedio_historico,2025-11,0.0,0.9303692045751445,0.0,2.887024226235937
ITEM_0679,Croston,promedio_historico,2025-12,0.0,0.9303692045751445,0.0,2.887024226235937
ITEM_0679,Croston,promedio_movil_historico,2025-07,0.0,1.675774938055459,0.0,6.394943174637756
ITEM_0679,Croston,promedio_movil_historico,2025-08,0.0,1.675774938055459,0.0,6.394943174637756
ITEM_0679,Croston,promedio_movil_historico,2025-09,0.0,1.675774938055459,0.0,6.394943174637756
ITEM_0679,Croston,promedio_movil_historico,2025-10,6.0,1.675774938055459,2170.92,6.394943174637756
ITEM_0679,Croston,promedio_movil_historico,2025-11,0.0,0.9303692045751445,0.0,3.55039215564046
ITEM_0679,Croston,promedio_movil_historico,2025-12,0.0,0.9303692045751445,0.0,3.55039215564046
ITEM_0679,SBA,ultimo_precio_conocido,2025-07,0.0,1.591986191152686,0.0,6.507243556336605
ITEM_0679,SBA,ultimo_precio_conocido,2025-08,0.0,1.591986191152686,0.0,6.507243556336605
ITEM_0679,SBA,ultimo_precio_conocido,2025-09,0.0,1.591986191152686,0.0,6.507243556336605
ITEM_0679,SBA,ultimo_precio_conocido,2025-10,6.0,1.591986191152686,2170.92,6.507243556336605
ITEM_0679,SBA,ultimo_precio_conocido,2025-11,0.0,0.8838507443463872,0.0,3.612739917515858
ITEM_0679,SBA,ultimo_precio_conocido,2025-12,0.0,0.8838507443463872,0.0,3.612739917515858
ITEM_0679,SBA,promedio_historico,2025-07,0.0,1.591986191152686,0.0,4.940084730974841
ITEM_0679,SBA,promedio_historico,2025-08,0.0,1.591986191152686,0.0,4.940084730974841
ITEM_0679,SBA,promedio_historico,2025-09,0.0,1.591986191152686,0.0,4.940084730974841
ITEM_0679,SBA,promedio_historico,2025-10,6.0,1.591986191152686,2170.92,4.940084730974841
ITEM_0679,SBA,promedio_historico,2025-11,0.0,0.8838507443463872,0.0,2.74267301492414
ITEM_0679,SBA,promedio_historico,2025-12,0.0,0.8838507443463872,0.0,2.74267301492414
ITEM_0679,SBA,promedio_movil_historico,2025-07,0.0,1.591986191152686,0.0,6.075196015905869
ITEM_0679,SBA,promedio_movil_historico,2025-08,0.0,1.591986191152686,0.0,6.075196015905869
ITEM_0679,SBA,promedio_movil_historico,2025-09,0.0,1.591986191152686,0.0,6.075196015905869
ITEM_0679,SBA,promedio_movil_historico,2025-10,6.0,1.591986191152686,2170.92,6.075196015905869
ITEM_0679,SBA,promedio_movil_historico,2025-11,0.0,0.8838507443463872,0.0,3.3728725478584365
ITEM_0679,SBA,promedio_movil_historico,2025-12,0.0,0.8838507443463872,0.0,3.3728725478584365
ITEM_0679,Bootstrap,ultimo_precio_conocido,2025-07,0.0,0.8492879644771869,0.0,3.4714645548005016
ITEM_0679,Bootstrap,ultimo_precio_conocido,2025-08,0.0,0.9194329651274162,0.0,3.758182244958314
ITEM_0679,Bootstrap,ultimo_precio_conocido,2025-09,0.0,0.9194329651274162,0.0,3.758182244958314
ITEM_0679,Bootstrap,ultimo_precio_conocido,2025-10,6.0,0.920961020879154,2170.92,3.7644281728435423
ITEM_0679,Bootstrap,ultimo_precio_conocido,2025-11,0.0,0.9934775017451568,0.0,4.060839288383328
ITEM_0679,Bootstrap,ultimo_precio_conocido,2025-12,0.0,0.8515317425267761,0.0,3.4806359975781977
ITEM_0679,Bootstrap,promedio_historico,2025-07,0.0,0.8492879644771869,0.0,2.635421418119614
ITEM_0679,Bootstrap,promedio_historico,2025-08,0.0,0.9194329651274162,0.0,2.853088033943409
ITEM_0679,Bootstrap,promedio_historico,2025-09,0.0,0.9194329651274162,0.0,2.853088033943409
ITEM_0679,Bootstrap,promedio_historico,2025-10,6.0,0.920961020879154,2170.92,2.857829736433788
ITEM_0679,Bootstrap,promedio_historico,2025-11,0.0,0.9934775017451568,0.0,3.082855281165923
ITEM_0679,Bootstrap,promedio_historico,2025-12,0.0,0.8515317425267761,0.0,2.6423840750472136
ITEM_0679,Bootstrap,promedio_movil_historico,2025-07,0.0,0.8492879644771869,0.0,3.240977143409003
ITEM_0679,Bootstrap,promedio_movil_historico,2025-08,0.0,0.9194329651274162,0.0,3.50865825198535
ITEM_0679,Bootstrap,promedio_movil_historico,2025-09,0.0,0.9194329651274162,0.0,3.50865825198535
ITEM_0679,Bootstrap,promedio_movil_historico,2025-10,6.0,0.920961020879154,2170.92,3.51448948234817
ITEM_0679,Bootstrap,promedio_movil_historico,2025-11,0.0,0.9934775017451568,0.0,3.791220422662213
ITEM_0679,Bootstrap,promedio_movil_historico,2025-12,0.0,0.8515317425267761,0.0,3.2495396495055986
ITEM_0749,Croston,ultimo_precio_conocido,2025-07,62.0,20.180960164773712,125.24,65.03773071283892
ITEM_0749,Croston,ultimo_precio_conocido,2025-08,36.0,22.481809100733773,74.32,72.45273932918295
ITEM_0749,Croston,ultimo_precio_conocido,2025-09,30.0,23.260599400546024,58.14,74.96256806812333
ITEM_0749,Croston,ultimo_precio_conocido,2025-10,0.0,23.666046606934657,0.0,76.26921383780306
ITEM_0749,Croston,ultimo_precio_conocido,2025-11,5.0,23.666046606934657,16.0,76.26921383780306
ITEM_0749,Croston,ultimo_precio_conocido,2025-12,4.0,21.17003977580953,6.4,68.22526455022255
ITEM_0749,Croston,promedio_historico,2025-07,62.0,20.180960164773712,125.24,52.40041285903915
ITEM_0749,Croston,promedio_historico,2025-08,36.0,22.481809100733773,74.32,58.374629803435965
ITEM_0749,Croston,promedio_historico,2025-09,30.0,23.260599400546024,58.14,60.39678003353303
ITEM_0749,Croston,promedio_historico,2025-10,0.0,23.666046606934657,0.0,61.4495347505456
ITEM_0749,Croston,promedio_historico,2025-11,5.0,23.666046606934657,16.0,61.4495347505456
ITEM_0749,Croston,promedio_historico,2025-12,4.0,21.17003977580953,6.4,54.968585014653534
ITEM_0749,Croston,promedio_movil_historico,2025-07,62.0,20.180960164773712,125.24,53.43152069119896
ITEM_0749,Croston,promedio_movil_historico,2025-08,36.0,22.481809100733773,74.32,59.52329514223146
ITEM_0749,Croston,promedio_movil_historico,2025-09,30.0,23.260599400546024,58.14,61.585236183627394
ITEM_0749,Croston,promedio_movil_historico,2025-10,0.0,23.666046606934657,0.0,62.658706455629485
ITEM_0749,Croston,promedio_movil_historico,2025-11,5.0,23.666046606934657,16.0,62.658706455629485
ITEM_0749,Croston,promedio_movil_historico,2025-12,4.0,21.17003977580953,6.4,56.05022799109001
ITEM_0749,SBA,ultimo_precio_conocido,2025-07,62.0,19.171912156535026,125.24,61.78584417719698
ITEM_0749,SBA,ultimo_precio_conocido,2025-08,36.0,21.357718645697084,74.32,68.83010236272379
ITEM_0749,SBA,ultimo_precio_conocido,2025-09,30.0,22.09756943051872,58.14,71.21443966471716
ITEM_0749,SBA,ultimo_precio_conocido,2025-10,0.0,22.482744276587923,0.0,72.45575314591291
ITEM_0749,SBA,ultimo_precio_conocido,2025-11,5.0,22.482744276587923,16.0,72.45575314591291
ITEM_0749,SBA,ultimo_precio_conocido,2025-12,4.0,20.111537787019053,6.4,64.8140013227114
ITEM_0749,SBA,promedio_historico,2025-07,62.0,19.171912156535026,125.24,49.78039221608719
ITEM_0749,SBA,promedio_historico,2025-08,36.0,21.357718645697084,74.32,55.455898313264164
ITEM_0749,SBA,promedio_historico,2025-09,30.0,22.09756943051872,58.14,57.37694103185637
ITEM_0749,SBA,promedio_historico,2025-10,0.0,22.482744276587923,0.0,58.37705801301832
ITEM_0749,SBA,promedio_historico,2025-11,5.0,22.482744276587923,16.0,58.37705801301832
ITEM_0749,SBA,promedio_historico,2025-12,4.0,20.111537787019053,6.4,52.22015576392085
ITEM_0749,SBA,promedio_movil_historico,2025-07,62.0,19.171912156535026,125.24,50.759944656639014
ITEM_0749,SBA,promedio_movil_historico,2025-08,36.0,21.357718645697084,74.32,56.547130385119885
ITEM_0749,SBA,promedio_movil_historico,2025-09,30.0,22.09756943051872,58.14,58.50597437444602
ITEM_0749,SBA,promedio_movil_historico,2025-10,0.0,22.482744276587923,0.0,59.52577113284801
ITEM_0749,SBA,promedio_movil_historico,2025-11,5.0,22.482744276587923,16.0,59.52577113284801
ITEM_0749,SBA,promedio_movil_historico,2025-12,4.0,20.111537787019053,6.4,53.24771659153551
ITEM_0749,Bootstrap,ultimo_precio_conocido,2025-07,62.0,33.17440530420007,125.24,106.91206073035389
ITEM_0749,Bootstrap,ultimo_precio_conocido,2025-08,36.0,31.275292156854103,74.32,100.7917369964071
ITEM_0749,Bootstrap,ultimo_precio_conocido,2025-09,30.0,31.71548818196935,58.14,102.21036873189215
ITEM_0749,Bootstrap,ultimo_precio_conocido,2025-10,0.0,32.22155623108993,0.0,103.84128803564892
ITEM_0749,Bootstrap,ultimo_precio_conocido,2025-11,5.0,32.299463595344676,16.0,104.092362223179
ITEM_0749,Bootstrap,ultimo_precio_conocido,2025-12,4.0,29.313953521839256,6.4,94.47087748629107
ITEM_0749,Bootstrap,promedio_historico,2025-07,62.0,33.17440530420007,125.24,86.13824714482678
ITEM_0749,Bootstrap,promedio_historico,2025-08,36.0,31.275292156854103,74.32,81.20714812008056
ITEM_0749,Bootstrap,promedio_historico,2025-09,30.0,31.71548818196935,58.14,82.3501290915811
ITEM_0749,Bootstrap,promedio_historico,2025-10,0.0,32.22155623108993,0.0,83.6641485679673
ITEM_0749,Bootstrap,promedio_historico,2025-11,5.0,32.299463595344676,16.0,83.86643716169013
ITEM_0749,Bootstrap,promedio_historico,2025-12,4.0,29.313953521839256,6.4,76.11447892138911
ITEM_0749,Bootstrap,promedio_movil_historico,2025-07,62.0,33.17440530420007,125.24,87.83323037937637
ITEM_0749,Bootstrap,promedio_movil_historico,2025-08,36.0,31.275292156854103,74.32,82.80509977514147
ITEM_0749,Bootstrap,promedio_movil_historico,2025-09,30.0,31.71548818196935,58.14,83.97057172652978
ITEM_0749,Bootstrap,promedio_movil_historico,2025-10,0.0,32.22155623108993,0.0,85.3104477887669
ITEM_0749,Bootstrap,promedio_movil_historico,2025-11,5.0,32.299463595344676,16.0,85.5167169113055
ITEM_0749,Bootstrap,promedio_movil_historico,2025-12,4.0,29.313953521839256,6.4,77.61221970384686
ITEM_0914,Croston,ultimo_precio_conocido,2025-07,15.0,6.574866814079841,141.0,56.18522849071265
ITEM_0914,Croston,ultimo_precio_conocido,2025-08,10.0,6.812526639966454,94.0,58.21613983813454
ITEM_0914,Croston,ultimo_precio_conocido,2025-09,0.0,6.909394577365299,0.0,59.04392043811919
ITEM_0914,Croston,ultimo_precio_conocido,2025-10,30.0,6.909394577365299,262.98,59.04392043811919
ITEM_0914,Croston,ultimo_precio_conocido,2025-11,5.0,7.42121825745647,75.0,63.41768666427268
ITEM_0914,Croston,ultimo_precio_conocido,2025-12,0.0,7.339013020013543,0.0,62.71520550693984
ITEM_0914,Croston,promedio_historico,2025-07,15.0,6.574866814079841,141.0,65.53544521001781
ITEM_0914,Croston,promedio_historico,2025-08,10.0,6.812526639966454,94.0,67.90433616073044
ITEM_0914,Croston,promedio_historico,2025-09,0.0,6.909394577365299,0.0,68.86987410750905
ITEM_0914,Croston,promedio_historico,2025-10,30.0,6.909394577365299,262.98,68.86987410750905
ITEM_0914,Croston,promedio_historico,2025-11,5.0,7.42121825745647,75.0,73.9715124664754
ITEM_0914,Croston,promedio_historico,2025-12,0.0,7.339013020013543,0.0,73.15212600789641
ITEM_0914,Croston,promedio_movil_historico,2025-07,15.0,6.574866814079841,141.0,64.7524771954631
ITEM_0914,Croston,promedio_movil_historico,2025-08,10.0,6.812526639966454,94.0,67.09306642581002
ITEM_0914,Croston,promedio_movil_historico,2025-09,0.0,6.909394577365299,0.0,68.04706885426349
ITEM_0914,Croston,promedio_movil_historico,2025-10,30.0,6.909394577365299,262.98,68.04706885426349
ITEM_0914,Croston,promedio_movil_historico,2025-11,5.0,7.42121825745647,75.0,73.08775669028618
ITEM_0914,Croston,promedio_movil_historico,2025-12,0.0,7.339013020013543,0.0,72.27815964240808
ITEM_0914,SBA,ultimo_precio_conocido,2025-07,15.0,6.246123473375849,141.0,53.37596706617702
ITEM_0914,SBA,ultimo_precio_conocido,2025-08,10.0,6.471900307968131,94.0,55.305332846227806
ITEM_0914,SBA,ultimo_precio_conocido,2025-09,0.0,6.5639248484970345,0.0,56.09172441621323
ITEM_0914,SBA,ultimo_precio_conocido,2025-10,30.0,6.5639248484970345,262.98,56.09172441621323
ITEM_0914,SBA,ultimo_precio_conocido,2025-11,5.0,7.0501573445836465,75.0,60.24680233105905
ITEM_0914,SBA,ultimo_precio_conocido,2025-12,0.0,6.972062369012866,0.0,59.57944523159284
ITEM_0914,SBA,promedio_historico,2025-07,15.0,6.246123473375849,141.0,62.25867294951692
ITEM_0914,SBA,promedio_historico,2025-08,10.0,6.471900307968131,94.0,64.50911935269392
ITEM_0914,SBA,promedio_historico,2025-09,0.0,6.5639248484970345,0.0,65.4263804021336
ITEM_0914,SBA,promedio_historico,2025-10,30.0,6.5639248484970345,262.98,65.4263804021336
ITEM_0914,SBA,promedio_historico,2025-11,5.0,7.0501573445836465,75.0,70.27293684315163
ITEM_0914,SBA,promedio_historico,2025-12,0.0,6.972062369012866,0.0,69.49451970750158
ITEM_0914,SBA,promedio_movil_historico,2025-07,15.0,6.246123473375849,141.0,61.51485333568994
ITEM_0914,SBA,promedio_movil_historico,2025-08,10.0,6.471900307968131,94.0,63.738413104519516
ITEM_0914,SBA,promedio_movil_historico,2025-09,0.0,6.5639248484970345,0.0,64.64471541155032
ITEM_0914,SBA,promedio_movil_historico,2025-10,30.0,6.5639248484970345,262.98,64.64471541155032
ITEM_0914,SBA,promedio_movil_historico,2025-11,5.0,7.0501573445836465,75.0,69.43336885577187
ITEM_0914,SBA,promedio_movil_historico,2025-12,0.0,6.972062369012866,0.0,68.66425166028768
ITEM_0914,Bootstrap,ultimo_precio_conocido,2025-07,15.0,5.485927925603352,141.0,46.8797502214868
ITEM_0914,Bootstrap,ultimo_precio_conocido,2025-08,10.0,7.8892308569404985,94.0,67.41706727259647
ITEM_0914,Bootstrap,ultimo_precio_conocido,2025-09,0.0,8.33190731170455,0.0,71.1999389963422
ITEM_0914,Bootstrap,ultimo_precio_conocido,2025-10,30.0,9.150760930691515,262.98,78.19741574898246
ITEM_0914,Bootstrap,ultimo_precio_conocido,2025-11,5.0,7.575054448401297,75.0,64.7322869113631
ITEM_0914,Bootstrap,ultimo_precio_conocido,2025-12,0.0,9.045661308899216,0.0,77.29929166043935
ITEM_0914,Bootstrap,promedio_historico,2025-07,15.0,5.485927925603352,141.0,54.681370613406216
ITEM_0914,Bootstrap,promedio_historico,2025-08,10.0,7.8892308569404985,94.0,78.63646081271442
ITEM_0914,Bootstrap,promedio_historico,2025-09,0.0,8.33190731170455,0.0,83.04886936292694
ITEM_0914,Bootstrap,promedio_historico,2025-10,30.0,9.150760930691515,262.98,91.21085012993284
ITEM_0914,Bootstrap,promedio_historico,2025-11,5.0,7.575054448401297,75.0,75.50488546825133
ITEM_0914,Bootstrap,promedio_historico,2025-12,0.0,9.045661308899216,0.0,90.16326229274458
ITEM_0914,Bootstrap,promedio_movil_historico,2025-07,15.0,5.485927925603352,141.0,54.028078886385735
ITEM_0914,Bootstrap,promedio_movil_historico,2025-08,10.0,7.8892308569404985,94.0,77.69697175611564
ITEM_0914,Bootstrap,promedio_movil_historico,2025-09,0.0,8.33190731170455,0.0,82.05666418071259
ITEM_0914,Bootstrap,promedio_movil_historico,2025-10,30.0,9.150760930691515,262.98,90.12113176450143
ITEM_0914,Bootstrap,promedio_movil_historico,2025-11,5.0,7.575054448401297,75.0,74.60281010926344
ITEM_0914,Bootstrap,promedio_movil_historico,2025-12,0.0,9.045661308899216,0.0,89.0860597157743
ITEM_0918,Croston,ultimo_precio_conocido,2025-07,118.0,15.573572372158118,1011.38,242.3637200417107
ITEM_0918,Croston,ultimo_precio_conocido,2025-08,40.0,20.067355513970142,372.85,312.29822018616034
ITEM_0918,Croston,ultimo_precio_conocido,2025-09,60.0,20.99386808156688,489.0,326.7170720193846
ITEM_0918,Croston,ultimo_precio_conocido,2025-10,6.0,22.909476963287183,20.87,356.52873524115677
ITEM_0918,Croston,ultimo_precio_conocido,2025-11,8.0,22.03451862601474,13.57,342.9121961173544
ITEM_0918,Croston,ultimo_precio_conocido,2025-12,8.0,21.2715007281286,8.86,331.03773008150137
ITEM_0918,Croston,promedio_historico,2025-07,118.0,15.573572372158118,1011.38,207.58347349381754
ITEM_0918,Croston,promedio_historico,2025-08,40.0,20.067355513970142,372.85,267.4820691026831
ITEM_0918,Croston,promedio_historico,2025-09,60.0,20.99386808156688,489.0,279.831753068659
ITEM_0918,Croston,promedio_historico,2025-10,6.0,22.909476963287183,20.87,305.3653131292916
ITEM_0918,Croston,promedio_historico,2025-11,8.0,22.03451862601474,13.57,293.70280651404033
ITEM_0918,Croston,promedio_historico,2025-12,8.0,21.2715007281286,8.86,283.5323779318147
ITEM_0918,Croston,promedio_movil_historico,2025-07,118.0,15.573572372158118,1011.38,223.78161664311295
ITEM_0918,Croston,promedio_movil_historico,2025-08,40.0,20.067355513970142,372.85,288.3542164479005
ITEM_0918,Croston,promedio_movil_historico,2025-09,60.0,20.99386808156688,489.0,301.66757033115135
ITEM_0918,Croston,promedio_movil_historico,2025-10,6.0,22.909476963287183,20.87,329.1935638645073
ITEM_0918,Croston,promedio_movil_historico,2025-11,8.0,22.03451862601474,13.57,316.621009120405
ITEM_0918,Croston,promedio_movil_historico,2025-12,8.0,21.2715007281286,8.86,305.656962167257
ITEM_0918,SBA,ultimo_precio_conocido,2025-07,118.0,14.79489375355021,1011.38,230.24553403962514
ITEM_0918,SBA,ultimo_precio_conocido,2025-08,40.0,19.063987738271635,372.85,296.68330917685233
ITEM_0918,SBA,ultimo_precio_conocido,2025-09,60.0,19.944174677488537,489.0,310.38121841841536
ITEM_0918,SBA,ultimo_precio_conocido,2025-10,6.0,21.764003115122822,20.87,338.70229847909894
ITEM_0918,SBA,ultimo_precio_conocido,2025-11,8.0,20.932792694714003,13.57,325.76658631148666
ITEM_0918,SBA,ultimo_precio_conocido,2025-12,8.0,20.20792569172217,8.86,314.4858435774263
ITEM_0918,SBA,promedio_historico,2025-07,118.0,14.79489375355021,1011.38,197.20429981912665
ITEM_0918,SBA,promedio_historico,2025-08,40.0,19.063987738271635,372.85,254.10796564754895
ITEM_0918,SBA,promedio_historico,2025-09,60.0,19.944174677488537,489.0,265.84016541522607
ITEM_0918,SBA,promedio_historico,2025-10,6.0,21.764003115122822,20.87,290.097047472827
ITEM_0918,SBA,promedio_historico,2025-11,8.0,20.932792694714003,13.57,279.0176661883383
ITEM_0918,SBA,promedio_historico,2025-12,8.0,20.20792569172217,8.86,269.35575903522397
ITEM_0918,SBA,promedio_movil_historico,2025-07,118.0,14.79489375355021,1011.38,212.5925358109573
ITEM_0918,SBA,promedio_movil_historico,2025-08,40.0,19.063987738271635,372.85,273.9365056255055
ITEM_0918,SBA,promedio_movil_historico,2025-09,60.0,19.944174677488537,489.0,286.5841918145938
ITEM_0918,SBA,promedio_movil_historico,2025-10,6.0,21.764003115122822,20.87,312.73388567128194
ITEM_0918,SBA,promedio_movil_historico,2025-11,8.0,20.932792694714003,13.57,300.78995866438476
ITEM_0918,SBA,promedio_movil_historico,2025-12,8.0,20.20792569172217,8.86,290.3741140588941
ITEM_0918,Bootstrap,ultimo_precio_conocido,2025-07,118.0,26.228883133838117,1011.38,408.1869937703557
ITEM_0918,Bootstrap,ultimo_precio_conocido,2025-08,40.0,27.386551802096804,372.85,426.20321242013154
ITEM_0918,Bootstrap,ultimo_precio_conocido,2025-09,60.0,29.126139307806717,489.0,453.275542977742
ITEM_0918,Bootstrap,ultimo_precio_conocido,2025-10,6.0,29.73250389344486,20.87,462.7120918417356
ITEM_0918,Bootstrap,ultimo_precio_conocido,2025-11,8.0,27.409467643726895,13.57,426.5598402054998
ITEM_0918,Bootstrap,ultimo_precio_conocido,2025-12,8.0,23.654954708583144,8.86,368.13023265232516
ITEM_0918,Bootstrap,promedio_historico,2025-07,118.0,26.228883133838117,1011.38,349.6103871786883
ITEM_0918,Bootstrap,promedio_historico,2025-08,40.0,27.386551802096804,372.85,365.0412001976539
ITEM_0918,Bootstrap,promedio_historico,2025-09,60.0,29.126139307806717,489.0,388.22853372989397
ITEM_0918,Bootstrap,promedio_historico,2025-10,6.0,29.73250389344486,20.87,396.31089684366697
ITEM_0918,Bootstrap,promedio_historico,2025-11,8.0,27.409467643726895,13.57,365.3466503467868
ITEM_0918,Bootstrap,promedio_historico,2025-12,8.0,23.654954708583144,8.86,315.301945270131
ITEM_0918,Bootstrap,promedio_movil_historico,2025-07,118.0,26.228883133838117,1011.38,376.8911673038443
ITEM_0918,Bootstrap,promedio_movil_historico,2025-08,40.0,27.386551802096804,372.85,393.52607674717507
ITEM_0918,Bootstrap,promedio_movil_historico,2025-09,60.0,29.126139307806717,489.0,418.5227631218363
ITEM_0918,Bootstrap,promedio_movil_historico,2025-10,6.0,29.73250389344486,20.87,427.2358087870571
ITEM_0918,Bootstrap,promedio_movil_historico,2025-11,8.0,27.409467643726895,13.57,393.855361766962
ITEM_0918,Bootstrap,promedio_movil_historico,2025-12,8.0,23.654954708583144,8.86,339.9055707841294
ITEM_1185,Croston,ultimo_precio_conocido,2025-07,0.0,7.952273799451532,0.0,9.056366857585477
ITEM_1185,Croston,ultimo_precio_conocido,2025-08,4.0,7.952273799451532,450.0,9.056366857585477
ITEM_1185,Croston,ultimo_precio_conocido,2025-09,0.0,7.491839544096365,0.0,8.53200594705154
ITEM_1185,Croston,ultimo_precio_conocido,2025-10,0.0,7.491839544096365,0.0,8.53200594705154
ITEM_1185,Croston,ultimo_precio_conocido,2025-11,0.0,7.491839544096365,0.0,8.53200594705154
ITEM_1185,Croston,ultimo_precio_conocido,2025-12,4.0,7.491839544096365,638.55,8.53200594705154
ITEM_1185,Croston,promedio_historico,2025-07,0.0,7.952273799451532,0.0,8.032555837250657
ITEM_1185,Croston,promedio_historico,2025-08,4.0,7.952273799451532,450.0,8.032555837250657
ITEM_1185,Croston,promedio_historico,2025-09,0.0,7.491839544096365,0.0,7.567473276112182
ITEM_1185,Croston,promedio_historico,2025-10,0.0,7.491839544096365,0.0,7.567473276112182
ITEM_1185,Croston,promedio_historico,2025-11,0.0,7.491839544096365,0.0,7.567473276112182
ITEM_1185,Croston,promedio_historico,2025-12,4.0,7.491839544096365,638.55,7.567473276112182
ITEM_1185,Croston,promedio_movil_historico,2025-07,0.0,7.952273799451532,0.0,9.761040058196931
ITEM_1185,Croston,promedio_movil_historico,2025-08,4.0,7.952273799451532,450.0,9.761040058196931
ITEM_1185,Croston,promedio_movil_historico,2025-09,0.0,7.491839544096365,0.0,9.195878781808558
ITEM_1185,Croston,promedio_movil_historico,2025-10,0.0,7.491839544096365,0.0,9.195878781808558
ITEM_1185,Croston,promedio_movil_historico,2025-11,0.0,7.491839544096365,0.0,9.195878781808558
ITEM_1185,Croston,promedio_movil_historico,2025-12,4.0,7.491839544096365,638.55,9.195878781808558
ITEM_1185,SBA,ultimo_precio_conocido,2025-07,0.0,7.554660109478955,0.0,8.603548514706203
ITEM_1185,SBA,ultimo_precio_conocido,2025-08,4.0,7.554660109478955,450.0,8.603548514706203
ITEM_1185,SBA,ultimo_precio_conocido,2025-09,0.0,7.117247566891546,0.0,8.105405649698962
ITEM_1185,SBA,ultimo_precio_conocido,2025-10,0.0,7.117247566891546,0.0,8.105405649698962
ITEM_1185,SBA,ultimo_precio_conocido,2025-11,0.0,7.117247566891546,0.0,8.105405649698962
ITEM_1185,SBA,ultimo_precio_conocido,2025-12,4.0,7.117247566891546,638.55,8.105405649698962
ITEM_1185,SBA,promedio_historico,2025-07,0.0,7.554660109478955,0.0,7.630928045388123
ITEM_1185,SBA,promedio_historico,2025-08,4.0,7.554660109478955,450.0,7.630928045388123
ITEM_1185,SBA,promedio_historico,2025-09,0.0,7.117247566891546,0.0,7.189099612306572
ITEM_1185,SBA,promedio_historico,2025-10,0.0,7.117247566891546,0.0,7.189099612306572
ITEM_1185,SBA,promedio_historico,2025-11,0.0,7.117247566891546,0.0,7.189099612306572
ITEM_1185,SBA,promedio_historico,2025-12,4.0,7.117247566891546,638.55,7.189099612306572
ITEM_1185,SBA,promedio_movil_historico,2025-07,0.0,7.554660109478955,0.0,9.272988055287085
ITEM_1185,SBA,promedio_movil_historico,2025-08,4.0,7.554660109478955,450.0,9.272988055287085
ITEM_1185,SBA,promedio_movil_historico,2025-09,0.0,7.117247566891546,0.0,8.736084842718128
ITEM_1185,SBA,promedio_movil_historico,2025-10,0.0,7.117247566891546,0.0,8.736084842718128
ITEM_1185,SBA,promedio_movil_historico,2025-11,0.0,7.117247566891546,0.0,8.736084842718128
ITEM_1185,SBA,promedio_movil_historico,2025-12,4.0,7.117247566891546,638.55,8.736084842718128
ITEM_1185,Bootstrap,ultimo_precio_conocido,2025-07,0.0,12.333573851355451,0.0,14.045966258191733
ITEM_1185,Bootstrap,ultimo_precio_conocido,2025-08,4.0,12.567633418698774,450.0,14.312522637140237
ITEM_1185,Bootstrap,ultimo_precio_conocido,2025-09,0.0,11.235538463317802,0.0,12.795479724721767
ITEM_1185,Bootstrap,ultimo_precio_conocido,2025-10,0.0,10.920055592326834,0.0,12.436195237161044
ITEM_1185,Bootstrap,ultimo_precio_conocido,2025-11,0.0,11.084950493393436,0.0,12.623984133100139
ITEM_1185,Bootstrap,ultimo_precio_conocido,2025-12,4.0,11.084950493393436,638.55,12.623984133100139
ITEM_1185,Bootstrap,promedio_historico,2025-07,0.0,12.333573851355451,0.0,12.458087225404658
ITEM_1185,Bootstrap,promedio_historico,2025-08,4.0,12.567633418698774,450.0,12.694509736920502
ITEM_1185,Bootstrap,promedio_historico,2025-09,0.0,11.235538463317802,0.0,11.348966640761567
ITEM_1185,Bootstrap,promedio_historico,2025-10,0.0,10.920055592326834,0.0,11.030298818093556
ITEM_1185,Bootstrap,promedio_historico,2025-11,0.0,11.084950493393436,0.0,11.196858412682307
ITEM_1185,Bootstrap,promedio_historico,2025-12,4.0,11.084950493393436,638.55,11.196858412682307
ITEM_1185,Bootstrap,promedio_movil_historico,2025-07,0.0,12.333573851355451,0.0,15.13887869807928
ITEM_1185,Bootstrap,promedio_movil_historico,2025-08,4.0,12.567633418698774,450.0,15.426175749269845
ITEM_1185,Bootstrap,promedio_movil_historico,2025-09,0.0,11.235538463317802,0.0,13.791092180883087
ITEM_1185,Bootstrap,promedio_movil_historico,2025-10,0.0,10.920055592326834,0.0,13.403851874641344
ITEM_1185,Bootstrap,promedio_movil_historico,2025-11,0.0,11.084950493393436,0.0,13.606252568492518
ITEM_1185,Bootstrap,promedio_movil_historico,2025-12,4.0,11.084950493393436,638.55,13.606252568492518
ITEM_1204,Croston,ultimo_precio_conocido,2025-07,0.0,2.6998010057182817,0.0,125.5793153516961
ITEM_1204,Croston,ultimo_precio_conocido,2025-08,0.0,2.6998010057182817,0.0,125.5793153516961
ITEM_1204,Croston,ultimo_precio_conocido,2025-09,0.0,2.6998010057182817,0.0,125.5793153516961
ITEM_1204,Croston,ultimo_precio_conocido,2025-10,0.0,2.6998010057182817,0.0,125.5793153516961
ITEM_1204,Croston,ultimo_precio_conocido,2025-11,0.0,2.6998010057182817,0.0,125.5793153516961
ITEM_1204,Croston,ultimo_precio_conocido,2025-12,0.0,2.6998010057182817,0.0,125.5793153516961
ITEM_1204,Croston,promedio_historico,2025-07,0.0,2.6998010057182817,0.0,114.72243636701525
ITEM_1204,Croston,promedio_historico,2025-08,0.0,2.6998010057182817,0.0,114.72243636701525
ITEM_1204,Croston,promedio_historico,2025-09,0.0,2.6998010057182817,0.0,114.72243636701525
ITEM_1204,Croston,promedio_historico,2025-10,0.0,2.6998010057182817,0.0,114.72243636701525
ITEM_1204,Croston,promedio_historico,2025-11,0.0,2.6998010057182817,0.0,114.72243636701525
ITEM_1204,Croston,promedio_historico,2025-12,0.0,2.6998010057182817,0.0,114.72243636701525
ITEM_1204,Croston,promedio_movil_historico,2025-07,0.0,2.6998010057182817,0.0,105.96227197975358
ITEM_1204,Croston,promedio_movil_historico,2025-08,0.0,2.6998010057182817,0.0,105.96227197975358
ITEM_1204,Croston,promedio_movil_historico,2025-09,0.0,2.6998010057182817,0.0,105.96227197975358
ITEM_1204,Croston,promedio_movil_historico,2025-10,0.0,2.6998010057182817,0.0,105.96227197975358
ITEM_1204,Croston,promedio_movil_historico,2025-11,0.0,2.6998010057182817,0.0,105.96227197975358
ITEM_1204,Croston,promedio_movil_historico,2025-12,0.0,2.6998010057182817,0.0,105.96227197975358
ITEM_1204,SBA,ultimo_precio_conocido,2025-07,0.0,2.5648109554323675,0.0,119.30034958411127
ITEM_1204,SBA,ultimo_precio_conocido,2025-08,0.0,2.5648109554323675,0.0,119.30034958411127
ITEM_1204,SBA,ultimo_precio_conocido,2025-09,0.0,2.5648109554323675,0.0,119.30034958411127
ITEM_1204,SBA,ultimo_precio_conocido,2025-10,0.0,2.5648109554323675,0.0,119.30034958411127
ITEM_1204,SBA,ultimo_precio_conocido,2025-11,0.0,2.5648109554323675,0.0,119.30034958411127
ITEM_1204,SBA,ultimo_precio_conocido,2025-12,0.0,2.5648109554323675,0.0,119.30034958411127
ITEM_1204,SBA,promedio_historico,2025-07,0.0,2.5648109554323675,0.0,108.98631454866448
ITEM_1204,SBA,promedio_historico,2025-08,0.0,2.5648109554323675,0.0,108.98631454866448
ITEM_1204,SBA,promedio_historico,2025-09,0.0,2.5648109554323675,0.0,108.98631454866448
ITEM_1204,SBA,promedio_historico,2025-10,0.0,2.5648109554323675,0.0,108.98631454866448
ITEM_1204,SBA,promedio_historico,2025-11,0.0,2.5648109554323675,0.0,108.98631454866448
ITEM_1204,SBA,promedio_historico,2025-12,0.0,2.5648109554323675,0.0,108.98631454866448
ITEM_1204,SBA,promedio_movil_historico,2025-07,0.0,2.5648109554323675,0.0,100.6641583807659
ITEM_1204,SBA,promedio_movil_historico,2025-08,0.0,2.5648109554323675,0.0,100.6641583807659
ITEM_1204,SBA,promedio_movil_historico,2025-09,0.0,2.5648109554323675,0.0,100.6641583807659
ITEM_1204,SBA,promedio_movil_historico,2025-10,0.0,2.5648109554323675,0.0,100.6641583807659
ITEM_1204,SBA,promedio_movil_historico,2025-11,0.0,2.5648109554323675,0.0,100.6641583807659
ITEM_1204,SBA,promedio_movil_historico,2025-12,0.0,2.5648109554323675,0.0,100.6641583807659
ITEM_1204,Bootstrap,ultimo_precio_conocido,2025-07,0.0,1.757161448498199,0.0,81.73310966157338
ITEM_1204,Bootstrap,ultimo_precio_conocido,2025-08,0.0,1.757161448498199,0.0,81.73310966157338
ITEM_1204,Bootstrap,ultimo_precio_conocido,2025-09,0.0,1.7656266685592976,0.0,82.12686332612962
ITEM_1204,Bootstrap,ultimo_precio_conocido,2025-10,0.0,1.5009530479692015,0.0,69.81575891696744
ITEM_1204,Bootstrap,ultimo_precio_conocido,2025-11,0.0,1.5338085165176338,0.0,71.34400756830595
ITEM_1204,Bootstrap,ultimo_precio_conocido,2025-12,0.0,1.5084610258493034,0.0,70.16498714521903
ITEM_1204,Bootstrap,promedio_historico,2025-07,0.0,1.757161448498199,0.0,74.66692620490934
ITEM_1204,Bootstrap,promedio_historico,2025-08,0.0,1.757161448498199,0.0,74.66692620490934
ITEM_1204,Bootstrap,promedio_historico,2025-09,0.0,1.7656266685592976,0.0,75.02663814950645
ITEM_1204,Bootstrap,promedio_historico,2025-10,0.0,1.5009530479692015,0.0,63.77988235829714
ITEM_1204,Bootstrap,promedio_historico,2025-11,0.0,1.5338085165176338,0.0,65.17600725486268
ITEM_1204,Bootstrap,promedio_historico,2025-12,0.0,1.5084610258493034,0.0,64.09891828456378
ITEM_1204,Bootstrap,promedio_movil_historico,2025-07,0.0,1.757161448498199,0.0,68.96538630948741
ITEM_1204,Bootstrap,promedio_movil_historico,2025-08,0.0,1.757161448498199,0.0,68.96538630948741
ITEM_1204,Bootstrap,promedio_movil_historico,2025-09,0.0,1.7656266685592976,0.0,69.29763077809184
ITEM_1204,Bootstrap,promedio_movil_historico,2025-10,0.0,1.5009530479692015,0.0,58.90967325402522
ITEM_1204,Bootstrap,promedio_movil_historico,2025-11,0.0,1.5338085165176338,0.0,60.199190550662045
ITEM_1204,Bootstrap,promedio_movil_historico,2025-12,0.0,1.5084610258493034,0.0,59.2043477105738
ITEM_1333,Croston,ultimo_precio_conocido,2025-07,0.0,13.294495414495552,0.0,481.06523062937737
ITEM_1333,Croston,ultimo_precio_conocido,2025-08,0.0,13.294495414495552,0.0,481.06523062937737
ITEM_1333,Croston,ultimo_precio_conocido,2025-09,0.0,13.294495414495552,0.0,481.06523062937737
ITEM_1333,Croston,ultimo_precio_conocido,2025-10,0.0,13.294495414495552,0.0,481.06523062937737
ITEM_1333,Croston,ultimo_precio_conocido,2025-11,0.0,13.294495414495552,0.0,481.06523062937737
ITEM_1333,Croston,ultimo_precio_conocido,2025-12,0.0,13.294495414495552,0.0,481.06523062937737
ITEM_1333,Croston,promedio_historico,2025-07,0.0,13.294495414495552,0.0,233.75319883823715
ITEM_1333,Croston,promedio_historico,2025-08,0.0,13.294495414495552,0.0,233.75319883823715
ITEM_1333,Croston,promedio_historico,2025-09,0.0,13.294495414495552,0.0,233.75319883823715
ITEM_1333,Croston,promedio_historico,2025-10,0.0,13.294495414495552,0.0,233.75319883823715
ITEM_1333,Croston,promedio_historico,2025-11,0.0,13.294495414495552,0.0,233.75319883823715
ITEM_1333,Croston,promedio_historico,2025-12,0.0,13.294495414495552,0.0,233.75319883823715
ITEM_1333,Croston,promedio_movil_historico,2025-07,0.0,13.294495414495552,0.0,301.88605930994305
ITEM_1333,Croston,promedio_movil_historico,2025-08,0.0,13.294495414495552,0.0,301.88605930994305
ITEM_1333,Croston,promedio_movil_historico,2025-09,0.0,13.294495414495552,0.0,301.88605930994305
ITEM_1333,Croston,promedio_movil_historico,2025-10,0.0,13.294495414495552,0.0,301.88605930994305
ITEM_1333,Croston,promedio_movil_historico,2025-11,0.0,13.294495414495552,0.0,301.88605930994305
ITEM_1333,Croston,promedio_movil_historico,2025-12,0.0,13.294495414495552,0.0,301.88605930994305
ITEM_1333,SBA,ultimo_precio_conocido,2025-07,0.0,12.629770643770774,0.0,457.0119690979085
ITEM_1333,SBA,ultimo_precio_conocido,2025-08,0.0,12.629770643770774,0.0,457.0119690979085
ITEM_1333,SBA,ultimo_precio_conocido,2025-09,0.0,12.629770643770774,0.0,457.0119690979085
ITEM_1333,SBA,ultimo_precio_conocido,2025-10,0.0,12.629770643770774,0.0,457.0119690979085
ITEM_1333,SBA,ultimo_precio_conocido,2025-11,0.0,12.629770643770774,0.0,457.0119690979085
ITEM_1333,SBA,ultimo_precio_conocido,2025-12,0.0,12.629770643770774,0.0,457.0119690979085
ITEM_1333,SBA,promedio_historico,2025-07,0.0,12.629770643770774,0.0,222.0655388963253
ITEM_1333,SBA,promedio_historico,2025-08,0.0,12.629770643770774,0.0,222.0655388963253
ITEM_1333,SBA,promedio_historico,2025-09,0.0,12.629770643770774,0.0,222.0655388963253
ITEM_1333,SBA,promedio_historico,2025-10,0.0,12.629770643770774,0.0,222.0655388963253
ITEM_1333,SBA,promedio_historico,2025-11,0.0,12.629770643770774,0.0,222.0655388963253
ITEM_1333,SBA,promedio_historico,2025-12,0.0,12.629770643770774,0.0,222.0655388963253
ITEM_1333,SBA,promedio_movil_historico,2025-07,0.0,12.629770643770774,0.0,286.79175634444584
ITEM_1333,SBA,promedio_movil_historico,2025-08,0.0,12.629770643770774,0.0,286.79175634444584
ITEM_1333,SBA,promedio_movil_historico,2025-09,0.0,12.629770643770774,0.0,286.79175634444584
ITEM_1333,SBA,promedio_movil_historico,2025-10,0.0,12.629770643770774,0.0,286.79175634444584
ITEM_1333,SBA,promedio_movil_historico,2025-11,0.0,12.629770643770774,0.0,286.79175634444584
ITEM_1333,SBA,promedio_movil_historico,2025-12,0.0,12.629770643770774,0.0,286.79175634444584
ITEM_1333,Bootstrap,ultimo_precio_conocido,2025-07,0.0,7.9132662322298435,0.0,286.3438683719129
ITEM_1333,Bootstrap,ultimo_precio_conocido,2025-08,0.0,8.21403703539899,0.0,297.22734843505134
ITEM_1333,Bootstrap,ultimo_precio_conocido,2025-09,0.0,7.867309771396938,0.0,284.68092030655146
ITEM_1333,Bootstrap,ultimo_precio_conocido,2025-10,0.0,7.978209244620753,0.0,288.6938503952648
ITEM_1333,Bootstrap,ultimo_precio_conocido,2025-11,0.0,7.7143736960722835,0.0,279.146883394749
ITEM_1333,Bootstrap,ultimo_precio_conocido,2025-12,0.0,7.030786315465646,0.0,254.41107277133077
ITEM_1333,Bootstrap,promedio_historico,2025-07,0.0,7.9132662322298435,0.0,139.13663041513166
ITEM_1333,Bootstrap,promedio_historico,2025-08,0.0,8.21403703539899,0.0,144.42499489726734
ITEM_1333,Bootstrap,promedio_historico,2025-09,0.0,7.867309771396938,0.0,138.32859149435677
ITEM_1333,Bootstrap,promedio_historico,2025-10,0.0,7.978209244620753,0.0,140.2785042821168
ITEM_1333,Bootstrap,promedio_historico,2025-11,0.0,7.7143736960722835,0.0,135.63956150786143
ITEM_1333,Bootstrap,promedio_historico,2025-12,0.0,7.030786315465646,0.0,123.62024584974125
ITEM_1333,Bootstrap,promedio_movil_historico,2025-07,0.0,7.9132662322298435,0.0,179.6912695545845
ITEM_1333,Bootstrap,promedio_movil_historico,2025-08,0.0,8.21403703539899,0.0,186.52105208436888
ITEM_1333,Bootstrap,promedio_movil_historico,2025-09,0.0,7.867309771396938,0.0,178.64770871018038
ITEM_1333,Bootstrap,promedio_movil_historico,2025-10,0.0,7.978209244620753,0.0,181.16596938178003
ITEM_1333,Bootstrap,promedio_movil_historico,2025-11,0.0,7.7143736960722835,0.0,175.1748977710192
ITEM_1333,Bootstrap,promedio_movil_historico,2025-12,0.0,7.030786315465646,0.0,159.65227024050495
ITEM_1385,Croston,ultimo_precio_conocido,2025-07,0.0,3.7494327716093117,0.0,75.92601362508856
ITEM_1385,Croston,ultimo_precio_conocido,2025-08,0.0,3.7494327716093117,0.0,75.92601362508856
ITEM_1385,Croston,ultimo_precio_conocido,2025-09,0.0,3.7494327716093117,0.0,75.92601362508856
ITEM_1385,Croston,ultimo_precio_conocido,2025-10,0.0,3.7494327716093117,0.0,75.92601362508856
ITEM_1385,Croston,ultimo_precio_conocido,2025-11,0.0,3.7494327716093117,0.0,75.92601362508856
ITEM_1385,Croston,ultimo_precio_conocido,2025-12,0.0,3.7494327716093117,0.0,75.92601362508856
ITEM_1385,Croston,promedio_historico,2025-07,0.0,3.7494327716093117,0.0,78.45268471556598
ITEM_1385,Croston,promedio_historico,2025-08,0.0,3.7494327716093117,0.0,78.45268471556598
ITEM_1385,Croston,promedio_historico,2025-09,0.0,3.7494327716093117,0.0,78.45268471556598
ITEM_1385,Croston,promedio_historico,2025-10,0.0,3.7494327716093117,0.0,78.45268471556598
ITEM_1385,Croston,promedio_historico,2025-11,0.0,3.7494327716093117,0.0,78.45268471556598
ITEM_1385,Croston,promedio_historico,2025-12,0.0,3.7494327716093117,0.0,78.45268471556598
ITEM_1385,Croston,promedio_movil_historico,2025-07,0.0,3.7494327716093117,0.0,72.81190140644637
ITEM_1385,Croston,promedio_movil_historico,2025-08,0.0,3.7494327716093117,0.0,72.81190140644637
ITEM_1385,Croston,promedio_movil_historico,2025-09,0.0,3.7494327716093117,0.0,72.81190140644637
ITEM_1385,Croston,promedio_movil_historico,2025-10,0.0,3.7494327716093117,0.0,72.81190140644637
ITEM_1385,Croston,promedio_movil_historico,2025-11,0.0,3.7494327716093117,0.0,72.81190140644637
ITEM_1385,Croston,promedio_movil_historico,2025-12,0.0,3.7494327716093117,0.0,72.81190140644637
ITEM_1385,SBA,ultimo_precio_conocido,2025-07,0.0,3.561961133028846,0.0,72.12971294383414
ITEM_1385,SBA,ultimo_precio_conocido,2025-08,0.0,3.561961133028846,0.0,72.12971294383414
ITEM_1385,SBA,ultimo_precio_conocido,2025-09,0.0,3.561961133028846,0.0,72.12971294383414
ITEM_1385,SBA,ultimo_precio_conocido,2025-10,0.0,3.561961133028846,0.0,72.12971294383414
ITEM_1385,SBA,ultimo_precio_conocido,2025-11,0.0,3.561961133028846,0.0,72.12971294383414
ITEM_1385,SBA,ultimo_precio_conocido,2025-12,0.0,3.561961133028846,0.0,72.12971294383414
ITEM_1385,SBA,promedio_historico,2025-07,0.0,3.561961133028846,0.0,74.53005047978768
ITEM_1385,SBA,promedio_historico,2025-08,0.0,3.561961133028846,0.0,74.53005047978768
ITEM_1385,SBA,promedio_historico,2025-09,0.0,3.561961133028846,0.0,74.53005047978768
ITEM_1385,SBA,promedio_historico,2025-10,0.0,3.561961133028846,0.0,74.53005047978768
ITEM_1385,SBA,promedio_historico,2025-11,0.0,3.561961133028846,0.0,74.53005047978768
ITEM_1385,SBA,promedio_historico,2025-12,0.0,3.561961133028846,0.0,74.53005047978768
ITEM_1385,SBA,promedio_movil_historico,2025-07,0.0,3.561961133028846,0.0,69.17130633612405
ITEM_1385,SBA,promedio_movil_historico,2025-08,0.0,3.561961133028846,0.0,69.17130633612405
ITEM_1385,SBA,promedio_movil_historico,2025-09,0.0,3.561961133028846,0.0,69.17130633612405
ITEM_1385,SBA,promedio_movil_historico,2025-10,0.0,3.561961133028846,0.0,69.17130633612405
ITEM_1385,SBA,promedio_movil_historico,2025-11,0.0,3.561961133028846,0.0,69.17130633612405
ITEM_1385,SBA,promedio_movil_historico,2025-12,0.0,3.561961133028846,0.0,69.17130633612405
ITEM_1385,Bootstrap,ultimo_precio_conocido,2025-07,0.0,4.658800252363154,0.0,94.34070511035387
ITEM_1385,Bootstrap,ultimo_precio_conocido,2025-08,0.0,4.658800252363154,0.0,94.34070511035387
ITEM_1385,Bootstrap,ultimo_precio_conocido,2025-09,0.0,4.581119392079859,0.0,92.76766768961716
ITEM_1385,Bootstrap,ultimo_precio_conocido,2025-10,0.0,3.9892797160947673,0.0,80.78291425091903
ITEM_1385,Bootstrap,ultimo_precio_conocido,2025-11,0.0,3.979386185531713,0.0,80.58257025701718
ITEM_1385,Bootstrap,ultimo_precio_conocido,2025-12,0.0,3.979386185531713,0.0,80.58257025701718
ITEM_1385,Bootstrap,promedio_historico,2025-07,0.0,4.658800252363154,0.0,97.48018156745607
ITEM_1385,Bootstrap,promedio_historico,2025-08,0.0,4.658800252363154,0.0,97.48018156745607
ITEM_1385,Bootstrap,promedio_historico,2025-09,0.0,4.581119392079859,0.0,95.85479649951058
ITEM_1385,Bootstrap,promedio_historico,2025-10,0.0,3.9892797160947673,0.0,83.47121361364059
ITEM_1385,Bootstrap,promedio_historico,2025-11,0.0,3.979386185531713,0.0,83.26420255856466
ITEM_1385,Bootstrap,promedio_historico,2025-12,0.0,3.979386185531713,0.0,83.26420255856466
ITEM_1385,Bootstrap,promedio_movil_historico,2025-07,0.0,4.658800252363154,0.0,90.47131267853
ITEM_1385,Bootstrap,promedio_movil_historico,2025-08,0.0,4.658800252363154,0.0,90.47131267853
ITEM_1385,Bootstrap,promedio_movil_historico,2025-09,0.0,4.581119392079859,0.0,88.96279352786192
ITEM_1385,Bootstrap,promedio_movil_historico,2025-10,0.0,3.9892797160947673,0.0,77.46959582005142
ITEM_1385,Bootstrap,promedio_movil_historico,2025-11,0.0,3.979386185531713,0.0,77.27746895292277
ITEM_1385,Bootstrap,promedio_movil_historico,2025-12,0.0,3.979386185531713,0.0,77.27746895292277
ITEM_1404,Croston,ultimo_precio_conocido,2025-07,2.0,6.802525751833334,3.3,73.97746755118752
ITEM_1404,Croston,ultimo_precio_conocido,2025-08,8.0,6.634569906025847,26.87,72.15094772803108
ITEM_1404,Croston,ultimo_precio_conocido,2025-09,36.0,6.6856434626701615,61.85,72.70637265653801
ITEM_1404,Croston,ultimo_precio_conocido,2025-10,16.0,7.855357906133563,12.56,85.4270172292025
ITEM_1404,Croston,ultimo_precio_conocido,2025-11,6.0,8.201129023159126,480.0,89.18727812685549
ITEM_1404,Croston,ultimo_precio_conocido,2025-12,4.0,8.1019768739062,10.43,88.10899850372992
ITEM_1404,Croston,promedio_historico,2025-07,2.0,6.802525751833334,3.3,17.96755843241228
ITEM_1404,Croston,promedio_historico,2025-08,8.0,6.634569906025847,26.87,17.523935492389164
ITEM_1404,Croston,promedio_historico,2025-09,36.0,6.6856434626701615,61.85,17.658836431663158
ITEM_1404,Croston,promedio_historico,2025-10,16.0,7.855357906133563,12.56,20.7484113011888
ITEM_1404,Croston,promedio_historico,2025-11,6.0,8.201129023159126,480.0,21.661698949930575
ITEM_1404,Croston,promedio_historico,2025-12,4.0,8.1019768739062,10.43,21.399807690655138
ITEM_1404,Croston,promedio_movil_historico,2025-07,2.0,6.802525751833334,3.3,40.960023114974234
ITEM_1404,Croston,promedio_movil_historico,2025-08,8.0,6.634569906025847,26.87,39.9487112026723
ITEM_1404,Croston,promedio_movil_historico,2025-09,36.0,6.6856434626701615,61.85,40.25624022013339
ITEM_1404,Croston,promedio_movil_historico,2025-10,16.0,7.855357906133563,12.56,47.299437466283855
ITEM_1404,Croston,promedio_movil_historico,2025-11,6.0,8.201129023159126,480.0,49.38142781259611
ITEM_1404,Croston,promedio_movil_historico,2025-12,4.0,8.1019768739062,10.43,48.78440334352965
ITEM_1404,SBA,ultimo_precio_conocido,2025-07,2.0,6.462399464241668,3.3,70.27859417362814
ITEM_1404,SBA,ultimo_precio_conocido,2025-08,8.0,6.302841410724555,26.87,68.54340034162954
ITEM_1404,SBA,ultimo_precio_conocido,2025-09,36.0,6.351361289536653,61.85,69.0710540237111
ITEM_1404,SBA,ultimo_precio_conocido,2025-10,16.0,7.462590010826885,12.56,81.15566636774237
ITEM_1404,SBA,ultimo_precio_conocido,2025-11,6.0,7.79107257200117,480.0,84.72791422051272
ITEM_1404,SBA,ultimo_precio_conocido,2025-12,4.0,7.696878030210889,10.43,83.70354857854342
ITEM_1404,SBA,promedio_historico,2025-07,2.0,6.462399464241668,3.3,17.069180510791668
ITEM_1404,SBA,promedio_historico,2025-08,8.0,6.302841410724555,26.87,16.647738717769705
ITEM_1404,SBA,promedio_historico,2025-09,36.0,6.351361289536653,61.85,16.775894610079998
ITEM_1404,SBA,promedio_historico,2025-10,16.0,7.462590010826885,12.56,19.710990736129357
ITEM_1404,SBA,promedio_historico,2025-11,6.0,7.79107257200117,480.0,20.578614002434048
ITEM_1404,SBA,promedio_historico,2025-12,4.0,7.696878030210889,10.43,20.32981730612238
ITEM_1404,SBA,promedio_movil_historico,2025-07,2.0,6.462399464241668,3.3,38.91202195922553
ITEM_1404,SBA,promedio_movil_historico,2025-08,8.0,6.302841410724555,26.87,37.95127564253868
ITEM_1404,SBA,promedio_movil_historico,2025-09,36.0,6.351361289536653,61.85,38.24342820912672
ITEM_1404,SBA,promedio_movil_historico,2025-10,16.0,7.462590010826885,12.56,44.93446559296966
ITEM_1404,SBA,promedio_movil_historico,2025-11,6.0,7.79107257200117,480.0,46.9123564219663
ITEM_1404,SBA,promedio_movil_historico,2025-12,4.0,7.696878030210889,10.43,46.34518317635316
ITEM_1404,Bootstrap,ultimo_precio_conocido,2025-07,2.0,9.637590854715457,3.3,104.80880054503059
ITEM_1404,Bootstrap,ultimo_precio_conocido,2025-08,8.0,9.670492457154714,26.87,105.1666054715575
ITEM_1404,Bootstrap,ultimo_precio_conocido,2025-09,36.0,9.714256300270034,61.85,105.64253726543662
ITEM_1404,Bootstrap,ultimo_precio_conocido,2025-10,16.0,10.585209835431979,12.56,115.11415696032277
ITEM_1404,Bootstrap,ultimo_precio_conocido,2025-11,6.0,9.623853976204211,480.0,104.6594119912208
ITEM_1404,Bootstrap,ultimo_precio_conocido,2025-12,4.0,10.814083770393918,10.43,117.60316100303386
ITEM_1404,Bootstrap,promedio_historico,2025-07,2.0,9.637590854715457,3.3,25.45583554507135
ITEM_1404,Bootstrap,promedio_historico,2025-08,8.0,9.670492457154714,26.87,25.542738775711527
ITEM_1404,Bootstrap,promedio_historico,2025-09,36.0,9.714256300270034,61.85,25.658332517960798
ITEM_1404,Bootstrap,promedio_historico,2025-10,16.0,10.585209835431979,12.56,27.95878812898451
ITEM_1404,Bootstrap,promedio_historico,2025-11,6.0,9.623853976204211,480.0,25.419552232617406
ITEM_1404,Bootstrap,promedio_historico,2025-12,4.0,10.814083770393918,10.43,28.563314440255947
ITEM_1404,Bootstrap,promedio_movil_historico,2025-07,2.0,9.637590854715457,3.3,58.030790118717235
ITEM_1404,Bootstrap,promedio_movil_historico,2025-08,8.0,9.670492457154714,26.87,58.228900415626946
ITEM_1404,Bootstrap,promedio_movil_historico,2025-09,36.0,9.714256300270034,61.85,58.492415482088916
ITEM_1404,Bootstrap,promedio_movil_historico,2025-10,16.0,10.585209835431979,12.56,63.7366847776057
ITEM_1404,Bootstrap,promedio_movil_historico,2025-11,6.0,9.623853976204211,480.0,57.9480763030148
ITEM_1404,Bootstrap,promedio_movil_historico,2025-12,4.0,10.814083770393918,10.43,65.11480255451079
ITEM_1466,Croston,ultimo_precio_conocido,2025-07,0.0,40.51340277765731,0.0,268.603860415868
ITEM_1466,Croston,ultimo_precio_conocido,2025-08,0.0,40.51340277765731,0.0,268.603860415868
ITEM_1466,Croston,ultimo_precio_conocido,2025-09,0.0,40.51340277765731,0.0,268.603860415868
ITEM_1466,Croston,ultimo_precio_conocido,2025-10,0.0,40.51340277765731,0.0,268.603860415868
ITEM_1466,Croston,ultimo_precio_conocido,2025-11,0.0,40.51340277765731,0.0,268.603860415868
ITEM_1466,Croston,ultimo_precio_conocido,2025-12,0.0,40.51340277765731,0.0,268.603860415868
ITEM_1466,Croston,promedio_historico,2025-07,0.0,40.51340277765731,0.0,285.6621150361406
ITEM_1466,Croston,promedio_historico,2025-08,0.0,40.51340277765731,0.0,285.6621150361406
ITEM_1466,Croston,promedio_historico,2025-09,0.0,40.51340277765731,0.0,285.6621150361406
ITEM_1466,Croston,promedio_historico,2025-10,0.0,40.51340277765731,0.0,285.6621150361406
ITEM_1466,Croston,promedio_historico,2025-11,0.0,40.51340277765731,0.0,285.6621150361406
ITEM_1466,Croston,promedio_historico,2025-12,0.0,40.51340277765731,0.0,285.6621150361406
ITEM_1466,Croston,promedio_movil_historico,2025-07,0.0,40.51340277765731,0.0,256.3043667463421
ITEM_1466,Croston,promedio_movil_historico,2025-08,0.0,40.51340277765731,0.0,256.3043667463421
ITEM_1466,Croston,promedio_movil_historico,2025-09,0.0,40.51340277765731,0.0,256.3043667463421
ITEM_1466,Croston,promedio_movil_historico,2025-10,0.0,40.51340277765731,0.0,256.3043667463421
ITEM_1466,Croston,promedio_movil_historico,2025-11,0.0,40.51340277765731,0.0,256.3043667463421
ITEM_1466,Croston,promedio_movil_historico,2025-12,0.0,40.51340277765731,0.0,256.3043667463421
ITEM_1466,SBA,ultimo_precio_conocido,2025-07,0.0,38.487732638774446,0.0,255.17366739507457
ITEM_1466,SBA,ultimo_precio_conocido,2025-08,0.0,38.487732638774446,0.0,255.17366739507457
ITEM_1466,SBA,ultimo_precio_conocido,2025-09,0.0,38.487732638774446,0.0,255.17366739507457
ITEM_1466,SBA,ultimo_precio_conocido,2025-10,0.0,38.487732638774446,0.0,255.17366739507457
ITEM_1466,SBA,ultimo_precio_conocido,2025-11,0.0,38.487732638774446,0.0,255.17366739507457
ITEM_1466,SBA,ultimo_precio_conocido,2025-12,0.0,38.487732638774446,0.0,255.17366739507457
ITEM_1466,SBA,promedio_historico,2025-07,0.0,38.487732638774446,0.0,271.37900928433356
ITEM_1466,SBA,promedio_historico,2025-08,0.0,38.487732638774446,0.0,271.37900928433356
ITEM_1466,SBA,promedio_historico,2025-09,0.0,38.487732638774446,0.0,271.37900928433356
ITEM_1466,SBA,promedio_historico,2025-10,0.0,38.487732638774446,0.0,271.37900928433356
ITEM_1466,SBA,promedio_historico,2025-11,0.0,38.487732638774446,0.0,271.37900928433356
ITEM_1466,SBA,promedio_historico,2025-12,0.0,38.487732638774446,0.0,271.37900928433356
ITEM_1466,SBA,promedio_movil_historico,2025-07,0.0,38.487732638774446,0.0,243.48914840902498
ITEM_1466,SBA,promedio_movil_historico,2025-08,0.0,38.487732638774446,0.0,243.48914840902498
ITEM_1466,SBA,promedio_movil_historico,2025-09,0.0,38.487732638774446,0.0,243.48914840902498
ITEM_1466,SBA,promedio_movil_historico,2025-10,0.0,38.487732638774446,0.0,243.48914840902498
ITEM_1466,SBA,promedio_movil_historico,2025-11,0.0,38.487732638774446,0.0,243.48914840902498
ITEM_1466,SBA,promedio_movil_historico,2025-12,0.0,38.487732638774446,0.0,243.48914840902498
ITEM_1466,Bootstrap,ultimo_precio_conocido,2025-07,0.0,26.901107623720815,0.0,178.354343545269
ITEM_1466,Bootstrap,ultimo_precio_conocido,2025-08,0.0,26.60227814756423,0.0,176.37310411835085
ITEM_1466,Bootstrap,ultimo_precio_conocido,2025-09,0.0,26.60227814756423,0.0,176.37310411835085
ITEM_1466,Bootstrap,ultimo_precio_conocido,2025-10,0.0,25.3642430916875,0.0,168.1649316978881
ITEM_1466,Bootstrap,ultimo_precio_conocido,2025-11,0.0,25.377925593095906,0.0,168.25564668222586
ITEM_1466,Bootstrap,ultimo_precio_conocido,2025-12,0.0,25.91603277927384,0.0,171.82329732658556
ITEM_1466,Bootstrap,promedio_historico,2025-07,0.0,26.901107623720815,0.0,189.6811122674919
ITEM_1466,Bootstrap,promedio_historico,2025-08,0.0,26.60227814756423,0.0,187.5740500524881
ITEM_1466,Bootstrap,promedio_historico,2025-09,0.0,26.60227814756423,0.0,187.5740500524881
ITEM_1466,Bootstrap,promedio_historico,2025-10,0.0,25.3642430916875,0.0,178.84460033206932
ITEM_1466,Bootstrap,promedio_historico,2025-11,0.0,25.377925593095906,0.0,178.94107636279824
ITEM_1466,Bootstrap,promedio_historico,2025-12,0.0,25.91603277927384,0.0,182.7352981852246
ITEM_1466,Bootstrap,promedio_movil_historico,2025-07,0.0,26.901107623720815,0.0,170.1874165473803
ITEM_1466,Bootstrap,promedio_movil_historico,2025-08,0.0,26.60227814756423,0.0,168.29689898034707
ITEM_1466,Bootstrap,promedio_movil_historico,2025-09,0.0,26.60227814756423,0.0,168.29689898034707
ITEM_1466,Bootstrap,promedio_movil_historico,2025-10,0.0,25.3642430916875,0.0,160.46458253070898
ITEM_1466,Bootstrap,promedio_movil_historico,2025-11,0.0,25.377925593095906,0.0,160.5511436344068
ITEM_1466,Bootstrap,promedio_movil_historico,2025-12,0.0,25.91603277927384,0.0,163.9554299233643
ITEM_1528,Croston,ultimo_precio_conocido,2025-07,44.0,8.133003296094751,485.98,151.27386130736238
ITEM_1528,Croston,ultimo_precio_conocido,2025-08,10.0,9.548776220018594,112.64,177.60723769234585
ITEM_1528,Croston,ultimo_precio_conocido,2025-09,10.0,9.567734822939798,109.91,177.95986770668026
ITEM_1528,Croston,ultimo_precio_conocido,2025-10,0.0,9.587014792247636,0.0,178.31847513580604
ITEM_1528,Croston,ultimo_precio_conocido,2025-11,0.0,9.587014792247636,0.0,178.31847513580604
ITEM_1528,Croston,ultimo_precio_conocido,2025-12,4.0,9.587014792247636,20.46,178.31847513580604
ITEM_1528,Croston,promedio_historico,2025-07,44.0,8.133003296094751,485.98,132.12404792031992
ITEM_1528,Croston,promedio_historico,2025-08,10.0,9.548776220018594,112.64,155.12387256500256
ITEM_1528,Croston,promedio_historico,2025-09,10.0,9.567734822939798,109.91,155.43186301695113
ITEM_1528,Croston,promedio_historico,2025-10,0.0,9.587014792247636,0.0,155.74507420056818
ITEM_1528,Croston,promedio_historico,2025-11,0.0,9.587014792247636,0.0,155.74507420056818
ITEM_1528,Croston,promedio_historico,2025-12,4.0,9.587014792247636,20.46,155.74507420056818
ITEM_1528,Croston,promedio_movil_historico,2025-07,44.0,8.133003296094751,485.98,123.49842277797214
ITEM_1528,Croston,promedio_movil_historico,2025-08,10.0,9.548776220018594,112.64,144.9967201167066
ITEM_1528,Croston,promedio_movil_historico,2025-09,10.0,9.567734822939798,109.91,145.2846036295495
ITEM_1528,Croston,promedio_movil_historico,2025-10,0.0,9.587014792247636,0.0,145.57736704228157
ITEM_1528,Croston,promedio_movil_historico,2025-11,0.0,9.587014792247636,0.0,145.57736704228157
ITEM_1528,Croston,promedio_movil_historico,2025-12,4.0,9.587014792247636,20.46,145.57736704228157
ITEM_1528,SBA,ultimo_precio_conocido,2025-07,44.0,7.726353131290013,485.98,143.71016824199427
ITEM_1528,SBA,ultimo_precio_conocido,2025-08,10.0,9.071337409017664,112.64,168.72687580772856
ITEM_1528,SBA,ultimo_precio_conocido,2025-09,10.0,9.089348081792808,109.91,169.06187432134624
ITEM_1528,SBA,ultimo_precio_conocido,2025-10,0.0,9.107664052635254,0.0,169.40255137901573
ITEM_1528,SBA,ultimo_precio_conocido,2025-11,0.0,9.107664052635254,0.0,169.40255137901573
ITEM_1528,SBA,ultimo_precio_conocido,2025-12,4.0,9.107664052635254,20.46,169.40255137901573
ITEM_1528,SBA,promedio_historico,2025-07,44.0,7.726353131290013,485.98,125.51784552430391
ITEM_1528,SBA,promedio_historico,2025-08,10.0,9.071337409017664,112.64,147.36767893675244
ITEM_1528,SBA,promedio_historico,2025-09,10.0,9.089348081792808,109.91,147.6602698661036
ITEM_1528,SBA,promedio_historico,2025-10,0.0,9.107664052635254,0.0,147.95782049053977
ITEM_1528,SBA,promedio_historico,2025-11,0.0,9.107664052635254,0.0,147.95782049053977
ITEM_1528,SBA,promedio_historico,2025-12,4.0,9.107664052635254,20.46,147.95782049053977
ITEM_1528,SBA,promedio_movil_historico,2025-07,44.0,7.726353131290013,485.98,117.32350163907353
ITEM_1528,SBA,promedio_movil_historico,2025-08,10.0,9.071337409017664,112.64,137.74688411087126
ITEM_1528,SBA,promedio_movil_historico,2025-09,10.0,9.089348081792808,109.91,138.02037344807204
ITEM_1528,SBA,promedio_movil_historico,2025-10,0.0,9.107664052635254,0.0,138.29849869016746
ITEM_1528,SBA,promedio_movil_historico,2025-11,0.0,9.107664052635254,0.0,138.29849869016746
ITEM_1528,SBA,promedio_movil_historico,2025-12,4.0,9.107664052635254,20.46,138.29849869016746
ITEM_1528,Bootstrap,ultimo_precio_conocido,2025-07,44.0,14.126242263544725,485.98,262.7481061019319
ITEM_1528,Bootstrap,ultimo_precio_conocido,2025-08,10.0,14.574877667097304,112.64,271.09272460800986
ITEM_1528,Bootstrap,ultimo_precio_conocido,2025-09,10.0,15.787815957509881,109.91,293.65337680968383
ITEM_1528,Bootstrap,ultimo_precio_conocido,2025-10,0.0,15.095092936375677,0.0,280.7687286165876
ITEM_1528,Bootstrap,ultimo_precio_conocido,2025-11,0.0,15.115229156758708,0.0,281.143262315712
ITEM_1528,Bootstrap,ultimo_precio_conocido,2025-12,4.0,13.695403692569043,20.46,254.7345086817842
ITEM_1528,Bootstrap,promedio_historico,2025-07,44.0,14.126242263544725,485.98,229.48672732726354
ITEM_1528,Bootstrap,promedio_historico,2025-08,10.0,14.574877667097304,112.64,236.77499752705498
ITEM_1528,Bootstrap,promedio_historico,2025-09,10.0,15.787815957509881,109.91,256.479688521563
ITEM_1528,Bootstrap,promedio_historico,2025-10,0.0,15.095092936375677,0.0,245.22611265202013
ITEM_1528,Bootstrap,promedio_historico,2025-11,0.0,15.115229156758708,0.0,245.5532339932963
ITEM_1528,Bootstrap,promedio_historico,2025-12,4.0,13.695403692569043,20.46,222.48757413316036
ITEM_1528,Bootstrap,promedio_movil_historico,2025-07,44.0,14.126242263544725,485.98,214.5048484321898
ITEM_1528,Bootstrap,promedio_movil_historico,2025-08,10.0,14.574877667097304,112.64,221.31730906007456
ITEM_1528,Bootstrap,promedio_movil_historico,2025-09,10.0,15.787815957509881,109.91,239.7355932214607
ITEM_1528,Bootstrap,promedio_movil_historico,2025-10,0.0,15.095092936375677,0.0,229.2166991035713
ITEM_1528,Bootstrap,promedio_movil_historico,2025-11,0.0,15.115229156758708,0.0,229.52246455914516
ITEM_1528,Bootstrap,promedio_movil_historico,2025-12,4.0,13.695403692569043,20.46,207.96263001049542
ITEM_1599,Croston,ultimo_precio_conocido,2025-07,0.0,9.540792405261117,0.0,120.21398430629007
ITEM_1599,Croston,ultimo_precio_conocido,2025-08,0.0,9.540792405261117,0.0,120.21398430629007
ITEM_1599,Croston,ultimo_precio_conocido,2025-09,0.0,9.540792405261117,0.0,120.21398430629007
ITEM_1599,Croston,ultimo_precio_conocido,2025-10,0.0,9.540792405261117,0.0,120.21398430629007
ITEM_1599,Croston,ultimo_precio_conocido,2025-11,0.0,9.540792405261117,0.0,120.21398430629007
ITEM_1599,Croston,ultimo_precio_conocido,2025-12,0.0,9.540792405261117,0.0,120.21398430629007
ITEM_1599,Croston,promedio_historico,2025-07,0.0,9.540792405261117,0.0,121.08261004375548
ITEM_1599,Croston,promedio_historico,2025-08,0.0,9.540792405261117,0.0,121.08261004375548
ITEM_1599,Croston,promedio_historico,2025-09,0.0,9.540792405261117,0.0,121.08261004375548
ITEM_1599,Croston,promedio_historico,2025-10,0.0,9.540792405261117,0.0,121.08261004375548
ITEM_1599,Croston,promedio_historico,2025-11,0.0,9.540792405261117,0.0,121.08261004375548
ITEM_1599,Croston,promedio_historico,2025-12,0.0,9.540792405261117,0.0,121.08261004375548
ITEM_1599,Croston,promedio_movil_historico,2025-07,0.0,9.540792405261117,0.0,101.549809163498
ITEM_1599,Croston,promedio_movil_historico,2025-08,0.0,9.540792405261117,0.0,101.549809163498
ITEM_1599,Croston,promedio_movil_historico,2025-09,0.0,9.540792405261117,0.0,101.549809163498
ITEM_1599,Croston,promedio_movil_historico,2025-10,0.0,9.540792405261117,0.0,101.549809163498
ITEM_1599,Croston,promedio_movil_historico,2025-11,0.0,9.540792405261117,0.0,101.549809163498
ITEM_1599,Croston,promedio_movil_historico,2025-12,0.0,9.540792405261117,0.0,101.549809163498
ITEM_1599,SBA,ultimo_precio_conocido,2025-07,0.0,9.06375278499806,0.0,114.20328509097556
ITEM_1599,SBA,ultimo_precio_conocido,2025-08,0.0,9.06375278499806,0.0,114.20328509097556
ITEM_1599,SBA,ultimo_precio_conocido,2025-09,0.0,9.06375278499806,0.0,114.20328509097556
ITEM_1599,SBA,ultimo_precio_conocido,2025-10,0.0,9.06375278499806,0.0,114.20328509097556
ITEM_1599,SBA,ultimo_precio_conocido,2025-11,0.0,9.06375278499806,0.0,114.20328509097556
ITEM_1599,SBA,ultimo_precio_conocido,2025-12,0.0,9.06375278499806,0.0,114.20328509097556
ITEM_1599,SBA,promedio_historico,2025-07,0.0,9.06375278499806,0.0,115.0284795415677
ITEM_1599,SBA,promedio_historico,2025-08,0.0,9.06375278499806,0.0,115.0284795415677
ITEM_1599,SBA,promedio_historico,2025-09,0.0,9.06375278499806,0.0,115.0284795415677
ITEM_1599,SBA,promedio_historico,2025-10,0.0,9.06375278499806,0.0,115.0284795415677
ITEM_1599,SBA,promedio_historico,2025-11,0.0,9.06375278499806,0.0,115.0284795415677
ITEM_1599,SBA,promedio_historico,2025-12,0.0,9.06375278499806,0.0,115.0284795415677
ITEM_1599,SBA,promedio_movil_historico,2025-07,0.0,9.06375278499806,0.0,96.47231870532309
ITEM_1599,SBA,promedio_movil_historico,2025-08,0.0,9.06375278499806,0.0,96.47231870532309
ITEM_1599,SBA,promedio_movil_historico,2025-09,0.0,9.06375278499806,0.0,96.47231870532309
ITEM_1599,SBA,promedio_movil_historico,2025-10,0.0,9.06375278499806,0.0,96.47231870532309
ITEM_1599,SBA,promedio_movil_historico,2025-11,0.0,9.06375278499806,0.0,96.47231870532309
ITEM_1599,SBA,promedio_movil_historico,2025-12,0.0,9.06375278499806,0.0,96.47231870532309
ITEM_1599,Bootstrap,ultimo_precio_conocido,2025-07,0.0,4.632526143913912,0.0,58.369829413315294
ITEM_1599,Bootstrap,ultimo_precio_conocido,2025-08,0.0,4.5619651060903195,0.0,57.48076033673802
ITEM_1599,Bootstrap,ultimo_precio_conocido,2025-09,0.0,4.510366066688489,0.0,56.830612440274955
ITEM_1599,Bootstrap,ultimo_precio_conocido,2025-10,0.0,4.373092703489198,0.0,55.1009680639639
ITEM_1599,Bootstrap,ultimo_precio_conocido,2025-11,0.0,4.373092703489198,0.0,55.1009680639639
ITEM_1599,Bootstrap,ultimo_precio_conocido,2025-12,0.0,4.409372218036764,0.0,55.55808994726323
ITEM_1599,Bootstrap,promedio_historico,2025-07,0.0,4.632526143913912,0.0,58.79159012952856
ITEM_1599,Bootstrap,promedio_historico,2025-08,0.0,4.5619651060903195,0.0,57.89609693942776
ITEM_1599,Bootstrap,promedio_historico,2025-09,0.0,4.510366066688489,0.0,57.241251293370205
ITEM_1599,Bootstrap,promedio_historico,2025-10,0.0,4.373092703489198,0.0,55.49910908970074
ITEM_1599,Bootstrap,promedio_historico,2025-11,0.0,4.373092703489198,0.0,55.49910908970074
ITEM_1599,Bootstrap,promedio_historico,2025-12,0.0,4.409372218036764,0.0,55.95953398167484
ITEM_1599,Bootstrap,promedio_movil_historico,2025-07,0.0,4.632526143913912,0.0,49.3074501442837
ITEM_1599,Bootstrap,promedio_movil_historico,2025-08,0.0,4.5619651060903195,0.0,48.55641609794883
ITEM_1599,Bootstrap,promedio_movil_historico,2025-09,0.0,4.510366066688489,0.0,48.0072088223156
ITEM_1599,Bootstrap,promedio_movil_historico,2025-10,0.0,4.373092703489198,0.0,46.54610546276315
ITEM_1599,Bootstrap,promedio_movil_historico,2025-11,0.0,4.373092703489198,0.0,46.54610546276315
ITEM_1599,Bootstrap,promedio_movil_historico,2025-12,0.0,4.409372218036764,0.0,46.9322555457288
ITEM_1739,Croston,ultimo_precio_conocido,2025-07,0.0,1.2286701787654382,0.0,368.60105362963145
ITEM_1739,Croston,ultimo_precio_conocido,2025-08,0.0,1.2286701787654382,0.0,368.60105362963145
ITEM_1739,Croston,ultimo_precio_conocido,2025-09,0.0,1.2286701787654382,0.0,368.60105362963145
ITEM_1739,Croston,ultimo_precio_conocido,2025-10,0.0,1.2286701787654382,0.0,368.60105362963145
ITEM_1739,Croston,ultimo_precio_conocido,2025-11,0.0,1.2286701787654382,0.0,368.60105362963145
ITEM_1739,Croston,ultimo_precio_conocido,2025-12,0.0,1.2286701787654382,0.0,368.60105362963145
ITEM_1739,Croston,promedio_historico,2025-07,0.0,1.2286701787654382,0.0,317.83822479241684
ITEM_1739,Croston,promedio_historico,2025-08,0.0,1.2286701787654382,0.0,317.83822479241684
ITEM_1739,Croston,promedio_historico,2025-09,0.0,1.2286701787654382,0.0,317.83822479241684
ITEM_1739,Croston,promedio_historico,2025-10,0.0,1.2286701787654382,0.0,317.83822479241684
ITEM_1739,Croston,promedio_historico,2025-11,0.0,1.2286701787654382,0.0,317.83822479241684
ITEM_1739,Croston,promedio_historico,2025-12,0.0,1.2286701787654382,0.0,317.83822479241684
ITEM_1739,Croston,promedio_movil_historico,2025-07,0.0,1.2286701787654382,0.0,368.60105362963145
ITEM_1739,Croston,promedio_movil_historico,2025-08,0.0,1.2286701787654382,0.0,368.60105362963145
ITEM_1739,Croston,promedio_movil_historico,2025-09,0.0,1.2286701787654382,0.0,368.60105362963145
ITEM_1739,Croston,promedio_movil_historico,2025-10,0.0,1.2286701787654382,0.0,368.60105362963145
ITEM_1739,Croston,promedio_movil_historico,2025-11,0.0,1.2286701787654382,0.0,368.60105362963145
ITEM_1739,Croston,promedio_movil_historico,2025-12,0.0,1.2286701787654382,0.0,368.60105362963145
ITEM_1739,SBA,ultimo_precio_conocido,2025-07,0.0,1.1672366698271661,0.0,350.1710009481498
ITEM_1739,SBA,ultimo_precio_conocido,2025-08,0.0,1.1672366698271661,0.0,350.1710009481498
ITEM_1739,SBA,ultimo_precio_conocido,2025-09,0.0,1.1672366698271661,0.0,350.1710009481498
ITEM_1739,SBA,ultimo_precio_conocido,2025-10,0.0,1.1672366698271661,0.0,350.1710009481498
ITEM_1739,SBA,ultimo_precio_conocido,2025-11,0.0,1.1672366698271661,0.0,350.1710009481498
ITEM_1739,SBA,ultimo_precio_conocido,2025-12,0.0,1.1672366698271661,0.0,350.1710009481498
ITEM_1739,SBA,promedio_historico,2025-07,0.0,1.1672366698271661,0.0,301.94631355279597
ITEM_1739,SBA,promedio_historico,2025-08,0.0,1.1672366698271661,0.0,301.94631355279597
ITEM_1739,SBA,promedio_historico,2025-09,0.0,1.1672366698271661,0.0,301.94631355279597
ITEM_1739,SBA,promedio_historico,2025-10,0.0,1.1672366698271661,0.0,301.94631355279597
ITEM_1739,SBA,promedio_historico,2025-11,0.0,1.1672366698271661,0.0,301.94631355279597
ITEM_1739,SBA,promedio_historico,2025-12,0.0,1.1672366698271661,0.0,301.94631355279597
ITEM_1739,SBA,promedio_movil_historico,2025-07,0.0,1.1672366698271661,0.0,350.1710009481498
ITEM_1739,SBA,promedio_movil_historico,2025-08,0.0,1.1672366698271661,0.0,350.1710009481498
ITEM_1739,SBA,promedio_movil_historico,2025-09,0.0,1.1672366698271661,0.0,350.1710009481498
ITEM_1739,SBA,promedio_movil_historico,2025-10,0.0,1.1672366698271661,0.0,350.1710009481498
ITEM_1739,SBA,promedio_movil_historico,2025-11,0.0,1.1672366698271661,0.0,350.1710009481498
ITEM_1739,SBA,promedio_movil_historico,2025-12,0.0,1.1672366698271661,0.0,350.1710009481498
ITEM_1739,Bootstrap,ultimo_precio_conocido,2025-07,0.0,1.1398260863230139,0.0,341.94782589690413
ITEM_1739,Bootstrap,ultimo_precio_conocido,2025-08,0.0,1.2011667442561473,0.0,360.3500232768442
ITEM_1739,Bootstrap,ultimo_precio_conocido,2025-09,0.0,1.2021530557680604,0.0,360.64591673041815
ITEM_1739,Bootstrap,ultimo_precio_conocido,2025-10,0.0,1.1024807645222452,0.0,330.74422935667354
ITEM_1739,Bootstrap,ultimo_precio_conocido,2025-11,0.0,1.1024807645222452,0.0,330.74422935667354
ITEM_1739,Bootstrap,ultimo_precio_conocido,2025-12,0.0,1.0809315439018023,0.0,324.2794631705407
ITEM_1739,Bootstrap,promedio_historico,2025-07,0.0,1.1398260863230139,0.0,294.8556139069089
ITEM_1739,Bootstrap,promedio_historico,2025-08,0.0,1.2011667442561473,0.0,310.7235060084784
ITEM_1739,Bootstrap,promedio_historico,2025-09,0.0,1.2021530557680604,0.0,310.97864974473623
ITEM_1739,Bootstrap,promedio_historico,2025-10,0.0,1.1024807645222452,0.0,285.19494907545305
ITEM_1739,Bootstrap,promedio_historico,2025-11,0.0,1.1024807645222452,0.0,285.19494907545305
ITEM_1739,Bootstrap,promedio_historico,2025-12,0.0,1.0809315439018023,0.0,279.6204945586651
ITEM_1739,Bootstrap,promedio_movil_historico,2025-07,0.0,1.1398260863230139,0.0,341.94782589690413
ITEM_1739,Bootstrap,promedio_movil_historico,2025-08,0.0,1.2011667442561473,0.0,360.3500232768442
ITEM_1739,Bootstrap,promedio_movil_historico,2025-09,0.0,1.2021530557680604,0.0,360.64591673041815
ITEM_1739,Bootstrap,promedio_movil_historico,2025-10,0.0,1.1024807645222452,0.0,330.74422935667354
ITEM_1739,Bootstrap,promedio_movil_historico,2025-11,0.0,1.1024807645222452,0.0,330.74422935667354
ITEM_1739,Bootstrap,promedio_movil_historico,2025-12,0.0,1.0809315439018023,0.0,324.2794631705407
ITEM_1764,Croston,ultimo_precio_conocido,2025-07,12.0,7.362521278081832,177.93,118.99675015699762
ITEM_1764,Croston,ultimo_precio_conocido,2025-08,0.0,6.662232448988533,0.0,107.67833195677717
ITEM_1764,Croston,ultimo_precio_conocido,2025-09,0.0,6.662232448988533,0.0,107.67833195677717
ITEM_1764,Croston,ultimo_precio_conocido,2025-10,0.0,6.662232448988533,0.0,107.67833195677717
ITEM_1764,Croston,ultimo_precio_conocido,2025-11,0.0,6.662232448988533,0.0,107.67833195677717
ITEM_1764,Croston,ultimo_precio_conocido,2025-12,0.0,6.662232448988533,0.0,107.67833195677717
ITEM_1764,Croston,promedio_historico,2025-07,12.0,7.362521278081832,177.93,100.50138014271381
ITEM_1764,Croston,promedio_historico,2025-08,0.0,6.662232448988533,0.0,90.94215563739084
ITEM_1764,Croston,promedio_historico,2025-09,0.0,6.662232448988533,0.0,90.94215563739084
ITEM_1764,Croston,promedio_historico,2025-10,0.0,6.662232448988533,0.0,90.94215563739084
ITEM_1764,Croston,promedio_historico,2025-11,0.0,6.662232448988533,0.0,90.94215563739084
ITEM_1764,Croston,promedio_historico,2025-12,0.0,6.662232448988533,0.0,90.94215563739084
ITEM_1764,Croston,promedio_movil_historico,2025-07,12.0,7.362521278081832,177.93,118.24191642786855
ITEM_1764,Croston,promedio_movil_historico,2025-08,0.0,6.662232448988533,0.0,106.9952945061737
ITEM_1764,Croston,promedio_movil_historico,2025-09,0.0,6.662232448988533,0.0,106.9952945061737
ITEM_1764,Croston,promedio_movil_historico,2025-10,0.0,6.662232448988533,0.0,106.9952945061737
ITEM_1764,Croston,promedio_movil_historico,2025-11,0.0,6.662232448988533,0.0,106.9952945061737
ITEM_1764,Croston,promedio_movil_historico,2025-12,0.0,6.662232448988533,0.0,106.9952945061737
ITEM_1764,SBA,ultimo_precio_conocido,2025-07,12.0,6.99439521417774,177.93,113.04691264914774
ITEM_1764,SBA,ultimo_precio_conocido,2025-08,0.0,6.329120826539106,0.0,102.29441535893831
ITEM_1764,SBA,ultimo_precio_conocido,2025-09,0.0,6.329120826539106,0.0,102.29441535893831
ITEM_1764,SBA,ultimo_precio_conocido,2025-10,0.0,6.329120826539106,0.0,102.29441535893831
ITEM_1764,SBA,ultimo_precio_conocido,2025-11,0.0,6.329120826539106,0.0,102.29441535893831
ITEM_1764,SBA,ultimo_precio_conocido,2025-12,0.0,6.329120826539106,0.0,102.29441535893831
ITEM_1764,SBA,promedio_historico,2025-07,12.0,6.99439521417774,177.93,95.47631113557811
ITEM_1764,SBA,promedio_historico,2025-08,0.0,6.329120826539106,0.0,86.3950478555213
ITEM_1764,SBA,promedio_historico,2025-09,0.0,6.329120826539106,0.0,86.3950478555213
ITEM_1764,SBA,promedio_historico,2025-10,0.0,6.329120826539106,0.0,86.3950478555213
ITEM_1764,SBA,promedio_historico,2025-11,0.0,6.329120826539106,0.0,86.3950478555213
ITEM_1764,SBA,promedio_historico,2025-12,0.0,6.329120826539106,0.0,86.3950478555213
ITEM_1764,SBA,promedio_movil_historico,2025-07,12.0,6.99439521417774,177.93,112.32982060647511
ITEM_1764,SBA,promedio_movil_historico,2025-08,0.0,6.329120826539106,0.0,101.64552978086502
ITEM_1764,SBA,promedio_movil_historico,2025-09,0.0,6.329120826539106,0.0,101.64552978086502
ITEM_1764,SBA,promedio_movil_historico,2025-10,0.0,6.329120826539106,0.0,101.64552978086502
ITEM_1764,SBA,promedio_movil_historico,2025-11,0.0,6.329120826539106,0.0,101.64552978086502
ITEM_1764,SBA,promedio_movil_historico,2025-12,0.0,6.329120826539106,0.0,101.64552978086502
ITEM_1764,Bootstrap,ultimo_precio_conocido,2025-07,12.0,7.1716219699891814,177.93,115.91134008995016
ITEM_1764,Bootstrap,ultimo_precio_conocido,2025-08,0.0,7.324692127024443,0.0,118.38533650303258
ITEM_1764,Bootstrap,ultimo_precio_conocido,2025-09,0.0,7.324692127024443,0.0,118.38533650303258
ITEM_1764,Bootstrap,ultimo_precio_conocido,2025-10,0.0,7.324692127024443,0.0,118.38533650303258
ITEM_1764,Bootstrap,ultimo_precio_conocido,2025-11,0.0,7.324692127024443,0.0,118.38533650303258
ITEM_1764,Bootstrap,ultimo_precio_conocido,2025-12,0.0,6.6062595705740685,0.0,106.77367030940339
ITEM_1764,Bootstrap,promedio_historico,2025-07,12.0,7.1716219699891814,177.93,97.89552771703512
ITEM_1764,Bootstrap,promedio_historico,2025-08,0.0,7.324692127024443,0.0,99.98499699795973
ITEM_1764,Bootstrap,promedio_historico,2025-09,0.0,7.324692127024443,0.0,99.98499699795973
ITEM_1764,Bootstrap,promedio_historico,2025-10,0.0,7.324692127024443,0.0,99.98499699795973
ITEM_1764,Bootstrap,promedio_historico,2025-11,0.0,7.324692127024443,0.0,99.98499699795973
ITEM_1764,Bootstrap,promedio_historico,2025-12,0.0,6.6062595705740685,0.0,90.17810330820294
ITEM_1764,Bootstrap,promedio_movil_historico,2025-07,12.0,7.1716219699891814,177.93,115.17607808512219
ITEM_1764,Bootstrap,promedio_movil_historico,2025-08,0.0,7.324692127024443,0.0,117.63438116258095
ITEM_1764,Bootstrap,promedio_movil_historico,2025-09,0.0,7.324692127024443,0.0,117.63438116258095
ITEM_1764,Bootstrap,promedio_movil_historico,2025-10,0.0,7.324692127024443,0.0,117.63438116258095
ITEM_1764,Bootstrap,promedio_movil_historico,2025-11,0.0,7.324692127024443,0.0,117.63438116258095
ITEM_1764,Bootstrap,promedio_movil_historico,2025-12,0.0,6.6062595705740685,0.0,106.09637141152498
ITEM_1778,Croston,ultimo_precio_conocido,2025-07,0.0,2.7254487290362213,0.0,41.42682068135056
ITEM_1778,Croston,ultimo_precio_conocido,2025-08,0.0,2.7254487290362213,0.0,41.42682068135056
ITEM_1778,Croston,ultimo_precio_conocido,2025-09,0.0,2.7254487290362213,0.0,41.42682068135056
ITEM_1778,Croston,ultimo_precio_conocido,2025-10,0.0,2.7254487290362213,0.0,41.42682068135056
ITEM_1778,Croston,ultimo_precio_conocido,2025-11,0.0,2.7254487290362213,0.0,41.42682068135056
ITEM_1778,Croston,ultimo_precio_conocido,2025-12,0.0,2.7254487290362213,0.0,41.42682068135056
ITEM_1778,Croston,promedio_historico,2025-07,0.0,2.7254487290362213,0.0,41.22699477786242
ITEM_1778,Croston,promedio_historico,2025-08,0.0,2.7254487290362213,0.0,41.22699477786242
ITEM_1778,Croston,promedio_historico,2025-09,0.0,2.7254487290362213,0.0,41.22699477786242
ITEM_1778,Croston,promedio_historico,2025-10,0.0,2.7254487290362213,0.0,41.22699477786242
ITEM_1778,Croston,promedio_historico,2025-11,0.0,2.7254487290362213,0.0,41.22699477786242
ITEM_1778,Croston,promedio_historico,2025-12,0.0,2.7254487290362213,0.0,41.22699477786242
ITEM_1778,Croston,promedio_movil_historico,2025-07,0.0,2.7254487290362213,0.0,46.489089137286456
ITEM_1778,Croston,promedio_movil_historico,2025-08,0.0,2.7254487290362213,0.0,46.489089137286456
ITEM_1778,Croston,promedio_movil_historico,2025-09,0.0,2.7254487290362213,0.0,46.489089137286456
ITEM_1778,Croston,promedio_movil_historico,2025-10,0.0,2.7254487290362213,0.0,46.489089137286456
ITEM_1778,Croston,promedio_movil_historico,2025-11,0.0,2.7254487290362213,0.0,46.489089137286456
ITEM_1778,Croston,promedio_movil_historico,2025-12,0.0,2.7254487290362213,0.0,46.489089137286456
ITEM_1778,SBA,ultimo_precio_conocido,2025-07,0.0,2.58917629258441,0.0,39.35547964728303
ITEM_1778,SBA,ultimo_precio_conocido,2025-08,0.0,2.58917629258441,0.0,39.35547964728303
ITEM_1778,SBA,ultimo_precio_conocido,2025-09,0.0,2.58917629258441,0.0,39.35547964728303
ITEM_1778,SBA,ultimo_precio_conocido,2025-10,0.0,2.58917629258441,0.0,39.35547964728303
ITEM_1778,SBA,ultimo_precio_conocido,2025-11,0.0,2.58917629258441,0.0,39.35547964728303
ITEM_1778,SBA,ultimo_precio_conocido,2025-12,0.0,2.58917629258441,0.0,39.35547964728303
ITEM_1778,SBA,promedio_historico,2025-07,0.0,2.58917629258441,0.0,39.1656450389693
ITEM_1778,SBA,promedio_historico,2025-08,0.0,2.58917629258441,0.0,39.1656450389693
ITEM_1778,SBA,promedio_historico,2025-09,0.0,2.58917629258441,0.0,39.1656450389693
ITEM_1778,SBA,promedio_historico,2025-10,0.0,2.58917629258441,0.0,39.1656450389693
ITEM_1778,SBA,promedio_historico,2025-11,0.0,2.58917629258441,0.0,39.1656450389693
ITEM_1778,SBA,promedio_historico,2025-12,0.0,2.58917629258441,0.0,39.1656450389693
ITEM_1778,SBA,promedio_movil_historico,2025-07,0.0,2.58917629258441,0.0,44.16463468042213
ITEM_1778,SBA,promedio_movil_historico,2025-08,0.0,2.58917629258441,0.0,44.16463468042213
ITEM_1778,SBA,promedio_movil_historico,2025-09,0.0,2.58917629258441,0.0,44.16463468042213
ITEM_1778,SBA,promedio_movil_historico,2025-10,0.0,2.58917629258441,0.0,44.16463468042213
ITEM_1778,SBA,promedio_movil_historico,2025-11,0.0,2.58917629258441,0.0,44.16463468042213
ITEM_1778,SBA,promedio_movil_historico,2025-12,0.0,2.58917629258441,0.0,44.16463468042213
ITEM_1778,Bootstrap,ultimo_precio_conocido,2025-07,0.0,1.325817611054469,0.0,20.152427688027927
ITEM_1778,Bootstrap,ultimo_precio_conocido,2025-08,0.0,1.325817611054469,0.0,20.152427688027927
ITEM_1778,Bootstrap,ultimo_precio_conocido,2025-09,0.0,1.3306548796608109,0.0,20.225954170844325
ITEM_1778,Bootstrap,ultimo_precio_conocido,2025-10,0.0,1.3407388873062773,0.0,20.379231087055416
ITEM_1778,Bootstrap,ultimo_precio_conocido,2025-11,0.0,1.0967189569288127,0.0,16.670128145317953
ITEM_1778,Bootstrap,ultimo_precio_conocido,2025-12,0.0,1.3068221876009432,0.0,19.863697251534337
ITEM_1778,Bootstrap,promedio_historico,2025-07,0.0,1.325817611054469,0.0,20.05522068531791
ITEM_1778,Bootstrap,promedio_historico,2025-08,0.0,1.325817611054469,0.0,20.05522068531791
ITEM_1778,Bootstrap,promedio_historico,2025-09,0.0,1.3306548796608109,0.0,20.128392506694748
ITEM_1778,Bootstrap,promedio_historico,2025-10,0.0,1.3407388873062773,0.0,20.28093007825515
ITEM_1778,Bootstrap,promedio_historico,2025-11,0.0,1.0967189569288127,0.0,16.58971831991707
ITEM_1778,Bootstrap,promedio_historico,2025-12,0.0,1.3068221876009432,0.0,19.767882965411975
ITEM_1778,Bootstrap,promedio_movil_historico,2025-07,0.0,1.325817611054469,0.0,22.61501104146298
ITEM_1778,Bootstrap,promedio_movil_historico,2025-08,0.0,1.325817611054469,0.0,22.61501104146298
ITEM_1778,Bootstrap,promedio_movil_historico,2025-09,0.0,1.3306548796608109,0.0,22.6975223024621
ITEM_1778,Bootstrap,promedio_movil_historico,2025-10,0.0,1.3407388873062773,0.0,22.86952932842327
ITEM_1778,Bootstrap,promedio_movil_historico,2025-11,0.0,1.0967189569288127,0.0,18.707181978523213
ITEM_1778,Bootstrap,promedio_movil_historico,2025-12,0.0,1.3068221876009432,0.0,22.290998366147036
ITEM_1919,Croston,ultimo_precio_conocido,2025-07,0.0,14.695085840195459,0.0,140.19111891546467
ITEM_1919,Croston,ultimo_precio_conocido,2025-08,0.0,14.695085840195459,0.0,140.19111891546467
ITEM_1919,Croston,ultimo_precio_conocido,2025-09,0.0,14.695085840195459,0.0,140.19111891546467
ITEM_1919,Croston,ultimo_precio_conocido,2025-10,0.0,14.695085840195459,0.0,140.19111891546467
ITEM_1919,Croston,ultimo_precio_conocido,2025-11,0.0,14.695085840195459,0.0,140.19111891546467
ITEM_1919,Croston,ultimo_precio_conocido,2025-12,0.0,14.695085840195459,0.0,140.19111891546467
ITEM_1919,Croston,promedio_historico,2025-07,0.0,14.695085840195459,0.0,110.83257801998623
ITEM_1919,Croston,promedio_historico,2025-08,0.0,14.695085840195459,0.0,110.83257801998623
ITEM_1919,Croston,promedio_historico,2025-09,0.0,14.695085840195459,0.0,110.83257801998623
ITEM_1919,Croston,promedio_historico,2025-10,0.0,14.695085840195459,0.0,110.83257801998623
ITEM_1919,Croston,promedio_historico,2025-11,0.0,14.695085840195459,0.0,110.83257801998623
ITEM_1919,Croston,promedio_historico,2025-12,0.0,14.695085840195459,0.0,110.83257801998623
ITEM_1919,Croston,promedio_movil_historico,2025-07,0.0,14.695085840195459,0.0,129.57391939592347
ITEM_1919,Croston,promedio_movil_historico,2025-08,0.0,14.695085840195459,0.0,129.57391939592347
ITEM_1919,Croston,promedio_movil_historico,2025-09,0.0,14.695085840195459,0.0,129.57391939592347
ITEM_1919,Croston,promedio_movil_historico,2025-10,0.0,14.695085840195459,0.0,129.57391939592347
ITEM_1919,Croston,promedio_movil_historico,2025-11,0.0,14.695085840195459,0.0,129.57391939592347
ITEM_1919,Croston,promedio_movil_historico,2025-12,0.0,14.695085840195459,0.0,129.57391939592347
ITEM_1919,SBA,ultimo_precio_conocido,2025-07,0.0,13.960331548185685,0.0,133.1815629696914
ITEM_1919,SBA,ultimo_precio_conocido,2025-08,0.0,13.960331548185685,0.0,133.1815629696914
ITEM_1919,SBA,ultimo_precio_conocido,2025-09,0.0,13.960331548185685,0.0,133.1815629696914
ITEM_1919,SBA,ultimo_precio_conocido,2025-10,0.0,13.960331548185685,0.0,133.1815629696914
ITEM_1919,SBA,ultimo_precio_conocido,2025-11,0.0,13.960331548185685,0.0,133.1815629696914
ITEM_1919,SBA,ultimo_precio_conocido,2025-12,0.0,13.960331548185685,0.0,133.1815629696914
ITEM_1919,SBA,promedio_historico,2025-07,0.0,13.960331548185685,0.0,105.29094911898692
ITEM_1919,SBA,promedio_historico,2025-08,0.0,13.960331548185685,0.0,105.29094911898692
ITEM_1919,SBA,promedio_historico,2025-09,0.0,13.960331548185685,0.0,105.29094911898692
ITEM_1919,SBA,promedio_historico,2025-10,0.0,13.960331548185685,0.0,105.29094911898692
ITEM_1919,SBA,promedio_historico,2025-11,0.0,13.960331548185685,0.0,105.29094911898692
ITEM_1919,SBA,promedio_historico,2025-12,0.0,13.960331548185685,0.0,105.29094911898692
ITEM_1919,SBA,promedio_movil_historico,2025-07,0.0,13.960331548185685,0.0,123.09522342612729
ITEM_1919,SBA,promedio_movil_historico,2025-08,0.0,13.960331548185685,0.0,123.09522342612729
ITEM_1919,SBA,promedio_movil_historico,2025-09,0.0,13.960331548185685,0.0,123.09522342612729
ITEM_1919,SBA,promedio_movil_historico,2025-10,0.0,13.960331548185685,0.0,123.09522342612729
ITEM_1919,SBA,promedio_movil_historico,2025-11,0.0,13.960331548185685,0.0,123.09522342612729
ITEM_1919,SBA,promedio_movil_historico,2025-12,0.0,13.960331548185685,0.0,123.09522342612729
ITEM_1919,Bootstrap,ultimo_precio_conocido,2025-07,0.0,10.108747319951897,0.0,96.43744943234108
ITEM_1919,Bootstrap,ultimo_precio_conocido,2025-08,0.0,9.873983556683923,0.0,94.19780313076461
ITEM_1919,Bootstrap,ultimo_precio_conocido,2025-09,0.0,9.63785917716337,0.0,91.94517655013856
ITEM_1919,Bootstrap,ultimo_precio_conocido,2025-10,0.0,9.561602258457544,0.0,91.21768554568496
ITEM_1919,Bootstrap,ultimo_precio_conocido,2025-11,0.0,9.392658918554082,0.0,89.60596608300592
ITEM_1919,Bootstrap,ultimo_precio_conocido,2025-12,0.0,9.300702176346071,0.0,88.72869876234151
ITEM_1919,Bootstrap,promedio_historico,2025-07,0.0,10.108747319951897,0.0,76.24171360457962
ITEM_1919,Bootstrap,promedio_historico,2025-08,0.0,9.873983556683923,0.0,74.47108950672697
ITEM_1919,Bootstrap,promedio_historico,2025-09,0.0,9.63785917716337,0.0,72.69020343363925
ITEM_1919,Bootstrap,promedio_historico,2025-10,0.0,9.561602258457544,0.0,72.11506212558992
ITEM_1919,Bootstrap,promedio_historico,2025-11,0.0,9.392658918554082,0.0,70.84086569663198
ITEM_1919,Bootstrap,promedio_historico,2025-12,0.0,9.300702176346071,0.0,70.14731392591993
ITEM_1919,Bootstrap,promedio_movil_historico,2025-07,0.0,10.108747319951897,0.0,89.13387949367586
ITEM_1919,Bootstrap,promedio_movil_historico,2025-08,0.0,9.873983556683923,0.0,87.0638500110605
ITEM_1919,Bootstrap,promedio_movil_historico,2025-09,0.0,9.63785917716337,0.0,84.98182329463803
ITEM_1919,Bootstrap,promedio_movil_historico,2025-10,0.0,9.561602258457544,0.0,84.3094279139494
ITEM_1919,Bootstrap,promedio_movil_historico,2025-11,0.0,9.392658918554082,0.0,82.81977001435062
ITEM_1919,Bootstrap,promedio_movil_historico,2025-12,0.0,9.300702176346071,0.0,82.00894143993149
ITEM_2045,Croston,ultimo_precio_conocido,2025-07,0.0,10.329858126893642,0.0,8.522132954687253
ITEM_2045,Croston,ultimo_precio_conocido,2025-08,0.0,10.329858126893642,0.0,8.522132954687253
ITEM_2045,Croston,ultimo_precio_conocido,2025-09,14.0,10.329858126893642,15.0,8.522132954687253
ITEM_2045,Croston,ultimo_precio_conocido,2025-10,0.0,9.856868891595875,0.0,8.131916835566596
ITEM_2045,Croston,ultimo_precio_conocido,2025-11,0.0,9.856868891595875,0.0,8.131916835566596
ITEM_2045,Croston,ultimo_precio_conocido,2025-12,0.0,9.856868891595875,0.0,8.131916835566596
ITEM_2045,Croston,promedio_historico,2025-07,0.0,10.329858126893642,0.0,13.361237746033277
ITEM_2045,Croston,promedio_historico,2025-08,0.0,10.329858126893642,0.0,13.361237746033277
ITEM_2045,Croston,promedio_historico,2025-09,14.0,10.329858126893642,15.0,13.361237746033277
ITEM_2045,Croston,promedio_historico,2025-10,0.0,9.856868891595875,0.0,12.749446030552246
ITEM_2045,Croston,promedio_historico,2025-11,0.0,9.856868891595875,0.0,12.749446030552246
ITEM_2045,Croston,promedio_historico,2025-12,0.0,9.856868891595875,0.0,12.749446030552246
ITEM_2045,Croston,promedio_movil_historico,2025-07,0.0,10.329858126893642,0.0,8.416495184530886
ITEM_2045,Croston,promedio_movil_historico,2025-08,0.0,10.329858126893642,0.0,8.416495184530886
ITEM_2045,Croston,promedio_movil_historico,2025-09,14.0,10.329858126893642,15.0,8.416495184530886
ITEM_2045,Croston,promedio_movil_historico,2025-10,0.0,9.856868891595875,0.0,8.031116065832792
ITEM_2045,Croston,promedio_movil_historico,2025-11,0.0,9.856868891595875,0.0,8.031116065832792
ITEM_2045,Croston,promedio_movil_historico,2025-12,0.0,9.856868891595875,0.0,8.031116065832792
ITEM_2045,SBA,ultimo_precio_conocido,2025-07,0.0,9.81336522054896,0.0,8.09602630695289
ITEM_2045,SBA,ultimo_precio_conocido,2025-08,0.0,9.81336522054896,0.0,8.09602630695289
ITEM_2045,SBA,ultimo_precio_conocido,2025-09,14.0,9.81336522054896,15.0,8.09602630695289
ITEM_2045,SBA,ultimo_precio_conocido,2025-10,0.0,9.36402544701608,0.0,7.725320993788265
ITEM_2045,SBA,ultimo_precio_conocido,2025-11,0.0,9.36402544701608,0.0,7.725320993788265
ITEM_2045,SBA,ultimo_precio_conocido,2025-12,0.0,9.36402544701608,0.0,7.725320993788265
ITEM_2045,SBA,promedio_historico,2025-07,0.0,9.81336522054896,0.0,12.693175858731614
ITEM_2045,SBA,promedio_historico,2025-08,0.0,9.81336522054896,0.0,12.693175858731614
ITEM_2045,SBA,promedio_historico,2025-09,14.0,9.81336522054896,15.0,12.693175858731614
ITEM_2045,SBA,promedio_historico,2025-10,0.0,9.36402544701608,0.0,12.111973729024633
ITEM_2045,SBA,promedio_historico,2025-11,0.0,9.36402544701608,0.0,12.111973729024633
ITEM_2045,SBA,promedio_historico,2025-12,0.0,9.36402544701608,0.0,12.111973729024633
ITEM_2045,SBA,promedio_movil_historico,2025-07,0.0,9.81336522054896,0.0,7.995670425304342
ITEM_2045,SBA,promedio_movil_historico,2025-08,0.0,9.81336522054896,0.0,7.995670425304342
ITEM_2045,SBA,promedio_movil_historico,2025-09,14.0,9.81336522054896,15.0,7.995670425304342
ITEM_2045,SBA,promedio_movil_historico,2025-10,0.0,9.36402544701608,0.0,7.629560262541153
ITEM_2045,SBA,promedio_movil_historico,2025-11,0.0,9.36402544701608,0.0,7.629560262541153
ITEM_2045,SBA,promedio_movil_historico,2025-12,0.0,9.36402544701608,0.0,7.629560262541153
ITEM_2045,Bootstrap,ultimo_precio_conocido,2025-07,0.0,9.585953690954785,0.0,7.908411795037696
ITEM_2045,Bootstrap,ultimo_precio_conocido,2025-08,0.0,9.585953690954785,0.0,7.908411795037696
ITEM_2045,Bootstrap,ultimo_precio_conocido,2025-09,14.0,9.687296952883488,15.0,7.992019986128875
ITEM_2045,Bootstrap,ultimo_precio_conocido,2025-10,0.0,10.03088900010537,0.0,8.275483425086929
ITEM_2045,Bootstrap,ultimo_precio_conocido,2025-11,0.0,10.03088900010537,0.0,8.275483425086929
ITEM_2045,Bootstrap,ultimo_precio_conocido,2025-12,0.0,10.139827287895935,0.0,8.365357512514144
ITEM_2045,Bootstrap,promedio_historico,2025-07,0.0,9.585953690954785,0.0,12.399028593999471
ITEM_2045,Bootstrap,promedio_historico,2025-08,0.0,9.585953690954785,0.0,12.399028593999471
ITEM_2045,Bootstrap,promedio_historico,2025-09,14.0,9.687296952883488,15.0,12.530111847995247
ITEM_2045,Bootstrap,promedio_historico,2025-10,0.0,10.03088900010537,0.0,12.974533733967304
ITEM_2045,Bootstrap,promedio_historico,2025-11,0.0,10.03088900010537,0.0,12.974533733967304
ITEM_2045,Bootstrap,promedio_historico,2025-12,0.0,10.139827287895935,0.0,13.11544083500735
ITEM_2045,Bootstrap,promedio_movil_historico,2025-07,0.0,9.585953690954785,0.0,7.810381525861175
ITEM_2045,Bootstrap,promedio_movil_historico,2025-08,0.0,9.585953690954785,0.0,7.810381525861175
ITEM_2045,Bootstrap,promedio_movil_historico,2025-09,14.0,9.687296952883488,15.0,7.892953335224841
ITEM_2045,Bootstrap,promedio_movil_historico,2025-10,0.0,10.03088900010537,0.0,8.172903047540562
ITEM_2045,Bootstrap,promedio_movil_historico,2025-11,0.0,10.03088900010537,0.0,8.172903047540562
ITEM_2045,Bootstrap,promedio_movil_historico,2025-12,0.0,10.139827287895935,0.0,8.261663083093543
ITEM_2105,Croston,ultimo_precio_conocido,2025-07,0.0,21.72127869208586,0.0,209.8275521655494
ITEM_2105,Croston,ultimo_precio_conocido,2025-08,0.0,21.72127869208586,0.0,209.8275521655494
ITEM_2105,Croston,ultimo_precio_conocido,2025-09,0.0,21.72127869208586,0.0,209.8275521655494
ITEM_2105,Croston,ultimo_precio_conocido,2025-10,0.0,21.72127869208586,0.0,209.8275521655494
ITEM_2105,Croston,ultimo_precio_conocido,2025-11,0.0,21.72127869208586,0.0,209.8275521655494
ITEM_2105,Croston,ultimo_precio_conocido,2025-12,0.0,21.72127869208586,0.0,209.8275521655494
ITEM_2105,Croston,promedio_historico,2025-07,0.0,21.72127869208586,0.0,173.14914274020387
ITEM_2105,Croston,promedio_historico,2025-08,0.0,21.72127869208586,0.0,173.14914274020387
ITEM_2105,Croston,promedio_historico,2025-09,0.0,21.72127869208586,0.0,173.14914274020387
ITEM_2105,Croston,promedio_historico,2025-10,0.0,21.72127869208586,0.0,173.14914274020387
ITEM_2105,Croston,promedio_historico,2025-11,0.0,21.72127869208586,0.0,173.14914274020387
ITEM_2105,Croston,promedio_historico,2025-12,0.0,21.72127869208586,0.0,173.14914274020387
ITEM_2105,Croston,promedio_movil_historico,2025-07,0.0,21.72127869208586,0.0,196.99648253815297
ITEM_2105,Croston,promedio_movil_historico,2025-08,0.0,21.72127869208586,0.0,196.99648253815297
ITEM_2105,Croston,promedio_movil_historico,2025-09,0.0,21.72127869208586,0.0,196.99648253815297
ITEM_2105,Croston,promedio_movil_historico,2025-10,0.0,21.72127869208586,0.0,196.99648253815297
ITEM_2105,Croston,promedio_movil_historico,2025-11,0.0,21.72127869208586,0.0,196.99648253815297
ITEM_2105,Croston,promedio_movil_historico,2025-12,0.0,21.72127869208586,0.0,196.99648253815297
ITEM_2105,SBA,ultimo_precio_conocido,2025-07,0.0,20.635214757481567,0.0,199.33617455727193
ITEM_2105,SBA,ultimo_precio_conocido,2025-08,0.0,20.635214757481567,0.0,199.33617455727193
ITEM_2105,SBA,ultimo_precio_conocido,2025-09,0.0,20.635214757481567,0.0,199.33617455727193
ITEM_2105,SBA,ultimo_precio_conocido,2025-10,0.0,20.635214757481567,0.0,199.33617455727193
ITEM_2105,SBA,ultimo_precio_conocido,2025-11,0.0,20.635214757481567,0.0,199.33617455727193
ITEM_2105,SBA,ultimo_precio_conocido,2025-12,0.0,20.635214757481567,0.0,199.33617455727193
ITEM_2105,SBA,promedio_historico,2025-07,0.0,20.635214757481567,0.0,164.49168560319367
ITEM_2105,SBA,promedio_historico,2025-08,0.0,20.635214757481567,0.0,164.49168560319367
ITEM_2105,SBA,promedio_historico,2025-09,0.0,20.635214757481567,0.0,164.49168560319367
ITEM_2105,SBA,promedio_historico,2025-10,0.0,20.635214757481567,0.0,164.49168560319367
ITEM_2105,SBA,promedio_historico,2025-11,0.0,20.635214757481567,0.0,164.49168560319367
ITEM_2105,SBA,promedio_historico,2025-12,0.0,20.635214757481567,0.0,164.49168560319367
ITEM_2105,SBA,promedio_movil_historico,2025-07,0.0,20.635214757481567,0.0,187.1466584112453
ITEM_2105,SBA,promedio_movil_historico,2025-08,0.0,20.635214757481567,0.0,187.1466584112453
ITEM_2105,SBA,promedio_movil_historico,2025-09,0.0,20.635214757481567,0.0,187.1466584112453
ITEM_2105,SBA,promedio_movil_historico,2025-10,0.0,20.635214757481567,0.0,187.1466584112453
ITEM_2105,SBA,promedio_movil_historico,2025-11,0.0,20.635214757481567,0.0,187.1466584112453
ITEM_2105,SBA,promedio_movil_historico,2025-12,0.0,20.635214757481567,0.0,187.1466584112453
ITEM_2105,Bootstrap,ultimo_precio_conocido,2025-07,0.0,15.16803926100223,0.0,146.52325926128154
ITEM_2105,Bootstrap,ultimo_precio_conocido,2025-08,0.0,15.16803926100223,0.0,146.52325926128154
ITEM_2105,Bootstrap,ultimo_precio_conocido,2025-09,0.0,15.16803926100223,0.0,146.52325926128154
ITEM_2105,Bootstrap,ultimo_precio_conocido,2025-10,0.0,14.02761652437361,0.0,135.50677562544908
ITEM_2105,Bootstrap,ultimo_precio_conocido,2025-11,0.0,13.409888616632355,0.0,129.53952403666855
ITEM_2105,Bootstrap,ultimo_precio_conocido,2025-12,0.0,12.911667875694498,0.0,124.72671167920885
ITEM_2105,Bootstrap,promedio_historico,2025-07,0.0,15.16803926100223,0.0,120.91060716647382
ITEM_2105,Bootstrap,promedio_historico,2025-08,0.0,15.16803926100223,0.0,120.91060716647382
ITEM_2105,Bootstrap,promedio_historico,2025-09,0.0,15.16803926100223,0.0,120.91060716647382
ITEM_2105,Bootstrap,promedio_historico,2025-10,0.0,14.02761652437361,0.0,111.8198339202087
ITEM_2105,Bootstrap,promedio_historico,2025-11,0.0,13.409888616632355,0.0,106.8956736445492
ITEM_2105,Bootstrap,promedio_historico,2025-12,0.0,12.911667875694498,0.0,102.92415357836589
ITEM_2105,Bootstrap,promedio_movil_historico,2025-07,0.0,15.16803926100223,0.0,137.56328178353237
ITEM_2105,Bootstrap,promedio_movil_historico,2025-08,0.0,15.16803926100223,0.0,137.56328178353237
ITEM_2105,Bootstrap,promedio_movil_historico,2025-09,0.0,15.16803926100223,0.0,137.56328178353237
ITEM_2105,Bootstrap,promedio_movil_historico,2025-10,0.0,14.02761652437361,0.0,127.2204621499798
ITEM_2105,Bootstrap,promedio_movil_historico,2025-11,0.0,13.409888616632355,0.0,121.61811126098642
ITEM_2105,Bootstrap,promedio_movil_historico,2025-12,0.0,12.911667875694498,0.0,117.09960501263788
ITEM_2112,Croston,ultimo_precio_conocido,2025-07,0.0,19.880158112696115,0.0,33.39866562932947
ITEM_2112,Croston,ultimo_precio_conocido,2025-08,0.0,19.880158112696115,0.0,33.39866562932947
ITEM_2112,Croston,ultimo_precio_conocido,2025-09,0.0,19.880158112696115,0.0,33.39866562932947
ITEM_2112,Croston,ultimo_precio_conocido,2025-10,0.0,19.880158112696115,0.0,33.39866562932947
ITEM_2112,Croston,ultimo_precio_conocido,2025-11,0.0,19.880158112696115,0.0,33.39866562932947
ITEM_2112,Croston,ultimo_precio_conocido,2025-12,0.0,19.880158112696115,0.0,33.39866562932947
ITEM_2112,Croston,promedio_historico,2025-07,0.0,19.880158112696115,0.0,39.039193591331426
ITEM_2112,Croston,promedio_historico,2025-08,0.0,19.880158112696115,0.0,39.039193591331426
ITEM_2112,Croston,promedio_historico,2025-09,0.0,19.880158112696115,0.0,39.039193591331426
ITEM_2112,Croston,promedio_historico,2025-10,0.0,19.880158112696115,0.0,39.039193591331426
ITEM_2112,Croston,promedio_historico,2025-11,0.0,19.880158112696115,0.0,39.039193591331426
ITEM_2112,Croston,promedio_historico,2025-12,0.0,19.880158112696115,0.0,39.039193591331426
ITEM_2112,Croston,promedio_movil_historico,2025-07,0.0,19.880158112696115,0.0,40.73223506645738
ITEM_2112,Croston,promedio_movil_historico,2025-08,0.0,19.880158112696115,0.0,40.73223506645738
ITEM_2112,Croston,promedio_movil_historico,2025-09,0.0,19.880158112696115,0.0,40.73223506645738
ITEM_2112,Croston,promedio_movil_historico,2025-10,0.0,19.880158112696115,0.0,40.73223506645738
ITEM_2112,Croston,promedio_movil_historico,2025-11,0.0,19.880158112696115,0.0,40.73223506645738
ITEM_2112,Croston,promedio_movil_historico,2025-12,0.0,19.880158112696115,0.0,40.73223506645738
ITEM_2112,SBA,ultimo_precio_conocido,2025-07,0.0,18.88615020706131,0.0,31.728732347862998
ITEM_2112,SBA,ultimo_precio_conocido,2025-08,0.0,18.88615020706131,0.0,31.728732347862998
ITEM_2112,SBA,ultimo_precio_conocido,2025-09,0.0,18.88615020706131,0.0,31.728732347862998
ITEM_2112,SBA,ultimo_precio_conocido,2025-10,0.0,18.88615020706131,0.0,31.728732347862998
ITEM_2112,SBA,ultimo_precio_conocido,2025-11,0.0,18.88615020706131,0.0,31.728732347862998
ITEM_2112,SBA,ultimo_precio_conocido,2025-12,0.0,18.88615020706131,0.0,31.728732347862998
ITEM_2112,SBA,promedio_historico,2025-07,0.0,18.88615020706131,0.0,37.087233911764855
ITEM_2112,SBA,promedio_historico,2025-08,0.0,18.88615020706131,0.0,37.087233911764855
ITEM_2112,SBA,promedio_historico,2025-09,0.0,18.88615020706131,0.0,37.087233911764855
ITEM_2112,SBA,promedio_historico,2025-10,0.0,18.88615020706131,0.0,37.087233911764855
ITEM_2112,SBA,promedio_historico,2025-11,0.0,18.88615020706131,0.0,37.087233911764855
ITEM_2112,SBA,promedio_historico,2025-12,0.0,18.88615020706131,0.0,37.087233911764855
ITEM_2112,SBA,promedio_movil_historico,2025-07,0.0,18.88615020706131,0.0,38.695623313134504
ITEM_2112,SBA,promedio_movil_historico,2025-08,0.0,18.88615020706131,0.0,38.695623313134504
ITEM_2112,SBA,promedio_movil_historico,2025-09,0.0,18.88615020706131,0.0,38.695623313134504
ITEM_2112,SBA,promedio_movil_historico,2025-10,0.0,18.88615020706131,0.0,38.695623313134504
ITEM_2112,SBA,promedio_movil_historico,2025-11,0.0,18.88615020706131,0.0,38.695623313134504
ITEM_2112,SBA,promedio_movil_historico,2025-12,0.0,18.88615020706131,0.0,38.695623313134504
ITEM_2112,Bootstrap,ultimo_precio_conocido,2025-07,0.0,13.18290751162865,0.0,22.147284619536133
ITEM_2112,Bootstrap,ultimo_precio_conocido,2025-08,0.0,13.50223471777039,0.0,22.683754325854256
ITEM_2112,Bootstrap,ultimo_precio_conocido,2025-09,0.0,12.330025023896788,0.0,20.714442040146604
ITEM_2112,Bootstrap,ultimo_precio_conocido,2025-10,0.0,12.193020118814724,0.0,20.484273799608737
ITEM_2112,Bootstrap,ultimo_precio_conocido,2025-11,0.0,12.193020118814724,0.0,20.484273799608737
ITEM_2112,Bootstrap,ultimo_precio_conocido,2025-12,0.0,12.207531924633749,0.0,20.508653633384696
ITEM_2112,Bootstrap,promedio_historico,2025-07,0.0,13.18290751162865,0.0,25.88762501412984
ITEM_2112,Bootstrap,promedio_historico,2025-08,0.0,13.50223471777039,0.0,26.514696315518783
ITEM_2112,Bootstrap,promedio_historico,2025-09,0.0,12.330025023896788,0.0,24.212797059519318
ITEM_2112,Bootstrap,promedio_historico,2025-10,0.0,12.193020118814724,0.0,23.943756894841506
ITEM_2112,Bootstrap,promedio_historico,2025-11,0.0,12.193020118814724,0.0,23.943756894841506
ITEM_2112,Bootstrap,promedio_historico,2025-12,0.0,12.207531924633749,0.0,23.972254112696476
ITEM_2112,Bootstrap,promedio_movil_historico,2025-07,0.0,13.18290751162865,0.0,27.010312723825816
ITEM_2112,Bootstrap,promedio_movil_historico,2025-08,0.0,13.50223471777039,0.0,27.664578688409556
ITEM_2112,Bootstrap,promedio_movil_historico,2025-09,0.0,12.330025023896788,0.0,25.262851271184086
ITEM_2112,Bootstrap,promedio_movil_historico,2025-10,0.0,12.193020118814724,0.0,24.98214344343817
ITEM_2112,Bootstrap,promedio_movil_historico,2025-11,0.0,12.193020118814724,0.0,24.98214344343817
ITEM_2112,Bootstrap,promedio_movil_historico,2025-12,0.0,12.207531924633749,0.0,25.011876521138483
ITEM_2215,Croston,ultimo_precio_conocido,2025-07,0.0,3.716534427283481,0.0,84.13490636484345
ITEM_2215,Croston,ultimo_precio_conocido,2025-08,0.0,3.716534427283481,0.0,84.13490636484345
ITEM_2215,Croston,ultimo_precio_conocido,2025-09,0.0,3.716534427283481,0.0,84.13490636484345
ITEM_2215,Croston,ultimo_precio_conocido,2025-10,0.0,3.716534427283481,0.0,84.13490636484345
ITEM_2215,Croston,ultimo_precio_conocido,2025-11,0.0,3.716534427283481,0.0,84.13490636484345
ITEM_2215,Croston,ultimo_precio_conocido,2025-12,0.0,3.716534427283481,0.0,84.13490636484345
ITEM_2215,Croston,promedio_historico,2025-07,0.0,3.716534427283481,0.0,76.94569821168574
ITEM_2215,Croston,promedio_historico,2025-08,0.0,3.716534427283481,0.0,76.94569821168574
ITEM_2215,Croston,promedio_historico,2025-09,0.0,3.716534427283481,0.0,76.94569821168574
ITEM_2215,Croston,promedio_historico,2025-10,0.0,3.716534427283481,0.0,76.94569821168574
ITEM_2215,Croston,promedio_historico,2025-11,0.0,3.716534427283481,0.0,76.94569821168574
ITEM_2215,Croston,promedio_historico,2025-12,0.0,3.716534427283481,0.0,76.94569821168574
ITEM_2215,Croston,promedio_movil_historico,2025-07,0.0,3.716534427283481,0.0,87.50951962481685
ITEM_2215,Croston,promedio_movil_historico,2025-08,0.0,3.716534427283481,0.0,87.50951962481685
ITEM_2215,Croston,promedio_movil_historico,2025-09,0.0,3.716534427283481,0.0,87.50951962481685
ITEM_2215,Croston,promedio_movil_historico,2025-10,0.0,3.716534427283481,0.0,87.50951962481685
ITEM_2215,Croston,promedio_movil_historico,2025-11,0.0,3.716534427283481,0.0,87.50951962481685
ITEM_2215,Croston,promedio_movil_historico,2025-12,0.0,3.716534427283481,0.0,87.50951962481685
ITEM_2215,SBA,ultimo_precio_conocido,2025-07,0.0,3.5307077059193066,0.0,79.92816104660128
ITEM_2215,SBA,ultimo_precio_conocido,2025-08,0.0,3.5307077059193066,0.0,79.92816104660128
ITEM_2215,SBA,ultimo_precio_conocido,2025-09,0.0,3.5307077059193066,0.0,79.92816104660128
ITEM_2215,SBA,ultimo_precio_conocido,2025-10,0.0,3.5307077059193066,0.0,79.92816104660128
ITEM_2215,SBA,ultimo_precio_conocido,2025-11,0.0,3.5307077059193066,0.0,79.92816104660128
ITEM_2215,SBA,ultimo_precio_conocido,2025-12,0.0,3.5307077059193066,0.0,79.92816104660128
ITEM_2215,SBA,promedio_historico,2025-07,0.0,3.5307077059193066,0.0,73.09841330110144
ITEM_2215,SBA,promedio_historico,2025-08,0.0,3.5307077059193066,0.0,73.09841330110144
ITEM_2215,SBA,promedio_historico,2025-09,0.0,3.5307077059193066,0.0,73.09841330110144
ITEM_2215,SBA,promedio_historico,2025-10,0.0,3.5307077059193066,0.0,73.09841330110144
ITEM_2215,SBA,promedio_historico,2025-11,0.0,3.5307077059193066,0.0,73.09841330110144
ITEM_2215,SBA,promedio_historico,2025-12,0.0,3.5307077059193066,0.0,73.09841330110144
ITEM_2215,SBA,promedio_movil_historico,2025-07,0.0,3.5307077059193066,0.0,83.134043643576
ITEM_2215,SBA,promedio_movil_historico,2025-08,0.0,3.5307077059193066,0.0,83.134043643576
ITEM_2215,SBA,promedio_movil_historico,2025-09,0.0,3.5307077059193066,0.0,83.134043643576
ITEM_2215,SBA,promedio_movil_historico,2025-10,0.0,3.5307077059193066,0.0,83.134043643576
ITEM_2215,SBA,promedio_movil_historico,2025-11,0.0,3.5307077059193066,0.0,83.134043643576
ITEM_2215,SBA,promedio_movil_historico,2025-12,0.0,3.5307077059193066,0.0,83.134043643576
ITEM_2215,Bootstrap,ultimo_precio_conocido,2025-07,0.0,1.6966904810128858,0.0,38.40967910916971
ITEM_2215,Bootstrap,ultimo_precio_conocido,2025-08,0.0,1.6966904810128858,0.0,38.40967910916971
ITEM_2215,Bootstrap,ultimo_precio_conocido,2025-09,0.0,1.6991091153160567,0.0,38.46443215252489
ITEM_2215,Bootstrap,ultimo_precio_conocido,2025-10,0.0,1.6446819640037587,0.0,37.23231030111709
ITEM_2215,Bootstrap,ultimo_precio_conocido,2025-11,0.0,1.5520829992297431,0.0,35.13605493656293
ITEM_2215,Bootstrap,ultimo_precio_conocido,2025-12,0.0,1.4734711011115968,0.0,33.35643878696433
ITEM_2215,Bootstrap,promedio_historico,2025-07,0.0,1.6966904810128858,0.0,35.127626627713575
ITEM_2215,Bootstrap,promedio_historico,2025-08,0.0,1.6966904810128858,0.0,35.127626627713575
ITEM_2215,Bootstrap,promedio_historico,2025-09,0.0,1.6991091153160567,0.0,35.17770110134417
ITEM_2215,Bootstrap,promedio_historico,2025-10,0.0,1.6446819640037587,0.0,34.05086231070799
ITEM_2215,Bootstrap,promedio_historico,2025-11,0.0,1.5520829992297431,0.0,32.133728987279085
ITEM_2215,Bootstrap,promedio_historico,2025-12,0.0,1.4734711011115968,0.0,30.506178507982725
ITEM_2215,Bootstrap,promedio_movil_historico,2025-07,0.0,1.6966904810128858,0.0,39.95027406592941
ITEM_2215,Bootstrap,promedio_movil_historico,2025-08,0.0,1.6966904810128858,0.0,39.95027406592941
ITEM_2215,Bootstrap,promedio_movil_historico,2025-09,0.0,1.6991091153160567,0.0,40.007223229231876
ITEM_2215,Bootstrap,promedio_movil_historico,2025-10,0.0,1.6446819640037587,0.0,38.72568152443251
ITEM_2215,Bootstrap,promedio_movil_historico,2025-11,0.0,1.5520829992297431,0.0,36.54534629986354
ITEM_2215,Bootstrap,promedio_movil_historico,2025-12,0.0,1.4734711011115968,0.0,34.69435054677366
ITEM_2529,Croston,ultimo_precio_conocido,2025-07,0.0,54.80311319213201,0.0,125.51548834824861
ITEM_2529,Croston,ultimo_precio_conocido,2025-08,0.0,54.80311319213201,0.0,125.51548834824861
ITEM_2529,Croston,ultimo_precio_conocido,2025-09,0.0,54.80311319213201,0.0,125.51548834824861
ITEM_2529,Croston,ultimo_precio_conocido,2025-10,0.0,54.80311319213201,0.0,125.51548834824861
ITEM_2529,Croston,ultimo_precio_conocido,2025-11,0.0,54.80311319213201,0.0,125.51548834824861
ITEM_2529,Croston,ultimo_precio_conocido,2025-12,0.0,54.80311319213201,0.0,125.51548834824861
ITEM_2529,Croston,promedio_historico,2025-07,0.0,54.80311319213201,0.0,85.40647802500023
ITEM_2529,Croston,promedio_historico,2025-08,0.0,54.80311319213201,0.0,85.40647802500023
ITEM_2529,Croston,promedio_historico,2025-09,0.0,54.80311319213201,0.0,85.40647802500023
ITEM_2529,Croston,promedio_historico,2025-10,0.0,54.80311319213201,0.0,85.40647802500023
ITEM_2529,Croston,promedio_historico,2025-11,0.0,54.80311319213201,0.0,85.40647802500023
ITEM_2529,Croston,promedio_historico,2025-12,0.0,54.80311319213201,0.0,85.40647802500023
ITEM_2529,Croston,promedio_movil_historico,2025-07,0.0,54.80311319213201,0.0,117.43634553830591
ITEM_2529,Croston,promedio_movil_historico,2025-08,0.0,54.80311319213201,0.0,117.43634553830591
ITEM_2529,Croston,promedio_movil_historico,2025-09,0.0,54.80311319213201,0.0,117.43634553830591
ITEM_2529,Croston,promedio_movil_historico,2025-10,0.0,54.80311319213201,0.0,117.43634553830591
ITEM_2529,Croston,promedio_movil_historico,2025-11,0.0,54.80311319213201,0.0,117.43634553830591
ITEM_2529,Croston,promedio_movil_historico,2025-12,0.0,54.80311319213201,0.0,117.43634553830591
ITEM_2529,SBA,ultimo_precio_conocido,2025-07,0.0,52.06295753252541,0.0,119.23971393083617
ITEM_2529,SBA,ultimo_precio_conocido,2025-08,0.0,52.06295753252541,0.0,119.23971393083617
ITEM_2529,SBA,ultimo_precio_conocido,2025-09,0.0,52.06295753252541,0.0,119.23971393083617
ITEM_2529,SBA,ultimo_precio_conocido,2025-10,0.0,52.06295753252541,0.0,119.23971393083617
ITEM_2529,SBA,ultimo_precio_conocido,2025-11,0.0,52.06295753252541,0.0,119.23971393083617
ITEM_2529,SBA,ultimo_precio_conocido,2025-12,0.0,52.06295753252541,0.0,119.23971393083617
ITEM_2529,SBA,promedio_historico,2025-07,0.0,52.06295753252541,0.0,81.13615412375022
ITEM_2529,SBA,promedio_historico,2025-08,0.0,52.06295753252541,0.0,81.13615412375022
ITEM_2529,SBA,promedio_historico,2025-09,0.0,52.06295753252541,0.0,81.13615412375022
ITEM_2529,SBA,promedio_historico,2025-10,0.0,52.06295753252541,0.0,81.13615412375022
ITEM_2529,SBA,promedio_historico,2025-11,0.0,52.06295753252541,0.0,81.13615412375022
ITEM_2529,SBA,promedio_historico,2025-12,0.0,52.06295753252541,0.0,81.13615412375022
ITEM_2529,SBA,promedio_movil_historico,2025-07,0.0,52.06295753252541,0.0,111.56452826139062
ITEM_2529,SBA,promedio_movil_historico,2025-08,0.0,52.06295753252541,0.0,111.56452826139062
ITEM_2529,SBA,promedio_movil_historico,2025-09,0.0,52.06295753252541,0.0,111.56452826139062
ITEM_2529,SBA,promedio_movil_historico,2025-10,0.0,52.06295753252541,0.0,111.56452826139062
ITEM_2529,SBA,promedio_movil_historico,2025-11,0.0,52.06295753252541,0.0,111.56452826139062
ITEM_2529,SBA,promedio_movil_historico,2025-12,0.0,52.06295753252541,0.0,111.56452826139062
ITEM_2529,Bootstrap,ultimo_precio_conocido,2025-07,0.0,30.7746547240291,0.0,70.48314578212336
ITEM_2529,Bootstrap,ultimo_precio_conocido,2025-08,0.0,31.134641345739727,0.0,71.30762260453375
ITEM_2529,Bootstrap,ultimo_precio_conocido,2025-09,0.0,30.384951814829318,0.0,69.59060979082923
ITEM_2529,Bootstrap,ultimo_precio_conocido,2025-10,0.0,30.384951814829318,0.0,69.59060979082923
ITEM_2529,Bootstrap,ultimo_precio_conocido,2025-11,0.0,29.203941482533153,0.0,66.88574358947332
ITEM_2529,Bootstrap,ultimo_precio_conocido,2025-12,0.0,28.484638088797382,0.0,65.23832410038743
ITEM_2529,Bootstrap,promedio_historico,2025-07,0.0,30.7746547240291,0.0,47.95995554486327
ITEM_2529,Bootstrap,promedio_historico,2025-08,0.0,31.134641345739727,0.0,48.52096727769374
ITEM_2529,Bootstrap,promedio_historico,2025-09,0.0,30.384951814829318,0.0,47.35263324121669
ITEM_2529,Bootstrap,promedio_historico,2025-10,0.0,30.384951814829318,0.0,47.35263324121669
ITEM_2529,Bootstrap,promedio_historico,2025-11,0.0,29.203941482533153,0.0,45.512118585800515
ITEM_2529,Bootstrap,promedio_historico,2025-12,0.0,28.484638088797382,0.0,44.391139029857655
ITEM_2529,Bootstrap,promedio_movil_historico,2025-07,0.0,30.7746547240291,0.0,65.94630807419176
ITEM_2529,Bootstrap,promedio_movil_historico,2025-08,0.0,31.134641345739727,0.0,66.71771522305508
ITEM_2529,Bootstrap,promedio_movil_historico,2025-09,0.0,30.384951814829318,0.0,65.11122256834427
ITEM_2529,Bootstrap,promedio_movil_historico,2025-10,0.0,30.384951814829318,0.0,65.11122256834427
ITEM_2529,Bootstrap,promedio_movil_historico,2025-11,0.0,29.203941482533153,0.0,62.580462372630535
ITEM_2529,Bootstrap,promedio_movil_historico,2025-12,0.0,28.484638088797382,0.0,61.03908348056866
ITEM_2598,Croston,ultimo_precio_conocido,2025-07,0.0,0.7706234527352898,0.0,18.494962865646954
ITEM_2598,Croston,ultimo_precio_conocido,2025-08,1.0,0.7706234527352898,41.44,18.494962865646954
ITEM_2598,Croston,ultimo_precio_conocido,2025-09,0.0,0.423319094172932,0.0,10.159658260150369
ITEM_2598,Croston,ultimo_precio_conocido,2025-10,0.0,0.423319094172932,0.0,10.159658260150369
ITEM_2598,Croston,ultimo_precio_conocido,2025-11,0.0,0.423319094172932,0.0,10.159658260150369
ITEM_2598,Croston,ultimo_precio_conocido,2025-12,0.0,0.423319094172932,0.0,10.159658260150369
ITEM_2598,Croston,promedio_historico,2025-07,0.0,0.7706234527352898,0.0,17.388296010792278
ITEM_2598,Croston,promedio_historico,2025-08,1.0,0.7706234527352898,41.44,17.388296010792278
ITEM_2598,Croston,promedio_historico,2025-09,0.0,0.423319094172932,0.0,9.551743708775806
ITEM_2598,Croston,promedio_historico,2025-10,0.0,0.423319094172932,0.0,9.551743708775806
ITEM_2598,Croston,promedio_historico,2025-11,0.0,0.423319094172932,0.0,9.551743708775806
ITEM_2598,Croston,promedio_historico,2025-12,0.0,0.423319094172932,0.0,9.551743708775806
ITEM_2598,Croston,promedio_movil_historico,2025-07,0.0,0.7706234527352898,0.0,18.30975636250624
ITEM_2598,Croston,promedio_movil_historico,2025-08,1.0,0.7706234527352898,41.44,18.30975636250624
ITEM_2598,Croston,promedio_movil_historico,2025-09,0.0,0.423319094172932,0.0,10.05792057118414
ITEM_2598,Croston,promedio_movil_historico,2025-10,0.0,0.423319094172932,0.0,10.05792057118414
ITEM_2598,Croston,promedio_movil_historico,2025-11,0.0,0.423319094172932,0.0,10.05792057118414
ITEM_2598,Croston,promedio_movil_historico,2025-12,0.0,0.423319094172932,0.0,10.05792057118414
ITEM_2598,SBA,ultimo_precio_conocido,2025-07,0.0,0.7320922800985252,0.0,17.570214722364604
ITEM_2598,SBA,ultimo_precio_conocido,2025-08,1.0,0.7320922800985252,41.44,17.570214722364604
ITEM_2598,SBA,ultimo_precio_conocido,2025-09,0.0,0.4021531394642854,0.0,9.651675347142849
ITEM_2598,SBA,ultimo_precio_conocido,2025-10,0.0,0.4021531394642854,0.0,9.651675347142849
ITEM_2598,SBA,ultimo_precio_conocido,2025-11,0.0,0.4021531394642854,0.0,9.651675347142849
ITEM_2598,SBA,ultimo_precio_conocido,2025-12,0.0,0.4021531394642854,0.0,9.651675347142849
ITEM_2598,SBA,promedio_historico,2025-07,0.0,0.7320922800985252,0.0,16.518881210252662
ITEM_2598,SBA,promedio_historico,2025-08,1.0,0.7320922800985252,41.44,16.518881210252662
ITEM_2598,SBA,promedio_historico,2025-09,0.0,0.4021531394642854,0.0,9.074156523337015
ITEM_2598,SBA,promedio_historico,2025-10,0.0,0.4021531394642854,0.0,9.074156523337015
ITEM_2598,SBA,promedio_historico,2025-11,0.0,0.4021531394642854,0.0,9.074156523337015
ITEM_2598,SBA,promedio_historico,2025-12,0.0,0.4021531394642854,0.0,9.074156523337015
ITEM_2598,SBA,promedio_movil_historico,2025-07,0.0,0.7320922800985252,0.0,17.394268544380925
ITEM_2598,SBA,promedio_movil_historico,2025-08,1.0,0.7320922800985252,41.44,17.394268544380925
ITEM_2598,SBA,promedio_movil_historico,2025-09,0.0,0.4021531394642854,0.0,9.555024542624931
ITEM_2598,SBA,promedio_movil_historico,2025-10,0.0,0.4021531394642854,0.0,9.555024542624931
ITEM_2598,SBA,promedio_movil_historico,2025-11,0.0,0.4021531394642854,0.0,9.555024542624931
ITEM_2598,SBA,promedio_movil_historico,2025-12,0.0,0.4021531394642854,0.0,9.555024542624931
ITEM_2598,Bootstrap,ultimo_precio_conocido,2025-07,0.0,0.4144914932201374,0.0,9.947795837283298
ITEM_2598,Bootstrap,ultimo_precio_conocido,2025-08,1.0,0.38710803965363594,41.44,9.290592951687263
ITEM_2598,Bootstrap,ultimo_precio_conocido,2025-09,0.0,0.42251531098050016,0.0,10.140367463532003
ITEM_2598,Bootstrap,ultimo_precio_conocido,2025-10,0.0,0.40043354668290493,0.0,9.610405120389718
ITEM_2598,Bootstrap,ultimo_precio_conocido,2025-11,0.0,0.43485073414103664,0.0,10.43641761938488
ITEM_2598,Bootstrap,ultimo_precio_conocido,2025-12,0.0,0.371572734756176,0.0,8.917745634148226
ITEM_2598,Bootstrap,promedio_historico,2025-07,0.0,0.4144914932201374,0.0,9.35255831169567
ITEM_2598,Bootstrap,promedio_historico,2025-08,1.0,0.38710803965363594,41.44,8.734679898156559
ITEM_2598,Bootstrap,promedio_historico,2025-09,0.0,0.42251531098050016,0.0,9.533607198617835
ITEM_2598,Bootstrap,promedio_historico,2025-10,0.0,0.40043354668290493,0.0,9.035355746907836
ITEM_2598,Bootstrap,promedio_historico,2025-11,0.0,0.43485073414103664,0.0,9.811942861219931
ITEM_2598,Bootstrap,promedio_historico,2025-12,0.0,0.371572734756176,0.0,8.384142318206036
ITEM_2598,Bootstrap,promedio_movil_historico,2025-07,0.0,0.4144914932201374,0.0,9.84817971507939
ITEM_2598,Bootstrap,promedio_movil_historico,2025-08,1.0,0.38710803965363594,41.44,9.197557986157172
ITEM_2598,Bootstrap,promedio_movil_historico,2025-09,0.0,0.42251531098050016,0.0,10.03882295045969
ITEM_2598,Bootstrap,promedio_movil_historico,2025-10,0.0,0.40043354668290493,0.0,9.514167591336927
ITEM_2598,Bootstrap,promedio_movil_historico,2025-11,0.0,0.43485073414103664,0.0,10.331908492946315
ITEM_2598,Bootstrap,promedio_movil_historico,2025-12,0.0,0.371572734756176,0.0,8.82844432022849
ITEM_2736,Croston,ultimo_precio_conocido,2025-07,0.0,8.046825839170541,0.0,35.52673607993794
ITEM_2736,Croston,ultimo_precio_conocido,2025-08,0.0,8.046825839170541,0.0,35.52673607993794
ITEM_2736,Croston,ultimo_precio_conocido,2025-09,0.0,8.046825839170541,0.0,35.52673607993794
ITEM_2736,Croston,ultimo_precio_conocido,2025-10,0.0,8.046825839170541,0.0,35.52673607993794
ITEM_2736,Croston,ultimo_precio_conocido,2025-11,0.0,8.046825839170541,0.0,35.52673607993794
ITEM_2736,Croston,ultimo_precio_conocido,2025-12,0.0,8.046825839170541,0.0,35.52673607993794
ITEM_2736,Croston,promedio_historico,2025-07,0.0,8.046825839170541,0.0,20.271695730994452
ITEM_2736,Croston,promedio_historico,2025-08,0.0,8.046825839170541,0.0,20.271695730994452
ITEM_2736,Croston,promedio_historico,2025-09,0.0,8.046825839170541,0.0,20.271695730994452
ITEM_2736,Croston,promedio_historico,2025-10,0.0,8.046825839170541,0.0,20.271695730994452
ITEM_2736,Croston,promedio_historico,2025-11,0.0,8.046825839170541,0.0,20.271695730994452
ITEM_2736,Croston,promedio_historico,2025-12,0.0,8.046825839170541,0.0,20.271695730994452
ITEM_2736,Croston,promedio_movil_historico,2025-07,0.0,8.046825839170541,0.0,33.072454198990926
ITEM_2736,Croston,promedio_movil_historico,2025-08,0.0,8.046825839170541,0.0,33.072454198990926
ITEM_2736,Croston,promedio_movil_historico,2025-09,0.0,8.046825839170541,0.0,33.072454198990926
ITEM_2736,Croston,promedio_movil_historico,2025-10,0.0,8.046825839170541,0.0,33.072454198990926
ITEM_2736,Croston,promedio_movil_historico,2025-11,0.0,8.046825839170541,0.0,33.072454198990926
ITEM_2736,Croston,promedio_movil_historico,2025-12,0.0,8.046825839170541,0.0,33.072454198990926
ITEM_2736,SBA,ultimo_precio_conocido,2025-07,0.0,7.644484547212014,0.0,33.75039927594104
ITEM_2736,SBA,ultimo_precio_conocido,2025-08,0.0,7.644484547212014,0.0,33.75039927594104
ITEM_2736,SBA,ultimo_precio_conocido,2025-09,0.0,7.644484547212014,0.0,33.75039927594104
ITEM_2736,SBA,ultimo_precio_conocido,2025-10,0.0,7.644484547212014,0.0,33.75039927594104
ITEM_2736,SBA,ultimo_precio_conocido,2025-11,0.0,7.644484547212014,0.0,33.75039927594104
ITEM_2736,SBA,ultimo_precio_conocido,2025-12,0.0,7.644484547212014,0.0,33.75039927594104
ITEM_2736,SBA,promedio_historico,2025-07,0.0,7.644484547212014,0.0,19.258110944444727
ITEM_2736,SBA,promedio_historico,2025-08,0.0,7.644484547212014,0.0,19.258110944444727
ITEM_2736,SBA,promedio_historico,2025-09,0.0,7.644484547212014,0.0,19.258110944444727
ITEM_2736,SBA,promedio_historico,2025-10,0.0,7.644484547212014,0.0,19.258110944444727
ITEM_2736,SBA,promedio_historico,2025-11,0.0,7.644484547212014,0.0,19.258110944444727
ITEM_2736,SBA,promedio_historico,2025-12,0.0,7.644484547212014,0.0,19.258110944444727
ITEM_2736,SBA,promedio_movil_historico,2025-07,0.0,7.644484547212014,0.0,31.41883148904138
ITEM_2736,SBA,promedio_movil_historico,2025-08,0.0,7.644484547212014,0.0,31.41883148904138
ITEM_2736,SBA,promedio_movil_historico,2025-09,0.0,7.644484547212014,0.0,31.41883148904138
ITEM_2736,SBA,promedio_movil_historico,2025-10,0.0,7.644484547212014,0.0,31.41883148904138
ITEM_2736,SBA,promedio_movil_historico,2025-11,0.0,7.644484547212014,0.0,31.41883148904138
ITEM_2736,SBA,promedio_movil_historico,2025-12,0.0,7.644484547212014,0.0,31.41883148904138
ITEM_2736,Bootstrap,ultimo_precio_conocido,2025-07,0.0,4.697853473978271,0.0,20.741023087614067
ITEM_2736,Bootstrap,ultimo_precio_conocido,2025-08,0.0,4.099812220368591,0.0,18.10067095292733
ITEM_2736,Bootstrap,ultimo_precio_conocido,2025-09,0.0,4.117712405226654,0.0,18.179700269075678
ITEM_2736,Bootstrap,ultimo_precio_conocido,2025-10,0.0,4.005656179924219,0.0,17.684972034365426
ITEM_2736,Bootstrap,ultimo_precio_conocido,2025-11,0.0,4.005656179924219,0.0,17.684972034365426
ITEM_2736,Bootstrap,ultimo_precio_conocido,2025-12,0.0,4.0401640969934824,0.0,17.837324488226226
ITEM_2736,Bootstrap,promedio_historico,2025-07,0.0,4.697853473978271,0.0,11.83490958008597
ITEM_2736,Bootstrap,promedio_historico,2025-08,0.0,4.099812220368591,0.0,10.328314238014098
ITEM_2736,Bootstrap,promedio_historico,2025-09,0.0,4.117712405226654,0.0,10.37340867751406
ITEM_2736,Bootstrap,promedio_historico,2025-10,0.0,4.005656179924219,0.0,10.091114795492018
ITEM_2736,Bootstrap,promedio_historico,2025-11,0.0,4.005656179924219,0.0,10.091114795492018
ITEM_2736,Bootstrap,promedio_historico,2025-12,0.0,4.0401640969934824,0.0,10.178047706570235
ITEM_2736,Bootstrap,promedio_movil_historico,2025-07,0.0,4.697853473978271,0.0,19.308177778050695
ITEM_2736,Bootstrap,promedio_movil_historico,2025-08,0.0,4.099812220368591,0.0,16.85022822571491
ITEM_2736,Bootstrap,promedio_movil_historico,2025-09,0.0,4.117712405226654,0.0,16.92379798548155
ITEM_2736,Bootstrap,promedio_movil_historico,2025-10,0.0,4.005656179924219,0.0,16.46324689948854
ITEM_2736,Bootstrap,promedio_movil_historico,2025-11,0.0,4.005656179924219,0.0,16.46324689948854
ITEM_2736,Bootstrap,promedio_movil_historico,2025-12,0.0,4.0401640969934824,0.0,16.605074438643214
ITEM_2745,Croston,ultimo_precio_conocido,2025-07,0.0,10.65786770115903,0.0,38.825089482793615
ITEM_2745,Croston,ultimo_precio_conocido,2025-08,0.0,10.65786770115903,0.0,38.825089482793615
ITEM_2745,Croston,ultimo_precio_conocido,2025-09,0.0,10.65786770115903,0.0,38.825089482793615
ITEM_2745,Croston,ultimo_precio_conocido,2025-10,0.0,10.65786770115903,0.0,38.825089482793615
ITEM_2745,Croston,ultimo_precio_conocido,2025-11,0.0,10.65786770115903,0.0,38.825089482793615
ITEM_2745,Croston,ultimo_precio_conocido,2025-12,0.0,10.65786770115903,0.0,38.825089482793615
ITEM_2745,Croston,promedio_historico,2025-07,0.0,10.65786770115903,0.0,52.66613930752163
ITEM_2745,Croston,promedio_historico,2025-08,0.0,10.65786770115903,0.0,52.66613930752163
ITEM_2745,Croston,promedio_historico,2025-09,0.0,10.65786770115903,0.0,52.66613930752163
ITEM_2745,Croston,promedio_historico,2025-10,0.0,10.65786770115903,0.0,52.66613930752163
ITEM_2745,Croston,promedio_historico,2025-11,0.0,10.65786770115903,0.0,52.66613930752163
ITEM_2745,Croston,promedio_historico,2025-12,0.0,10.65786770115903,0.0,52.66613930752163
ITEM_2745,Croston,promedio_movil_historico,2025-07,0.0,10.65786770115903,0.0,42.164600833778856
ITEM_2745,Croston,promedio_movil_historico,2025-08,0.0,10.65786770115903,0.0,42.164600833778856
ITEM_2745,Croston,promedio_movil_historico,2025-09,0.0,10.65786770115903,0.0,42.164600833778856
ITEM_2745,Croston,promedio_movil_historico,2025-10,0.0,10.65786770115903,0.0,42.164600833778856
ITEM_2745,Croston,promedio_movil_historico,2025-11,0.0,10.65786770115903,0.0,42.164600833778856
ITEM_2745,Croston,promedio_movil_historico,2025-12,0.0,10.65786770115903,0.0,42.164600833778856
ITEM_2745,SBA,ultimo_precio_conocido,2025-07,0.0,10.12497431610108,0.0,36.88383500865393
ITEM_2745,SBA,ultimo_precio_conocido,2025-08,0.0,10.12497431610108,0.0,36.88383500865393
ITEM_2745,SBA,ultimo_precio_conocido,2025-09,0.0,10.12497431610108,0.0,36.88383500865393
ITEM_2745,SBA,ultimo_precio_conocido,2025-10,0.0,10.12497431610108,0.0,36.88383500865393
ITEM_2745,SBA,ultimo_precio_conocido,2025-11,0.0,10.12497431610108,0.0,36.88383500865393
ITEM_2745,SBA,ultimo_precio_conocido,2025-12,0.0,10.12497431610108,0.0,36.88383500865393
ITEM_2745,SBA,promedio_historico,2025-07,0.0,10.12497431610108,0.0,50.032832342145554
ITEM_2745,SBA,promedio_historico,2025-08,0.0,10.12497431610108,0.0,50.032832342145554
ITEM_2745,SBA,promedio_historico,2025-09,0.0,10.12497431610108,0.0,50.032832342145554
ITEM_2745,SBA,promedio_historico,2025-10,0.0,10.12497431610108,0.0,50.032832342145554
ITEM_2745,SBA,promedio_historico,2025-11,0.0,10.12497431610108,0.0,50.032832342145554
ITEM_2745,SBA,promedio_historico,2025-12,0.0,10.12497431610108,0.0,50.032832342145554
ITEM_2745,SBA,promedio_movil_historico,2025-07,0.0,10.12497431610108,0.0,40.056370792089915
ITEM_2745,SBA,promedio_movil_historico,2025-08,0.0,10.12497431610108,0.0,40.056370792089915
ITEM_2745,SBA,promedio_movil_historico,2025-09,0.0,10.12497431610108,0.0,40.056370792089915
ITEM_2745,SBA,promedio_movil_historico,2025-10,0.0,10.12497431610108,0.0,40.056370792089915
ITEM_2745,SBA,promedio_movil_historico,2025-11,0.0,10.12497431610108,0.0,40.056370792089915
ITEM_2745,SBA,promedio_movil_historico,2025-12,0.0,10.12497431610108,0.0,40.056370792089915
ITEM_2745,Bootstrap,ultimo_precio_conocido,2025-07,0.0,6.41053452244231,0.0,23.35266147461127
ITEM_2745,Bootstrap,ultimo_precio_conocido,2025-08,0.0,6.41053452244231,0.0,23.35266147461127
ITEM_2745,Bootstrap,ultimo_precio_conocido,2025-09,0.0,6.29291430857061,0.0,22.924187838364364
ITEM_2745,Bootstrap,ultimo_precio_conocido,2025-10,0.0,6.058332007979336,0.0,22.069638029067583
ITEM_2745,Bootstrap,ultimo_precio_conocido,2025-11,0.0,5.4115062763754915,0.0,19.71334429251072
ITEM_2745,Bootstrap,ultimo_precio_conocido,2025-12,0.0,5.4115062763754915,0.0,19.71334429251072
ITEM_2745,Bootstrap,promedio_historico,2025-07,0.0,6.41053452244231,0.0,31.677828404447897
ITEM_2745,Bootstrap,promedio_historico,2025-08,0.0,6.41053452244231,0.0,31.677828404447897
ITEM_2745,Bootstrap,promedio_historico,2025-09,0.0,6.29291430857061,0.0,31.09660496061834
ITEM_2745,Bootstrap,promedio_historico,2025-10,0.0,6.058332007979336,0.0,29.93741022594591
ITEM_2745,Bootstrap,promedio_historico,2025-11,0.0,5.4115062763754915,0.0,26.74110351211486
ITEM_2745,Bootstrap,promedio_historico,2025-12,0.0,5.4115062763754915,0.0,26.74110351211486
ITEM_2745,Bootstrap,promedio_movil_historico,2025-07,0.0,6.41053452244231,0.0,25.361323376208226
ITEM_2745,Bootstrap,promedio_movil_historico,2025-08,0.0,6.41053452244231,0.0,25.361323376208226
ITEM_2745,Bootstrap,promedio_movil_historico,2025-09,0.0,6.29291430857061,0.0,24.895994897103105
ITEM_2745,Bootstrap,promedio_movil_historico,2025-10,0.0,6.058332007979336,0.0,23.96794161811326
ITEM_2745,Bootstrap,promedio_movil_historico,2025-11,0.0,5.4115062763754915,0.0,21.408973018875802
ITEM_2745,Bootstrap,promedio_movil_historico,2025-12,0.0,5.4115062763754915,0.0,21.408973018875802
ITEM_2794,Croston,ultimo_precio_conocido,2025-07,0.0,0.7952937744385786,0.0,10.169156660919217
ITEM_2794,Croston,ultimo_precio_conocido,2025-08,0.0,0.7952937744385786,0.0,10.169156660919217
ITEM_2794,Croston,ultimo_precio_conocido,2025-09,0.0,0.7952937744385786,0.0,10.169156660919217
ITEM_2794,Croston,ultimo_precio_conocido,2025-10,4.0,0.7952937744385786,46.24,10.169156660919217
ITEM_2794,Croston,ultimo_precio_conocido,2025-11,0.0,0.7958415459314608,0.0,10.176160832590794
ITEM_2794,Croston,ultimo_precio_conocido,2025-12,3.0,0.7958415459314608,115.0,10.176160832590794
ITEM_2794,Croston,promedio_historico,2025-07,0.0,0.7952937744385786,0.0,10.211141301755022
ITEM_2794,Croston,promedio_historico,2025-08,0.0,0.7952937744385786,0.0,10.211141301755022
ITEM_2794,Croston,promedio_historico,2025-09,0.0,0.7952937744385786,0.0,10.211141301755022
ITEM_2794,Croston,promedio_historico,2025-10,4.0,0.7952937744385786,46.24,10.211141301755022
ITEM_2794,Croston,promedio_historico,2025-11,0.0,0.7958415459314608,0.0,10.218174391029287
ITEM_2794,Croston,promedio_historico,2025-12,3.0,0.7958415459314608,115.0,10.218174391029287
ITEM_2794,Croston,promedio_movil_historico,2025-07,0.0,0.7952937744385786,0.0,10.184178699926663
ITEM_2794,Croston,promedio_movil_historico,2025-08,0.0,0.7952937744385786,0.0,10.184178699926663
ITEM_2794,Croston,promedio_movil_historico,2025-09,0.0,0.7952937744385786,0.0,10.184178699926663
ITEM_2794,Croston,promedio_movil_historico,2025-10,4.0,0.7952937744385786,46.24,10.184178699926663
ITEM_2794,Croston,promedio_movil_historico,2025-11,0.0,0.7958415459314608,0.0,10.19119321827138
ITEM_2794,Croston,promedio_movil_historico,2025-12,3.0,0.7958415459314608,115.0,10.19119321827138
ITEM_2794,SBA,ultimo_precio_conocido,2025-07,0.0,0.7555290857166497,0.0,9.660698827873256
ITEM_2794,SBA,ultimo_precio_conocido,2025-08,0.0,0.7555290857166497,0.0,9.660698827873256
ITEM_2794,SBA,ultimo_precio_conocido,2025-09,0.0,0.7555290857166497,0.0,9.660698827873256
ITEM_2794,SBA,ultimo_precio_conocido,2025-10,4.0,0.7555290857166497,46.24,9.660698827873256
ITEM_2794,SBA,ultimo_precio_conocido,2025-11,0.0,0.7560494686348878,0.0,9.667352790961253
ITEM_2794,SBA,ultimo_precio_conocido,2025-12,3.0,0.7560494686348878,115.0,9.667352790961253
ITEM_2794,SBA,promedio_historico,2025-07,0.0,0.7555290857166497,0.0,9.700584236667272
ITEM_2794,SBA,promedio_historico,2025-08,0.0,0.7555290857166497,0.0,9.700584236667272
ITEM_2794,SBA,promedio_historico,2025-09,0.0,0.7555290857166497,0.0,9.700584236667272
ITEM_2794,SBA,promedio_historico,2025-10,4.0,0.7555290857166497,46.24,9.700584236667272
ITEM_2794,SBA,promedio_historico,2025-11,0.0,0.7560494686348878,0.0,9.707265671477822
ITEM_2794,SBA,promedio_historico,2025-12,3.0,0.7560494686348878,115.0,9.707265671477822
ITEM_2794,SBA,promedio_movil_historico,2025-07,0.0,0.7555290857166497,0.0,9.67496976493033
ITEM_2794,SBA,promedio_movil_historico,2025-08,0.0,0.7555290857166497,0.0,9.67496976493033
ITEM_2794,SBA,promedio_movil_historico,2025-09,0.0,0.7555290857166497,0.0,9.67496976493033
ITEM_2794,SBA,promedio_movil_historico,2025-10,4.0,0.7555290857166497,46.24,9.67496976493033
ITEM_2794,SBA,promedio_movil_historico,2025-11,0.0,0.7560494686348878,0.0,9.681633557357811
ITEM_2794,SBA,promedio_movil_historico,2025-12,3.0,0.7560494686348878,115.0,9.681633557357811
ITEM_2794,Bootstrap,ultimo_precio_conocido,2025-07,0.0,0.7481515150159962,0.0,9.566364288055043
ITEM_2794,Bootstrap,ultimo_precio_conocido,2025-08,0.0,0.721703161840833,0.0,9.228178003305839
ITEM_2794,Bootstrap,ultimo_precio_conocido,2025-09,0.0,0.6883350791542747,0.0,8.801511441564353
ITEM_2794,Bootstrap,ultimo_precio_conocido,2025-10,4.0,0.6831900273903057,46.24,8.735723377960717
ITEM_2794,Bootstrap,ultimo_precio_conocido,2025-11,0.0,0.7322881203391904,0.0,9.363524342833156
ITEM_2794,Bootstrap,ultimo_precio_conocido,2025-12,3.0,0.7354757166679008,115.0,9.404283075618796
ITEM_2794,Bootstrap,promedio_historico,2025-07,0.0,0.7481515150159962,0.0,9.605860224850078
ITEM_2794,Bootstrap,promedio_historico,2025-08,0.0,0.721703161840833,0.0,9.26627769553761
ITEM_2794,Bootstrap,promedio_historico,2025-09,0.0,0.6883350791542747,0.0,8.837849587293432
ITEM_2794,Bootstrap,promedio_historico,2025-10,4.0,0.6831900273903057,46.24,8.77178990940419
ITEM_2794,Bootstrap,promedio_historico,2025-11,0.0,0.7322881203391904,0.0,9.402182829431359
ITEM_2794,Bootstrap,promedio_historico,2025-12,3.0,0.7354757166679008,115.0,9.443109839765865
ITEM_2794,Bootstrap,promedio_movil_historico,2025-07,0.0,0.7481515150159962,0.0,9.580495872638343
ITEM_2794,Bootstrap,promedio_movil_historico,2025-08,0.0,0.721703161840833,0.0,9.241810013762132
ITEM_2794,Bootstrap,promedio_movil_historico,2025-09,0.0,0.6883350791542747,0.0,8.814513173429473
ITEM_2794,Bootstrap,promedio_movil_historico,2025-10,4.0,0.6831900273903057,46.24,8.748627926658084
ITEM_2794,Bootstrap,promedio_movil_historico,2025-11,0.0,0.7322881203391904,0.0,9.377356289042204
ITEM_2794,Bootstrap,promedio_movil_historico,2025-12,3.0,0.7354757166679008,115.0,9.418175231272366
ITEM_2827,Croston,ultimo_precio_conocido,2025-07,0.0,20.00060117009278,0.0,37.66779887034139
ITEM_2827,Croston,ultimo_precio_conocido,2025-08,0.0,20.00060117009278,0.0,37.66779887034139
ITEM_2827,Croston,ultimo_precio_conocido,2025-09,0.0,20.00060117009278,0.0,37.66779887034139
ITEM_2827,Croston,ultimo_precio_conocido,2025-10,0.0,20.00060117009278,0.0,37.66779887034139
ITEM_2827,Croston,ultimo_precio_conocido,2025-11,0.0,20.00060117009278,0.0,37.66779887034139
ITEM_2827,Croston,ultimo_precio_conocido,2025-12,0.0,20.00060117009278,0.0,37.66779887034139
ITEM_2827,Croston,promedio_historico,2025-07,0.0,20.00060117009278,0.0,30.535986052681245
ITEM_2827,Croston,promedio_historico,2025-08,0.0,20.00060117009278,0.0,30.535986052681245
ITEM_2827,Croston,promedio_historico,2025-09,0.0,20.00060117009278,0.0,30.535986052681245
ITEM_2827,Croston,promedio_historico,2025-10,0.0,20.00060117009278,0.0,30.535986052681245
ITEM_2827,Croston,promedio_historico,2025-11,0.0,20.00060117009278,0.0,30.535986052681245
ITEM_2827,Croston,promedio_historico,2025-12,0.0,20.00060117009278,0.0,30.535986052681245
ITEM_2827,Croston,promedio_movil_historico,2025-07,0.0,20.00060117009278,0.0,35.45995473006505
ITEM_2827,Croston,promedio_movil_historico,2025-08,0.0,20.00060117009278,0.0,35.45995473006505
ITEM_2827,Croston,promedio_movil_historico,2025-09,0.0,20.00060117009278,0.0,35.45995473006505
ITEM_2827,Croston,promedio_movil_historico,2025-10,0.0,20.00060117009278,0.0,35.45995473006505
ITEM_2827,Croston,promedio_movil_historico,2025-11,0.0,20.00060117009278,0.0,35.45995473006505
ITEM_2827,Croston,promedio_movil_historico,2025-12,0.0,20.00060117009278,0.0,35.45995473006505
ITEM_2827,SBA,ultimo_precio_conocido,2025-07,0.0,19.00057111158814,0.0,35.78440892682433
ITEM_2827,SBA,ultimo_precio_conocido,2025-08,0.0,19.00057111158814,0.0,35.78440892682433
ITEM_2827,SBA,ultimo_precio_conocido,2025-09,0.0,19.00057111158814,0.0,35.78440892682433
ITEM_2827,SBA,ultimo_precio_conocido,2025-10,0.0,19.00057111158814,0.0,35.78440892682433
ITEM_2827,SBA,ultimo_precio_conocido,2025-11,0.0,19.00057111158814,0.0,35.78440892682433
ITEM_2827,SBA,ultimo_precio_conocido,2025-12,0.0,19.00057111158814,0.0,35.78440892682433
ITEM_2827,SBA,promedio_historico,2025-07,0.0,19.00057111158814,0.0,29.009186750047185
ITEM_2827,SBA,promedio_historico,2025-08,0.0,19.00057111158814,0.0,29.009186750047185
ITEM_2827,SBA,promedio_historico,2025-09,0.0,19.00057111158814,0.0,29.009186750047185
ITEM_2827,SBA,promedio_historico,2025-10,0.0,19.00057111158814,0.0,29.009186750047185
ITEM_2827,SBA,promedio_historico,2025-11,0.0,19.00057111158814,0.0,29.009186750047185
ITEM_2827,SBA,promedio_historico,2025-12,0.0,19.00057111158814,0.0,29.009186750047185
ITEM_2827,SBA,promedio_movil_historico,2025-07,0.0,19.00057111158814,0.0,33.68695699356179
ITEM_2827,SBA,promedio_movil_historico,2025-08,0.0,19.00057111158814,0.0,33.68695699356179
ITEM_2827,SBA,promedio_movil_historico,2025-09,0.0,19.00057111158814,0.0,33.68695699356179
ITEM_2827,SBA,promedio_movil_historico,2025-10,0.0,19.00057111158814,0.0,33.68695699356179
ITEM_2827,SBA,promedio_movil_historico,2025-11,0.0,19.00057111158814,0.0,33.68695699356179
ITEM_2827,SBA,promedio_movil_historico,2025-12,0.0,19.00057111158814,0.0,33.68695699356179
ITEM_2827,Bootstrap,ultimo_precio_conocido,2025-07,0.0,13.655710394656257,0.0,25.718254576602614
ITEM_2827,Bootstrap,ultimo_precio_conocido,2025-08,0.0,14.261992341146135,0.0,26.860085575825217
ITEM_2827,Bootstrap,ultimo_precio_conocido,2025-09,0.0,13.619856616612129,0.0,25.650729961286174
ITEM_2827,Bootstrap,ultimo_precio_conocido,2025-10,0.0,12.45379792766972,0.0,23.454652763777972
ITEM_2827,Bootstrap,ultimo_precio_conocido,2025-11,0.0,11.794383108213934,0.0,22.212754853802906
ITEM_2827,Bootstrap,ultimo_precio_conocido,2025-12,0.0,11.81930530611975,0.0,22.25969165985886
ITEM_2827,Bootstrap,promedio_historico,2025-07,0.0,13.655710394656257,0.0,20.84890242070376
ITEM_2827,Bootstrap,promedio_historico,2025-08,0.0,14.261992341146135,0.0,21.774545450358826
ITEM_2827,Bootstrap,promedio_historico,2025-09,0.0,13.619856616612129,0.0,20.79416254278806
ITEM_2827,Bootstrap,promedio_historico,2025-10,0.0,12.45379792766972,0.0,19.013878462357695
ITEM_2827,Bootstrap,promedio_historico,2025-11,0.0,11.794383108213934,0.0,18.007114637681127
ITEM_2827,Bootstrap,promedio_historico,2025-12,0.0,11.81930530611975,0.0,18.04516468833621
ITEM_2827,Bootstrap,promedio_movil_historico,2025-07,0.0,13.655710394656257,0.0,24.21081587914806
ITEM_2827,Bootstrap,promedio_movil_historico,2025-08,0.0,14.261992341146135,0.0,25.285720087944256
ITEM_2827,Bootstrap,promedio_movil_historico,2025-09,0.0,13.619856616612129,0.0,24.14724912255238
ITEM_2827,Bootstrap,promedio_movil_historico,2025-10,0.0,12.45379792766972,0.0,22.079891848095766
ITEM_2827,Bootstrap,promedio_movil_historico,2025-11,0.0,11.794383108213934,0.0,20.91078600735729
ITEM_2827,Bootstrap,promedio_movil_historico,2025-12,0.0,11.81930530611975,0.0,20.954971679677755
ITEM_2845,Croston,ultimo_precio_conocido,2025-07,66.0,27.535257046182643,79.93,48.18669983081963
ITEM_2845,Croston,ultimo_precio_conocido,2025-08,20.0,29.50570649223927,31.79,51.634986361418726
ITEM_2845,Croston,ultimo_precio_conocido,2025-09,92.0,28.993786013404286,90.93,50.7391255234575
ITEM_2845,Croston,ultimo_precio_conocido,2025-10,0.0,32.5510784894496,0.0,56.964387356536804
ITEM_2845,Croston,ultimo_precio_conocido,2025-11,0.0,32.5510784894496,0.0,56.964387356536804
ITEM_2845,Croston,ultimo_precio_conocido,2025-12,0.0,32.5510784894496,0.0,56.964387356536804
ITEM_2845,Croston,promedio_historico,2025-07,66.0,27.535257046182643,79.93,46.58853082860287
ITEM_2845,Croston,promedio_historico,2025-08,20.0,29.50570649223927,31.79,49.92245085011723
ITEM_2845,Croston,promedio_historico,2025-09,92.0,28.993786013404286,90.93,49.05630229846231
ITEM_2845,Croston,promedio_historico,2025-10,0.0,32.5510784894496,0.0,55.07509594577167
ITEM_2845,Croston,promedio_historico,2025-11,0.0,32.5510784894496,0.0,55.07509594577167
ITEM_2845,Croston,promedio_historico,2025-12,0.0,32.5510784894496,0.0,55.07509594577167
ITEM_2845,Croston,promedio_movil_historico,2025-07,66.0,27.535257046182643,79.93,46.26343953570971
ITEM_2845,Croston,promedio_movil_historico,2025-08,20.0,29.50570649223927,31.79,49.57409571200465
ITEM_2845,Croston,promedio_movil_historico,2025-09,92.0,28.993786013404286,90.93,48.71399108033363
ITEM_2845,Croston,promedio_movil_historico,2025-10,0.0,32.5510784894496,0.0,54.69078603453846
ITEM_2845,Croston,promedio_movil_historico,2025-11,0.0,32.5510784894496,0.0,54.69078603453846
ITEM_2845,Croston,promedio_movil_historico,2025-12,0.0,32.5510784894496,0.0,54.69078603453846
ITEM_2845,SBA,ultimo_precio_conocido,2025-07,66.0,26.15849419387351,79.93,45.77736483927864
ITEM_2845,SBA,ultimo_precio_conocido,2025-08,20.0,28.030421167627306,31.79,49.053237043347785
ITEM_2845,SBA,ultimo_precio_conocido,2025-09,92.0,27.54409671273407,90.93,48.20216924728462
ITEM_2845,SBA,ultimo_precio_conocido,2025-10,0.0,30.923524564977118,0.0,54.116167988709954
ITEM_2845,SBA,ultimo_precio_conocido,2025-11,0.0,30.923524564977118,0.0,54.116167988709954
ITEM_2845,SBA,ultimo_precio_conocido,2025-12,0.0,30.923524564977118,0.0,54.116167988709954
ITEM_2845,SBA,promedio_historico,2025-07,66.0,26.15849419387351,79.93,44.259104287172725
ITEM_2845,SBA,promedio_historico,2025-08,20.0,28.030421167627306,31.79,47.426328307611364
ITEM_2845,SBA,promedio_historico,2025-09,92.0,27.54409671273407,90.93,46.6034871835392
ITEM_2845,SBA,promedio_historico,2025-10,0.0,30.923524564977118,0.0,52.32134114848308
ITEM_2845,SBA,promedio_historico,2025-11,0.0,30.923524564977118,0.0,52.32134114848308
ITEM_2845,SBA,promedio_historico,2025-12,0.0,30.923524564977118,0.0,52.32134114848308
ITEM_2845,SBA,promedio_movil_historico,2025-07,66.0,26.15849419387351,79.93,43.95026755892422
ITEM_2845,SBA,promedio_movil_historico,2025-08,20.0,28.030421167627306,31.79,47.09539092640442
ITEM_2845,SBA,promedio_movil_historico,2025-09,92.0,27.54409671273407,90.93,46.27829152631695
ITEM_2845,SBA,promedio_movil_historico,2025-10,0.0,30.923524564977118,0.0,51.956246732811536
ITEM_2845,SBA,promedio_movil_historico,2025-11,0.0,30.923524564977118,0.0,51.956246732811536
ITEM_2845,SBA,promedio_movil_historico,2025-12,0.0,30.923524564977118,0.0,51.956246732811536
ITEM_2845,Bootstrap,ultimo_precio_conocido,2025-07,66.0,48.24686076727279,79.93,84.43200634272739
ITEM_2845,Bootstrap,ultimo_precio_conocido,2025-08,20.0,49.87053923182546,31.79,87.27344365569456
ITEM_2845,Bootstrap,ultimo_precio_conocido,2025-09,92.0,48.42388229452808,90.93,84.74179401542413
ITEM_2845,Bootstrap,ultimo_precio_conocido,2025-10,0.0,44.751764157621295,0.0,78.31558727583726
ITEM_2845,Bootstrap,ultimo_precio_conocido,2025-11,0.0,44.943558776572985,0.0,78.65122785900272
ITEM_2845,Bootstrap,ultimo_precio_conocido,2025-12,0.0,48.06043875317621,0.0,84.10576781805837
ITEM_2845,Bootstrap,promedio_historico,2025-07,66.0,48.24686076727279,79.93,81.63171879853637
ITEM_2845,Bootstrap,promedio_historico,2025-08,20.0,49.87053923182546,31.79,84.3789164758516
ITEM_2845,Bootstrap,promedio_historico,2025-09,92.0,48.42388229452808,90.93,81.93123199596275
ITEM_2845,Bootstrap,promedio_historico,2025-10,0.0,44.751764157621295,0.0,75.7181580180944
ITEM_2845,Bootstrap,promedio_historico,2025-11,0.0,44.943558776572985,0.0,76.04266668357751
ITEM_2845,Bootstrap,promedio_historico,2025-12,0.0,48.06043875317621,0.0,81.31630036113802
ITEM_2845,Bootstrap,promedio_movil_historico,2025-07,66.0,48.24686076727279,79.93,81.06209875400356
ITEM_2845,Bootstrap,promedio_movil_historico,2025-08,20.0,49.87053923182546,31.79,83.79012669085117
ITEM_2845,Bootstrap,promedio_movil_historico,2025-09,92.0,48.42388229452808,90.93,81.3595219706802
ITEM_2845,Bootstrap,promedio_movil_historico,2025-10,0.0,44.751764157621295,0.0,75.18980235957085
ITEM_2845,Bootstrap,promedio_movil_historico,2025-11,0.0,44.943558776572985,0.0,75.51204662779264
ITEM_2845,Bootstrap,promedio_movil_historico,2025-12,0.0,48.06043875317621,0.0,80.74888128293301
ITEM_2855,Croston,ultimo_precio_conocido,2025-07,0.0,5.547322913343736,0.0,60.32713668261313
ITEM_2855,Croston,ultimo_precio_conocido,2025-08,0.0,5.547322913343736,0.0,60.32713668261313
ITEM_2855,Croston,ultimo_precio_conocido,2025-09,0.0,5.547322913343736,0.0,60.32713668261313
ITEM_2855,Croston,ultimo_precio_conocido,2025-10,0.0,5.547322913343736,0.0,60.32713668261313
ITEM_2855,Croston,ultimo_precio_conocido,2025-11,0.0,5.547322913343736,0.0,60.32713668261313
ITEM_2855,Croston,ultimo_precio_conocido,2025-12,0.0,5.547322913343736,0.0,60.32713668261313
ITEM_2855,Croston,promedio_historico,2025-07,0.0,5.547322913343736,0.0,24.01563973470732
ITEM_2855,Croston,promedio_historico,2025-08,0.0,5.547322913343736,0.0,24.01563973470732
ITEM_2855,Croston,promedio_historico,2025-09,0.0,5.547322913343736,0.0,24.01563973470732
ITEM_2855,Croston,promedio_historico,2025-10,0.0,5.547322913343736,0.0,24.01563973470732
ITEM_2855,Croston,promedio_historico,2025-11,0.0,5.547322913343736,0.0,24.01563973470732
ITEM_2855,Croston,promedio_historico,2025-12,0.0,5.547322913343736,0.0,24.01563973470732
ITEM_2855,Croston,promedio_movil_historico,2025-07,0.0,5.547322913343736,0.0,37.191717671537575
ITEM_2855,Croston,promedio_movil_historico,2025-08,0.0,5.547322913343736,0.0,37.191717671537575
ITEM_2855,Croston,promedio_movil_historico,2025-09,0.0,5.547322913343736,0.0,37.191717671537575
ITEM_2855,Croston,promedio_movil_historico,2025-10,0.0,5.547322913343736,0.0,37.191717671537575
ITEM_2855,Croston,promedio_movil_historico,2025-11,0.0,5.547322913343736,0.0,37.191717671537575
ITEM_2855,Croston,promedio_movil_historico,2025-12,0.0,5.547322913343736,0.0,37.191717671537575
ITEM_2855,SBA,ultimo_precio_conocido,2025-07,0.0,5.269956767676549,0.0,57.31077984848247
ITEM_2855,SBA,ultimo_precio_conocido,2025-08,0.0,5.269956767676549,0.0,57.31077984848247
ITEM_2855,SBA,ultimo_precio_conocido,2025-09,0.0,5.269956767676549,0.0,57.31077984848247
ITEM_2855,SBA,ultimo_precio_conocido,2025-10,0.0,5.269956767676549,0.0,57.31077984848247
ITEM_2855,SBA,ultimo_precio_conocido,2025-11,0.0,5.269956767676549,0.0,57.31077984848247
ITEM_2855,SBA,ultimo_precio_conocido,2025-12,0.0,5.269956767676549,0.0,57.31077984848247
ITEM_2855,SBA,promedio_historico,2025-07,0.0,5.269956767676549,0.0,22.814857747971953
ITEM_2855,SBA,promedio_historico,2025-08,0.0,5.269956767676549,0.0,22.814857747971953
ITEM_2855,SBA,promedio_historico,2025-09,0.0,5.269956767676549,0.0,22.814857747971953
ITEM_2855,SBA,promedio_historico,2025-10,0.0,5.269956767676549,0.0,22.814857747971953
ITEM_2855,SBA,promedio_historico,2025-11,0.0,5.269956767676549,0.0,22.814857747971953
ITEM_2855,SBA,promedio_historico,2025-12,0.0,5.269956767676549,0.0,22.814857747971953
ITEM_2855,SBA,promedio_movil_historico,2025-07,0.0,5.269956767676549,0.0,35.33213178796069
ITEM_2855,SBA,promedio_movil_historico,2025-08,0.0,5.269956767676549,0.0,35.33213178796069
ITEM_2855,SBA,promedio_movil_historico,2025-09,0.0,5.269956767676549,0.0,35.33213178796069
ITEM_2855,SBA,promedio_movil_historico,2025-10,0.0,5.269956767676549,0.0,35.33213178796069
ITEM_2855,SBA,promedio_movil_historico,2025-11,0.0,5.269956767676549,0.0,35.33213178796069
ITEM_2855,SBA,promedio_movil_historico,2025-12,0.0,5.269956767676549,0.0,35.33213178796069
ITEM_2855,Bootstrap,ultimo_precio_conocido,2025-07,0.0,3.557201122685932,0.0,38.68456220920951
ITEM_2855,Bootstrap,ultimo_precio_conocido,2025-08,0.0,3.557201122685932,0.0,38.68456220920951
ITEM_2855,Bootstrap,ultimo_precio_conocido,2025-09,0.0,3.5692942942017876,0.0,38.81607544944444
ITEM_2855,Bootstrap,ultimo_precio_conocido,2025-10,0.0,3.446505271758134,0.0,37.48074483036971
ITEM_2855,Bootstrap,ultimo_precio_conocido,2025-11,0.0,3.096181869144567,0.0,33.670977826947166
ITEM_2855,Bootstrap,ultimo_precio_conocido,2025-12,0.0,3.292989301968995,0.0,35.81125865891282
ITEM_2855,Bootstrap,promedio_historico,2025-07,0.0,3.557201122685932,0.0,15.39994371353955
ITEM_2855,Bootstrap,promedio_historico,2025-08,0.0,3.557201122685932,0.0,15.39994371353955
ITEM_2855,Bootstrap,promedio_historico,2025-09,0.0,3.5692942942017876,0.0,15.452297840910827
ITEM_2855,Bootstrap,promedio_historico,2025-10,0.0,3.446505271758134,0.0,14.92071585578961
ITEM_2855,Bootstrap,promedio_historico,2025-11,0.0,3.096181869144567,0.0,13.40408508465373
ITEM_2855,Bootstrap,promedio_historico,2025-12,0.0,3.292989301968995,0.0,14.256109832024192
ITEM_2855,Bootstrap,promedio_movil_historico,2025-07,0.0,3.557201122685932,0.0,23.849056909518673
ITEM_2855,Bootstrap,promedio_movil_historico,2025-08,0.0,3.557201122685932,0.0,23.849056909518673
ITEM_2855,Bootstrap,promedio_movil_historico,2025-09,0.0,3.5692942942017876,0.0,23.930134904760177
ITEM_2855,Bootstrap,promedio_movil_historico,2025-10,0.0,3.446505271758134,0.0,23.106902739042283
ITEM_2855,Bootstrap,promedio_movil_historico,2025-11,0.0,3.096181869144567,0.0,20.758178987555702
ITEM_2855,Bootstrap,promedio_movil_historico,2025-12,0.0,3.292989301968995,0.0,22.07766346531332
ITEM_2899,Croston,ultimo_precio_conocido,2025-07,0.0,5.457792243303994,0.0,22.07482041264919
ITEM_2899,Croston,ultimo_precio_conocido,2025-08,0.0,5.457792243303994,0.0,22.07482041264919
ITEM_2899,Croston,ultimo_precio_conocido,2025-09,0.0,5.457792243303994,0.0,22.07482041264919
ITEM_2899,Croston,ultimo_precio_conocido,2025-10,0.0,5.457792243303994,0.0,22.07482041264919
ITEM_2899,Croston,ultimo_precio_conocido,2025-11,0.0,5.457792243303994,0.0,22.07482041264919
ITEM_2899,Croston,ultimo_precio_conocido,2025-12,0.0,5.457792243303994,0.0,22.07482041264919
ITEM_2899,Croston,promedio_historico,2025-07,0.0,5.457792243303994,0.0,22.951141178128236
ITEM_2899,Croston,promedio_historico,2025-08,0.0,5.457792243303994,0.0,22.951141178128236
ITEM_2899,Croston,promedio_historico,2025-09,0.0,5.457792243303994,0.0,22.951141178128236
ITEM_2899,Croston,promedio_historico,2025-10,0.0,5.457792243303994,0.0,22.951141178128236
ITEM_2899,Croston,promedio_historico,2025-11,0.0,5.457792243303994,0.0,22.951141178128236
ITEM_2899,Croston,promedio_historico,2025-12,0.0,5.457792243303994,0.0,22.951141178128236
ITEM_2899,Croston,promedio_movil_historico,2025-07,0.0,5.457792243303994,0.0,23.0485165383415
ITEM_2899,Croston,promedio_movil_historico,2025-08,0.0,5.457792243303994,0.0,23.0485165383415
ITEM_2899,Croston,promedio_movil_historico,2025-09,0.0,5.457792243303994,0.0,23.0485165383415
ITEM_2899,Croston,promedio_movil_historico,2025-10,0.0,5.457792243303994,0.0,23.0485165383415
ITEM_2899,Croston,promedio_movil_historico,2025-11,0.0,5.457792243303994,0.0,23.0485165383415
ITEM_2899,Croston,promedio_movil_historico,2025-12,0.0,5.457792243303994,0.0,23.0485165383415
ITEM_2899,SBA,ultimo_precio_conocido,2025-07,0.0,5.184902631138795,0.0,20.97107939201673
ITEM_2899,SBA,ultimo_precio_conocido,2025-08,0.0,5.184902631138795,0.0,20.97107939201673
ITEM_2899,SBA,ultimo_precio_conocido,2025-09,0.0,5.184902631138795,0.0,20.97107939201673
ITEM_2899,SBA,ultimo_precio_conocido,2025-10,0.0,5.184902631138795,0.0,20.97107939201673
ITEM_2899,SBA,ultimo_precio_conocido,2025-11,0.0,5.184902631138795,0.0,20.97107939201673
ITEM_2899,SBA,ultimo_precio_conocido,2025-12,0.0,5.184902631138795,0.0,20.97107939201673
ITEM_2899,SBA,promedio_historico,2025-07,0.0,5.184902631138795,0.0,21.803584119221824
ITEM_2899,SBA,promedio_historico,2025-08,0.0,5.184902631138795,0.0,21.803584119221824
ITEM_2899,SBA,promedio_historico,2025-09,0.0,5.184902631138795,0.0,21.803584119221824
ITEM_2899,SBA,promedio_historico,2025-10,0.0,5.184902631138795,0.0,21.803584119221824
ITEM_2899,SBA,promedio_historico,2025-11,0.0,5.184902631138795,0.0,21.803584119221824
ITEM_2899,SBA,promedio_historico,2025-12,0.0,5.184902631138795,0.0,21.803584119221824
ITEM_2899,SBA,promedio_movil_historico,2025-07,0.0,5.184902631138795,0.0,21.896090711424424
ITEM_2899,SBA,promedio_movil_historico,2025-08,0.0,5.184902631138795,0.0,21.896090711424424
ITEM_2899,SBA,promedio_movil_historico,2025-09,0.0,5.184902631138795,0.0,21.896090711424424
ITEM_2899,SBA,promedio_movil_historico,2025-10,0.0,5.184902631138795,0.0,21.896090711424424
ITEM_2899,SBA,promedio_movil_historico,2025-11,0.0,5.184902631138795,0.0,21.896090711424424
ITEM_2899,SBA,promedio_movil_historico,2025-12,0.0,5.184902631138795,0.0,21.896090711424424
ITEM_2899,Bootstrap,ultimo_precio_conocido,2025-07,0.0,4.794599439604798,0.0,19.39244237625869
ITEM_2899,Bootstrap,ultimo_precio_conocido,2025-08,0.0,4.425698509283076,0.0,17.900369863439582
ITEM_2899,Bootstrap,ultimo_precio_conocido,2025-09,0.0,4.672139986065927,0.0,18.89713762221308
ITEM_2899,Bootstrap,ultimo_precio_conocido,2025-10,0.0,4.105384015535973,0.0,16.604812134266034
ITEM_2899,Bootstrap,ultimo_precio_conocido,2025-11,0.0,4.105384015535973,0.0,16.604812134266034
ITEM_2899,Bootstrap,ultimo_precio_conocido,2025-12,0.0,3.953841034999544,0.0,15.991874900489226
ITEM_2899,Bootstrap,promedio_historico,2025-07,0.0,4.794599439604798,0.0,20.162278761334488
ITEM_2899,Bootstrap,promedio_historico,2025-08,0.0,4.425698509283076,0.0,18.610974322631417
ITEM_2899,Bootstrap,promedio_historico,2025-09,0.0,4.672139986065927,0.0,19.647311521565463
ITEM_2899,Bootstrap,promedio_historico,2025-10,0.0,4.105384015535973,0.0,17.26398586289115
ITEM_2899,Bootstrap,promedio_historico,2025-11,0.0,4.105384015535973,0.0,17.26398586289115
ITEM_2899,Bootstrap,promedio_historico,2025-12,0.0,3.953841034999544,0.0,16.626716398280603
ITEM_2899,Bootstrap,promedio_movil_historico,2025-07,0.0,4.794599439604798,0.0,20.24782174771009
ITEM_2899,Bootstrap,promedio_movil_historico,2025-08,0.0,4.425698509283076,0.0,18.689935552250493
ITEM_2899,Bootstrap,promedio_movil_historico,2025-09,0.0,4.672139986065927,0.0,19.73066964401289
ITEM_2899,Bootstrap,promedio_movil_historico,2025-10,0.0,4.105384015535973,0.0,17.33723219208535
ITEM_2899,Bootstrap,promedio_movil_historico,2025-11,0.0,4.105384015535973,0.0,17.33723219208535
ITEM_2899,Bootstrap,promedio_movil_historico,2025-12,0.0,3.953841034999544,0.0,16.6972589689476
ITEM_2932,Croston,ultimo_precio_conocido,2025-07,0.0,7.970345383138479,0.0,8.966638556030789
ITEM_2932,Croston,ultimo_precio_conocido,2025-08,0.0,7.970345383138479,0.0,8.966638556030789
ITEM_2932,Croston,ultimo_precio_conocido,2025-09,0.0,7.970345383138479,0.0,8.966638556030789
ITEM_2932,Croston,ultimo_precio_conocido,2025-10,0.0,7.970345383138479,0.0,8.966638556030789
ITEM_2932,Croston,ultimo_precio_conocido,2025-11,0.0,7.970345383138479,0.0,8.966638556030789
ITEM_2932,Croston,ultimo_precio_conocido,2025-12,0.0,7.970345383138479,0.0,8.966638556030789
ITEM_2932,Croston,promedio_historico,2025-07,0.0,7.970345383138479,0.0,8.820607039024358
ITEM_2932,Croston,promedio_historico,2025-08,0.0,7.970345383138479,0.0,8.820607039024358
ITEM_2932,Croston,promedio_historico,2025-09,0.0,7.970345383138479,0.0,8.820607039024358
ITEM_2932,Croston,promedio_historico,2025-10,0.0,7.970345383138479,0.0,8.820607039024358
ITEM_2932,Croston,promedio_historico,2025-11,0.0,7.970345383138479,0.0,8.820607039024358
ITEM_2932,Croston,promedio_historico,2025-12,0.0,7.970345383138479,0.0,8.820607039024358
ITEM_2932,Croston,promedio_movil_historico,2025-07,0.0,7.970345383138479,0.0,9.584340323224021
ITEM_2932,Croston,promedio_movil_historico,2025-08,0.0,7.970345383138479,0.0,9.584340323224021
ITEM_2932,Croston,promedio_movil_historico,2025-09,0.0,7.970345383138479,0.0,9.584340323224021
ITEM_2932,Croston,promedio_movil_historico,2025-10,0.0,7.970345383138479,0.0,9.584340323224021
ITEM_2932,Croston,promedio_movil_historico,2025-11,0.0,7.970345383138479,0.0,9.584340323224021
ITEM_2932,Croston,promedio_movil_historico,2025-12,0.0,7.970345383138479,0.0,9.584340323224021
ITEM_2932,SBA,ultimo_precio_conocido,2025-07,0.0,7.571828113981555,0.0,8.518306628229249
ITEM_2932,SBA,ultimo_precio_conocido,2025-08,0.0,7.571828113981555,0.0,8.518306628229249
ITEM_2932,SBA,ultimo_precio_conocido,2025-09,0.0,7.571828113981555,0.0,8.518306628229249
ITEM_2932,SBA,ultimo_precio_conocido,2025-10,0.0,7.571828113981555,0.0,8.518306628229249
ITEM_2932,SBA,ultimo_precio_conocido,2025-11,0.0,7.571828113981555,0.0,8.518306628229249
ITEM_2932,SBA,ultimo_precio_conocido,2025-12,0.0,7.571828113981555,0.0,8.518306628229249
ITEM_2932,SBA,promedio_historico,2025-07,0.0,7.571828113981555,0.0,8.37957668707314
ITEM_2932,SBA,promedio_historico,2025-08,0.0,7.571828113981555,0.0,8.37957668707314
ITEM_2932,SBA,promedio_historico,2025-09,0.0,7.571828113981555,0.0,8.37957668707314
ITEM_2932,SBA,promedio_historico,2025-10,0.0,7.571828113981555,0.0,8.37957668707314
ITEM_2932,SBA,promedio_historico,2025-11,0.0,7.571828113981555,0.0,8.37957668707314
ITEM_2932,SBA,promedio_historico,2025-12,0.0,7.571828113981555,0.0,8.37957668707314
ITEM_2932,SBA,promedio_movil_historico,2025-07,0.0,7.571828113981555,0.0,9.105123307062819
ITEM_2932,SBA,promedio_movil_historico,2025-08,0.0,7.571828113981555,0.0,9.105123307062819
ITEM_2932,SBA,promedio_movil_historico,2025-09,0.0,7.571828113981555,0.0,9.105123307062819
ITEM_2932,SBA,promedio_movil_historico,2025-10,0.0,7.571828113981555,0.0,9.105123307062819
ITEM_2932,SBA,promedio_movil_historico,2025-11,0.0,7.571828113981555,0.0,9.105123307062819
ITEM_2932,SBA,promedio_movil_historico,2025-12,0.0,7.571828113981555,0.0,9.105123307062819
ITEM_2932,Bootstrap,ultimo_precio_conocido,2025-07,0.0,10.683622134267175,0.0,12.019074901050573
ITEM_2932,Bootstrap,ultimo_precio_conocido,2025-08,0.0,10.602281648127642,0.0,11.927566854143597
ITEM_2932,Bootstrap,ultimo_precio_conocido,2025-09,0.0,10.030509556697579,0.0,11.284323251284777
ITEM_2932,Bootstrap,ultimo_precio_conocido,2025-10,0.0,9.913221432399206,0.0,11.152374111449108
ITEM_2932,Bootstrap,ultimo_precio_conocido,2025-11,0.0,10.767563098363372,0.0,12.113508485658793
ITEM_2932,Bootstrap,ultimo_precio_conocido,2025-12,0.0,10.596642224578227,0.0,11.921222502650506
ITEM_2932,Bootstrap,promedio_historico,2025-07,0.0,10.683622134267175,0.0,11.823331119270293
ITEM_2932,Bootstrap,promedio_historico,2025-08,0.0,10.602281648127642,0.0,11.733313381002906
ITEM_2932,Bootstrap,promedio_historico,2025-09,0.0,10.030509556697579,0.0,11.100545703826064
ITEM_2932,Bootstrap,promedio_historico,2025-10,0.0,9.913221432399206,0.0,10.970745500064655
ITEM_2932,Bootstrap,promedio_historico,2025-11,0.0,10.767563098363372,0.0,11.916226749657373
ITEM_2932,Bootstrap,promedio_historico,2025-12,0.0,10.596642224578227,0.0,11.727072354213623
ITEM_2932,Bootstrap,promedio_movil_historico,2025-07,0.0,10.683622134267175,0.0,12.847055616456277
ITEM_2932,Bootstrap,promedio_movil_historico,2025-08,0.0,10.602281648127642,0.0,12.749243681873489
ITEM_2932,Bootstrap,promedio_movil_historico,2025-09,0.0,10.030509556697579,0.0,12.061687741928838
ITEM_2932,Bootstrap,promedio_movil_historico,2025-10,0.0,9.913221432399206,0.0,11.920648772460044
ITEM_2932,Bootstrap,promedio_movil_historico,2025-11,0.0,10.767563098363372,0.0,12.947994625781954
ITEM_2932,Bootstrap,promedio_movil_historico,2025-12,0.0,10.596642224578227,0.0,12.742462275055317
ITEM_3053,Croston,ultimo_precio_conocido,2025-07,0.0,6.138015836883835,0.0,84.88875902410345
ITEM_3053,Croston,ultimo_precio_conocido,2025-08,0.0,6.138015836883835,0.0,84.88875902410345
ITEM_3053,Croston,ultimo_precio_conocido,2025-09,0.0,6.138015836883835,0.0,84.88875902410345
ITEM_3053,Croston,ultimo_precio_conocido,2025-10,0.0,6.138015836883835,0.0,84.88875902410345
ITEM_3053,Croston,ultimo_precio_conocido,2025-11,0.0,6.138015836883835,0.0,84.88875902410345
ITEM_3053,Croston,ultimo_precio_conocido,2025-12,0.0,6.138015836883835,0.0,84.88875902410345
ITEM_3053,Croston,promedio_historico,2025-07,0.0,6.138015836883835,0.0,41.29966590630704
ITEM_3053,Croston,promedio_historico,2025-08,0.0,6.138015836883835,0.0,41.29966590630704
ITEM_3053,Croston,promedio_historico,2025-09,0.0,6.138015836883835,0.0,41.29966590630704
ITEM_3053,Croston,promedio_historico,2025-10,0.0,6.138015836883835,0.0,41.29966590630704
ITEM_3053,Croston,promedio_historico,2025-11,0.0,6.138015836883835,0.0,41.29966590630704
ITEM_3053,Croston,promedio_historico,2025-12,0.0,6.138015836883835,0.0,41.29966590630704
ITEM_3053,Croston,promedio_movil_historico,2025-07,0.0,6.138015836883835,0.0,56.11590713932269
ITEM_3053,Croston,promedio_movil_historico,2025-08,0.0,6.138015836883835,0.0,56.11590713932269
ITEM_3053,Croston,promedio_movil_historico,2025-09,0.0,6.138015836883835,0.0,56.11590713932269
ITEM_3053,Croston,promedio_movil_historico,2025-10,0.0,6.138015836883835,0.0,56.11590713932269
ITEM_3053,Croston,promedio_movil_historico,2025-11,0.0,6.138015836883835,0.0,56.11590713932269
ITEM_3053,Croston,promedio_movil_historico,2025-12,0.0,6.138015836883835,0.0,56.11590713932269
ITEM_3053,SBA,ultimo_precio_conocido,2025-07,0.0,5.831115045039644,0.0,80.64432107289828
ITEM_3053,SBA,ultimo_precio_conocido,2025-08,0.0,5.831115045039644,0.0,80.64432107289828
ITEM_3053,SBA,ultimo_precio_conocido,2025-09,0.0,5.831115045039644,0.0,80.64432107289828
ITEM_3053,SBA,ultimo_precio_conocido,2025-10,0.0,5.831115045039644,0.0,80.64432107289828
ITEM_3053,SBA,ultimo_precio_conocido,2025-11,0.0,5.831115045039644,0.0,80.64432107289828
ITEM_3053,SBA,ultimo_precio_conocido,2025-12,0.0,5.831115045039644,0.0,80.64432107289828
ITEM_3053,SBA,promedio_historico,2025-07,0.0,5.831115045039644,0.0,39.23468261099169
ITEM_3053,SBA,promedio_historico,2025-08,0.0,5.831115045039644,0.0,39.23468261099169
ITEM_3053,SBA,promedio_historico,2025-09,0.0,5.831115045039644,0.0,39.23468261099169
ITEM_3053,SBA,promedio_historico,2025-10,0.0,5.831115045039644,0.0,39.23468261099169
ITEM_3053,SBA,promedio_historico,2025-11,0.0,5.831115045039644,0.0,39.23468261099169
ITEM_3053,SBA,promedio_historico,2025-12,0.0,5.831115045039644,0.0,39.23468261099169
ITEM_3053,SBA,promedio_movil_historico,2025-07,0.0,5.831115045039644,0.0,53.31011178235656
ITEM_3053,SBA,promedio_movil_historico,2025-08,0.0,5.831115045039644,0.0,53.31011178235656
ITEM_3053,SBA,promedio_movil_historico,2025-09,0.0,5.831115045039644,0.0,53.31011178235656
ITEM_3053,SBA,promedio_movil_historico,2025-10,0.0,5.831115045039644,0.0,53.31011178235656
ITEM_3053,SBA,promedio_movil_historico,2025-11,0.0,5.831115045039644,0.0,53.31011178235656
ITEM_3053,SBA,promedio_movil_historico,2025-12,0.0,5.831115045039644,0.0,53.31011178235656
ITEM_3053,Bootstrap,ultimo_precio_conocido,2025-07,0.0,3.4676533600097255,0.0,47.95764596893451
ITEM_3053,Bootstrap,ultimo_precio_conocido,2025-08,0.0,3.4676533600097255,0.0,47.95764596893451
ITEM_3053,Bootstrap,ultimo_precio_conocido,2025-09,0.0,3.451189326102251,0.0,47.729948379994134
ITEM_3053,Bootstrap,ultimo_precio_conocido,2025-10,0.0,3.1342513738014177,0.0,43.34669649967361
ITEM_3053,Bootstrap,ultimo_precio_conocido,2025-11,0.0,3.3602937979292777,0.0,46.47286322536192
ITEM_3053,Bootstrap,ultimo_precio_conocido,2025-12,0.0,3.3602937979292777,0.0,46.47286322536192
ITEM_3053,Bootstrap,promedio_historico,2025-07,0.0,3.4676533600097255,0.0,23.33212051795413
ITEM_3053,Bootstrap,promedio_historico,2025-08,0.0,3.4676533600097255,0.0,23.33212051795413
ITEM_3053,Bootstrap,promedio_historico,2025-09,0.0,3.451189326102251,0.0,23.221342195134746
ITEM_3053,Bootstrap,promedio_historico,2025-10,0.0,3.1342513738014177,0.0,21.088823822601714
ITEM_3053,Bootstrap,promedio_historico,2025-11,0.0,3.3602937979292777,0.0,22.6097512436479
ITEM_3053,Bootstrap,promedio_historico,2025-12,0.0,3.3602937979292777,0.0,22.6097512436479
ITEM_3053,Bootstrap,promedio_movil_historico,2025-07,0.0,3.4676533600097255,0.0,31.702510894865384
ITEM_3053,Bootstrap,promedio_movil_historico,2025-08,0.0,3.4676533600097255,0.0,31.702510894865384
ITEM_3053,Bootstrap,promedio_movil_historico,2025-09,0.0,3.451189326102251,0.0,31.551990886047754
ITEM_3053,Bootstrap,promedio_movil_historico,2025-10,0.0,3.1342513738014177,0.0,28.654432265659786
ITEM_3053,Bootstrap,promedio_movil_historico,2025-11,0.0,3.3602937979292777,0.0,30.720991886715787
ITEM_3053,Bootstrap,promedio_movil_historico,2025-12,0.0,3.3602937979292777,0.0,30.720991886715787
ITEM_3125,Croston,ultimo_precio_conocido,2025-07,0.0,4.593845588593102,0.0,18.37538235437241
ITEM_3125,Croston,ultimo_precio_conocido,2025-08,0.0,4.593845588593102,0.0,18.37538235437241
ITEM_3125,Croston,ultimo_precio_conocido,2025-09,0.0,4.593845588593102,0.0,18.37538235437241
ITEM_3125,Croston,ultimo_precio_conocido,2025-10,0.0,4.593845588593102,0.0,18.37538235437241
ITEM_3125,Croston,ultimo_precio_conocido,2025-11,0.0,4.593845588593102,0.0,18.37538235437241
ITEM_3125,Croston,ultimo_precio_conocido,2025-12,0.0,4.593845588593102,0.0,18.37538235437241
ITEM_3125,Croston,promedio_historico,2025-07,0.0,4.593845588593102,0.0,18.063659698185482
ITEM_3125,Croston,promedio_historico,2025-08,0.0,4.593845588593102,0.0,18.063659698185482
ITEM_3125,Croston,promedio_historico,2025-09,0.0,4.593845588593102,0.0,18.063659698185482
ITEM_3125,Croston,promedio_historico,2025-10,0.0,4.593845588593102,0.0,18.063659698185482
ITEM_3125,Croston,promedio_historico,2025-11,0.0,4.593845588593102,0.0,18.063659698185482
ITEM_3125,Croston,promedio_historico,2025-12,0.0,4.593845588593102,0.0,18.063659698185482
ITEM_3125,Croston,promedio_movil_historico,2025-07,0.0,4.593845588593102,0.0,18.381507481823867
ITEM_3125,Croston,promedio_movil_historico,2025-08,0.0,4.593845588593102,0.0,18.381507481823867
ITEM_3125,Croston,promedio_movil_historico,2025-09,0.0,4.593845588593102,0.0,18.381507481823867
ITEM_3125,Croston,promedio_movil_historico,2025-10,0.0,4.593845588593102,0.0,18.381507481823867
ITEM_3125,Croston,promedio_movil_historico,2025-11,0.0,4.593845588593102,0.0,18.381507481823867
ITEM_3125,Croston,promedio_movil_historico,2025-12,0.0,4.593845588593102,0.0,18.381507481823867
ITEM_3125,SBA,ultimo_precio_conocido,2025-07,0.0,4.364153309163447,0.0,17.456613236653787
ITEM_3125,SBA,ultimo_precio_conocido,2025-08,0.0,4.364153309163447,0.0,17.456613236653787
ITEM_3125,SBA,ultimo_precio_conocido,2025-09,0.0,4.364153309163447,0.0,17.456613236653787
ITEM_3125,SBA,ultimo_precio_conocido,2025-10,0.0,4.364153309163447,0.0,17.456613236653787
ITEM_3125,SBA,ultimo_precio_conocido,2025-11,0.0,4.364153309163447,0.0,17.456613236653787
ITEM_3125,SBA,ultimo_precio_conocido,2025-12,0.0,4.364153309163447,0.0,17.456613236653787
ITEM_3125,SBA,promedio_historico,2025-07,0.0,4.364153309163447,0.0,17.160476713276207
ITEM_3125,SBA,promedio_historico,2025-08,0.0,4.364153309163447,0.0,17.160476713276207
ITEM_3125,SBA,promedio_historico,2025-09,0.0,4.364153309163447,0.0,17.160476713276207
ITEM_3125,SBA,promedio_historico,2025-10,0.0,4.364153309163447,0.0,17.160476713276207
ITEM_3125,SBA,promedio_historico,2025-11,0.0,4.364153309163447,0.0,17.160476713276207
ITEM_3125,SBA,promedio_historico,2025-12,0.0,4.364153309163447,0.0,17.160476713276207
ITEM_3125,SBA,promedio_movil_historico,2025-07,0.0,4.364153309163447,0.0,17.46243210773267
ITEM_3125,SBA,promedio_movil_historico,2025-08,0.0,4.364153309163447,0.0,17.46243210773267
ITEM_3125,SBA,promedio_movil_historico,2025-09,0.0,4.364153309163447,0.0,17.46243210773267
ITEM_3125,SBA,promedio_movil_historico,2025-10,0.0,4.364153309163447,0.0,17.46243210773267
ITEM_3125,SBA,promedio_movil_historico,2025-11,0.0,4.364153309163447,0.0,17.46243210773267
ITEM_3125,SBA,promedio_movil_historico,2025-12,0.0,4.364153309163447,0.0,17.46243210773267
ITEM_3125,Bootstrap,ultimo_precio_conocido,2025-07,0.0,2.2446493341922893,0.0,8.978597336769157
ITEM_3125,Bootstrap,ultimo_precio_conocido,2025-08,0.0,2.2446493341922893,0.0,8.978597336769157
ITEM_3125,Bootstrap,ultimo_precio_conocido,2025-09,0.0,2.259161140011315,0.0,9.03664456004526
ITEM_3125,Bootstrap,ultimo_precio_conocido,2025-10,0.0,2.006595957942527,0.0,8.026383831770108
ITEM_3125,Bootstrap,ultimo_precio_conocido,2025-11,0.0,1.757739658487627,0.0,7.030958633950508
ITEM_3125,Bootstrap,ultimo_precio_conocido,2025-12,0.0,1.965248775942579,0.0,7.860995103770316
ITEM_3125,Bootstrap,promedio_historico,2025-07,0.0,2.2446493341922893,0.0,8.826283106965686
ITEM_3125,Bootstrap,promedio_historico,2025-08,0.0,2.2446493341922893,0.0,8.826283106965686
ITEM_3125,Bootstrap,promedio_historico,2025-09,0.0,2.259161140011315,0.0,8.883345608711922
ITEM_3125,Bootstrap,promedio_historico,2025-10,0.0,2.006595957942527,0.0,7.890223090221249
ITEM_3125,Bootstrap,promedio_historico,2025-11,0.0,1.757739658487627,0.0,6.911684430091891
ITEM_3125,Bootstrap,promedio_historico,2025-12,0.0,1.965248775942579,0.0,7.727640040634086
ITEM_3125,Bootstrap,promedio_movil_historico,2025-07,0.0,2.2446493341922893,0.0,8.98159020254808
ITEM_3125,Bootstrap,promedio_movil_historico,2025-08,0.0,2.2446493341922893,0.0,8.98159020254808
ITEM_3125,Bootstrap,promedio_movil_historico,2025-09,0.0,2.259161140011315,0.0,9.039656774898608
ITEM_3125,Bootstrap,promedio_movil_historico,2025-10,0.0,2.006595957942527,0.0,8.029059293047364
ITEM_3125,Bootstrap,promedio_movil_historico,2025-11,0.0,1.757739658487627,0.0,7.033302286828492
ITEM_3125,Bootstrap,promedio_movil_historico,2025-12,0.0,1.965248775942579,0.0,7.863615435471572
ITEM_3126,Croston,ultimo_precio_conocido,2025-07,0.0,13.43832640403844,0.0,23.68505028711775
ITEM_3126,Croston,ultimo_precio_conocido,2025-08,0.0,13.43832640403844,0.0,23.68505028711775
ITEM_3126,Croston,ultimo_precio_conocido,2025-09,0.0,13.43832640403844,0.0,23.68505028711775
ITEM_3126,Croston,ultimo_precio_conocido,2025-10,0.0,13.43832640403844,0.0,23.68505028711775
ITEM_3126,Croston,ultimo_precio_conocido,2025-11,0.0,13.43832640403844,0.0,23.68505028711775
ITEM_3126,Croston,ultimo_precio_conocido,2025-12,0.0,13.43832640403844,0.0,23.68505028711775
ITEM_3126,Croston,promedio_historico,2025-07,0.0,13.43832640403844,0.0,27.600554574260446
ITEM_3126,Croston,promedio_historico,2025-08,0.0,13.43832640403844,0.0,27.600554574260446
ITEM_3126,Croston,promedio_historico,2025-09,0.0,13.43832640403844,0.0,27.600554574260446
ITEM_3126,Croston,promedio_historico,2025-10,0.0,13.43832640403844,0.0,27.600554574260446
ITEM_3126,Croston,promedio_historico,2025-11,0.0,13.43832640403844,0.0,27.600554574260446
ITEM_3126,Croston,promedio_historico,2025-12,0.0,13.43832640403844,0.0,27.600554574260446
ITEM_3126,Croston,promedio_movil_historico,2025-07,0.0,13.43832640403844,0.0,25.868778327774
ITEM_3126,Croston,promedio_movil_historico,2025-08,0.0,13.43832640403844,0.0,25.868778327774
ITEM_3126,Croston,promedio_movil_historico,2025-09,0.0,13.43832640403844,0.0,25.868778327774
ITEM_3126,Croston,promedio_movil_historico,2025-10,0.0,13.43832640403844,0.0,25.868778327774
ITEM_3126,Croston,promedio_movil_historico,2025-11,0.0,13.43832640403844,0.0,25.868778327774
ITEM_3126,Croston,promedio_movil_historico,2025-12,0.0,13.43832640403844,0.0,25.868778327774
ITEM_3126,SBA,ultimo_precio_conocido,2025-07,0.0,12.766410083836517,0.0,22.50079777276186
ITEM_3126,SBA,ultimo_precio_conocido,2025-08,0.0,12.766410083836517,0.0,22.50079777276186
ITEM_3126,SBA,ultimo_precio_conocido,2025-09,0.0,12.766410083836517,0.0,22.50079777276186
ITEM_3126,SBA,ultimo_precio_conocido,2025-10,0.0,12.766410083836517,0.0,22.50079777276186
ITEM_3126,SBA,ultimo_precio_conocido,2025-11,0.0,12.766410083836517,0.0,22.50079777276186
ITEM_3126,SBA,ultimo_precio_conocido,2025-12,0.0,12.766410083836517,0.0,22.50079777276186
ITEM_3126,SBA,promedio_historico,2025-07,0.0,12.766410083836517,0.0,26.220526845547422
ITEM_3126,SBA,promedio_historico,2025-08,0.0,12.766410083836517,0.0,26.220526845547422
ITEM_3126,SBA,promedio_historico,2025-09,0.0,12.766410083836517,0.0,26.220526845547422
ITEM_3126,SBA,promedio_historico,2025-10,0.0,12.766410083836517,0.0,26.220526845547422
ITEM_3126,SBA,promedio_historico,2025-11,0.0,12.766410083836517,0.0,26.220526845547422
ITEM_3126,SBA,promedio_historico,2025-12,0.0,12.766410083836517,0.0,26.220526845547422
ITEM_3126,SBA,promedio_movil_historico,2025-07,0.0,12.766410083836517,0.0,24.575339411385297
ITEM_3126,SBA,promedio_movil_historico,2025-08,0.0,12.766410083836517,0.0,24.575339411385297
ITEM_3126,SBA,promedio_movil_historico,2025-09,0.0,12.766410083836517,0.0,24.575339411385297
ITEM_3126,SBA,promedio_movil_historico,2025-10,0.0,12.766410083836517,0.0,24.575339411385297
ITEM_3126,SBA,promedio_movil_historico,2025-11,0.0,12.766410083836517,0.0,24.575339411385297
ITEM_3126,SBA,promedio_movil_historico,2025-12,0.0,12.766410083836517,0.0,24.575339411385297
ITEM_3126,Bootstrap,ultimo_precio_conocido,2025-07,0.0,7.39423988518269,0.0,13.03234779763449
ITEM_3126,Bootstrap,ultimo_precio_conocido,2025-08,0.0,7.676527698232945,0.0,13.529880068135565
ITEM_3126,Bootstrap,ultimo_precio_conocido,2025-09,0.0,7.676527698232945,0.0,13.529880068135565
ITEM_3126,Bootstrap,ultimo_precio_conocido,2025-10,0.0,7.676527698232945,0.0,13.529880068135565
ITEM_3126,Bootstrap,ultimo_precio_conocido,2025-11,0.0,7.676527698232945,0.0,13.529880068135565
ITEM_3126,Bootstrap,ultimo_precio_conocido,2025-12,0.0,8.061127498212624,0.0,14.20773721559975
ITEM_3126,Bootstrap,promedio_historico,2025-07,0.0,7.39423988518269,0.0,15.186795985609276
ITEM_3126,Bootstrap,promedio_historico,2025-08,0.0,7.676527698232945,0.0,15.766578017648683
ITEM_3126,Bootstrap,promedio_historico,2025-09,0.0,7.676527698232945,0.0,15.766578017648683
ITEM_3126,Bootstrap,promedio_historico,2025-10,0.0,7.676527698232945,0.0,15.766578017648683
ITEM_3126,Bootstrap,promedio_historico,2025-11,0.0,7.676527698232945,0.0,15.766578017648683
ITEM_3126,Bootstrap,promedio_historico,2025-12,0.0,8.061127498212624,0.0,16.55649541133535
ITEM_3126,Bootstrap,promedio_movil_historico,2025-07,0.0,7.39423988518269,0.0,14.233911778976678
ITEM_3126,Bootstrap,promedio_movil_historico,2025-08,0.0,7.676527698232945,0.0,14.77731581909842
ITEM_3126,Bootstrap,promedio_movil_historico,2025-09,0.0,7.676527698232945,0.0,14.77731581909842
ITEM_3126,Bootstrap,promedio_movil_historico,2025-10,0.0,7.676527698232945,0.0,14.77731581909842
ITEM_3126,Bootstrap,promedio_movil_historico,2025-11,0.0,7.676527698232945,0.0,14.77731581909842
ITEM_3126,Bootstrap,promedio_movil_historico,2025-12,0.0,8.061127498212624,0.0,15.517670434059301
ITEM_3147,Croston,ultimo_precio_conocido,2025-07,0.0,9.81561299212061,0.0,15.45959046258996
ITEM_3147,Croston,ultimo_precio_conocido,2025-08,0.0,9.81561299212061,0.0,15.45959046258996
ITEM_3147,Croston,ultimo_precio_conocido,2025-09,44.0,9.81561299212061,116.42,15.45959046258996
ITEM_3147,Croston,ultimo_precio_conocido,2025-10,8.0,5.550430466930153,7.83,8.741927985414991
ITEM_3147,Croston,ultimo_precio_conocido,2025-11,0.0,5.616134368200519,0.0,8.845411629915816
ITEM_3147,Croston,ultimo_precio_conocido,2025-12,0.0,5.616134368200519,0.0,8.845411629915816
ITEM_3147,Croston,promedio_historico,2025-07,0.0,9.81561299212061,0.0,17.54905143326511
ITEM_3147,Croston,promedio_historico,2025-08,0.0,9.81561299212061,0.0,17.54905143326511
ITEM_3147,Croston,promedio_historico,2025-09,44.0,9.81561299212061,116.42,17.54905143326511
ITEM_3147,Croston,promedio_historico,2025-10,8.0,5.550430466930153,7.83,9.923454583948011
ITEM_3147,Croston,promedio_historico,2025-11,0.0,5.616134368200519,0.0,10.040924694442936
ITEM_3147,Croston,promedio_historico,2025-12,0.0,5.616134368200519,0.0,10.040924694442936
ITEM_3147,Croston,promedio_movil_historico,2025-07,0.0,9.81561299212061,0.0,15.59700904447965
ITEM_3147,Croston,promedio_movil_historico,2025-08,0.0,9.81561299212061,0.0,15.59700904447965
ITEM_3147,Croston,promedio_movil_historico,2025-09,44.0,9.81561299212061,116.42,15.59700904447965
ITEM_3147,Croston,promedio_movil_historico,2025-10,8.0,5.550430466930153,7.83,8.819634011952013
ITEM_3147,Croston,promedio_movil_historico,2025-11,0.0,5.616134368200519,0.0,8.924037511070626
ITEM_3147,Croston,promedio_movil_historico,2025-12,0.0,5.616134368200519,0.0,8.924037511070626
ITEM_3147,SBA,ultimo_precio_conocido,2025-07,0.0,9.32483234251458,0.0,14.686610939460461
ITEM_3147,SBA,ultimo_precio_conocido,2025-08,0.0,9.32483234251458,0.0,14.686610939460461
ITEM_3147,SBA,ultimo_precio_conocido,2025-09,44.0,9.32483234251458,116.42,14.686610939460461
ITEM_3147,SBA,ultimo_precio_conocido,2025-10,8.0,5.272908943583645,7.83,8.30483158614424
ITEM_3147,SBA,ultimo_precio_conocido,2025-11,0.0,5.335327649790493,0.0,8.403141048420027
ITEM_3147,SBA,ultimo_precio_conocido,2025-12,0.0,5.335327649790493,0.0,8.403141048420027
ITEM_3147,SBA,promedio_historico,2025-07,0.0,9.32483234251458,0.0,16.671598861601854
ITEM_3147,SBA,promedio_historico,2025-08,0.0,9.32483234251458,0.0,16.671598861601854
ITEM_3147,SBA,promedio_historico,2025-09,44.0,9.32483234251458,116.42,16.671598861601854
ITEM_3147,SBA,promedio_historico,2025-10,8.0,5.272908943583645,7.83,9.42728185475061
ITEM_3147,SBA,promedio_historico,2025-11,0.0,5.335327649790493,0.0,9.53887845972079
ITEM_3147,SBA,promedio_historico,2025-12,0.0,5.335327649790493,0.0,9.53887845972079
ITEM_3147,SBA,promedio_movil_historico,2025-07,0.0,9.32483234251458,0.0,14.817158592255668
ITEM_3147,SBA,promedio_movil_historico,2025-08,0.0,9.32483234251458,0.0,14.817158592255668
ITEM_3147,SBA,promedio_movil_historico,2025-09,44.0,9.32483234251458,116.42,14.817158592255668
ITEM_3147,SBA,promedio_movil_historico,2025-10,8.0,5.272908943583645,7.83,8.378652311354413
ITEM_3147,SBA,promedio_movil_historico,2025-11,0.0,5.335327649790493,0.0,8.477835635517094
ITEM_3147,SBA,promedio_movil_historico,2025-12,0.0,5.335327649790493,0.0,8.477835635517094
ITEM_3147,Bootstrap,ultimo_precio_conocido,2025-07,0.0,6.43722723603609,0.0,10.138632896756842
ITEM_3147,Bootstrap,ultimo_precio_conocido,2025-08,0.0,6.100041427991656,0.0,9.607565249086859
ITEM_3147,Bootstrap,ultimo_precio_conocido,2025-09,44.0,6.2996625164946884,116.42,9.921968463479134
ITEM_3147,Bootstrap,ultimo_precio_conocido,2025-10,8.0,6.120573517634739,7.83,9.639903290274713
ITEM_3147,Bootstrap,ultimo_precio_conocido,2025-11,0.0,6.994120848971795,0.0,11.015740337130577
ITEM_3147,Bootstrap,ultimo_precio_conocido,2025-12,0.0,6.880091467329155,0.0,10.836144061043418
ITEM_3147,Bootstrap,promedio_historico,2025-07,0.0,6.43722723603609,0.0,11.508932956453735
ITEM_3147,Bootstrap,promedio_historico,2025-08,0.0,6.100041427991656,0.0,10.906088173077611
ITEM_3147,Bootstrap,promedio_historico,2025-09,44.0,6.2996625164946884,116.42,11.262984961094437
ITEM_3147,Bootstrap,promedio_historico,2025-10,8.0,6.120573517634739,7.83,10.942796904103183
ITEM_3147,Bootstrap,promedio_historico,2025-11,0.0,6.994120848971795,0.0,12.504586988872358
ITEM_3147,Bootstrap,promedio_historico,2025-12,0.0,6.880091467329155,0.0,12.300717145495641
ITEM_3147,Bootstrap,promedio_movil_historico,2025-07,0.0,6.43722723603609,0.0,10.228754078061348
ITEM_3147,Bootstrap,promedio_movil_historico,2025-08,0.0,6.100041427991656,0.0,9.692965829078743
ITEM_3147,Bootstrap,promedio_movil_historico,2025-09,44.0,6.2996625164946884,116.42,10.01016373871006
ITEM_3147,Bootstrap,promedio_movil_historico,2025-10,8.0,6.120573517634739,7.83,9.725591319521602
ITEM_3147,Bootstrap,promedio_movil_historico,2025-11,0.0,6.994120848971795,0.0,11.113658029016182
ITEM_3147,Bootstrap,promedio_movil_historico,2025-12,0.0,6.880091467329155,0.0,10.93246534158603
ITEM_3168,Croston,ultimo_precio_conocido,2025-07,0.0,17.50485960691709,0.0,32.634059695752576
ITEM_3168,Croston,ultimo_precio_conocido,2025-08,0.0,17.50485960691709,0.0,32.634059695752576
ITEM_3168,Croston,ultimo_precio_conocido,2025-09,0.0,17.50485960691709,0.0,32.634059695752576
ITEM_3168,Croston,ultimo_precio_conocido,2025-10,0.0,17.50485960691709,0.0,32.634059695752576
ITEM_3168,Croston,ultimo_precio_conocido,2025-11,0.0,17.50485960691709,0.0,32.634059695752576
ITEM_3168,Croston,ultimo_precio_conocido,2025-12,0.0,17.50485960691709,0.0,32.634059695752576
ITEM_3168,Croston,promedio_historico,2025-07,0.0,17.50485960691709,0.0,36.623558085178
ITEM_3168,Croston,promedio_historico,2025-08,0.0,17.50485960691709,0.0,36.623558085178
ITEM_3168,Croston,promedio_historico,2025-09,0.0,17.50485960691709,0.0,36.623558085178
ITEM_3168,Croston,promedio_historico,2025-10,0.0,17.50485960691709,0.0,36.623558085178
ITEM_3168,Croston,promedio_historico,2025-11,0.0,17.50485960691709,0.0,36.623558085178
ITEM_3168,Croston,promedio_historico,2025-12,0.0,17.50485960691709,0.0,36.623558085178
ITEM_3168,Croston,promedio_movil_historico,2025-07,0.0,17.50485960691709,0.0,32.03906164886229
ITEM_3168,Croston,promedio_movil_historico,2025-08,0.0,17.50485960691709,0.0,32.03906164886229
ITEM_3168,Croston,promedio_movil_historico,2025-09,0.0,17.50485960691709,0.0,32.03906164886229
ITEM_3168,Croston,promedio_movil_historico,2025-10,0.0,17.50485960691709,0.0,32.03906164886229
ITEM_3168,Croston,promedio_movil_historico,2025-11,0.0,17.50485960691709,0.0,32.03906164886229
ITEM_3168,Croston,promedio_movil_historico,2025-12,0.0,17.50485960691709,0.0,32.03906164886229
ITEM_3168,SBA,ultimo_precio_conocido,2025-07,0.0,16.629616626571234,0.0,31.002356710964946
ITEM_3168,SBA,ultimo_precio_conocido,2025-08,0.0,16.629616626571234,0.0,31.002356710964946
ITEM_3168,SBA,ultimo_precio_conocido,2025-09,0.0,16.629616626571234,0.0,31.002356710964946
ITEM_3168,SBA,ultimo_precio_conocido,2025-10,0.0,16.629616626571234,0.0,31.002356710964946
ITEM_3168,SBA,ultimo_precio_conocido,2025-11,0.0,16.629616626571234,0.0,31.002356710964946
ITEM_3168,SBA,ultimo_precio_conocido,2025-12,0.0,16.629616626571234,0.0,31.002356710964946
ITEM_3168,SBA,promedio_historico,2025-07,0.0,16.629616626571234,0.0,34.79238018091909
ITEM_3168,SBA,promedio_historico,2025-08,0.0,16.629616626571234,0.0,34.79238018091909
ITEM_3168,SBA,promedio_historico,2025-09,0.0,16.629616626571234,0.0,34.79238018091909
ITEM_3168,SBA,promedio_historico,2025-10,0.0,16.629616626571234,0.0,34.79238018091909
ITEM_3168,SBA,promedio_historico,2025-11,0.0,16.629616626571234,0.0,34.79238018091909
ITEM_3168,SBA,promedio_historico,2025-12,0.0,16.629616626571234,0.0,34.79238018091909
ITEM_3168,SBA,promedio_movil_historico,2025-07,0.0,16.629616626571234,0.0,30.43710856641917
ITEM_3168,SBA,promedio_movil_historico,2025-08,0.0,16.629616626571234,0.0,30.43710856641917
ITEM_3168,SBA,promedio_movil_historico,2025-09,0.0,16.629616626571234,0.0,30.43710856641917
ITEM_3168,SBA,promedio_movil_historico,2025-10,0.0,16.629616626571234,0.0,30.43710856641917
ITEM_3168,SBA,promedio_movil_historico,2025-11,0.0,16.629616626571234,0.0,30.43710856641917
ITEM_3168,SBA,promedio_movil_historico,2025-12,0.0,16.629616626571234,0.0,30.43710856641917
ITEM_3168,Bootstrap,ultimo_precio_conocido,2025-07,0.0,9.764446395181672,0.0,18.203717922445833
ITEM_3168,Bootstrap,ultimo_precio_conocido,2025-08,0.0,9.24581729269731,0.0,17.236845095671416
ITEM_3168,Bootstrap,ultimo_precio_conocido,2025-09,0.0,9.24581729269731,0.0,17.236845095671416
ITEM_3168,Bootstrap,ultimo_precio_conocido,2025-10,0.0,8.838805539330094,0.0,16.478058898322534
ITEM_3168,Bootstrap,ultimo_precio_conocido,2025-11,0.0,8.843594414823036,0.0,16.486986730491516
ITEM_3168,Bootstrap,ultimo_precio_conocido,2025-12,0.0,8.9835438094129,0.0,16.747892387548337
ITEM_3168,Bootstrap,promedio_historico,2025-07,0.0,9.764446395181672,0.0,20.429113843462808
ITEM_3168,Bootstrap,promedio_historico,2025-08,0.0,9.24581729269731,0.0,19.344041270130415
ITEM_3168,Bootstrap,promedio_historico,2025-09,0.0,9.24581729269731,0.0,19.344041270130415
ITEM_3168,Bootstrap,promedio_historico,2025-10,0.0,8.838805539330094,0.0,18.492493818421398
ITEM_3168,Bootstrap,promedio_historico,2025-11,0.0,8.843594414823036,0.0,18.502513073857706
ITEM_3168,Bootstrap,promedio_historico,2025-12,0.0,8.9835438094129,0.0,18.795314324301444
ITEM_3168,Bootstrap,promedio_movil_historico,2025-07,0.0,9.764446395181672,0.0,17.87182000012246
ITEM_3168,Bootstrap,promedio_movil_historico,2025-08,0.0,9.24581729269731,0.0,16.92257560967762
ITEM_3168,Bootstrap,promedio_movil_historico,2025-09,0.0,9.24581729269731,0.0,16.92257560967762
ITEM_3168,Bootstrap,promedio_movil_historico,2025-10,0.0,8.838805539330094,0.0,16.177623924787163
ITEM_3168,Bootstrap,promedio_movil_historico,2025-11,0.0,8.843594414823036,0.0,16.18638898092543
ITEM_3168,Bootstrap,promedio_movil_historico,2025-12,0.0,8.9835438094129,0.0,16.442537695149554
ITEM_3201,Croston,ultimo_precio_conocido,2025-07,0.0,7.927240443030587,0.0,3.7489228049764747
ITEM_3201,Croston,ultimo_precio_conocido,2025-08,0.0,7.927240443030587,0.0,3.7489228049764747
ITEM_3201,Croston,ultimo_precio_conocido,2025-09,0.0,7.927240443030587,0.0,3.7489228049764747
ITEM_3201,Croston,ultimo_precio_conocido,2025-10,0.0,7.927240443030587,0.0,3.7489228049764747
ITEM_3201,Croston,ultimo_precio_conocido,2025-11,0.0,7.927240443030587,0.0,3.7489228049764747
ITEM_3201,Croston,ultimo_precio_conocido,2025-12,0.0,7.927240443030587,0.0,3.7489228049764747
ITEM_3201,Croston,promedio_historico,2025-07,0.0,7.927240443030587,0.0,6.691675740739534
ITEM_3201,Croston,promedio_historico,2025-08,0.0,7.927240443030587,0.0,6.691675740739534
ITEM_3201,Croston,promedio_historico,2025-09,0.0,7.927240443030587,0.0,6.691675740739534
ITEM_3201,Croston,promedio_historico,2025-10,0.0,7.927240443030587,0.0,6.691675740739534
ITEM_3201,Croston,promedio_historico,2025-11,0.0,7.927240443030587,0.0,6.691675740739534
ITEM_3201,Croston,promedio_historico,2025-12,0.0,7.927240443030587,0.0,6.691675740739534
ITEM_3201,Croston,promedio_movil_historico,2025-07,0.0,7.927240443030587,0.0,4.022413481065523
ITEM_3201,Croston,promedio_movil_historico,2025-08,0.0,7.927240443030587,0.0,4.022413481065523
ITEM_3201,Croston,promedio_movil_historico,2025-09,0.0,7.927240443030587,0.0,4.022413481065523
ITEM_3201,Croston,promedio_movil_historico,2025-10,0.0,7.927240443030587,0.0,4.022413481065523
ITEM_3201,Croston,promedio_movil_historico,2025-11,0.0,7.927240443030587,0.0,4.022413481065523
ITEM_3201,Croston,promedio_movil_historico,2025-12,0.0,7.927240443030587,0.0,4.022413481065523
ITEM_3201,SBA,ultimo_precio_conocido,2025-07,0.0,7.530878420879057,0.0,3.561476664727651
ITEM_3201,SBA,ultimo_precio_conocido,2025-08,0.0,7.530878420879057,0.0,3.561476664727651
ITEM_3201,SBA,ultimo_precio_conocido,2025-09,0.0,7.530878420879057,0.0,3.561476664727651
ITEM_3201,SBA,ultimo_precio_conocido,2025-10,0.0,7.530878420879057,0.0,3.561476664727651
ITEM_3201,SBA,ultimo_precio_conocido,2025-11,0.0,7.530878420879057,0.0,3.561476664727651
ITEM_3201,SBA,ultimo_precio_conocido,2025-12,0.0,7.530878420879057,0.0,3.561476664727651
ITEM_3201,SBA,promedio_historico,2025-07,0.0,7.530878420879057,0.0,6.357091953702557
ITEM_3201,SBA,promedio_historico,2025-08,0.0,7.530878420879057,0.0,6.357091953702557
ITEM_3201,SBA,promedio_historico,2025-09,0.0,7.530878420879057,0.0,6.357091953702557
ITEM_3201,SBA,promedio_historico,2025-10,0.0,7.530878420879057,0.0,6.357091953702557
ITEM_3201,SBA,promedio_historico,2025-11,0.0,7.530878420879057,0.0,6.357091953702557
ITEM_3201,SBA,promedio_historico,2025-12,0.0,7.530878420879057,0.0,6.357091953702557
ITEM_3201,SBA,promedio_movil_historico,2025-07,0.0,7.530878420879057,0.0,3.8212928070122465
ITEM_3201,SBA,promedio_movil_historico,2025-08,0.0,7.530878420879057,0.0,3.8212928070122465
ITEM_3201,SBA,promedio_movil_historico,2025-09,0.0,7.530878420879057,0.0,3.8212928070122465
ITEM_3201,SBA,promedio_movil_historico,2025-10,0.0,7.530878420879057,0.0,3.8212928070122465
ITEM_3201,SBA,promedio_movil_historico,2025-11,0.0,7.530878420879057,0.0,3.8212928070122465
ITEM_3201,SBA,promedio_movil_historico,2025-12,0.0,7.530878420879057,0.0,3.8212928070122465
ITEM_3201,Bootstrap,ultimo_precio_conocido,2025-07,0.0,4.601053997545872,0.0,2.1759143528304024
ITEM_3201,Bootstrap,ultimo_precio_conocido,2025-08,0.0,4.601053997545872,0.0,2.1759143528304024
ITEM_3201,Bootstrap,ultimo_precio_conocido,2025-09,0.0,4.630077609183925,0.0,2.1896400976636294
ITEM_3201,Bootstrap,ultimo_precio_conocido,2025-10,0.0,4.557845140257965,0.0,2.155480171272806
ITEM_3201,Bootstrap,ultimo_precio_conocido,2025-11,0.0,4.512795854360021,0.0,2.134175620658451
ITEM_3201,Bootstrap,ultimo_precio_conocido,2025-12,0.0,4.3432909476661905,0.0,2.054013953451978
ITEM_3201,Bootstrap,promedio_historico,2025-07,0.0,4.601053997545872,0.0,3.883919207254399
ITEM_3201,Bootstrap,promedio_historico,2025-08,0.0,4.601053997545872,0.0,3.883919207254399
ITEM_3201,Bootstrap,promedio_historico,2025-09,0.0,4.630077609183925,0.0,3.9084191072262424
ITEM_3201,Bootstrap,promedio_historico,2025-10,0.0,4.557845140257965,0.0,3.847445018767689
ITEM_3201,Bootstrap,promedio_historico,2025-11,0.0,4.512795854360021,0.0,3.8094172566798186
ITEM_3201,Bootstrap,promedio_historico,2025-12,0.0,4.3432909476661905,0.0,3.666331919454222
ITEM_3201,Bootstrap,promedio_movil_historico,2025-07,0.0,4.601053997545872,0.0,2.3346512269739566
ITEM_3201,Bootstrap,promedio_movil_historico,2025-08,0.0,4.601053997545872,0.0,2.3346512269739566
ITEM_3201,Bootstrap,promedio_movil_historico,2025-09,0.0,4.630077609183925,0.0,2.3493782896335422
ITEM_3201,Bootstrap,promedio_movil_historico,2025-10,0.0,4.557845140257965,0.0,2.312726335038943
ITEM_3201,Bootstrap,promedio_movil_historico,2025-11,0.0,4.512795854360021,0.0,2.2898675790556324
ITEM_3201,Bootstrap,promedio_movil_historico,2025-12,0.0,4.3432909476661905,0.0,2.2038579737343444
ITEM_3220,Croston,ultimo_precio_conocido,2025-07,0.0,10.243030261851622,0.0,29.09020594365861
ITEM_3220,Croston,ultimo_precio_conocido,2025-08,0.0,10.243030261851622,0.0,29.09020594365861
ITEM_3220,Croston,ultimo_precio_conocido,2025-09,0.0,10.243030261851622,0.0,29.09020594365861
ITEM_3220,Croston,ultimo_precio_conocido,2025-10,0.0,10.243030261851622,0.0,29.09020594365861
ITEM_3220,Croston,ultimo_precio_conocido,2025-11,0.0,10.243030261851622,0.0,29.09020594365861
ITEM_3220,Croston,ultimo_precio_conocido,2025-12,0.0,10.243030261851622,0.0,29.09020594365861
ITEM_3220,Croston,promedio_historico,2025-07,0.0,10.243030261851622,0.0,32.77961782025045
ITEM_3220,Croston,promedio_historico,2025-08,0.0,10.243030261851622,0.0,32.77961782025045
ITEM_3220,Croston,promedio_historico,2025-09,0.0,10.243030261851622,0.0,32.77961782025045
ITEM_3220,Croston,promedio_historico,2025-10,0.0,10.243030261851622,0.0,32.77961782025045
ITEM_3220,Croston,promedio_historico,2025-11,0.0,10.243030261851622,0.0,32.77961782025045
ITEM_3220,Croston,promedio_historico,2025-12,0.0,10.243030261851622,0.0,32.77961782025045
ITEM_3220,Croston,promedio_movil_historico,2025-07,0.0,10.243030261851622,0.0,28.85803059105664
ITEM_3220,Croston,promedio_movil_historico,2025-08,0.0,10.243030261851622,0.0,28.85803059105664
ITEM_3220,Croston,promedio_movil_historico,2025-09,0.0,10.243030261851622,0.0,28.85803059105664
ITEM_3220,Croston,promedio_movil_historico,2025-10,0.0,10.243030261851622,0.0,28.85803059105664
ITEM_3220,Croston,promedio_movil_historico,2025-11,0.0,10.243030261851622,0.0,28.85803059105664
ITEM_3220,Croston,promedio_movil_historico,2025-12,0.0,10.243030261851622,0.0,28.85803059105664
ITEM_3220,SBA,ultimo_precio_conocido,2025-07,0.0,9.730878748759041,0.0,27.63569564647568
ITEM_3220,SBA,ultimo_precio_conocido,2025-08,0.0,9.730878748759041,0.0,27.63569564647568
ITEM_3220,SBA,ultimo_precio_conocido,2025-09,0.0,9.730878748759041,0.0,27.63569564647568
ITEM_3220,SBA,ultimo_precio_conocido,2025-10,0.0,9.730878748759041,0.0,27.63569564647568
ITEM_3220,SBA,ultimo_precio_conocido,2025-11,0.0,9.730878748759041,0.0,27.63569564647568
ITEM_3220,SBA,ultimo_precio_conocido,2025-12,0.0,9.730878748759041,0.0,27.63569564647568
ITEM_3220,SBA,promedio_historico,2025-07,0.0,9.730878748759041,0.0,31.140636929237928
ITEM_3220,SBA,promedio_historico,2025-08,0.0,9.730878748759041,0.0,31.140636929237928
ITEM_3220,SBA,promedio_historico,2025-09,0.0,9.730878748759041,0.0,31.140636929237928
ITEM_3220,SBA,promedio_historico,2025-10,0.0,9.730878748759041,0.0,31.140636929237928
ITEM_3220,SBA,promedio_historico,2025-11,0.0,9.730878748759041,0.0,31.140636929237928
ITEM_3220,SBA,promedio_historico,2025-12,0.0,9.730878748759041,0.0,31.140636929237928
ITEM_3220,SBA,promedio_movil_historico,2025-07,0.0,9.730878748759041,0.0,27.415129061503805
ITEM_3220,SBA,promedio_movil_historico,2025-08,0.0,9.730878748759041,0.0,27.415129061503805
ITEM_3220,SBA,promedio_movil_historico,2025-09,0.0,9.730878748759041,0.0,27.415129061503805
ITEM_3220,SBA,promedio_movil_historico,2025-10,0.0,9.730878748759041,0.0,27.415129061503805
ITEM_3220,SBA,promedio_movil_historico,2025-11,0.0,9.730878748759041,0.0,27.415129061503805
ITEM_3220,SBA,promedio_movil_historico,2025-12,0.0,9.730878748759041,0.0,27.415129061503805
ITEM_3220,Bootstrap,ultimo_precio_conocido,2025-07,0.0,6.032567170066444,0.0,17.132490762988702
ITEM_3220,Bootstrap,ultimo_precio_conocido,2025-08,0.0,6.22721640713497,0.0,17.685294596263315
ITEM_3220,Bootstrap,ultimo_precio_conocido,2025-09,0.0,6.138245963774285,0.0,17.43261853711897
ITEM_3220,Bootstrap,ultimo_precio_conocido,2025-10,0.0,5.847142602315675,0.0,16.60588499057652
ITEM_3220,Bootstrap,ultimo_precio_conocido,2025-11,0.0,6.1939250272469595,0.0,17.590747077381366
ITEM_3220,Bootstrap,ultimo_precio_conocido,2025-12,0.0,6.157299568480321,0.0,17.486730774484112
ITEM_3220,Bootstrap,promedio_historico,2025-07,0.0,6.032567170066444,0.0,19.305346294468688
ITEM_3220,Bootstrap,promedio_historico,2025-08,0.0,6.22721640713497,0.0,19.92826035769007
ITEM_3220,Bootstrap,promedio_historico,2025-09,0.0,6.138245963774285,0.0,19.643538253380456
ITEM_3220,Bootstrap,promedio_historico,2025-10,0.0,5.847142602315675,0.0,18.7119529030626
ITEM_3220,Bootstrap,promedio_historico,2025-11,0.0,6.1939250272469595,0.0,19.82172169856866
ITEM_3220,Bootstrap,promedio_historico,2025-12,0.0,6.157299568480321,0.0,19.704513361761038
ITEM_3220,Bootstrap,promedio_movil_historico,2025-07,0.0,6.032567170066444,0.0,16.99575257380053
ITEM_3220,Bootstrap,promedio_movil_historico,2025-08,0.0,6.22721640713497,0.0,17.544144357701587
ITEM_3220,Bootstrap,promedio_movil_historico,2025-09,0.0,6.138245963774285,0.0,17.293484961940084
ITEM_3220,Bootstrap,promedio_movil_historico,2025-10,0.0,5.847142602315675,0.0,16.473349758257363
ITEM_3220,Bootstrap,promedio_movil_historico,2025-11,0.0,6.1939250272469595,0.0,17.450351443430435
ITEM_3220,Bootstrap,promedio_movil_historico,2025-12,0.0,6.157299568480321,0.0,17.347165317598556
ITEM_3247,Croston,ultimo_precio_conocido,2025-07,0.0,7.7484719213661695,0.0,9.879301699741866
ITEM_3247,Croston,ultimo_precio_conocido,2025-08,0.0,7.7484719213661695,0.0,9.879301699741866
ITEM_3247,Croston,ultimo_precio_conocido,2025-09,0.0,7.7484719213661695,0.0,9.879301699741866
ITEM_3247,Croston,ultimo_precio_conocido,2025-10,0.0,7.7484719213661695,0.0,9.879301699741866
ITEM_3247,Croston,ultimo_precio_conocido,2025-11,0.0,7.7484719213661695,0.0,9.879301699741866
ITEM_3247,Croston,ultimo_precio_conocido,2025-12,0.0,7.7484719213661695,0.0,9.879301699741866
ITEM_3247,Croston,promedio_historico,2025-07,0.0,7.7484719213661695,0.0,13.311166763601255
ITEM_3247,Croston,promedio_historico,2025-08,0.0,7.7484719213661695,0.0,13.311166763601255
ITEM_3247,Croston,promedio_historico,2025-09,0.0,7.7484719213661695,0.0,13.311166763601255
ITEM_3247,Croston,promedio_historico,2025-10,0.0,7.7484719213661695,0.0,13.311166763601255
ITEM_3247,Croston,promedio_historico,2025-11,0.0,7.7484719213661695,0.0,13.311166763601255
ITEM_3247,Croston,promedio_historico,2025-12,0.0,7.7484719213661695,0.0,13.311166763601255
ITEM_3247,Croston,promedio_movil_historico,2025-07,0.0,7.7484719213661695,0.0,10.977001888602073
ITEM_3247,Croston,promedio_movil_historico,2025-08,0.0,7.7484719213661695,0.0,10.977001888602073
ITEM_3247,Croston,promedio_movil_historico,2025-09,0.0,7.7484719213661695,0.0,10.977001888602073
ITEM_3247,Croston,promedio_movil_historico,2025-10,0.0,7.7484719213661695,0.0,10.977001888602073
ITEM_3247,Croston,promedio_movil_historico,2025-11,0.0,7.7484719213661695,0.0,10.977001888602073
ITEM_3247,Croston,promedio_movil_historico,2025-12,0.0,7.7484719213661695,0.0,10.977001888602073
ITEM_3247,SBA,ultimo_precio_conocido,2025-07,0.0,7.361048325297861,0.0,9.385336614754772
ITEM_3247,SBA,ultimo_precio_conocido,2025-08,0.0,7.361048325297861,0.0,9.385336614754772
ITEM_3247,SBA,ultimo_precio_conocido,2025-09,0.0,7.361048325297861,0.0,9.385336614754772
ITEM_3247,SBA,ultimo_precio_conocido,2025-10,0.0,7.361048325297861,0.0,9.385336614754772
ITEM_3247,SBA,ultimo_precio_conocido,2025-11,0.0,7.361048325297861,0.0,9.385336614754772
ITEM_3247,SBA,ultimo_precio_conocido,2025-12,0.0,7.361048325297861,0.0,9.385336614754772
ITEM_3247,SBA,promedio_historico,2025-07,0.0,7.361048325297861,0.0,12.645608425421193
ITEM_3247,SBA,promedio_historico,2025-08,0.0,7.361048325297861,0.0,12.645608425421193
ITEM_3247,SBA,promedio_historico,2025-09,0.0,7.361048325297861,0.0,12.645608425421193
ITEM_3247,SBA,promedio_historico,2025-10,0.0,7.361048325297861,0.0,12.645608425421193
ITEM_3247,SBA,promedio_historico,2025-11,0.0,7.361048325297861,0.0,12.645608425421193
ITEM_3247,SBA,promedio_historico,2025-12,0.0,7.361048325297861,0.0,12.645608425421193
ITEM_3247,SBA,promedio_movil_historico,2025-07,0.0,7.361048325297861,0.0,10.42815179417197
ITEM_3247,SBA,promedio_movil_historico,2025-08,0.0,7.361048325297861,0.0,10.42815179417197
ITEM_3247,SBA,promedio_movil_historico,2025-09,0.0,7.361048325297861,0.0,10.42815179417197
ITEM_3247,SBA,promedio_movil_historico,2025-10,0.0,7.361048325297861,0.0,10.42815179417197
ITEM_3247,SBA,promedio_movil_historico,2025-11,0.0,7.361048325297861,0.0,10.42815179417197
ITEM_3247,SBA,promedio_movil_historico,2025-12,0.0,7.361048325297861,0.0,10.42815179417197
ITEM_3247,Bootstrap,ultimo_precio_conocido,2025-07,0.0,4.736217069709539,0.0,6.038676763879662
ITEM_3247,Bootstrap,ultimo_precio_conocido,2025-08,0.0,4.736217069709539,0.0,6.038676763879662
ITEM_3247,Bootstrap,ultimo_precio_conocido,2025-09,0.0,4.6896491971933605,0.0,5.979302726421534
ITEM_3247,Bootstrap,ultimo_precio_conocido,2025-10,0.0,4.4546439792413,0.0,5.679671073532657
ITEM_3247,Bootstrap,ultimo_precio_conocido,2025-11,0.0,4.28819786579675,0.0,5.467452278890856
ITEM_3247,Bootstrap,ultimo_precio_conocido,2025-12,0.0,4.28819786579675,0.0,5.467452278890856
ITEM_3247,Bootstrap,promedio_historico,2025-07,0.0,4.736217069709539,0.0,8.136388165733052
ITEM_3247,Bootstrap,promedio_historico,2025-08,0.0,4.736217069709539,0.0,8.136388165733052
ITEM_3247,Bootstrap,promedio_historico,2025-09,0.0,4.6896491971933605,0.0,8.05638881577352
ITEM_3247,Bootstrap,promedio_historico,2025-10,0.0,4.4546439792413,0.0,7.652671324347832
ITEM_3247,Bootstrap,promedio_historico,2025-11,0.0,4.28819786579675,0.0,7.3667321100487815
ITEM_3247,Bootstrap,promedio_historico,2025-12,0.0,4.28819786579675,0.0,7.3667321100487815
ITEM_3247,Bootstrap,promedio_movil_historico,2025-07,0.0,4.736217069709539,0.0,6.709640848755181
ITEM_3247,Bootstrap,promedio_movil_historico,2025-08,0.0,4.736217069709539,0.0,6.709640848755181
ITEM_3247,Bootstrap,promedio_movil_historico,2025-09,0.0,4.6896491971933605,0.0,6.643669696023927
ITEM_3247,Bootstrap,promedio_movil_historico,2025-10,0.0,4.4546439792413,0.0,6.310745637258509
ITEM_3247,Bootstrap,promedio_movil_historico,2025-11,0.0,4.28819786579675,0.0,6.074946976545396
ITEM_3247,Bootstrap,promedio_movil_historico,2025-12,0.0,4.28819786579675,0.0,6.074946976545396
ITEM_3297,Croston,ultimo_precio_conocido,2025-07,0.0,18.235955089068558,0.0,25.834269709513784
ITEM_3297,Croston,ultimo_precio_conocido,2025-08,0.0,18.235955089068558,0.0,25.834269709513784
ITEM_3297,Croston,ultimo_precio_conocido,2025-09,0.0,18.235955089068558,0.0,25.834269709513784
ITEM_3297,Croston,ultimo_precio_conocido,2025-10,0.0,18.235955089068558,0.0,25.834269709513784
ITEM_3297,Croston,ultimo_precio_conocido,2025-11,0.0,18.235955089068558,0.0,25.834269709513784
ITEM_3297,Croston,ultimo_precio_conocido,2025-12,0.0,18.235955089068558,0.0,25.834269709513784
ITEM_3297,Croston,promedio_historico,2025-07,0.0,18.235955089068558,0.0,29.04879771166759
ITEM_3297,Croston,promedio_historico,2025-08,0.0,18.235955089068558,0.0,29.04879771166759
ITEM_3297,Croston,promedio_historico,2025-09,0.0,18.235955089068558,0.0,29.04879771166759
ITEM_3297,Croston,promedio_historico,2025-10,0.0,18.235955089068558,0.0,29.04879771166759
ITEM_3297,Croston,promedio_historico,2025-11,0.0,18.235955089068558,0.0,29.04879771166759
ITEM_3297,Croston,promedio_historico,2025-12,0.0,18.235955089068558,0.0,29.04879771166759
ITEM_3297,Croston,promedio_movil_historico,2025-07,0.0,18.235955089068558,0.0,24.97014765463962
ITEM_3297,Croston,promedio_movil_historico,2025-08,0.0,18.235955089068558,0.0,24.97014765463962
ITEM_3297,Croston,promedio_movil_historico,2025-09,0.0,18.235955089068558,0.0,24.97014765463962
ITEM_3297,Croston,promedio_movil_historico,2025-10,0.0,18.235955089068558,0.0,24.97014765463962
ITEM_3297,Croston,promedio_movil_historico,2025-11,0.0,18.235955089068558,0.0,24.97014765463962
ITEM_3297,Croston,promedio_movil_historico,2025-12,0.0,18.235955089068558,0.0,24.97014765463962
ITEM_3297,SBA,ultimo_precio_conocido,2025-07,0.0,17.32415733461513,0.0,24.542556224038094
ITEM_3297,SBA,ultimo_precio_conocido,2025-08,0.0,17.32415733461513,0.0,24.542556224038094
ITEM_3297,SBA,ultimo_precio_conocido,2025-09,0.0,17.32415733461513,0.0,24.542556224038094
ITEM_3297,SBA,ultimo_precio_conocido,2025-10,0.0,17.32415733461513,0.0,24.542556224038094
ITEM_3297,SBA,ultimo_precio_conocido,2025-11,0.0,17.32415733461513,0.0,24.542556224038094
ITEM_3297,SBA,ultimo_precio_conocido,2025-12,0.0,17.32415733461513,0.0,24.542556224038094
ITEM_3297,SBA,promedio_historico,2025-07,0.0,17.32415733461513,0.0,27.596357826084212
ITEM_3297,SBA,promedio_historico,2025-08,0.0,17.32415733461513,0.0,27.596357826084212
ITEM_3297,SBA,promedio_historico,2025-09,0.0,17.32415733461513,0.0,27.596357826084212
ITEM_3297,SBA,promedio_historico,2025-10,0.0,17.32415733461513,0.0,27.596357826084212
ITEM_3297,SBA,promedio_historico,2025-11,0.0,17.32415733461513,0.0,27.596357826084212
ITEM_3297,SBA,promedio_historico,2025-12,0.0,17.32415733461513,0.0,27.596357826084212
ITEM_3297,SBA,promedio_movil_historico,2025-07,0.0,17.32415733461513,0.0,23.721640271907642
ITEM_3297,SBA,promedio_movil_historico,2025-08,0.0,17.32415733461513,0.0,23.721640271907642
ITEM_3297,SBA,promedio_movil_historico,2025-09,0.0,17.32415733461513,0.0,23.721640271907642
ITEM_3297,SBA,promedio_movil_historico,2025-10,0.0,17.32415733461513,0.0,23.721640271907642
ITEM_3297,SBA,promedio_movil_historico,2025-11,0.0,17.32415733461513,0.0,23.721640271907642
ITEM_3297,SBA,promedio_movil_historico,2025-12,0.0,17.32415733461513,0.0,23.721640271907642
ITEM_3297,Bootstrap,ultimo_precio_conocido,2025-07,0.0,7.51746241140155,0.0,10.649738416152193
ITEM_3297,Bootstrap,ultimo_precio_conocido,2025-08,0.0,7.920717826113551,0.0,11.221016920327527
ITEM_3297,Bootstrap,ultimo_precio_conocido,2025-09,0.0,7.41184848261116,0.0,10.50011868369914
ITEM_3297,Bootstrap,ultimo_precio_conocido,2025-10,0.0,7.433918472873447,0.0,10.531384503237382
ITEM_3297,Bootstrap,ultimo_precio_conocido,2025-11,0.0,7.486958674598323,0.0,10.606524789014289
ITEM_3297,Bootstrap,ultimo_precio_conocido,2025-12,0.0,7.92261371538008,0.0,11.22370276345511
ITEM_3297,Bootstrap,promedio_historico,2025-07,0.0,7.51746241140155,0.0,11.974872926988677
ITEM_3297,Bootstrap,promedio_historico,2025-08,0.0,7.920717826113551,0.0,12.617234948110646
ITEM_3297,Bootstrap,promedio_historico,2025-09,0.0,7.41184848261116,0.0,11.80663618600188
ITEM_3297,Bootstrap,promedio_historico,2025-10,0.0,7.433918472873447,0.0,11.841792374942703
ITEM_3297,Bootstrap,promedio_historico,2025-11,0.0,7.486958674598323,0.0,11.926282278705164
ITEM_3297,Bootstrap,promedio_historico,2025-12,0.0,7.92261371538008,0.0,12.620254987561179
ITEM_3297,Bootstrap,promedio_movil_historico,2025-07,0.0,7.51746241140155,0.0,10.293518792082514
ITEM_3297,Bootstrap,promedio_movil_historico,2025-08,0.0,7.920717826113551,0.0,10.84568878804437
ITEM_3297,Bootstrap,promedio_movil_historico,2025-09,0.0,7.41184848261116,0.0,10.14890364122247
ITEM_3297,Bootstrap,promedio_movil_historico,2025-10,0.0,7.433918472873447,0.0,10.179123660568543
ITEM_3297,Bootstrap,promedio_movil_historico,2025-11,0.0,7.486958674598323,0.0,10.251750603453258
ITEM_3297,Bootstrap,promedio_movil_historico,2025-12,0.0,7.92261371538008,0.0,10.848284793281872
ITEM_3339,Croston,ultimo_precio_conocido,2025-07,0.0,7.271426843588525,0.0,24.35927992602156
ITEM_3339,Croston,ultimo_precio_conocido,2025-08,0.0,7.271426843588525,0.0,24.35927992602156
ITEM_3339,Croston,ultimo_precio_conocido,2025-09,0.0,7.271426843588525,0.0,24.35927992602156
ITEM_3339,Croston,ultimo_precio_conocido,2025-10,0.0,7.271426843588525,0.0,24.35927992602156
ITEM_3339,Croston,ultimo_precio_conocido,2025-11,0.0,7.271426843588525,0.0,24.35927992602156
ITEM_3339,Croston,ultimo_precio_conocido,2025-12,0.0,7.271426843588525,0.0,24.35927992602156
ITEM_3339,Croston,promedio_historico,2025-07,0.0,7.271426843588525,0.0,21.030924056050747
ITEM_3339,Croston,promedio_historico,2025-08,0.0,7.271426843588525,0.0,21.030924056050747
ITEM_3339,Croston,promedio_historico,2025-09,0.0,7.271426843588525,0.0,21.030924056050747
ITEM_3339,Croston,promedio_historico,2025-10,0.0,7.271426843588525,0.0,21.030924056050747
ITEM_3339,Croston,promedio_historico,2025-11,0.0,7.271426843588525,0.0,21.030924056050747
ITEM_3339,Croston,promedio_historico,2025-12,0.0,7.271426843588525,0.0,21.030924056050747
ITEM_3339,Croston,promedio_movil_historico,2025-07,0.0,7.271426843588525,0.0,24.39725293287141
ITEM_3339,Croston,promedio_movil_historico,2025-08,0.0,7.271426843588525,0.0,24.39725293287141
ITEM_3339,Croston,promedio_movil_historico,2025-09,0.0,7.271426843588525,0.0,24.39725293287141
ITEM_3339,Croston,promedio_movil_historico,2025-10,0.0,7.271426843588525,0.0,24.39725293287141
ITEM_3339,Croston,promedio_movil_historico,2025-11,0.0,7.271426843588525,0.0,24.39725293287141
ITEM_3339,Croston,promedio_movil_historico,2025-12,0.0,7.271426843588525,0.0,24.39725293287141
ITEM_3339,SBA,ultimo_precio_conocido,2025-07,0.0,6.907855501409099,0.0,23.14131592972048
ITEM_3339,SBA,ultimo_precio_conocido,2025-08,0.0,6.907855501409099,0.0,23.14131592972048
ITEM_3339,SBA,ultimo_precio_conocido,2025-09,0.0,6.907855501409099,0.0,23.14131592972048
ITEM_3339,SBA,ultimo_precio_conocido,2025-10,0.0,6.907855501409099,0.0,23.14131592972048
ITEM_3339,SBA,ultimo_precio_conocido,2025-11,0.0,6.907855501409099,0.0,23.14131592972048
ITEM_3339,SBA,ultimo_precio_conocido,2025-12,0.0,6.907855501409099,0.0,23.14131592972048
ITEM_3339,SBA,promedio_historico,2025-07,0.0,6.907855501409099,0.0,19.97937785324821
ITEM_3339,SBA,promedio_historico,2025-08,0.0,6.907855501409099,0.0,19.97937785324821
ITEM_3339,SBA,promedio_historico,2025-09,0.0,6.907855501409099,0.0,19.97937785324821
ITEM_3339,SBA,promedio_historico,2025-10,0.0,6.907855501409099,0.0,19.97937785324821
ITEM_3339,SBA,promedio_historico,2025-11,0.0,6.907855501409099,0.0,19.97937785324821
ITEM_3339,SBA,promedio_historico,2025-12,0.0,6.907855501409099,0.0,19.97937785324821
ITEM_3339,SBA,promedio_movil_historico,2025-07,0.0,6.907855501409099,0.0,23.17739028622784
ITEM_3339,SBA,promedio_movil_historico,2025-08,0.0,6.907855501409099,0.0,23.17739028622784
ITEM_3339,SBA,promedio_movil_historico,2025-09,0.0,6.907855501409099,0.0,23.17739028622784
ITEM_3339,SBA,promedio_movil_historico,2025-10,0.0,6.907855501409099,0.0,23.17739028622784
ITEM_3339,SBA,promedio_movil_historico,2025-11,0.0,6.907855501409099,0.0,23.17739028622784
ITEM_3339,SBA,promedio_movil_historico,2025-12,0.0,6.907855501409099,0.0,23.17739028622784
ITEM_3339,Bootstrap,ultimo_precio_conocido,2025-07,0.0,4.2250231126673725,0.0,14.153827427435699
ITEM_3339,Bootstrap,ultimo_precio_conocido,2025-08,0.0,4.331311201094148,0.0,14.509892523665396
ITEM_3339,Bootstrap,ultimo_precio_conocido,2025-09,0.0,4.236666335465536,0.0,14.192832223809546
ITEM_3339,Bootstrap,ultimo_precio_conocido,2025-10,0.0,4.10187626350608,0.0,13.741285482745369
ITEM_3339,Bootstrap,ultimo_precio_conocido,2025-11,0.0,4.104972246839995,0.0,13.751657026913982
ITEM_3339,Bootstrap,ultimo_precio_conocido,2025-12,0.0,4.1158845525341,0.0,13.788213250989234
ITEM_3339,Bootstrap,promedio_historico,2025-07,0.0,4.2250231126673725,0.0,12.219904308865358
ITEM_3339,Bootstrap,promedio_historico,2025-08,0.0,4.331311201094148,0.0,12.527318075633472
ITEM_3339,Bootstrap,promedio_historico,2025-09,0.0,4.236666335465536,0.0,12.253579643803475
ITEM_3339,Bootstrap,promedio_historico,2025-10,0.0,4.10187626350608,0.0,11.863730467312282
ITEM_3339,Bootstrap,promedio_historico,2025-11,0.0,4.104972246839995,0.0,11.87268488461922
ITEM_3339,Bootstrap,promedio_historico,2025-12,0.0,4.1158845525341,0.0,11.904246210513806
ITEM_3339,Bootstrap,promedio_movil_historico,2025-07,0.0,4.2250231126673725,0.0,14.175891437024072
ITEM_3339,Bootstrap,promedio_movil_historico,2025-08,0.0,4.331311201094148,0.0,14.53251159327111
ITEM_3339,Bootstrap,promedio_movil_historico,2025-09,0.0,4.236666335465536,0.0,14.214957036894754
ITEM_3339,Bootstrap,promedio_movil_historico,2025-10,0.0,4.10187626350608,0.0,13.762706392121455
ITEM_3339,Bootstrap,promedio_movil_historico,2025-11,0.0,4.104972246839995,0.0,13.773094104203036
ITEM_3339,Bootstrap,promedio_movil_historico,2025-12,0.0,4.1158845525341,0.0,13.809707314763578
ITEM_3380,Croston,ultimo_precio_conocido,2025-07,0.0,9.745231973529814,0.0,19.490463947059627
ITEM_3380,Croston,ultimo_precio_conocido,2025-08,0.0,9.745231973529814,0.0,19.490463947059627
ITEM_3380,Croston,ultimo_precio_conocido,2025-09,0.0,9.745231973529814,0.0,19.490463947059627
ITEM_3380,Croston,ultimo_precio_conocido,2025-10,0.0,9.745231973529814,0.0,19.490463947059627
ITEM_3380,Croston,ultimo_precio_conocido,2025-11,0.0,9.745231973529814,0.0,19.490463947059627
ITEM_3380,Croston,ultimo_precio_conocido,2025-12,0.0,9.745231973529814,0.0,19.490463947059627
ITEM_3380,Croston,promedio_historico,2025-07,0.0,9.745231973529814,0.0,18.502450710848127
ITEM_3380,Croston,promedio_historico,2025-08,0.0,9.745231973529814,0.0,18.502450710848127
ITEM_3380,Croston,promedio_historico,2025-09,0.0,9.745231973529814,0.0,18.502450710848127
ITEM_3380,Croston,promedio_historico,2025-10,0.0,9.745231973529814,0.0,18.502450710848127
ITEM_3380,Croston,promedio_historico,2025-11,0.0,9.745231973529814,0.0,18.502450710848127
ITEM_3380,Croston,promedio_historico,2025-12,0.0,9.745231973529814,0.0,18.502450710848127
ITEM_3380,Croston,promedio_movil_historico,2025-07,0.0,9.745231973529814,0.0,16.160843022770273
ITEM_3380,Croston,promedio_movil_historico,2025-08,0.0,9.745231973529814,0.0,16.160843022770273
ITEM_3380,Croston,promedio_movil_historico,2025-09,0.0,9.745231973529814,0.0,16.160843022770273
ITEM_3380,Croston,promedio_movil_historico,2025-10,0.0,9.745231973529814,0.0,16.160843022770273
ITEM_3380,Croston,promedio_movil_historico,2025-11,0.0,9.745231973529814,0.0,16.160843022770273
ITEM_3380,Croston,promedio_movil_historico,2025-12,0.0,9.745231973529814,0.0,16.160843022770273
ITEM_3380,SBA,ultimo_precio_conocido,2025-07,0.0,9.257970374853322,0.0,18.515940749706644
ITEM_3380,SBA,ultimo_precio_conocido,2025-08,0.0,9.257970374853322,0.0,18.515940749706644
ITEM_3380,SBA,ultimo_precio_conocido,2025-09,0.0,9.257970374853322,0.0,18.515940749706644
ITEM_3380,SBA,ultimo_precio_conocido,2025-10,0.0,9.257970374853322,0.0,18.515940749706644
ITEM_3380,SBA,ultimo_precio_conocido,2025-11,0.0,9.257970374853322,0.0,18.515940749706644
ITEM_3380,SBA,ultimo_precio_conocido,2025-12,0.0,9.257970374853322,0.0,18.515940749706644
ITEM_3380,SBA,promedio_historico,2025-07,0.0,9.257970374853322,0.0,17.57732817530572
ITEM_3380,SBA,promedio_historico,2025-08,0.0,9.257970374853322,0.0,17.57732817530572
ITEM_3380,SBA,promedio_historico,2025-09,0.0,9.257970374853322,0.0,17.57732817530572
ITEM_3380,SBA,promedio_historico,2025-10,0.0,9.257970374853322,0.0,17.57732817530572
ITEM_3380,SBA,promedio_historico,2025-11,0.0,9.257970374853322,0.0,17.57732817530572
ITEM_3380,SBA,promedio_historico,2025-12,0.0,9.257970374853322,0.0,17.57732817530572
ITEM_3380,SBA,promedio_movil_historico,2025-07,0.0,9.257970374853322,0.0,15.352800871631757
ITEM_3380,SBA,promedio_movil_historico,2025-08,0.0,9.257970374853322,0.0,15.352800871631757
ITEM_3380,SBA,promedio_movil_historico,2025-09,0.0,9.257970374853322,0.0,15.352800871631757
ITEM_3380,SBA,promedio_movil_historico,2025-10,0.0,9.257970374853322,0.0,15.352800871631757
ITEM_3380,SBA,promedio_movil_historico,2025-11,0.0,9.257970374853322,0.0,15.352800871631757
ITEM_3380,SBA,promedio_movil_historico,2025-12,0.0,9.257970374853322,0.0,15.352800871631757
ITEM_3380,Bootstrap,ultimo_precio_conocido,2025-07,0.0,6.462098457817229,0.0,12.924196915634457
ITEM_3380,Bootstrap,ultimo_precio_conocido,2025-08,0.0,6.515441534000825,0.0,13.03088306800165
ITEM_3380,Bootstrap,ultimo_precio_conocido,2025-09,0.0,6.515441534000825,0.0,13.03088306800165
ITEM_3380,Bootstrap,ultimo_precio_conocido,2025-10,0.0,6.515441534000825,0.0,13.03088306800165
ITEM_3380,Bootstrap,ultimo_precio_conocido,2025-11,0.0,6.515441534000825,0.0,13.03088306800165
ITEM_3380,Bootstrap,ultimo_precio_conocido,2025-12,0.0,6.672422980714774,0.0,13.344845961429549
ITEM_3380,Bootstrap,promedio_historico,2025-07,0.0,6.462098457817229,0.0,12.269041776447681
ITEM_3380,Bootstrap,promedio_historico,2025-08,0.0,6.515441534000825,0.0,12.370319779940349
ITEM_3380,Bootstrap,promedio_historico,2025-09,0.0,6.515441534000825,0.0,12.370319779940349
ITEM_3380,Bootstrap,promedio_historico,2025-10,0.0,6.515441534000825,0.0,12.370319779940349
ITEM_3380,Bootstrap,promedio_historico,2025-11,0.0,6.515441534000825,0.0,12.370319779940349
ITEM_3380,Bootstrap,promedio_historico,2025-12,0.0,6.672422980714774,0.0,12.668367223883381
ITEM_3380,Bootstrap,promedio_movil_historico,2025-07,0.0,6.462098457817229,0.0,10.716313275880237
ITEM_3380,Bootstrap,promedio_movil_historico,2025-08,0.0,6.515441534000825,0.0,10.804773877218034
ITEM_3380,Bootstrap,promedio_movil_historico,2025-09,0.0,6.515441534000825,0.0,10.804773877218034
ITEM_3380,Bootstrap,promedio_movil_historico,2025-10,0.0,6.515441534000825,0.0,10.804773877218034
ITEM_3380,Bootstrap,promedio_movil_historico,2025-11,0.0,6.515441534000825,0.0,10.804773877218034
ITEM_3380,Bootstrap,promedio_movil_historico,2025-12,0.0,6.672422980714774,0.0,11.065101443018667
ITEM_3466,Croston,ultimo_precio_conocido,2025-07,0.0,9.985414442041858,0.0,11.23359124729709
ITEM_3466,Croston,ultimo_precio_conocido,2025-08,0.0,9.985414442041858,0.0,11.23359124729709
ITEM_3466,Croston,ultimo_precio_conocido,2025-09,0.0,9.985414442041858,0.0,11.23359124729709
ITEM_3466,Croston,ultimo_precio_conocido,2025-10,0.0,9.985414442041858,0.0,11.23359124729709
ITEM_3466,Croston,ultimo_precio_conocido,2025-11,0.0,9.985414442041858,0.0,11.23359124729709
ITEM_3466,Croston,ultimo_precio_conocido,2025-12,0.0,9.985414442041858,0.0,11.23359124729709
ITEM_3466,Croston,promedio_historico,2025-07,0.0,9.985414442041858,0.0,12.074327987074675
ITEM_3466,Croston,promedio_historico,2025-08,0.0,9.985414442041858,0.0,12.074327987074675
ITEM_3466,Croston,promedio_historico,2025-09,0.0,9.985414442041858,0.0,12.074327987074675
ITEM_3466,Croston,promedio_historico,2025-10,0.0,9.985414442041858,0.0,12.074327987074675
ITEM_3466,Croston,promedio_historico,2025-11,0.0,9.985414442041858,0.0,12.074327987074675
ITEM_3466,Croston,promedio_historico,2025-12,0.0,9.985414442041858,0.0,12.074327987074675
ITEM_3466,Croston,promedio_movil_historico,2025-07,0.0,9.985414442041858,0.0,12.481768052552322
ITEM_3466,Croston,promedio_movil_historico,2025-08,0.0,9.985414442041858,0.0,12.481768052552322
ITEM_3466,Croston,promedio_movil_historico,2025-09,0.0,9.985414442041858,0.0,12.481768052552322
ITEM_3466,Croston,promedio_movil_historico,2025-10,0.0,9.985414442041858,0.0,12.481768052552322
ITEM_3466,Croston,promedio_movil_historico,2025-11,0.0,9.985414442041858,0.0,12.481768052552322
ITEM_3466,Croston,promedio_movil_historico,2025-12,0.0,9.985414442041858,0.0,12.481768052552322
ITEM_3466,SBA,ultimo_precio_conocido,2025-07,0.0,9.486143719939765,0.0,10.671911684932235
ITEM_3466,SBA,ultimo_precio_conocido,2025-08,0.0,9.486143719939765,0.0,10.671911684932235
ITEM_3466,SBA,ultimo_precio_conocido,2025-09,0.0,9.486143719939765,0.0,10.671911684932235
ITEM_3466,SBA,ultimo_precio_conocido,2025-10,0.0,9.486143719939765,0.0,10.671911684932235
ITEM_3466,SBA,ultimo_precio_conocido,2025-11,0.0,9.486143719939765,0.0,10.671911684932235
ITEM_3466,SBA,ultimo_precio_conocido,2025-12,0.0,9.486143719939765,0.0,10.671911684932235
ITEM_3466,SBA,promedio_historico,2025-07,0.0,9.486143719939765,0.0,11.47061158772094
ITEM_3466,SBA,promedio_historico,2025-08,0.0,9.486143719939765,0.0,11.47061158772094
ITEM_3466,SBA,promedio_historico,2025-09,0.0,9.486143719939765,0.0,11.47061158772094
ITEM_3466,SBA,promedio_historico,2025-10,0.0,9.486143719939765,0.0,11.47061158772094
ITEM_3466,SBA,promedio_historico,2025-11,0.0,9.486143719939765,0.0,11.47061158772094
ITEM_3466,SBA,promedio_historico,2025-12,0.0,9.486143719939765,0.0,11.47061158772094
ITEM_3466,SBA,promedio_movil_historico,2025-07,0.0,9.486143719939765,0.0,11.857679649924705
ITEM_3466,SBA,promedio_movil_historico,2025-08,0.0,9.486143719939765,0.0,11.857679649924705
ITEM_3466,SBA,promedio_movil_historico,2025-09,0.0,9.486143719939765,0.0,11.857679649924705
ITEM_3466,SBA,promedio_movil_historico,2025-10,0.0,9.486143719939765,0.0,11.857679649924705
ITEM_3466,SBA,promedio_movil_historico,2025-11,0.0,9.486143719939765,0.0,11.857679649924705
ITEM_3466,SBA,promedio_movil_historico,2025-12,0.0,9.486143719939765,0.0,11.857679649924705
ITEM_3466,Bootstrap,ultimo_precio_conocido,2025-07,0.0,4.622024021668387,0.0,5.199777024376935
ITEM_3466,Bootstrap,ultimo_precio_conocido,2025-08,0.0,5.0396691301639756,0.0,5.669627771434472
ITEM_3466,Bootstrap,ultimo_precio_conocido,2025-09,0.0,5.0396691301639756,0.0,5.669627771434472
ITEM_3466,Bootstrap,ultimo_precio_conocido,2025-10,0.0,5.0396691301639756,0.0,5.669627771434472
ITEM_3466,Bootstrap,ultimo_precio_conocido,2025-11,0.0,5.0396691301639756,0.0,5.669627771434472
ITEM_3466,Bootstrap,ultimo_precio_conocido,2025-12,0.0,4.742866441042659,0.0,5.335724746172991
ITEM_3466,Bootstrap,promedio_historico,2025-07,0.0,4.622024021668387,0.0,5.5889351739666235
ITEM_3466,Bootstrap,promedio_historico,2025-08,0.0,5.0396691301639756,0.0,6.093950168731523
ITEM_3466,Bootstrap,promedio_historico,2025-09,0.0,5.0396691301639756,0.0,6.093950168731523
ITEM_3466,Bootstrap,promedio_historico,2025-10,0.0,5.0396691301639756,0.0,6.093950168731523
ITEM_3466,Bootstrap,promedio_historico,2025-11,0.0,5.0396691301639756,0.0,6.093950168731523
ITEM_3466,Bootstrap,promedio_historico,2025-12,0.0,4.742866441042659,0.0,5.735057402016902
ITEM_3466,Bootstrap,promedio_movil_historico,2025-07,0.0,4.622024021668387,0.0,5.777530027085484
ITEM_3466,Bootstrap,promedio_movil_historico,2025-08,0.0,5.0396691301639756,0.0,6.299586412704969
ITEM_3466,Bootstrap,promedio_movil_historico,2025-09,0.0,5.0396691301639756,0.0,6.299586412704969
ITEM_3466,Bootstrap,promedio_movil_historico,2025-10,0.0,5.0396691301639756,0.0,6.299586412704969
ITEM_3466,Bootstrap,promedio_movil_historico,2025-11,0.0,5.0396691301639756,0.0,6.299586412704969
ITEM_3466,Bootstrap,promedio_movil_historico,2025-12,0.0,4.742866441042659,0.0,5.928583051303323
ITEM_3543,Croston,ultimo_precio_conocido,2025-07,0.0,1.7634449707623652,0.0,6.436574143282633
ITEM_3543,Croston,ultimo_precio_conocido,2025-08,2.0,1.7634449707623652,6.6,6.436574143282633
ITEM_3543,Croston,ultimo_precio_conocido,2025-09,0.0,1.7172017735225322,0.0,6.267786473357242
ITEM_3543,Croston,ultimo_precio_conocido,2025-10,6.0,1.7172017735225322,57.72,6.267786473357242
ITEM_3543,Croston,ultimo_precio_conocido,2025-11,0.0,1.7980924851461884,0.0,6.563037570783587
ITEM_3543,Croston,ultimo_precio_conocido,2025-12,0.0,1.7980924851461884,0.0,6.563037570783587
ITEM_3543,Croston,promedio_historico,2025-07,0.0,1.7634449707623652,0.0,6.556148102821563
ITEM_3543,Croston,promedio_historico,2025-08,2.0,1.7634449707623652,6.6,6.556148102821563
ITEM_3543,Croston,promedio_historico,2025-09,0.0,1.7172017735225322,0.0,6.384224819204006
ITEM_3543,Croston,promedio_historico,2025-10,6.0,1.7172017735225322,57.72,6.384224819204006
ITEM_3543,Croston,promedio_historico,2025-11,0.0,1.7980924851461884,0.0,6.684960875242119
ITEM_3543,Croston,promedio_historico,2025-12,0.0,1.7980924851461884,0.0,6.684960875242119
ITEM_3543,Croston,promedio_movil_historico,2025-07,0.0,1.7634449707623652,0.0,3.9089696851899096
ITEM_3543,Croston,promedio_movil_historico,2025-08,2.0,1.7634449707623652,6.6,3.9089696851899096
ITEM_3543,Croston,promedio_movil_historico,2025-09,0.0,1.7172017735225322,0.0,3.8064639313082798
ITEM_3543,Croston,promedio_movil_historico,2025-10,6.0,1.7172017735225322,57.72,3.8064639313082798
ITEM_3543,Croston,promedio_movil_historico,2025-11,0.0,1.7980924851461884,0.0,3.9857716754073844
ITEM_3543,Croston,promedio_movil_historico,2025-12,0.0,1.7980924851461884,0.0,3.9857716754073844
ITEM_3543,SBA,ultimo_precio_conocido,2025-07,0.0,1.6752727222242467,0.0,6.1147454361185005
ITEM_3543,SBA,ultimo_precio_conocido,2025-08,2.0,1.6752727222242467,6.6,6.1147454361185005
ITEM_3543,SBA,ultimo_precio_conocido,2025-09,0.0,1.6313416848464055,0.0,5.95439714968938
ITEM_3543,SBA,ultimo_precio_conocido,2025-10,6.0,1.6313416848464055,57.72,5.95439714968938
ITEM_3543,SBA,ultimo_precio_conocido,2025-11,0.0,1.7081878608888788,0.0,6.234885692244407
ITEM_3543,SBA,ultimo_precio_conocido,2025-12,0.0,1.7081878608888788,0.0,6.234885692244407
ITEM_3543,SBA,promedio_historico,2025-07,0.0,1.6752727222242467,0.0,6.228340697680484
ITEM_3543,SBA,promedio_historico,2025-08,2.0,1.6752727222242467,6.6,6.228340697680484
ITEM_3543,SBA,promedio_historico,2025-09,0.0,1.6313416848464055,0.0,6.065013578243805
ITEM_3543,SBA,promedio_historico,2025-10,6.0,1.6313416848464055,57.72,6.065013578243805
ITEM_3543,SBA,promedio_historico,2025-11,0.0,1.7081878608888788,0.0,6.350712831480012
ITEM_3543,SBA,promedio_historico,2025-12,0.0,1.7081878608888788,0.0,6.350712831480012
ITEM_3543,SBA,promedio_movil_historico,2025-07,0.0,1.6752727222242467,0.0,3.7135212009304137
ITEM_3543,SBA,promedio_movil_historico,2025-08,2.0,1.6752727222242467,6.6,3.7135212009304137
ITEM_3543,SBA,promedio_movil_historico,2025-09,0.0,1.6313416848464055,0.0,3.616140734742866
ITEM_3543,SBA,promedio_movil_historico,2025-10,6.0,1.6313416848464055,57.72,3.616140734742866
ITEM_3543,SBA,promedio_movil_historico,2025-11,0.0,1.7081878608888788,0.0,3.786483091637015
ITEM_3543,SBA,promedio_movil_historico,2025-12,0.0,1.7081878608888788,0.0,3.786483091637015
ITEM_3543,Bootstrap,ultimo_precio_conocido,2025-07,0.0,1.5877154395823792,0.0,5.795161354475684
ITEM_3543,Bootstrap,ultimo_precio_conocido,2025-08,2.0,1.5877154395823792,6.6,5.795161354475684
ITEM_3543,Bootstrap,ultimo_precio_conocido,2025-09,0.0,2.048245776068336,0.0,7.476097082649426
ITEM_3543,Bootstrap,ultimo_precio_conocido,2025-10,6.0,1.7725333864780533,57.72,6.469746860644894
ITEM_3543,Bootstrap,ultimo_precio_conocido,2025-11,0.0,1.8657731719105426,0.0,6.81007207747348
ITEM_3543,Bootstrap,ultimo_precio_conocido,2025-12,0.0,1.7225942494816533,0.0,6.287469010608034
ITEM_3543,Bootstrap,promedio_historico,2025-07,0.0,1.5877154395823792,0.0,5.902819617069432
ITEM_3543,Bootstrap,promedio_historico,2025-08,2.0,1.5877154395823792,6.6,5.902819617069432
ITEM_3543,Bootstrap,promedio_historico,2025-09,0.0,2.048245776068336,0.0,7.614982537888497
ITEM_3543,Bootstrap,promedio_historico,2025-10,6.0,1.7725333864780533,57.72,6.589937078627427
ITEM_3543,Bootstrap,promedio_historico,2025-11,0.0,1.8657731719105426,0.0,6.936584608040513
ITEM_3543,Bootstrap,promedio_historico,2025-12,0.0,1.7225942494816533,0.0,6.4042730042140645
ITEM_3543,Bootstrap,promedio_movil_historico,2025-07,0.0,1.5877154395823792,0.0,3.519435891074274
ITEM_3543,Bootstrap,promedio_movil_historico,2025-08,2.0,1.5877154395823792,6.6,3.519435891074274
ITEM_3543,Bootstrap,promedio_movil_historico,2025-09,0.0,2.048245776068336,0.0,4.540278136951478
ITEM_3543,Bootstrap,promedio_movil_historico,2025-10,6.0,1.7725333864780533,57.72,3.929115673359685
ITEM_3543,Bootstrap,promedio_movil_historico,2025-11,0.0,1.8657731719105426,0.0,4.1357971977350365
ITEM_3543,Bootstrap,promedio_movil_historico,2025-12,0.0,1.7225942494816533,0.0,3.818417253017665
ITEM_3649,Croston,ultimo_precio_conocido,2025-07,8.0,2.0819924705544155,22.66,5.465230235205341
ITEM_3649,Croston,ultimo_precio_conocido,2025-08,6.0,2.2077119208835754,6.24,5.795243792319385
ITEM_3649,Croston,ultimo_precio_conocido,2025-09,0.0,2.340955814375651,0.0,6.145009012736084
ITEM_3649,Croston,ultimo_precio_conocido,2025-10,12.0,2.340955814375651,18.72,6.145009012736084
ITEM_3649,Croston,ultimo_precio_conocido,2025-11,0.0,2.6059586998080206,0.0,6.840641586996054
ITEM_3649,Croston,ultimo_precio_conocido,2025-12,3.0,2.6059586998080206,42.37,6.840641586996054
ITEM_3649,Croston,promedio_historico,2025-07,8.0,2.0819924705544155,22.66,4.933869270929821
ITEM_3649,Croston,promedio_historico,2025-08,6.0,2.2077119208835754,6.24,5.231797021154612
ITEM_3649,Croston,promedio_historico,2025-09,0.0,2.340955814375651,0.0,5.54755606492509
ITEM_3649,Croston,promedio_historico,2025-10,12.0,2.340955814375651,18.72,5.54755606492509
ITEM_3649,Croston,promedio_historico,2025-11,0.0,2.6059586998080206,0.0,6.17555525879073
ITEM_3649,Croston,promedio_historico,2025-12,3.0,2.6059586998080206,42.37,6.17555525879073
ITEM_3649,Croston,promedio_movil_historico,2025-07,8.0,2.0819924705544155,22.66,5.209063514563597
ITEM_3649,Croston,promedio_movil_historico,2025-08,6.0,2.2077119208835754,6.24,5.5236086491126315
ITEM_3649,Croston,promedio_movil_historico,2025-09,0.0,2.340955814375651,0.0,5.85697964537908
ITEM_3649,Croston,promedio_movil_historico,2025-10,12.0,2.340955814375651,18.72,5.85697964537908
ITEM_3649,Croston,promedio_movil_historico,2025-11,0.0,2.6059586998080206,0.0,6.520006472460851
ITEM_3649,Croston,promedio_movil_historico,2025-12,3.0,2.6059586998080206,42.37,6.520006472460851
ITEM_3649,SBA,ultimo_precio_conocido,2025-07,8.0,1.9778928470266945,22.66,5.191968723445073
ITEM_3649,SBA,ultimo_precio_conocido,2025-08,6.0,2.0973263248393965,6.24,5.505481602703416
ITEM_3649,SBA,ultimo_precio_conocido,2025-09,0.0,2.2239080236568682,0.0,5.837758562099279
ITEM_3649,SBA,ultimo_precio_conocido,2025-10,12.0,2.2239080236568682,18.72,5.837758562099279
ITEM_3649,SBA,ultimo_precio_conocido,2025-11,0.0,2.4756607648176194,0.0,6.498609507646251
ITEM_3649,SBA,ultimo_precio_conocido,2025-12,3.0,2.4756607648176194,42.37,6.498609507646251
ITEM_3649,SBA,promedio_historico,2025-07,8.0,1.9778928470266945,22.66,4.68717580738333
ITEM_3649,SBA,promedio_historico,2025-08,6.0,2.0973263248393965,6.24,4.970207170096881
ITEM_3649,SBA,promedio_historico,2025-09,0.0,2.2239080236568682,0.0,5.2701782616788355
ITEM_3649,SBA,promedio_historico,2025-10,12.0,2.2239080236568682,18.72,5.2701782616788355
ITEM_3649,SBA,promedio_historico,2025-11,0.0,2.4756607648176194,0.0,5.866777495851193
ITEM_3649,SBA,promedio_historico,2025-12,3.0,2.4756607648176194,42.37,5.866777495851193
ITEM_3649,SBA,promedio_movil_historico,2025-07,8.0,1.9778928470266945,22.66,4.948610338835416
ITEM_3649,SBA,promedio_movil_historico,2025-08,6.0,2.0973263248393965,6.24,5.247428216657
ITEM_3649,SBA,promedio_movil_historico,2025-09,0.0,2.2239080236568682,0.0,5.5641306631101255
ITEM_3649,SBA,promedio_movil_historico,2025-10,12.0,2.2239080236568682,18.72,5.5641306631101255
ITEM_3649,SBA,promedio_movil_historico,2025-11,0.0,2.4756607648176194,0.0,6.194006148837809
ITEM_3649,SBA,promedio_movil_historico,2025-12,3.0,2.4756607648176194,42.37,6.194006148837809
ITEM_3649,Bootstrap,ultimo_precio_conocido,2025-07,8.0,2.8180453049229666,22.66,7.3973689254227875
ITEM_3649,Bootstrap,ultimo_precio_conocido,2025-08,6.0,2.5872149523850636,6.24,6.791439250010792
ITEM_3649,Bootstrap,ultimo_precio_conocido,2025-09,0.0,2.8391880442300295,0.0,7.452868616103827
ITEM_3649,Bootstrap,ultimo_precio_conocido,2025-10,12.0,2.863501120135462,18.72,7.516690440355587
ITEM_3649,Bootstrap,ultimo_precio_conocido,2025-11,0.0,2.761958804065149,0.0,7.250141860671016
ITEM_3649,Bootstrap,ultimo_precio_conocido,2025-12,3.0,2.7737708907771275,42.37,7.28114858828996
ITEM_3649,Bootstrap,promedio_historico,2025-07,8.0,2.8180453049229666,22.66,6.678154378889282
ITEM_3649,Bootstrap,promedio_historico,2025-08,6.0,2.5872149523850636,6.24,6.131136654621825
ITEM_3649,Bootstrap,promedio_historico,2025-09,0.0,2.8391880442300295,0.0,6.728258071984108
ITEM_3649,Bootstrap,promedio_historico,2025-10,12.0,2.863501120135462,18.72,6.78587477319132
ITEM_3649,Bootstrap,promedio_historico,2025-11,0.0,2.761958804065149,0.0,6.545241572041966
ITEM_3649,Bootstrap,promedio_historico,2025-12,3.0,2.7737708907771275,42.37,6.573233648131593
ITEM_3649,Bootstrap,promedio_movil_historico,2025-07,8.0,2.8180453049229666,22.66,7.050638841336677
ITEM_3649,Bootstrap,promedio_movil_historico,2025-08,6.0,2.5872149523850636,6.24,6.473110351457532
ITEM_3649,Bootstrap,promedio_movil_historico,2025-09,0.0,2.8391880442300295,0.0,7.103537145955917
ITEM_3649,Bootstrap,promedio_movil_historico,2025-10,12.0,2.863501120135462,18.72,7.164367508417351
ITEM_3649,Bootstrap,promedio_movil_historico,2025-11,0.0,2.761958804065149,0.0,6.91031261566104
ITEM_3649,Bootstrap,promedio_movil_historico,2025-12,3.0,2.7737708907771275,42.37,6.939865993395323
ITEM_3741,Croston,ultimo_precio_conocido,2025-07,10.0,17.33087792394746,7.79,14.42176627242771
ITEM_3741,Croston,ultimo_precio_conocido,2025-08,0.0,6.505198649056845,0.0,5.413254590108018
ITEM_3741,Croston,ultimo_precio_conocido,2025-09,0.0,6.505198649056845,0.0,5.413254590108018
ITEM_3741,Croston,ultimo_precio_conocido,2025-10,0.0,6.505198649056845,0.0,5.413254590108018
ITEM_3741,Croston,ultimo_precio_conocido,2025-11,0.0,6.505198649056845,0.0,5.413254590108018
ITEM_3741,Croston,ultimo_precio_conocido,2025-12,0.0,6.505198649056845,0.0,5.413254590108018
ITEM_3741,Croston,promedio_historico,2025-07,10.0,17.33087792394746,7.79,16.306155636893465
ITEM_3741,Croston,promedio_historico,2025-08,0.0,6.505198649056845,0.0,6.120565968205107
ITEM_3741,Croston,promedio_historico,2025-09,0.0,6.505198649056845,0.0,6.120565968205107
ITEM_3741,Croston,promedio_historico,2025-10,0.0,6.505198649056845,0.0,6.120565968205107
ITEM_3741,Croston,promedio_historico,2025-11,0.0,6.505198649056845,0.0,6.120565968205107
ITEM_3741,Croston,promedio_historico,2025-12,0.0,6.505198649056845,0.0,6.120565968205107
ITEM_3741,Croston,promedio_movil_historico,2025-07,10.0,17.33087792394746,7.79,14.628086247712798
ITEM_3741,Croston,promedio_movil_historico,2025-08,0.0,6.505198649056845,0.0,5.4906974311682175
ITEM_3741,Croston,promedio_movil_historico,2025-09,0.0,6.505198649056845,0.0,5.4906974311682175
ITEM_3741,Croston,promedio_movil_historico,2025-10,0.0,6.505198649056845,0.0,5.4906974311682175
ITEM_3741,Croston,promedio_movil_historico,2025-11,0.0,6.505198649056845,0.0,5.4906974311682175
ITEM_3741,Croston,promedio_movil_historico,2025-12,0.0,6.505198649056845,0.0,5.4906974311682175
ITEM_3741,SBA,ultimo_precio_conocido,2025-07,10.0,16.464334027750088,7.79,13.700677958806324
ITEM_3741,SBA,ultimo_precio_conocido,2025-08,0.0,6.179938716604002,0.0,5.142591860602616
ITEM_3741,SBA,ultimo_precio_conocido,2025-09,0.0,6.179938716604002,0.0,5.142591860602616
ITEM_3741,SBA,ultimo_precio_conocido,2025-10,0.0,6.179938716604002,0.0,5.142591860602616
ITEM_3741,SBA,ultimo_precio_conocido,2025-11,0.0,6.179938716604002,0.0,5.142591860602616
ITEM_3741,SBA,ultimo_precio_conocido,2025-12,0.0,6.179938716604002,0.0,5.142591860602616
ITEM_3741,SBA,promedio_historico,2025-07,10.0,16.464334027750088,7.79,15.49084785504879
ITEM_3741,SBA,promedio_historico,2025-08,0.0,6.179938716604002,0.0,5.814537669794851
ITEM_3741,SBA,promedio_historico,2025-09,0.0,6.179938716604002,0.0,5.814537669794851
ITEM_3741,SBA,promedio_historico,2025-10,0.0,6.179938716604002,0.0,5.814537669794851
ITEM_3741,SBA,promedio_historico,2025-11,0.0,6.179938716604002,0.0,5.814537669794851
ITEM_3741,SBA,promedio_historico,2025-12,0.0,6.179938716604002,0.0,5.814537669794851
ITEM_3741,SBA,promedio_movil_historico,2025-07,10.0,16.464334027750088,7.79,13.896681935327157
ITEM_3741,SBA,promedio_movil_historico,2025-08,0.0,6.179938716604002,0.0,5.216162559609806
ITEM_3741,SBA,promedio_movil_historico,2025-09,0.0,6.179938716604002,0.0,5.216162559609806
ITEM_3741,SBA,promedio_movil_historico,2025-10,0.0,6.179938716604002,0.0,5.216162559609806
ITEM_3741,SBA,promedio_movil_historico,2025-11,0.0,6.179938716604002,0.0,5.216162559609806
ITEM_3741,SBA,promedio_movil_historico,2025-12,0.0,6.179938716604002,0.0,5.216162559609806
ITEM_3741,Bootstrap,ultimo_precio_conocido,2025-07,10.0,10.492144546918684,7.79,8.730963140828763
ITEM_3741,Bootstrap,ultimo_precio_conocido,2025-08,0.0,10.871802691912935,0.0,9.046892954341835
ITEM_3741,Bootstrap,ultimo_precio_conocido,2025-09,0.0,9.560194893113596,0.0,7.955447893198101
ITEM_3741,Bootstrap,ultimo_precio_conocido,2025-10,0.0,9.272490021319305,0.0,7.716036339169279
ITEM_3741,Bootstrap,ultimo_precio_conocido,2025-11,0.0,9.679609376696481,0.0,8.054817802751002
ITEM_3741,Bootstrap,ultimo_precio_conocido,2025-12,0.0,9.576324485332563,0.0,7.9688700181517405
ITEM_3741,Bootstrap,promedio_historico,2025-07,10.0,10.492144546918684,7.79,9.871775838339682
ITEM_3741,Bootstrap,promedio_historico,2025-08,0.0,10.871802691912935,0.0,10.22898594784811
ITEM_3741,Bootstrap,promedio_historico,2025-09,0.0,9.560194893113596,0.0,8.994929543109796
ITEM_3741,Bootstrap,promedio_historico,2025-10,0.0,9.272490021319305,0.0,8.72423578843925
ITEM_3741,Bootstrap,promedio_historico,2025-11,0.0,9.679609376696481,0.0,9.107283410187192
ITEM_3741,Bootstrap,promedio_historico,2025-12,0.0,9.576324485332563,0.0,9.010105441424715
ITEM_3741,Bootstrap,promedio_movil_historico,2025-07,10.0,10.492144546918684,7.79,8.855869623530175
ITEM_3741,Bootstrap,promedio_movil_historico,2025-08,0.0,10.871802691912935,0.0,9.176319176864608
ITEM_3741,Bootstrap,promedio_movil_historico,2025-09,0.0,9.560194893113596,0.0,8.069259737163739
ITEM_3741,Bootstrap,promedio_movil_historico,2025-10,0.0,9.272490021319305,0.0,7.8264231251373655
ITEM_3741,Bootstrap,promedio_movil_historico,2025-11,0.0,9.679609376696481,0.0,8.170051247711672
ITEM_3741,Bootstrap,promedio_movil_historico,2025-12,0.0,9.576324485332563,0.0,8.082873881072366
ITEM_3817,Croston,ultimo_precio_conocido,2025-07,0.0,3.000260028403423,0.0,15.001300142017115
ITEM_3817,Croston,ultimo_precio_conocido,2025-08,0.0,3.000260028403423,0.0,15.001300142017115
ITEM_3817,Croston,ultimo_precio_conocido,2025-09,0.0,3.000260028403423,0.0,15.001300142017115
ITEM_3817,Croston,ultimo_precio_conocido,2025-10,0.0,3.000260028403423,0.0,15.001300142017115
ITEM_3817,Croston,ultimo_precio_conocido,2025-11,0.0,3.000260028403423,0.0,15.001300142017115
ITEM_3817,Croston,ultimo_precio_conocido,2025-12,0.0,3.000260028403423,0.0,15.001300142017115
ITEM_3817,Croston,promedio_historico,2025-07,0.0,3.000260028403423,0.0,13.316480627253767
ITEM_3817,Croston,promedio_historico,2025-08,0.0,3.000260028403423,0.0,13.316480627253767
ITEM_3817,Croston,promedio_historico,2025-09,0.0,3.000260028403423,0.0,13.316480627253767
ITEM_3817,Croston,promedio_historico,2025-10,0.0,3.000260028403423,0.0,13.316480627253767
ITEM_3817,Croston,promedio_historico,2025-11,0.0,3.000260028403423,0.0,13.316480627253767
ITEM_3817,Croston,promedio_historico,2025-12,0.0,3.000260028403423,0.0,13.316480627253767
ITEM_3817,Croston,promedio_movil_historico,2025-07,0.0,3.000260028403423,0.0,15.205863325771896
ITEM_3817,Croston,promedio_movil_historico,2025-08,0.0,3.000260028403423,0.0,15.205863325771896
ITEM_3817,Croston,promedio_movil_historico,2025-09,0.0,3.000260028403423,0.0,15.205863325771896
ITEM_3817,Croston,promedio_movil_historico,2025-10,0.0,3.000260028403423,0.0,15.205863325771896
ITEM_3817,Croston,promedio_movil_historico,2025-11,0.0,3.000260028403423,0.0,15.205863325771896
ITEM_3817,Croston,promedio_movil_historico,2025-12,0.0,3.000260028403423,0.0,15.205863325771896
ITEM_3817,SBA,ultimo_precio_conocido,2025-07,0.0,2.8502470269832516,0.0,14.251235134916257
ITEM_3817,SBA,ultimo_precio_conocido,2025-08,0.0,2.8502470269832516,0.0,14.251235134916257
ITEM_3817,SBA,ultimo_precio_conocido,2025-09,0.0,2.8502470269832516,0.0,14.251235134916257
ITEM_3817,SBA,ultimo_precio_conocido,2025-10,0.0,2.8502470269832516,0.0,14.251235134916257
ITEM_3817,SBA,ultimo_precio_conocido,2025-11,0.0,2.8502470269832516,0.0,14.251235134916257
ITEM_3817,SBA,ultimo_precio_conocido,2025-12,0.0,2.8502470269832516,0.0,14.251235134916257
ITEM_3817,SBA,promedio_historico,2025-07,0.0,2.8502470269832516,0.0,12.650656595891078
ITEM_3817,SBA,promedio_historico,2025-08,0.0,2.8502470269832516,0.0,12.650656595891078
ITEM_3817,SBA,promedio_historico,2025-09,0.0,2.8502470269832516,0.0,12.650656595891078
ITEM_3817,SBA,promedio_historico,2025-10,0.0,2.8502470269832516,0.0,12.650656595891078
ITEM_3817,SBA,promedio_historico,2025-11,0.0,2.8502470269832516,0.0,12.650656595891078
ITEM_3817,SBA,promedio_historico,2025-12,0.0,2.8502470269832516,0.0,12.650656595891078
ITEM_3817,SBA,promedio_movil_historico,2025-07,0.0,2.8502470269832516,0.0,14.445570159483298
ITEM_3817,SBA,promedio_movil_historico,2025-08,0.0,2.8502470269832516,0.0,14.445570159483298
ITEM_3817,SBA,promedio_movil_historico,2025-09,0.0,2.8502470269832516,0.0,14.445570159483298
ITEM_3817,SBA,promedio_movil_historico,2025-10,0.0,2.8502470269832516,0.0,14.445570159483298
ITEM_3817,SBA,promedio_movil_historico,2025-11,0.0,2.8502470269832516,0.0,14.445570159483298
ITEM_3817,SBA,promedio_movil_historico,2025-12,0.0,2.8502470269832516,0.0,14.445570159483298
ITEM_3817,Bootstrap,ultimo_precio_conocido,2025-07,0.0,2.0108998494249994,0.0,10.054499247124998
ITEM_3817,Bootstrap,ultimo_precio_conocido,2025-08,0.0,2.056898309873397,0.0,10.284491549366985
ITEM_3817,Bootstrap,ultimo_precio_conocido,2025-09,0.0,1.9108801777376754,0.0,9.554400888688377
ITEM_3817,Bootstrap,ultimo_precio_conocido,2025-10,0.0,1.873466045967748,0.0,9.367330229838739
ITEM_3817,Bootstrap,ultimo_precio_conocido,2025-11,0.0,1.8462877370141686,0.0,9.231438685070843
ITEM_3817,Bootstrap,ultimo_precio_conocido,2025-12,0.0,1.8366205784025396,0.0,9.183102892012698
ITEM_3817,Bootstrap,promedio_historico,2025-07,0.0,2.0108998494249994,0.0,8.925262688802807
ITEM_3817,Bootstrap,promedio_historico,2025-08,0.0,2.056898309873397,0.0,9.12942419535414
ITEM_3817,Bootstrap,promedio_historico,2025-09,0.0,1.9108801777376754,0.0,8.48133116028216
ITEM_3817,Bootstrap,promedio_historico,2025-10,0.0,1.873466045967748,0.0,8.315270700127682
ITEM_3817,Bootstrap,promedio_historico,2025-11,0.0,1.8462877370141686,0.0,8.194641347593045
ITEM_3817,Bootstrap,promedio_historico,2025-12,0.0,1.8366205784025396,0.0,8.151734223159284
ITEM_3817,Bootstrap,promedio_movil_historico,2025-07,0.0,2.0108998494249994,0.0,10.191606055040339
ITEM_3817,Bootstrap,promedio_movil_historico,2025-08,0.0,2.056898309873397,0.0,10.424734615949262
ITEM_3817,Bootstrap,promedio_movil_historico,2025-09,0.0,1.9108801777376754,0.0,9.684688173534127
ITEM_3817,Bootstrap,promedio_movil_historico,2025-10,0.0,1.873466045967748,0.0,9.495066551154723
ITEM_3817,Bootstrap,promedio_movil_historico,2025-11,0.0,1.8462877370141686,0.0,9.357321939867264
ITEM_3817,Bootstrap,promedio_movil_historico,2025-12,0.0,1.8366205784025396,0.0,9.308327022358325
ITEM_3825,Croston,ultimo_precio_conocido,2025-07,0.0,8.085554501913775,0.0,6.064165876435331
ITEM_3825,Croston,ultimo_precio_conocido,2025-08,0.0,8.085554501913775,0.0,6.064165876435331
ITEM_3825,Croston,ultimo_precio_conocido,2025-09,0.0,8.085554501913775,0.0,6.064165876435331
ITEM_3825,Croston,ultimo_precio_conocido,2025-10,0.0,8.085554501913775,0.0,6.064165876435331
ITEM_3825,Croston,ultimo_precio_conocido,2025-11,0.0,8.085554501913775,0.0,6.064165876435331
ITEM_3825,Croston,ultimo_precio_conocido,2025-12,0.0,8.085554501913775,0.0,6.064165876435331
ITEM_3825,Croston,promedio_historico,2025-07,0.0,8.085554501913775,0.0,7.527566164601635
ITEM_3825,Croston,promedio_historico,2025-08,0.0,8.085554501913775,0.0,7.527566164601635
ITEM_3825,Croston,promedio_historico,2025-09,0.0,8.085554501913775,0.0,7.527566164601635
ITEM_3825,Croston,promedio_historico,2025-10,0.0,8.085554501913775,0.0,7.527566164601635
ITEM_3825,Croston,promedio_historico,2025-11,0.0,8.085554501913775,0.0,7.527566164601635
ITEM_3825,Croston,promedio_historico,2025-12,0.0,8.085554501913775,0.0,7.527566164601635
ITEM_3825,Croston,promedio_movil_historico,2025-07,0.0,8.085554501913775,0.0,5.081019384782233
ITEM_3825,Croston,promedio_movil_historico,2025-08,0.0,8.085554501913775,0.0,5.081019384782233
ITEM_3825,Croston,promedio_movil_historico,2025-09,0.0,8.085554501913775,0.0,5.081019384782233
ITEM_3825,Croston,promedio_movil_historico,2025-10,0.0,8.085554501913775,0.0,5.081019384782233
ITEM_3825,Croston,promedio_movil_historico,2025-11,0.0,8.085554501913775,0.0,5.081019384782233
ITEM_3825,Croston,promedio_movil_historico,2025-12,0.0,8.085554501913775,0.0,5.081019384782233
ITEM_3825,SBA,ultimo_precio_conocido,2025-07,0.0,7.681276776818086,0.0,5.760957582613564
ITEM_3825,SBA,ultimo_precio_conocido,2025-08,0.0,7.681276776818086,0.0,5.760957582613564
ITEM_3825,SBA,ultimo_precio_conocido,2025-09,0.0,7.681276776818086,0.0,5.760957582613564
ITEM_3825,SBA,ultimo_precio_conocido,2025-10,0.0,7.681276776818086,0.0,5.760957582613564
ITEM_3825,SBA,ultimo_precio_conocido,2025-11,0.0,7.681276776818086,0.0,5.760957582613564
ITEM_3825,SBA,ultimo_precio_conocido,2025-12,0.0,7.681276776818086,0.0,5.760957582613564
ITEM_3825,SBA,promedio_historico,2025-07,0.0,7.681276776818086,0.0,7.1511878563715525
ITEM_3825,SBA,promedio_historico,2025-08,0.0,7.681276776818086,0.0,7.1511878563715525
ITEM_3825,SBA,promedio_historico,2025-09,0.0,7.681276776818086,0.0,7.1511878563715525
ITEM_3825,SBA,promedio_historico,2025-10,0.0,7.681276776818086,0.0,7.1511878563715525
ITEM_3825,SBA,promedio_historico,2025-11,0.0,7.681276776818086,0.0,7.1511878563715525
ITEM_3825,SBA,promedio_historico,2025-12,0.0,7.681276776818086,0.0,7.1511878563715525
ITEM_3825,SBA,promedio_movil_historico,2025-07,0.0,7.681276776818086,0.0,4.826968415543122
ITEM_3825,SBA,promedio_movil_historico,2025-08,0.0,7.681276776818086,0.0,4.826968415543122
ITEM_3825,SBA,promedio_movil_historico,2025-09,0.0,7.681276776818086,0.0,4.826968415543122
ITEM_3825,SBA,promedio_movil_historico,2025-10,0.0,7.681276776818086,0.0,4.826968415543122
ITEM_3825,SBA,promedio_movil_historico,2025-11,0.0,7.681276776818086,0.0,4.826968415543122
ITEM_3825,SBA,promedio_movil_historico,2025-12,0.0,7.681276776818086,0.0,4.826968415543122
ITEM_3825,Bootstrap,ultimo_precio_conocido,2025-07,0.0,5.412846974263313,0.0,4.059635230697484
ITEM_3825,Bootstrap,ultimo_precio_conocido,2025-08,0.0,5.282333908053554,0.0,3.961750431040165
ITEM_3825,Bootstrap,ultimo_precio_conocido,2025-09,0.0,5.43176249126753,0.0,4.073821868450647
ITEM_3825,Bootstrap,ultimo_precio_conocido,2025-10,0.0,4.857743335071727,0.0,3.643307501303795
ITEM_3825,Bootstrap,ultimo_precio_conocido,2025-11,0.0,4.857743335071727,0.0,3.643307501303795
ITEM_3825,Bootstrap,ultimo_precio_conocido,2025-12,0.0,4.7797496966459985,0.0,3.584812272484499
ITEM_3825,Bootstrap,promedio_historico,2025-07,0.0,5.412846974263313,0.0,5.039303578744878
ITEM_3825,Bootstrap,promedio_historico,2025-08,0.0,5.282333908053554,0.0,4.917797287369752
ITEM_3825,Bootstrap,promedio_historico,2025-09,0.0,5.43176249126753,0.0,5.056913726045622
ITEM_3825,Bootstrap,promedio_historico,2025-10,0.0,4.857743335071727,0.0,4.522507931490656
ITEM_3825,Bootstrap,promedio_historico,2025-11,0.0,4.857743335071727,0.0,4.522507931490656
ITEM_3825,Bootstrap,promedio_historico,2025-12,0.0,4.7797496966459985,0.0,4.449896674769954
ITEM_3825,Bootstrap,promedio_movil_historico,2025-07,0.0,5.412846974263313,0.0,3.4014711540911757
ITEM_3825,Bootstrap,promedio_movil_historico,2025-08,0.0,5.282333908053554,0.0,3.3194558242554555
ITEM_3825,Bootstrap,promedio_movil_historico,2025-09,0.0,5.43176249126753,0.0,3.4133577981733914
ITEM_3825,Bootstrap,promedio_movil_historico,2025-10,0.0,4.857743335071727,0.0,3.052640118368391
ITEM_3825,Bootstrap,promedio_movil_historico,2025-11,0.0,4.857743335071727,0.0,3.052640118368391
ITEM_3825,Bootstrap,promedio_movil_historico,2025-12,0.0,4.7797496966459985,0.0,3.003628366776459
ITEM_3842,Croston,ultimo_precio_conocido,2025-07,0.0,9.303337706307124,0.0,7.21008672238802
ITEM_3842,Croston,ultimo_precio_conocido,2025-08,0.0,9.303337706307124,0.0,7.21008672238802
ITEM_3842,Croston,ultimo_precio_conocido,2025-09,0.0,9.303337706307124,0.0,7.21008672238802
ITEM_3842,Croston,ultimo_precio_conocido,2025-10,0.0,9.303337706307124,0.0,7.21008672238802
ITEM_3842,Croston,ultimo_precio_conocido,2025-11,0.0,9.303337706307124,0.0,7.21008672238802
ITEM_3842,Croston,ultimo_precio_conocido,2025-12,0.0,9.303337706307124,0.0,7.21008672238802
ITEM_3842,Croston,promedio_historico,2025-07,0.0,9.303337706307124,0.0,6.765288403848424
ITEM_3842,Croston,promedio_historico,2025-08,0.0,9.303337706307124,0.0,6.765288403848424
ITEM_3842,Croston,promedio_historico,2025-09,0.0,9.303337706307124,0.0,6.765288403848424
ITEM_3842,Croston,promedio_historico,2025-10,0.0,9.303337706307124,0.0,6.765288403848424
ITEM_3842,Croston,promedio_historico,2025-11,0.0,9.303337706307124,0.0,6.765288403848424
ITEM_3842,Croston,promedio_historico,2025-12,0.0,9.303337706307124,0.0,6.765288403848424
ITEM_3842,Croston,promedio_movil_historico,2025-07,0.0,9.303337706307124,0.0,7.5873897852924435
ITEM_3842,Croston,promedio_movil_historico,2025-08,0.0,9.303337706307124,0.0,7.5873897852924435
ITEM_3842,Croston,promedio_movil_historico,2025-09,0.0,9.303337706307124,0.0,7.5873897852924435
ITEM_3842,Croston,promedio_movil_historico,2025-10,0.0,9.303337706307124,0.0,7.5873897852924435
ITEM_3842,Croston,promedio_movil_historico,2025-11,0.0,9.303337706307124,0.0,7.5873897852924435
ITEM_3842,Croston,promedio_movil_historico,2025-12,0.0,9.303337706307124,0.0,7.5873897852924435
ITEM_3842,SBA,ultimo_precio_conocido,2025-07,0.0,8.838170820991767,0.0,6.849582386268619
ITEM_3842,SBA,ultimo_precio_conocido,2025-08,0.0,8.838170820991767,0.0,6.849582386268619
ITEM_3842,SBA,ultimo_precio_conocido,2025-09,0.0,8.838170820991767,0.0,6.849582386268619
ITEM_3842,SBA,ultimo_precio_conocido,2025-10,0.0,8.838170820991767,0.0,6.849582386268619
ITEM_3842,SBA,ultimo_precio_conocido,2025-11,0.0,8.838170820991767,0.0,6.849582386268619
ITEM_3842,SBA,ultimo_precio_conocido,2025-12,0.0,8.838170820991767,0.0,6.849582386268619
ITEM_3842,SBA,promedio_historico,2025-07,0.0,8.838170820991767,0.0,6.427023983656002
ITEM_3842,SBA,promedio_historico,2025-08,0.0,8.838170820991767,0.0,6.427023983656002
ITEM_3842,SBA,promedio_historico,2025-09,0.0,8.838170820991767,0.0,6.427023983656002
ITEM_3842,SBA,promedio_historico,2025-10,0.0,8.838170820991767,0.0,6.427023983656002
ITEM_3842,SBA,promedio_historico,2025-11,0.0,8.838170820991767,0.0,6.427023983656002
ITEM_3842,SBA,promedio_historico,2025-12,0.0,8.838170820991767,0.0,6.427023983656002
ITEM_3842,SBA,promedio_movil_historico,2025-07,0.0,8.838170820991767,0.0,7.20802029602782
ITEM_3842,SBA,promedio_movil_historico,2025-08,0.0,8.838170820991767,0.0,7.20802029602782
ITEM_3842,SBA,promedio_movil_historico,2025-09,0.0,8.838170820991767,0.0,7.20802029602782
ITEM_3842,SBA,promedio_movil_historico,2025-10,0.0,8.838170820991767,0.0,7.20802029602782
ITEM_3842,SBA,promedio_movil_historico,2025-11,0.0,8.838170820991767,0.0,7.20802029602782
ITEM_3842,SBA,promedio_movil_historico,2025-12,0.0,8.838170820991767,0.0,7.20802029602782
ITEM_3842,Bootstrap,ultimo_precio_conocido,2025-07,0.0,6.953959990063445,0.0,5.389318992299169
ITEM_3842,Bootstrap,ultimo_precio_conocido,2025-08,0.0,6.953959990063445,0.0,5.389318992299169
ITEM_3842,Bootstrap,ultimo_precio_conocido,2025-09,0.0,7.153596816775109,0.0,5.544037533000709
ITEM_3842,Bootstrap,ultimo_precio_conocido,2025-10,0.0,6.489384555138026,0.0,5.02927303023197
ITEM_3842,Bootstrap,ultimo_precio_conocido,2025-11,0.0,6.21657180191797,0.0,4.817843146486426
ITEM_3842,Bootstrap,ultimo_precio_conocido,2025-12,0.0,6.21657180191797,0.0,4.817843146486426
ITEM_3842,Bootstrap,promedio_historico,2025-07,0.0,6.953959990063445,0.0,5.056845872606341
ITEM_3842,Bootstrap,promedio_historico,2025-08,0.0,6.953959990063445,0.0,5.056845872606341
ITEM_3842,Bootstrap,promedio_historico,2025-09,0.0,7.153596816775109,0.0,5.202019653390187
ITEM_3842,Bootstrap,promedio_historico,2025-10,0.0,6.489384555138026,0.0,4.719011548857885
ITEM_3842,Bootstrap,promedio_historico,2025-11,0.0,6.21657180191797,0.0,4.520625011246728
ITEM_3842,Bootstrap,promedio_historico,2025-12,0.0,6.21657180191797,0.0,4.520625011246728
ITEM_3842,Bootstrap,promedio_movil_historico,2025-07,0.0,6.953959990063445,0.0,5.671341475669519
ITEM_3842,Bootstrap,promedio_movil_historico,2025-08,0.0,6.953959990063445,0.0,5.671341475669519
ITEM_3842,Bootstrap,promedio_movil_historico,2025-09,0.0,7.153596816775109,0.0,5.834156420969568
ITEM_3842,Bootstrap,promedio_movil_historico,2025-10,0.0,6.489384555138026,0.0,5.292454347121962
ITEM_3842,Bootstrap,promedio_movil_historico,2025-11,0.0,6.21657180191797,0.0,5.069960360294411
ITEM_3842,Bootstrap,promedio_movil_historico,2025-12,0.0,6.21657180191797,0.0,5.069960360294411
ITEM_3868,Croston,ultimo_precio_conocido,2025-07,0.0,12.256644181593773,0.0,2.757744940858599
ITEM_3868,Croston,ultimo_precio_conocido,2025-08,0.0,12.256644181593773,0.0,2.757744940858599
ITEM_3868,Croston,ultimo_precio_conocido,2025-09,0.0,12.256644181593773,0.0,2.757744940858599
ITEM_3868,Croston,ultimo_precio_conocido,2025-10,0.0,12.256644181593773,0.0,2.757744940858599
ITEM_3868,Croston,ultimo_precio_conocido,2025-11,0.0,12.256644181593773,0.0,2.757744940858599
ITEM_3868,Croston,ultimo_precio_conocido,2025-12,0.0,12.256644181593773,0.0,2.757744940858599
ITEM_3868,Croston,promedio_historico,2025-07,0.0,12.256644181593773,0.0,6.870651826410216
ITEM_3868,Croston,promedio_historico,2025-08,0.0,12.256644181593773,0.0,6.870651826410216
ITEM_3868,Croston,promedio_historico,2025-09,0.0,12.256644181593773,0.0,6.870651826410216
ITEM_3868,Croston,promedio_historico,2025-10,0.0,12.256644181593773,0.0,6.870651826410216
ITEM_3868,Croston,promedio_historico,2025-11,0.0,12.256644181593773,0.0,6.870651826410216
ITEM_3868,Croston,promedio_historico,2025-12,0.0,12.256644181593773,0.0,6.870651826410216
ITEM_3868,Croston,promedio_movil_historico,2025-07,0.0,12.256644181593773,0.0,5.458292753609501
ITEM_3868,Croston,promedio_movil_historico,2025-08,0.0,12.256644181593773,0.0,5.458292753609501
ITEM_3868,Croston,promedio_movil_historico,2025-09,0.0,12.256644181593773,0.0,5.458292753609501
ITEM_3868,Croston,promedio_movil_historico,2025-10,0.0,12.256644181593773,0.0,5.458292753609501
ITEM_3868,Croston,promedio_movil_historico,2025-11,0.0,12.256644181593773,0.0,5.458292753609501
ITEM_3868,Croston,promedio_movil_historico,2025-12,0.0,12.256644181593773,0.0,5.458292753609501
ITEM_3868,SBA,ultimo_precio_conocido,2025-07,0.0,11.643811972514083,0.0,2.6198576938156686
ITEM_3868,SBA,ultimo_precio_conocido,2025-08,0.0,11.643811972514083,0.0,2.6198576938156686
ITEM_3868,SBA,ultimo_precio_conocido,2025-09,0.0,11.643811972514083,0.0,2.6198576938156686
ITEM_3868,SBA,ultimo_precio_conocido,2025-10,0.0,11.643811972514083,0.0,2.6198576938156686
ITEM_3868,SBA,ultimo_precio_conocido,2025-11,0.0,11.643811972514083,0.0,2.6198576938156686
ITEM_3868,SBA,ultimo_precio_conocido,2025-12,0.0,11.643811972514083,0.0,2.6198576938156686
ITEM_3868,SBA,promedio_historico,2025-07,0.0,11.643811972514083,0.0,6.527119235089705
ITEM_3868,SBA,promedio_historico,2025-08,0.0,11.643811972514083,0.0,6.527119235089705
ITEM_3868,SBA,promedio_historico,2025-09,0.0,11.643811972514083,0.0,6.527119235089705
ITEM_3868,SBA,promedio_historico,2025-10,0.0,11.643811972514083,0.0,6.527119235089705
ITEM_3868,SBA,promedio_historico,2025-11,0.0,11.643811972514083,0.0,6.527119235089705
ITEM_3868,SBA,promedio_historico,2025-12,0.0,11.643811972514083,0.0,6.527119235089705
ITEM_3868,SBA,promedio_movil_historico,2025-07,0.0,11.643811972514083,0.0,5.1853781159290255
ITEM_3868,SBA,promedio_movil_historico,2025-08,0.0,11.643811972514083,0.0,5.1853781159290255
ITEM_3868,SBA,promedio_movil_historico,2025-09,0.0,11.643811972514083,0.0,5.1853781159290255
ITEM_3868,SBA,promedio_movil_historico,2025-10,0.0,11.643811972514083,0.0,5.1853781159290255
ITEM_3868,SBA,promedio_movil_historico,2025-11,0.0,11.643811972514083,0.0,5.1853781159290255
ITEM_3868,SBA,promedio_movil_historico,2025-12,0.0,11.643811972514083,0.0,5.1853781159290255
ITEM_3868,Bootstrap,ultimo_precio_conocido,2025-07,0.0,5.939172931452015,0.0,1.3363139095767034
ITEM_3868,Bootstrap,ultimo_precio_conocido,2025-08,0.0,5.878717104649296,0.0,1.3227113485460917
ITEM_3868,Bootstrap,ultimo_precio_conocido,2025-09,0.0,5.878717104649296,0.0,1.3227113485460917
ITEM_3868,Bootstrap,ultimo_precio_conocido,2025-10,0.0,5.878717104649296,0.0,1.3227113485460917
ITEM_3868,Bootstrap,ultimo_precio_conocido,2025-11,0.0,5.878717104649296,0.0,1.3227113485460917
ITEM_3868,Bootstrap,ultimo_precio_conocido,2025-12,0.0,6.30070568218718,0.0,1.4176587784921155
ITEM_3868,Bootstrap,promedio_historico,2025-07,0.0,5.939172931452015,0.0,3.3292954208564427
ITEM_3868,Bootstrap,promedio_historico,2025-08,0.0,5.878717104649296,0.0,3.2954059703114873
ITEM_3868,Bootstrap,promedio_historico,2025-09,0.0,5.878717104649296,0.0,3.2954059703114873
ITEM_3868,Bootstrap,promedio_historico,2025-10,0.0,5.878717104649296,0.0,3.2954059703114873
ITEM_3868,Bootstrap,promedio_historico,2025-11,0.0,5.878717104649296,0.0,3.2954059703114873
ITEM_3868,Bootstrap,promedio_historico,2025-12,0.0,6.30070568218718,0.0,3.5319582066355983
ITEM_3868,Bootstrap,promedio_movil_historico,2025-07,0.0,5.939172931452015,0.0,2.644911942769872
ITEM_3868,Bootstrap,promedio_movil_historico,2025-08,0.0,5.878717104649296,0.0,2.617988945213469
ITEM_3868,Bootstrap,promedio_movil_historico,2025-09,0.0,5.878717104649296,0.0,2.617988945213469
ITEM_3868,Bootstrap,promedio_movil_historico,2025-10,0.0,5.878717104649296,0.0,2.617988945213469
ITEM_3868,Bootstrap,promedio_movil_historico,2025-11,0.0,5.878717104649296,0.0,2.617988945213469
ITEM_3868,Bootstrap,promedio_movil_historico,2025-12,0.0,6.30070568218718,0.0,2.8059145438320545
ITEM_3906,Croston,ultimo_precio_conocido,2025-07,0.0,4.892805619414316,0.0,5.8713667432971794
ITEM_3906,Croston,ultimo_precio_conocido,2025-08,0.0,4.892805619414316,0.0,5.8713667432971794
ITEM_3906,Croston,ultimo_precio_conocido,2025-09,0.0,4.892805619414316,0.0,5.8713667432971794
ITEM_3906,Croston,ultimo_precio_conocido,2025-10,0.0,4.892805619414316,0.0,5.8713667432971794
ITEM_3906,Croston,ultimo_precio_conocido,2025-11,0.0,4.892805619414316,0.0,5.8713667432971794
ITEM_3906,Croston,ultimo_precio_conocido,2025-12,0.0,4.892805619414316,0.0,5.8713667432971794
ITEM_3906,Croston,promedio_historico,2025-07,0.0,4.892805619414316,0.0,6.434587287821834
ITEM_3906,Croston,promedio_historico,2025-08,0.0,4.892805619414316,0.0,6.434587287821834
ITEM_3906,Croston,promedio_historico,2025-09,0.0,4.892805619414316,0.0,6.434587287821834
ITEM_3906,Croston,promedio_historico,2025-10,0.0,4.892805619414316,0.0,6.434587287821834
ITEM_3906,Croston,promedio_historico,2025-11,0.0,4.892805619414316,0.0,6.434587287821834
ITEM_3906,Croston,promedio_historico,2025-12,0.0,4.892805619414316,0.0,6.434587287821834
ITEM_3906,Croston,promedio_movil_historico,2025-07,0.0,4.892805619414316,0.0,6.27910054491504
ITEM_3906,Croston,promedio_movil_historico,2025-08,0.0,4.892805619414316,0.0,6.27910054491504
ITEM_3906,Croston,promedio_movil_historico,2025-09,0.0,4.892805619414316,0.0,6.27910054491504
ITEM_3906,Croston,promedio_movil_historico,2025-10,0.0,4.892805619414316,0.0,6.27910054491504
ITEM_3906,Croston,promedio_movil_historico,2025-11,0.0,4.892805619414316,0.0,6.27910054491504
ITEM_3906,Croston,promedio_movil_historico,2025-12,0.0,4.892805619414316,0.0,6.27910054491504
ITEM_3906,SBA,ultimo_precio_conocido,2025-07,0.0,4.6481653384436,0.0,5.577798406132319
ITEM_3906,SBA,ultimo_precio_conocido,2025-08,0.0,4.6481653384436,0.0,5.577798406132319
ITEM_3906,SBA,ultimo_precio_conocido,2025-09,0.0,4.6481653384436,0.0,5.577798406132319
ITEM_3906,SBA,ultimo_precio_conocido,2025-10,0.0,4.6481653384436,0.0,5.577798406132319
ITEM_3906,SBA,ultimo_precio_conocido,2025-11,0.0,4.6481653384436,0.0,5.577798406132319
ITEM_3906,SBA,ultimo_precio_conocido,2025-12,0.0,4.6481653384436,0.0,5.577798406132319
ITEM_3906,SBA,promedio_historico,2025-07,0.0,4.6481653384436,0.0,6.112857923430742
ITEM_3906,SBA,promedio_historico,2025-08,0.0,4.6481653384436,0.0,6.112857923430742
ITEM_3906,SBA,promedio_historico,2025-09,0.0,4.6481653384436,0.0,6.112857923430742
ITEM_3906,SBA,promedio_historico,2025-10,0.0,4.6481653384436,0.0,6.112857923430742
ITEM_3906,SBA,promedio_historico,2025-11,0.0,4.6481653384436,0.0,6.112857923430742
ITEM_3906,SBA,promedio_historico,2025-12,0.0,4.6481653384436,0.0,6.112857923430742
ITEM_3906,SBA,promedio_movil_historico,2025-07,0.0,4.6481653384436,0.0,5.965145517669287
ITEM_3906,SBA,promedio_movil_historico,2025-08,0.0,4.6481653384436,0.0,5.965145517669287
ITEM_3906,SBA,promedio_movil_historico,2025-09,0.0,4.6481653384436,0.0,5.965145517669287
ITEM_3906,SBA,promedio_movil_historico,2025-10,0.0,4.6481653384436,0.0,5.965145517669287
ITEM_3906,SBA,promedio_movil_historico,2025-11,0.0,4.6481653384436,0.0,5.965145517669287
ITEM_3906,SBA,promedio_movil_historico,2025-12,0.0,4.6481653384436,0.0,5.965145517669287
ITEM_3906,Bootstrap,ultimo_precio_conocido,2025-07,0.0,3.757302406774413,0.0,4.508762888129295
ITEM_3906,Bootstrap,ultimo_precio_conocido,2025-08,0.0,3.564068765841845,0.0,4.276882519010214
ITEM_3906,Bootstrap,ultimo_precio_conocido,2025-09,0.0,3.6333469999220336,0.0,4.36001639990644
ITEM_3906,Bootstrap,ultimo_precio_conocido,2025-10,0.0,3.23964543694076,0.0,3.8875745243289117
ITEM_3906,Bootstrap,ultimo_precio_conocido,2025-11,0.0,3.23964543694076,0.0,3.8875745243289117
ITEM_3906,Bootstrap,ultimo_precio_conocido,2025-12,0.0,3.2549702802130263,0.0,3.9059643362556313
ITEM_3906,Bootstrap,promedio_historico,2025-07,0.0,3.757302406774413,0.0,4.941273409105315
ITEM_3906,Bootstrap,promedio_historico,2025-08,0.0,3.564068765841845,0.0,4.687149532900098
ITEM_3906,Bootstrap,promedio_historico,2025-09,0.0,3.6333469999220336,0.0,4.778258168519367
ITEM_3906,Bootstrap,promedio_historico,2025-10,0.0,3.23964543694076,0.0,4.260496526343577
ITEM_3906,Bootstrap,promedio_historico,2025-11,0.0,3.23964543694076,0.0,4.260496526343577
ITEM_3906,Bootstrap,promedio_historico,2025-12,0.0,3.2549702802130263,0.0,4.280650411328566
ITEM_3906,Bootstrap,promedio_movil_historico,2025-07,0.0,3.757302406774413,0.0,4.821871422027164
ITEM_3906,Bootstrap,promedio_movil_historico,2025-08,0.0,3.564068765841845,0.0,4.573888249497035
ITEM_3906,Bootstrap,promedio_movil_historico,2025-09,0.0,3.6333469999220336,0.0,4.66279531656661
ITEM_3906,Bootstrap,promedio_movil_historico,2025-10,0.0,3.23964543694076,0.0,4.1575449774073086
ITEM_3906,Bootstrap,promedio_movil_historico,2025-11,0.0,3.23964543694076,0.0,4.1575449774073086
ITEM_3906,Bootstrap,promedio_movil_historico,2025-12,0.0,3.2549702802130263,0.0,4.177211859606717
ITEM_3937,Croston,ultimo_precio_conocido,2025-07,0.0,2.093805498076758,0.0,4.353021630501581
ITEM_3937,Croston,ultimo_precio_conocido,2025-08,0.0,2.093805498076758,0.0,4.353021630501581
ITEM_3937,Croston,ultimo_precio_conocido,2025-09,0.0,2.093805498076758,0.0,4.353021630501581
ITEM_3937,Croston,ultimo_precio_conocido,2025-10,0.0,2.093805498076758,0.0,4.353021630501581
ITEM_3937,Croston,ultimo_precio_conocido,2025-11,0.0,2.093805498076758,0.0,4.353021630501581
ITEM_3937,Croston,ultimo_precio_conocido,2025-12,4.0,2.093805498076758,0.68,4.353021630501581
ITEM_3937,Croston,promedio_historico,2025-07,0.0,2.093805498076758,0.0,5.066853279886638
ITEM_3937,Croston,promedio_historico,2025-08,0.0,2.093805498076758,0.0,5.066853279886638
ITEM_3937,Croston,promedio_historico,2025-09,0.0,2.093805498076758,0.0,5.066853279886638
ITEM_3937,Croston,promedio_historico,2025-10,0.0,2.093805498076758,0.0,5.066853279886638
ITEM_3937,Croston,promedio_historico,2025-11,0.0,2.093805498076758,0.0,5.066853279886638
ITEM_3937,Croston,promedio_historico,2025-12,4.0,2.093805498076758,0.68,5.066853279886638
ITEM_3937,Croston,promedio_movil_historico,2025-07,0.0,2.093805498076758,0.0,4.342692190044402
ITEM_3937,Croston,promedio_movil_historico,2025-08,0.0,2.093805498076758,0.0,4.342692190044402
ITEM_3937,Croston,promedio_movil_historico,2025-09,0.0,2.093805498076758,0.0,4.342692190044402
ITEM_3937,Croston,promedio_movil_historico,2025-10,0.0,2.093805498076758,0.0,4.342692190044402
ITEM_3937,Croston,promedio_movil_historico,2025-11,0.0,2.093805498076758,0.0,4.342692190044402
ITEM_3937,Croston,promedio_movil_historico,2025-12,4.0,2.093805498076758,0.68,4.342692190044402
ITEM_3937,SBA,ultimo_precio_conocido,2025-07,0.0,1.98911522317292,0.0,4.135370548976502
ITEM_3937,SBA,ultimo_precio_conocido,2025-08,0.0,1.98911522317292,0.0,4.135370548976502
ITEM_3937,SBA,ultimo_precio_conocido,2025-09,0.0,1.98911522317292,0.0,4.135370548976502
ITEM_3937,SBA,ultimo_precio_conocido,2025-10,0.0,1.98911522317292,0.0,4.135370548976502
ITEM_3937,SBA,ultimo_precio_conocido,2025-11,0.0,1.98911522317292,0.0,4.135370548976502
ITEM_3937,SBA,ultimo_precio_conocido,2025-12,4.0,1.98911522317292,0.68,4.135370548976502
ITEM_3937,SBA,promedio_historico,2025-07,0.0,1.98911522317292,0.0,4.813510615892306
ITEM_3937,SBA,promedio_historico,2025-08,0.0,1.98911522317292,0.0,4.813510615892306
ITEM_3937,SBA,promedio_historico,2025-09,0.0,1.98911522317292,0.0,4.813510615892306
ITEM_3937,SBA,promedio_historico,2025-10,0.0,1.98911522317292,0.0,4.813510615892306
ITEM_3937,SBA,promedio_historico,2025-11,0.0,1.98911522317292,0.0,4.813510615892306
ITEM_3937,SBA,promedio_historico,2025-12,4.0,1.98911522317292,0.68,4.813510615892306
ITEM_3937,SBA,promedio_movil_historico,2025-07,0.0,1.98911522317292,0.0,4.125557580542182
ITEM_3937,SBA,promedio_movil_historico,2025-08,0.0,1.98911522317292,0.0,4.125557580542182
ITEM_3937,SBA,promedio_movil_historico,2025-09,0.0,1.98911522317292,0.0,4.125557580542182
ITEM_3937,SBA,promedio_movil_historico,2025-10,0.0,1.98911522317292,0.0,4.125557580542182
ITEM_3937,SBA,promedio_movil_historico,2025-11,0.0,1.98911522317292,0.0,4.125557580542182
ITEM_3937,SBA,promedio_movil_historico,2025-12,4.0,1.98911522317292,0.68,4.125557580542182
ITEM_3937,Bootstrap,ultimo_precio_conocido,2025-07,0.0,2.9360419664391713,0.0,6.104031248227038
ITEM_3937,Bootstrap,ultimo_precio_conocido,2025-08,0.0,2.9360419664391713,0.0,6.104031248227038
ITEM_3937,Bootstrap,ultimo_precio_conocido,2025-09,0.0,2.933351924963551,0.0,6.098438651999223
ITEM_3937,Bootstrap,ultimo_precio_conocido,2025-10,0.0,2.964262246414464,0.0,6.162701210295672
ITEM_3937,Bootstrap,ultimo_precio_conocido,2025-11,0.0,2.7918588215209525,0.0,5.804274489942061
ITEM_3937,Bootstrap,ultimo_precio_conocido,2025-12,4.0,2.7918588215209525,0.68,5.804274489942061
ITEM_3937,Bootstrap,promedio_historico,2025-07,0.0,2.9360419664391713,0.0,7.105002771843789
ITEM_3937,Bootstrap,promedio_historico,2025-08,0.0,2.9360419664391713,0.0,7.105002771843789
ITEM_3937,Bootstrap,promedio_historico,2025-09,0.0,2.933351924963551,0.0,7.098493071928349
ITEM_3937,Bootstrap,promedio_historico,2025-10,0.0,2.964262246414464,0.0,7.173293746475134
ITEM_3937,Bootstrap,promedio_historico,2025-11,0.0,2.7918588215209525,0.0,6.756090305330404
ITEM_3937,Bootstrap,promedio_historico,2025-12,4.0,2.7918588215209525,0.68,6.756090305330404
ITEM_3937,Bootstrap,promedio_movil_historico,2025-07,0.0,2.9360419664391713,0.0,6.089546774525938
ITEM_3937,Bootstrap,promedio_movil_historico,2025-08,0.0,2.9360419664391713,0.0,6.089546774525938
ITEM_3937,Bootstrap,promedio_movil_historico,2025-09,0.0,2.933351924963551,0.0,6.083967449169403
ITEM_3937,Bootstrap,promedio_movil_historico,2025-10,0.0,2.964262246414464,0.0,6.148077516546694
ITEM_3937,Bootstrap,promedio_movil_historico,2025-11,0.0,2.7918588215209525,0.0,5.790501319755891
ITEM_3937,Bootstrap,promedio_movil_historico,2025-12,4.0,2.7918588215209525,0.68,5.790501319755891
ITEM_3976,Croston,ultimo_precio_conocido,2025-07,0.0,10.21759847682236,0.0,10.21759847682236
ITEM_3976,Croston,ultimo_precio_conocido,2025-08,0.0,10.21759847682236,0.0,10.21759847682236
ITEM_3976,Croston,ultimo_precio_conocido,2025-09,0.0,10.21759847682236,0.0,10.21759847682236
ITEM_3976,Croston,ultimo_precio_conocido,2025-10,0.0,10.21759847682236,0.0,10.21759847682236
ITEM_3976,Croston,ultimo_precio_conocido,2025-11,0.0,10.21759847682236,0.0,10.21759847682236
ITEM_3976,Croston,ultimo_precio_conocido,2025-12,3.0,10.21759847682236,4.8,10.21759847682236
ITEM_3976,Croston,promedio_historico,2025-07,0.0,10.21759847682236,0.0,4.294758091417183
ITEM_3976,Croston,promedio_historico,2025-08,0.0,10.21759847682236,0.0,4.294758091417183
ITEM_3976,Croston,promedio_historico,2025-09,0.0,10.21759847682236,0.0,4.294758091417183
ITEM_3976,Croston,promedio_historico,2025-10,0.0,10.21759847682236,0.0,4.294758091417183
ITEM_3976,Croston,promedio_historico,2025-11,0.0,10.21759847682236,0.0,4.294758091417183
ITEM_3976,Croston,promedio_historico,2025-12,3.0,10.21759847682236,4.8,4.294758091417183
ITEM_3976,Croston,promedio_movil_historico,2025-07,0.0,10.21759847682236,0.0,4.94259296985487
ITEM_3976,Croston,promedio_movil_historico,2025-08,0.0,10.21759847682236,0.0,4.94259296985487
ITEM_3976,Croston,promedio_movil_historico,2025-09,0.0,10.21759847682236,0.0,4.94259296985487
ITEM_3976,Croston,promedio_movil_historico,2025-10,0.0,10.21759847682236,0.0,4.94259296985487
ITEM_3976,Croston,promedio_movil_historico,2025-11,0.0,10.21759847682236,0.0,4.94259296985487
ITEM_3976,Croston,promedio_movil_historico,2025-12,3.0,10.21759847682236,4.8,4.94259296985487
ITEM_3976,SBA,ultimo_precio_conocido,2025-07,0.0,9.706718552981242,0.0,9.706718552981242
ITEM_3976,SBA,ultimo_precio_conocido,2025-08,0.0,9.706718552981242,0.0,9.706718552981242
ITEM_3976,SBA,ultimo_precio_conocido,2025-09,0.0,9.706718552981242,0.0,9.706718552981242
ITEM_3976,SBA,ultimo_precio_conocido,2025-10,0.0,9.706718552981242,0.0,9.706718552981242
ITEM_3976,SBA,ultimo_precio_conocido,2025-11,0.0,9.706718552981242,0.0,9.706718552981242
ITEM_3976,SBA,ultimo_precio_conocido,2025-12,3.0,9.706718552981242,4.8,9.706718552981242
ITEM_3976,SBA,promedio_historico,2025-07,0.0,9.706718552981242,0.0,4.0800201868463235
ITEM_3976,SBA,promedio_historico,2025-08,0.0,9.706718552981242,0.0,4.0800201868463235
ITEM_3976,SBA,promedio_historico,2025-09,0.0,9.706718552981242,0.0,4.0800201868463235
ITEM_3976,SBA,promedio_historico,2025-10,0.0,9.706718552981242,0.0,4.0800201868463235
ITEM_3976,SBA,promedio_historico,2025-11,0.0,9.706718552981242,0.0,4.0800201868463235
ITEM_3976,SBA,promedio_historico,2025-12,3.0,9.706718552981242,4.8,4.0800201868463235
ITEM_3976,SBA,promedio_movil_historico,2025-07,0.0,9.706718552981242,0.0,4.695463321362126
ITEM_3976,SBA,promedio_movil_historico,2025-08,0.0,9.706718552981242,0.0,4.695463321362126
ITEM_3976,SBA,promedio_movil_historico,2025-09,0.0,9.706718552981242,0.0,4.695463321362126
ITEM_3976,SBA,promedio_movil_historico,2025-10,0.0,9.706718552981242,0.0,4.695463321362126
ITEM_3976,SBA,promedio_movil_historico,2025-11,0.0,9.706718552981242,0.0,4.695463321362126
ITEM_3976,SBA,promedio_movil_historico,2025-12,3.0,9.706718552981242,4.8,4.695463321362126
ITEM_3976,Bootstrap,ultimo_precio_conocido,2025-07,0.0,8.491784540542847,0.0,8.491784540542847
ITEM_3976,Bootstrap,ultimo_precio_conocido,2025-08,0.0,8.314390062813905,0.0,8.314390062813905
ITEM_3976,Bootstrap,ultimo_precio_conocido,2025-09,0.0,7.502215566766372,0.0,7.502215566766372
ITEM_3976,Bootstrap,ultimo_precio_conocido,2025-10,0.0,6.677504018080144,0.0,6.677504018080144
ITEM_3976,Bootstrap,ultimo_precio_conocido,2025-11,0.0,7.482571284261775,0.0,7.482571284261775
ITEM_3976,Bootstrap,ultimo_precio_conocido,2025-12,3.0,7.2166356615274845,4.8,7.2166356615274845
ITEM_3976,Bootstrap,promedio_historico,2025-07,0.0,8.491784540542847,0.0,3.5693475770061616
ITEM_3976,Bootstrap,promedio_historico,2025-08,0.0,8.314390062813905,0.0,3.4947834443161443
ITEM_3976,Bootstrap,promedio_historico,2025-09,0.0,7.502215566766372,0.0,3.1534025419000615
ITEM_3976,Bootstrap,promedio_historico,2025-10,0.0,6.677504018080144,0.0,2.806751946377061
ITEM_3976,Bootstrap,promedio_historico,2025-11,0.0,7.482571284261775,0.0,3.14514547039465
ITEM_3976,Bootstrap,promedio_historico,2025-12,3.0,7.2166356615274845,4.8,3.033364882213878
ITEM_3976,Bootstrap,promedio_movil_historico,2025-07,0.0,8.491784540542847,0.0,4.10775924174526
ITEM_3976,Bootstrap,promedio_movil_historico,2025-08,0.0,8.314390062813905,0.0,4.021947619718513
ITEM_3976,Bootstrap,promedio_movil_historico,2025-09,0.0,7.502215566766372,0.0,3.62907174349712
ITEM_3976,Bootstrap,promedio_movil_historico,2025-10,0.0,6.677504018080144,0.0,3.230131277012635
ITEM_3976,Bootstrap,promedio_movil_historico,2025-11,0.0,7.482571284261775,0.0,3.6195691492402293
ITEM_3976,Bootstrap,promedio_movil_historico,2025-12,3.0,7.2166356615274845,4.8,3.4909272240028955
ITEM_4000,Croston,ultimo_precio_conocido,2025-07,0.0,5.6419164152028225,0.0,19.74670745320988
ITEM_4000,Croston,ultimo_precio_conocido,2025-08,0.0,5.6419164152028225,0.0,19.74670745320988
ITEM_4000,Croston,ultimo_precio_conocido,2025-09,0.0,5.6419164152028225,0.0,19.74670745320988
ITEM_4000,Croston,ultimo_precio_conocido,2025-10,0.0,5.6419164152028225,0.0,19.74670745320988
ITEM_4000,Croston,ultimo_precio_conocido,2025-11,0.0,5.6419164152028225,0.0,19.74670745320988
ITEM_4000,Croston,ultimo_precio_conocido,2025-12,0.0,5.6419164152028225,0.0,19.74670745320988
ITEM_4000,Croston,promedio_historico,2025-07,0.0,5.6419164152028225,0.0,9.11124383351124
ITEM_4000,Croston,promedio_historico,2025-08,0.0,5.6419164152028225,0.0,9.11124383351124
ITEM_4000,Croston,promedio_historico,2025-09,0.0,5.6419164152028225,0.0,9.11124383351124
ITEM_4000,Croston,promedio_historico,2025-10,0.0,5.6419164152028225,0.0,9.11124383351124
ITEM_4000,Croston,promedio_historico,2025-11,0.0,5.6419164152028225,0.0,9.11124383351124
ITEM_4000,Croston,promedio_historico,2025-12,0.0,5.6419164152028225,0.0,9.11124383351124
ITEM_4000,Croston,promedio_movil_historico,2025-07,0.0,5.6419164152028225,0.0,15.985429843074664
ITEM_4000,Croston,promedio_movil_historico,2025-08,0.0,5.6419164152028225,0.0,15.985429843074664
ITEM_4000,Croston,promedio_movil_historico,2025-09,0.0,5.6419164152028225,0.0,15.985429843074664
ITEM_4000,Croston,promedio_movil_historico,2025-10,0.0,5.6419164152028225,0.0,15.985429843074664
ITEM_4000,Croston,promedio_movil_historico,2025-11,0.0,5.6419164152028225,0.0,15.985429843074664
ITEM_4000,Croston,promedio_movil_historico,2025-12,0.0,5.6419164152028225,0.0,15.985429843074664
ITEM_4000,SBA,ultimo_precio_conocido,2025-07,0.0,5.359820594442681,0.0,18.759372080549383
ITEM_4000,SBA,ultimo_precio_conocido,2025-08,0.0,5.359820594442681,0.0,18.759372080549383
ITEM_4000,SBA,ultimo_precio_conocido,2025-09,0.0,5.359820594442681,0.0,18.759372080549383
ITEM_4000,SBA,ultimo_precio_conocido,2025-10,0.0,5.359820594442681,0.0,18.759372080549383
ITEM_4000,SBA,ultimo_precio_conocido,2025-11,0.0,5.359820594442681,0.0,18.759372080549383
ITEM_4000,SBA,ultimo_precio_conocido,2025-12,0.0,5.359820594442681,0.0,18.759372080549383
ITEM_4000,SBA,promedio_historico,2025-07,0.0,5.359820594442681,0.0,8.655681641835677
ITEM_4000,SBA,promedio_historico,2025-08,0.0,5.359820594442681,0.0,8.655681641835677
ITEM_4000,SBA,promedio_historico,2025-09,0.0,5.359820594442681,0.0,8.655681641835677
ITEM_4000,SBA,promedio_historico,2025-10,0.0,5.359820594442681,0.0,8.655681641835677
ITEM_4000,SBA,promedio_historico,2025-11,0.0,5.359820594442681,0.0,8.655681641835677
ITEM_4000,SBA,promedio_historico,2025-12,0.0,5.359820594442681,0.0,8.655681641835677
ITEM_4000,SBA,promedio_movil_historico,2025-07,0.0,5.359820594442681,0.0,15.18615835092093
ITEM_4000,SBA,promedio_movil_historico,2025-08,0.0,5.359820594442681,0.0,15.18615835092093
ITEM_4000,SBA,promedio_movil_historico,2025-09,0.0,5.359820594442681,0.0,15.18615835092093
ITEM_4000,SBA,promedio_movil_historico,2025-10,0.0,5.359820594442681,0.0,15.18615835092093
ITEM_4000,SBA,promedio_movil_historico,2025-11,0.0,5.359820594442681,0.0,15.18615835092093
ITEM_4000,SBA,promedio_movil_historico,2025-12,0.0,5.359820594442681,0.0,15.18615835092093
ITEM_4000,Bootstrap,ultimo_precio_conocido,2025-07,0.0,3.041667168883093,0.0,10.645835091090825
ITEM_4000,Bootstrap,ultimo_precio_conocido,2025-08,0.0,2.9707803317842014,0.0,10.397731161244705
ITEM_4000,Bootstrap,ultimo_precio_conocido,2025-09,0.0,2.8405962182958477,0.0,9.942086764035468
ITEM_4000,Bootstrap,ultimo_precio_conocido,2025-10,0.0,2.733831680675974,0.0,9.56841088236591
ITEM_4000,Bootstrap,ultimo_precio_conocido,2025-11,0.0,2.733831680675974,0.0,9.56841088236591
ITEM_4000,Bootstrap,ultimo_precio_conocido,2025-12,0.0,2.922389238179743,0.0,10.2283623336291
ITEM_4000,Bootstrap,promedio_historico,2025-07,0.0,3.041667168883093,0.0,4.912049239404303
ITEM_4000,Bootstrap,promedio_historico,2025-08,0.0,2.9707803317842014,0.0,4.797572666221824
ITEM_4000,Bootstrap,promedio_historico,2025-09,0.0,2.8405962182958477,0.0,4.5873357335998355
ITEM_4000,Bootstrap,promedio_historico,2025-10,0.0,2.733831680675974,0.0,4.414919543171076
ITEM_4000,Bootstrap,promedio_historico,2025-11,0.0,2.733831680675974,0.0,4.414919543171076
ITEM_4000,Bootstrap,promedio_historico,2025-12,0.0,2.922389238179743,0.0,4.719424919826216
ITEM_4000,Bootstrap,promedio_movil_historico,2025-07,0.0,3.041667168883093,0.0,8.618056978502098
ITEM_4000,Bootstrap,promedio_movil_historico,2025-08,0.0,2.9707803317842014,0.0,8.417210940055238
ITEM_4000,Bootstrap,promedio_movil_historico,2025-09,0.0,2.8405962182958477,0.0,8.048355951838236
ITEM_4000,Bootstrap,promedio_movil_historico,2025-10,0.0,2.733831680675974,0.0,7.745856428581927
ITEM_4000,Bootstrap,promedio_movil_historico,2025-11,0.0,2.733831680675974,0.0,7.745856428581927
ITEM_4000,Bootstrap,promedio_movil_historico,2025-12,0.0,2.922389238179743,0.0,8.280102841509272
ITEM_4086,Croston,ultimo_precio_conocido,2025-07,0.0,4.600372095805252,0.0,8.763708842509004
ITEM_4086,Croston,ultimo_precio_conocido,2025-08,0.0,4.600372095805252,0.0,8.763708842509004
ITEM_4086,Croston,ultimo_precio_conocido,2025-09,0.0,4.600372095805252,0.0,8.763708842509004
ITEM_4086,Croston,ultimo_precio_conocido,2025-10,0.0,4.600372095805252,0.0,8.763708842509004
ITEM_4086,Croston,ultimo_precio_conocido,2025-11,0.0,4.600372095805252,0.0,8.763708842509004
ITEM_4086,Croston,ultimo_precio_conocido,2025-12,0.0,4.600372095805252,0.0,8.763708842509004
ITEM_4086,Croston,promedio_historico,2025-07,0.0,4.600372095805252,0.0,9.68602194678393
ITEM_4086,Croston,promedio_historico,2025-08,0.0,4.600372095805252,0.0,9.68602194678393
ITEM_4086,Croston,promedio_historico,2025-09,0.0,4.600372095805252,0.0,9.68602194678393
ITEM_4086,Croston,promedio_historico,2025-10,0.0,4.600372095805252,0.0,9.68602194678393
ITEM_4086,Croston,promedio_historico,2025-11,0.0,4.600372095805252,0.0,9.68602194678393
ITEM_4086,Croston,promedio_historico,2025-12,0.0,4.600372095805252,0.0,9.68602194678393
ITEM_4086,Croston,promedio_movil_historico,2025-07,0.0,4.600372095805252,0.0,8.32092302828775
ITEM_4086,Croston,promedio_movil_historico,2025-08,0.0,4.600372095805252,0.0,8.32092302828775
ITEM_4086,Croston,promedio_movil_historico,2025-09,0.0,4.600372095805252,0.0,8.32092302828775
ITEM_4086,Croston,promedio_movil_historico,2025-10,0.0,4.600372095805252,0.0,8.32092302828775
ITEM_4086,Croston,promedio_movil_historico,2025-11,0.0,4.600372095805252,0.0,8.32092302828775
ITEM_4086,Croston,promedio_movil_historico,2025-12,0.0,4.600372095805252,0.0,8.32092302828775
ITEM_4086,SBA,ultimo_precio_conocido,2025-07,0.0,4.370353491014989,0.0,8.325523400383554
ITEM_4086,SBA,ultimo_precio_conocido,2025-08,0.0,4.370353491014989,0.0,8.325523400383554
ITEM_4086,SBA,ultimo_precio_conocido,2025-09,0.0,4.370353491014989,0.0,8.325523400383554
ITEM_4086,SBA,ultimo_precio_conocido,2025-10,0.0,4.370353491014989,0.0,8.325523400383554
ITEM_4086,SBA,ultimo_precio_conocido,2025-11,0.0,4.370353491014989,0.0,8.325523400383554
ITEM_4086,SBA,ultimo_precio_conocido,2025-12,0.0,4.370353491014989,0.0,8.325523400383554
ITEM_4086,SBA,promedio_historico,2025-07,0.0,4.370353491014989,0.0,9.201720849444733
ITEM_4086,SBA,promedio_historico,2025-08,0.0,4.370353491014989,0.0,9.201720849444733
ITEM_4086,SBA,promedio_historico,2025-09,0.0,4.370353491014989,0.0,9.201720849444733
ITEM_4086,SBA,promedio_historico,2025-10,0.0,4.370353491014989,0.0,9.201720849444733
ITEM_4086,SBA,promedio_historico,2025-11,0.0,4.370353491014989,0.0,9.201720849444733
ITEM_4086,SBA,promedio_historico,2025-12,0.0,4.370353491014989,0.0,9.201720849444733
ITEM_4086,SBA,promedio_movil_historico,2025-07,0.0,4.370353491014989,0.0,7.904876876873362
ITEM_4086,SBA,promedio_movil_historico,2025-08,0.0,4.370353491014989,0.0,7.904876876873362
ITEM_4086,SBA,promedio_movil_historico,2025-09,0.0,4.370353491014989,0.0,7.904876876873362
ITEM_4086,SBA,promedio_movil_historico,2025-10,0.0,4.370353491014989,0.0,7.904876876873362
ITEM_4086,SBA,promedio_movil_historico,2025-11,0.0,4.370353491014989,0.0,7.904876876873362
ITEM_4086,SBA,promedio_movil_historico,2025-12,0.0,4.370353491014989,0.0,7.904876876873362
ITEM_4086,Bootstrap,ultimo_precio_conocido,2025-07,0.0,3.3253326744567357,0.0,6.334758744840082
ITEM_4086,Bootstrap,ultimo_precio_conocido,2025-08,0.0,3.3253326744567357,0.0,6.334758744840082
ITEM_4086,Bootstrap,ultimo_precio_conocido,2025-09,0.0,3.2233681116953323,0.0,6.140516252779608
ITEM_4086,Bootstrap,ultimo_precio_conocido,2025-10,0.0,3.0222368198199034,0.0,5.757361141756916
ITEM_4086,Bootstrap,ultimo_precio_conocido,2025-11,0.0,2.9203503614096666,0.0,5.563267438485415
ITEM_4086,Bootstrap,ultimo_precio_conocido,2025-12,0.0,2.9203503614096666,0.0,5.563267438485415
ITEM_4086,Bootstrap,promedio_historico,2025-07,0.0,3.3253326744567357,0.0,7.001443490737398
ITEM_4086,Bootstrap,promedio_historico,2025-08,0.0,3.3253326744567357,0.0,7.001443490737398
ITEM_4086,Bootstrap,promedio_historico,2025-09,0.0,3.2233681116953323,0.0,6.786758466975575
ITEM_4086,Bootstrap,promedio_historico,2025-10,0.0,3.0222368198199034,0.0,6.36327922079312
ITEM_4086,Bootstrap,promedio_historico,2025-11,0.0,2.9203503614096666,0.0,6.148758644698525
ITEM_4086,Bootstrap,promedio_historico,2025-12,0.0,2.9203503614096666,0.0,6.148758644698525
ITEM_4086,Bootstrap,promedio_movil_historico,2025-07,0.0,3.3253326744567357,0.0,6.014695474923621
ITEM_4086,Bootstrap,promedio_movil_historico,2025-08,0.0,3.3253326744567357,0.0,6.014695474923621
ITEM_4086,Bootstrap,promedio_movil_historico,2025-09,0.0,3.2233681116953323,0.0,5.830267072028932
ITEM_4086,Bootstrap,promedio_movil_historico,2025-10,0.0,3.0222368198199034,0.0,5.4664708478492505
ITEM_4086,Bootstrap,promedio_movil_historico,2025-11,0.0,2.9203503614096666,0.0,5.282183716199735
ITEM_4086,Bootstrap,promedio_movil_historico,2025-12,0.0,2.9203503614096666,0.0,5.282183716199735
ITEM_4130,Croston,ultimo_precio_conocido,2025-07,0.0,162.36802985745132,0.0,7.46892937344276
ITEM_4130,Croston,ultimo_precio_conocido,2025-08,0.0,162.36802985745132,0.0,7.46892937344276
ITEM_4130,Croston,ultimo_precio_conocido,2025-09,0.0,162.36802985745132,0.0,7.46892937344276
ITEM_4130,Croston,ultimo_precio_conocido,2025-10,0.0,162.36802985745132,0.0,7.46892937344276
ITEM_4130,Croston,ultimo_precio_conocido,2025-11,0.0,162.36802985745132,0.0,7.46892937344276
ITEM_4130,Croston,ultimo_precio_conocido,2025-12,0.0,162.36802985745132,0.0,7.46892937344276
ITEM_4130,Croston,promedio_historico,2025-07,0.0,162.36802985745132,0.0,51.08982761955635
ITEM_4130,Croston,promedio_historico,2025-08,0.0,162.36802985745132,0.0,51.08982761955635
ITEM_4130,Croston,promedio_historico,2025-09,0.0,162.36802985745132,0.0,51.08982761955635
ITEM_4130,Croston,promedio_historico,2025-10,0.0,162.36802985745132,0.0,51.08982761955635
ITEM_4130,Croston,promedio_historico,2025-11,0.0,162.36802985745132,0.0,51.08982761955635
ITEM_4130,Croston,promedio_historico,2025-12,0.0,162.36802985745132,0.0,51.08982761955635
ITEM_4130,Croston,promedio_movil_historico,2025-07,0.0,162.36802985745132,0.0,7.556236467186332
ITEM_4130,Croston,promedio_movil_historico,2025-08,0.0,162.36802985745132,0.0,7.556236467186332
ITEM_4130,Croston,promedio_movil_historico,2025-09,0.0,162.36802985745132,0.0,7.556236467186332
ITEM_4130,Croston,promedio_movil_historico,2025-10,0.0,162.36802985745132,0.0,7.556236467186332
ITEM_4130,Croston,promedio_movil_historico,2025-11,0.0,162.36802985745132,0.0,7.556236467186332
ITEM_4130,Croston,promedio_movil_historico,2025-12,0.0,162.36802985745132,0.0,7.556236467186332
ITEM_4130,SBA,ultimo_precio_conocido,2025-07,0.0,154.24962836457874,0.0,7.095482904770622
ITEM_4130,SBA,ultimo_precio_conocido,2025-08,0.0,154.24962836457874,0.0,7.095482904770622
ITEM_4130,SBA,ultimo_precio_conocido,2025-09,0.0,154.24962836457874,0.0,7.095482904770622
ITEM_4130,SBA,ultimo_precio_conocido,2025-10,0.0,154.24962836457874,0.0,7.095482904770622
ITEM_4130,SBA,ultimo_precio_conocido,2025-11,0.0,154.24962836457874,0.0,7.095482904770622
ITEM_4130,SBA,ultimo_precio_conocido,2025-12,0.0,154.24962836457874,0.0,7.095482904770622
ITEM_4130,SBA,promedio_historico,2025-07,0.0,154.24962836457874,0.0,48.53533623857853
ITEM_4130,SBA,promedio_historico,2025-08,0.0,154.24962836457874,0.0,48.53533623857853
ITEM_4130,SBA,promedio_historico,2025-09,0.0,154.24962836457874,0.0,48.53533623857853
ITEM_4130,SBA,promedio_historico,2025-10,0.0,154.24962836457874,0.0,48.53533623857853
ITEM_4130,SBA,promedio_historico,2025-11,0.0,154.24962836457874,0.0,48.53533623857853
ITEM_4130,SBA,promedio_historico,2025-12,0.0,154.24962836457874,0.0,48.53533623857853
ITEM_4130,SBA,promedio_movil_historico,2025-07,0.0,154.24962836457874,0.0,7.1784246438270145
ITEM_4130,SBA,promedio_movil_historico,2025-08,0.0,154.24962836457874,0.0,7.1784246438270145
ITEM_4130,SBA,promedio_movil_historico,2025-09,0.0,154.24962836457874,0.0,7.1784246438270145
ITEM_4130,SBA,promedio_movil_historico,2025-10,0.0,154.24962836457874,0.0,7.1784246438270145
ITEM_4130,SBA,promedio_movil_historico,2025-11,0.0,154.24962836457874,0.0,7.1784246438270145
ITEM_4130,SBA,promedio_movil_historico,2025-12,0.0,154.24962836457874,0.0,7.1784246438270145
ITEM_4130,Bootstrap,ultimo_precio_conocido,2025-07,0.0,101.44054540417208,0.0,4.666265088591916
ITEM_4130,Bootstrap,ultimo_precio_conocido,2025-08,0.0,103.04011102866986,0.0,4.739845107318813
ITEM_4130,Bootstrap,ultimo_precio_conocido,2025-09,0.0,103.04011102866986,0.0,4.739845107318813
ITEM_4130,Bootstrap,ultimo_precio_conocido,2025-10,0.0,103.04011102866986,0.0,4.739845107318813
ITEM_4130,Bootstrap,ultimo_precio_conocido,2025-11,0.0,103.04011102866986,0.0,4.739845107318813
ITEM_4130,Bootstrap,ultimo_precio_conocido,2025-12,0.0,95.2495327644797,0.0,4.381478507166066
ITEM_4130,Bootstrap,promedio_historico,2025-07,0.0,101.44054540417208,0.0,31.918721825244187
ITEM_4130,Bootstrap,promedio_historico,2025-08,0.0,103.04011102866986,0.0,32.42203231126478
ITEM_4130,Bootstrap,promedio_historico,2025-09,0.0,103.04011102866986,0.0,32.42203231126478
ITEM_4130,Bootstrap,promedio_historico,2025-10,0.0,103.04011102866986,0.0,32.42203231126478
ITEM_4130,Bootstrap,promedio_historico,2025-11,0.0,103.04011102866986,0.0,32.42203231126478
ITEM_4130,Bootstrap,promedio_historico,2025-12,0.0,95.2495327644797,0.0,29.970691977064913
ITEM_4130,Bootstrap,promedio_movil_historico,2025-07,0.0,101.44054540417208,0.0,4.720810796972909
ITEM_4130,Bootstrap,promedio_movil_historico,2025-08,0.0,103.04011102866986,0.0,4.7952509199090505
ITEM_4130,Bootstrap,promedio_movil_historico,2025-09,0.0,103.04011102866986,0.0,4.7952509199090505
ITEM_4130,Bootstrap,promedio_movil_historico,2025-10,0.0,103.04011102866986,0.0,4.7952509199090505
ITEM_4130,Bootstrap,promedio_movil_historico,2025-11,0.0,103.04011102866986,0.0,4.7952509199090505
ITEM_4130,Bootstrap,promedio_movil_historico,2025-12,0.0,95.2495327644797,0.0,4.432695239261668
ITEM_4209,Croston,ultimo_precio_conocido,2025-07,0.0,11.451167834355488,0.0,2.147093968941654
ITEM_4209,Croston,ultimo_precio_conocido,2025-08,0.0,11.451167834355488,0.0,2.147093968941654
ITEM_4209,Croston,ultimo_precio_conocido,2025-09,0.0,11.451167834355488,0.0,2.147093968941654
ITEM_4209,Croston,ultimo_precio_conocido,2025-10,0.0,11.451167834355488,0.0,2.147093968941654
ITEM_4209,Croston,ultimo_precio_conocido,2025-11,0.0,11.451167834355488,0.0,2.147093968941654
ITEM_4209,Croston,ultimo_precio_conocido,2025-12,0.0,11.451167834355488,0.0,2.147093968941654
ITEM_4209,Croston,promedio_historico,2025-07,0.0,11.451167834355488,0.0,5.98347772797371
ITEM_4209,Croston,promedio_historico,2025-08,0.0,11.451167834355488,0.0,5.98347772797371
ITEM_4209,Croston,promedio_historico,2025-09,0.0,11.451167834355488,0.0,5.98347772797371
ITEM_4209,Croston,promedio_historico,2025-10,0.0,11.451167834355488,0.0,5.98347772797371
ITEM_4209,Croston,promedio_historico,2025-11,0.0,11.451167834355488,0.0,5.98347772797371
ITEM_4209,Croston,promedio_historico,2025-12,0.0,11.451167834355488,0.0,5.98347772797371
ITEM_4209,Croston,promedio_movil_historico,2025-07,0.0,11.451167834355488,0.0,3.624294619573512
ITEM_4209,Croston,promedio_movil_historico,2025-08,0.0,11.451167834355488,0.0,3.624294619573512
ITEM_4209,Croston,promedio_movil_historico,2025-09,0.0,11.451167834355488,0.0,3.624294619573512
ITEM_4209,Croston,promedio_movil_historico,2025-10,0.0,11.451167834355488,0.0,3.624294619573512
ITEM_4209,Croston,promedio_movil_historico,2025-11,0.0,11.451167834355488,0.0,3.624294619573512
ITEM_4209,Croston,promedio_movil_historico,2025-12,0.0,11.451167834355488,0.0,3.624294619573512
ITEM_4209,SBA,ultimo_precio_conocido,2025-07,0.0,10.878609442637712,0.0,2.039739270494571
ITEM_4209,SBA,ultimo_precio_conocido,2025-08,0.0,10.878609442637712,0.0,2.039739270494571
ITEM_4209,SBA,ultimo_precio_conocido,2025-09,0.0,10.878609442637712,0.0,2.039739270494571
ITEM_4209,SBA,ultimo_precio_conocido,2025-10,0.0,10.878609442637712,0.0,2.039739270494571
ITEM_4209,SBA,ultimo_precio_conocido,2025-11,0.0,10.878609442637712,0.0,2.039739270494571
ITEM_4209,SBA,ultimo_precio_conocido,2025-12,0.0,10.878609442637712,0.0,2.039739270494571
ITEM_4209,SBA,promedio_historico,2025-07,0.0,10.878609442637712,0.0,5.684303841575024
ITEM_4209,SBA,promedio_historico,2025-08,0.0,10.878609442637712,0.0,5.684303841575024
ITEM_4209,SBA,promedio_historico,2025-09,0.0,10.878609442637712,0.0,5.684303841575024
ITEM_4209,SBA,promedio_historico,2025-10,0.0,10.878609442637712,0.0,5.684303841575024
ITEM_4209,SBA,promedio_historico,2025-11,0.0,10.878609442637712,0.0,5.684303841575024
ITEM_4209,SBA,promedio_historico,2025-12,0.0,10.878609442637712,0.0,5.684303841575024
ITEM_4209,SBA,promedio_movil_historico,2025-07,0.0,10.878609442637712,0.0,3.443079888594836
ITEM_4209,SBA,promedio_movil_historico,2025-08,0.0,10.878609442637712,0.0,3.443079888594836
ITEM_4209,SBA,promedio_movil_historico,2025-09,0.0,10.878609442637712,0.0,3.443079888594836
ITEM_4209,SBA,promedio_movil_historico,2025-10,0.0,10.878609442637712,0.0,3.443079888594836
ITEM_4209,SBA,promedio_movil_historico,2025-11,0.0,10.878609442637712,0.0,3.443079888594836
ITEM_4209,SBA,promedio_movil_historico,2025-12,0.0,10.878609442637712,0.0,3.443079888594836
ITEM_4209,Bootstrap,ultimo_precio_conocido,2025-07,0.0,8.16305509844295,0.0,1.530572830958053
ITEM_4209,Bootstrap,ultimo_precio_conocido,2025-08,0.0,7.755201565900219,0.0,1.454100293606291
ITEM_4209,Bootstrap,ultimo_precio_conocido,2025-09,0.0,7.761119434971697,0.0,1.4552098940571931
ITEM_4209,Bootstrap,ultimo_precio_conocido,2025-10,0.0,6.7383653174221605,0.0,1.263443497016655
ITEM_4209,Bootstrap,ultimo_precio_conocido,2025-11,0.0,6.7383653174221605,0.0,1.263443497016655
ITEM_4209,Bootstrap,ultimo_precio_conocido,2025-12,0.0,6.9225177846990436,0.0,1.2979720846310707
ITEM_4209,Bootstrap,promedio_historico,2025-07,0.0,8.16305509844295,0.0,4.265369181579611
ITEM_4209,Bootstrap,promedio_historico,2025-08,0.0,7.755201565900219,0.0,4.052257072531374
ITEM_4209,Bootstrap,promedio_historico,2025-09,0.0,7.761119434971697,0.0,4.0553492844610615
ITEM_4209,Bootstrap,promedio_historico,2025-10,0.0,6.7383653174221605,0.0,3.5209385962174475
ITEM_4209,Bootstrap,promedio_historico,2025-11,0.0,6.7383653174221605,0.0,3.5209385962174475
ITEM_4209,Bootstrap,promedio_historico,2025-12,0.0,6.9225177846990436,0.0,3.6171621606993885
ITEM_4209,Bootstrap,promedio_movil_historico,2025-07,0.0,8.16305509844295,0.0,2.583606938657194
ITEM_4209,Bootstrap,promedio_movil_historico,2025-08,0.0,7.755201565900219,0.0,2.454521295607419
ITEM_4209,Bootstrap,promedio_movil_historico,2025-09,0.0,7.761119434971697,0.0,2.456394301168542
ITEM_4209,Bootstrap,promedio_movil_historico,2025-10,0.0,6.7383653174221605,0.0,2.1326926229641137
ITEM_4209,Bootstrap,promedio_movil_historico,2025-11,0.0,6.7383653174221605,0.0,2.1326926229641137
ITEM_4209,Bootstrap,promedio_movil_historico,2025-12,0.0,6.9225177846990436,0.0,2.1909768788572475
